# tempasta charging bull token
v 0.0869 -0.4770 -0.1653
v 0.0867 -0.4783 -0.1646
v 0.0834 -0.4734 -0.1637
v 0.0927 -0.4796 -0.1661
v 0.1274 -0.4634 -0.1686
v 0.1286 -0.4652 -0.1624
v 0.1269 -0.4671 -0.1685
v 0.0965 -0.4808 -0.1665
v 0.0952 -0.4758 -0.1668
v 0.1009 -0.4761 -0.1669
v 0.1087 -0.4759 -0.1779
v 0.1028 -0.4763 -0.1780
v 0.1020 -0.4696 -0.1843
v 0.0913 -0.4747 -0.1718
v 0.0943 -0.4696 -0.1749
v 0.0858 -0.4730 -0.1696
v 0.0983 -0.4814 -0.1621
v 0.1203 -0.4740 -0.1690
v 0.1213 -0.4744 -0.1593
v 0.1146 -0.4783 -0.1643
v 0.0868 -0.4787 -0.1571
v 0.1229 -0.4708 -0.1692
v 0.1210 -0.4657 -0.1692
v 0.0706 -0.4373 -0.1503
v 0.0606 -0.4309 -0.1545
v 0.0652 -0.4399 -0.1559
v 0.1153 -0.4641 -0.1602
v 0.1084 -0.4694 -0.1634
v 0.1048 -0.4704 -0.1631
v 0.1196 -0.4674 -0.1752
v 0.1252 -0.4639 -0.1755
v 0.1233 -0.4633 -0.1736
v 0.1376 -0.4257 -0.1432
v 0.1430 -0.4243 -0.1447
v 0.1425 -0.4316 -0.1468
v 0.1077 -0.4797 -0.1675
v 0.1073 -0.4808 -0.1632
v 0.1028 -0.4807 -0.1672
v 0.1056 -0.4722 -0.1657
v 0.0915 -0.4743 -0.1662
v 0.1208 -0.4568 -0.1825
v 0.1174 -0.4614 -0.1837
v 0.1199 -0.4634 -0.1865
v 0.1118 -0.4784 -0.1679
v 0.1161 -0.4768 -0.1682
v 0.1182 -0.4682 -0.1689
v 0.1364 -0.2578 0.0186
v 0.1319 -0.2644 0.0285
v 0.1416 -0.2715 0.0072
v 0.1046 -0.4705 -0.1630
v -0.0631 -0.2475 -0.0057
v -0.0585 -0.2551 -0.0180
v -0.0331 -0.2773 -0.0011
v 0.1539 -0.3954 -0.0713
v 0.1536 -0.3941 -0.0754
v 0.1567 -0.3911 -0.0713
v 0.1458 -0.4011 -0.0764
v 0.1497 -0.3986 -0.0719
v 0.1456 -0.4003 -0.0711
v 0.1481 -0.3977 -0.0704
v 0.1456 -0.4003 -0.0711
v 0.1497 -0.3986 -0.0719
v 0.1539 -0.3954 -0.0713
v 0.1403 -0.4073 -0.0765
v 0.1412 -0.4029 -0.0731
v 0.1392 -0.4076 -0.0755
v 0.1779 -0.2838 -0.0109
v 0.1650 -0.2867 -0.0118
v 0.1671 -0.2901 -0.0112
v 0.0565 -0.4271 -0.0648
v 0.0579 -0.4284 -0.0700
v 0.0630 -0.4304 -0.0700
v 0.1411 -0.4001 -0.0717
v 0.0567 -0.4257 -0.0631
v 0.0512 -0.4270 -0.0619
v 0.1529 -0.3610 -0.0569
v 0.1509 -0.3470 -0.0647
v 0.1514 -0.3590 -0.0557
v 0.0681 -0.2661 -0.1521
v 0.0887 -0.2487 -0.1351
v 0.0958 -0.2753 -0.1413
v 0.1653 -0.3080 -0.0150
v 0.1589 -0.3069 -0.0121
v 0.1583 -0.3094 -0.0049
v 0.1454 -0.3642 -0.0596
v 0.1513 -0.3684 -0.0586
v 0.1527 -0.3696 -0.0652
v 0.1467 -0.3710 -0.0526
v 0.1466 -0.3794 -0.0504
v 0.1522 -0.3773 -0.0519
v 0.1516 -0.3650 -0.0562
v 0.1541 -0.3649 -0.0588
v 0.1529 -0.3610 -0.0569
v 0.1541 -0.3649 -0.0588
v 0.1565 -0.3644 -0.0676
v 0.0316 -0.3995 -0.0479
v 0.0274 -0.4040 -0.0591
v 0.0306 -0.4051 -0.0526
v 0.0304 -0.4104 -0.0554
v 0.1567 -0.3689 -0.0630
v 0.1587 -0.3725 -0.0652
v 0.1567 -0.3689 -0.0630
v 0.1531 -0.3697 -0.0612
v -0.1560 0.2555 0.0454
v -0.1504 0.2649 0.0551
v -0.1618 0.2914 0.0346
v 0.1587 -0.3725 -0.0652
v 0.0321 -0.4051 -0.0517
v 0.0320 -0.4094 -0.0539
v 0.0348 -0.4036 -0.0512
v 0.1560 -0.3761 -0.0663
v 0.1594 -0.3756 -0.0679
v 0.1487 -0.3607 -0.0549
v 0.0342 -0.4132 -0.0569
v 0.0323 -0.4145 -0.0581
v 0.0347 -0.4185 -0.0592
v 0.0347 -0.4185 -0.0592
v 0.0323 -0.4145 -0.0581
v 0.0297 -0.4146 -0.0663
v 0.0304 -0.4104 -0.0554
v 0.1590 -0.3836 -0.0707
v 0.1589 -0.3830 -0.0788
v 0.1600 -0.3745 -0.0772
v 0.1567 -0.3911 -0.0713
v 0.1590 -0.3836 -0.0707
v 0.1532 -0.3925 -0.0700
v 0.0421 -0.4196 -0.0596
v 0.0369 -0.4208 -0.0599
v 0.0419 -0.4252 -0.0607
v 0.0451 -0.4238 -0.0600
v 0.0461 -0.4268 -0.0614
v 0.0552 -0.4257 -0.0574
v 0.0558 -0.4225 -0.0607
v 0.0588 -0.4237 -0.0624
v 0.1433 -0.3974 -0.0686
v 0.1426 -0.3970 -0.0660
v 0.1428 -0.3939 -0.0643
v 0.1829 -0.2917 -0.0368
v 0.1770 -0.2940 -0.0410
v 0.1851 -0.2988 -0.0478
v 0.1252 -0.4434 -0.1742
v 0.1228 -0.4503 -0.1783
v 0.1274 -0.4479 -0.1802
v 0.1364 -0.4096 -0.0757
v 0.1577 -0.3849 -0.0597
v 0.1512 -0.3869 -0.0531
v 0.1541 -0.3920 -0.0612
v 0.0378 -0.4222 -0.0702
v 0.0470 -0.4261 -0.0695
v 0.0419 -0.4252 -0.0607
v 0.1485 -0.3187 -0.0424
v 0.1505 -0.3103 -0.0385
v 0.1523 -0.3195 -0.0391
v 0.0482 -0.4124 -0.0432
v 0.0464 -0.4077 -0.0419
v 0.0424 -0.4120 -0.0417
v 0.1383 -0.0148 0.1244
v 0.1321 -0.0086 0.1432
v 0.1244 -0.0337 0.1459
v 0.0461 -0.4268 -0.0614
v -0.0121 0.4562 0.1667
v -0.0050 0.4622 0.1744
v 0.0149 0.4700 0.1564
v 0.1463 -0.3945 -0.0636
v 0.0341 -0.3967 -0.0446
v 0.0336 -0.3888 -0.0461
v 0.0344 -0.3985 -0.0463
v 0.1484 -0.3576 -0.0546
v 0.1488 -0.3607 -0.0525
v 0.1510 -0.3641 -0.0559
v 0.1494 -0.3670 -0.0496
v 0.1502 -0.3676 -0.0469
v 0.1526 -0.3678 -0.0532
v 0.1459 -0.3997 -0.0658
v 0.1536 -0.3721 -0.0541
v 0.1469 -0.3739 -0.0545
v 0.1496 -0.3682 -0.0563
v 0.1494 -0.3754 -0.0458
v 0.0673 -0.4317 -0.0714
v 0.0662 -0.4297 -0.0685
v 0.0371 -0.4071 -0.0435
v 0.0402 -0.4123 -0.0425
v 0.0438 -0.4070 -0.0367
v 0.1541 -0.3786 -0.0522
v 0.1540 -0.3747 -0.0531
v 0.0384 -0.3998 -0.0402
v 0.0374 -0.3989 -0.0388
v 0.0346 -0.3938 -0.0406
v 0.1488 -0.3846 -0.0451
v 0.1509 -0.3835 -0.0477
v 0.0439 -0.4085 -0.0337
v 0.0494 -0.4148 -0.0371
v 0.0520 -0.4200 -0.0358
v 0.0472 -0.4144 -0.0461
v 0.0455 -0.4157 -0.0464
v 0.0434 -0.4115 -0.0452
v 0.1474 -0.3925 -0.0489
v 0.1518 -0.3885 -0.0510
v 0.0527 -0.4189 -0.0400
v 0.0549 -0.4222 -0.0451
v 0.0485 -0.4223 -0.0465
v 0.1508 -0.3932 -0.0367
v 0.1482 -0.3998 -0.0510
v 0.1438 -0.4034 -0.0608
v 0.1437 -0.3990 -0.0578
v 0.0402 -0.4123 -0.0425
v 0.0371 -0.4071 -0.0435
v 0.0389 -0.4060 -0.0451
v 0.0445 -0.4181 -0.0434
v 0.1420 -0.4006 -0.0633
v 0.1378 -0.4068 -0.0701
v 0.0668 -0.4346 -0.0549
v 0.0572 -0.4274 -0.0458
v 0.0598 -0.4244 -0.0562
v 0.0572 -0.4279 -0.0382
v 0.1364 -0.4123 -0.0711
v 0.1424 -0.4100 -0.0609
v 0.0485 -0.4223 -0.0465
v 0.0445 -0.4181 -0.0434
v 0.1499 -0.3883 -0.0576
v 0.1509 -0.3856 -0.0555
v 0.1518 -0.3924 -0.0558
v 0.1531 -0.3687 -0.0549
v 0.1536 -0.3721 -0.0541
v -0.0487 -0.3513 0.0025
v -0.0556 -0.3529 -0.0078
v -0.0586 -0.3570 0.0031
v 0.1522 -0.3805 -0.0513
v 0.1469 -0.3955 -0.0527
v 0.1518 -0.3924 -0.0558
v -0.0394 -0.1553 0.1486
v -0.0419 -0.1621 0.1286
v -0.0235 -0.1762 0.1497
v 0.1609 -0.0998 0.0982
v 0.1754 -0.1068 0.0919
v 0.1604 -0.0841 0.0917
v 0.1411 -0.4001 -0.0717
v 0.1409 -0.3975 -0.0715
v 0.1409 -0.4004 -0.0701
v 0.1409 -0.4004 -0.0701
v 0.0308 -0.3964 -0.0471
v 0.0235 -0.3825 -0.0548
v 0.0459 -0.4250 -0.0576
v 0.0500 -0.4246 -0.0609
v 0.0522 -0.4241 -0.0560
v 0.0381 -0.4126 -0.0584
v 0.0379 -0.4133 -0.0607
v 0.0348 -0.4081 -0.0592
v 0.1522 -0.3806 -0.0536
v 0.1536 -0.3856 -0.0525
v 0.1505 -0.3838 -0.0515
v 0.1536 -0.3856 -0.0525
v 0.1540 -0.3747 -0.0531
v 0.1489 -0.3798 -0.0544
v 0.0349 -0.4036 -0.0445
v 0.0247 0.2971 0.2058
v 0.0465 0.2850 0.2008
v 0.0534 0.3111 0.2050
v 0.1462 0.3231 0.1863
v 0.1636 0.2837 0.1701
v 0.1576 0.3346 0.1740
v 0.0735 0.4682 0.1488
v 0.0889 0.4539 0.1632
v 0.0932 0.4738 0.1316
v 0.1287 0.1764 0.2078
v 0.1322 0.1799 0.2098
v 0.1198 0.1848 0.2160
v -0.1215 0.3714 0.0961
v -0.1297 0.4147 0.1006
v -0.1283 0.3766 0.0597
v 0.0482 0.4170 0.2028
v 0.0464 0.4208 0.2183
v 0.0360 0.4095 0.2108
v -0.0618 0.4417 0.1607
v -0.0402 0.4369 0.1710
v -0.0396 0.4552 0.1594
v 0.0132 0.4113 0.2347
v 0.0161 0.4045 0.2484
v 0.0035 0.4154 0.2515
v 0.0043 0.4169 0.2190
v 0.1177 0.1430 0.2117
v 0.1179 0.1402 0.2176
v 0.1126 0.1466 0.2205
v 0.0240 0.4105 0.2223
v 0.0272 0.4099 0.2344
v -0.0252 0.3190 0.2870
v -0.0347 0.2859 0.2818
v -0.0105 0.3181 0.2934
v 0.0372 0.4138 0.2355
v 0.0289 0.4018 0.2521
v 0.0272 0.4099 0.2344
v 0.1292 0.4408 0.1610
v 0.1043 0.4257 0.1768
v 0.1466 0.4225 0.1702
v 0.1329 0.1869 0.2091
v 0.1211 0.1902 0.2151
v 0.1422 0.1772 0.2090
v 0.1432 0.1851 0.2080
v 0.0066 0.3958 0.2014
v -0.0158 0.4221 0.1858
v -0.0192 0.4012 0.1901
v 0.0167 0.4606 0.2415
v 0.0390 0.4544 0.2468
v 0.0352 0.4628 0.2205
v 0.0167 0.4606 0.2415
v 0.0197 0.4501 0.2626
v 0.0390 0.4544 0.2468
v 0.0292 0.4694 0.2013
v 0.0104 0.3749 0.2640
v -0.0055 0.3265 0.2603
v -0.0016 0.3686 0.2651
v 0.0931 0.3309 0.1987
v 0.1105 0.3725 0.1969
v 0.0795 0.3451 0.2017
v -0.1017 0.3809 0.1722
v -0.1086 0.3771 0.1664
v -0.1048 0.3384 0.1702
v 0.0446 0.4650 0.2004
v 0.0605 0.4919 0.0904
v 0.0529 0.4903 0.0836
v 0.0449 0.4825 0.1030
v 0.1498 0.1323 0.2195
v 0.1551 0.1301 0.2223
v 0.1599 0.1363 0.2238
v 0.1480 0.1273 0.2174
v 0.1275 0.1357 0.2105
v 0.1332 0.1424 0.2041
v 0.1792 0.1619 0.2206
v 0.1703 0.1643 0.2117
v 0.1832 0.1709 0.2212
v 0.0286 0.4236 0.2889
v 0.0409 0.4274 0.2770
v 0.0209 0.4332 0.2840
v 0.0107 0.4307 0.2821
v 0.0118 0.4155 0.2920
v 0.1272 0.1334 0.2151
v 0.1480 0.1273 0.2174
v 0.1424 0.1296 0.2183
v 0.1321 0.1393 0.2136
v 0.1434 0.1383 0.2150
v 0.1261 0.1473 0.2102
v 0.1242 0.1450 0.2167
v 0.1273 0.1359 0.2186
v 0.1152 0.1506 0.2213
v 0.1084 0.1514 0.2148
v 0.1082 0.1558 0.2195
v 0.1053 0.1622 0.2191
v 0.1129 0.1586 0.2173
v 0.1018 0.1609 0.2170
v 0.1635 0.4557 0.0924
v 0.1708 0.4279 0.1393
v 0.1779 0.4267 0.1205
v 0.0480 0.4413 0.2469
v 0.0509 0.4482 0.2158
v 0.0729 0.2556 0.1903
v 0.0849 0.2851 0.1937
v 0.0503 0.2623 0.1967
v -0.0083 0.4963 0.0582
v 0.0091 0.4806 0.0595
v 0.0019 0.4859 0.0340
v 0.1703 0.1335 0.2243
v 0.1699 0.1394 0.2290
v 0.1662 0.1352 0.2272
v 0.1733 0.1357 0.2285
v 0.1266 0.4798 0.0122
v 0.1149 0.4900 0.0574
v 0.1405 0.4713 0.0269
v 0.1580 0.1409 0.2240
v 0.1492 0.1416 0.2181
v -0.0461 0.3079 0.1908
v -0.0106 0.3088 0.2027
v -0.0517 0.3351 0.1930
v 0.1333 0.1432 0.2106
v 0.0475 0.3308 0.2068
v 0.1656 0.1707 0.2192
v 0.1463 0.1697 0.2079
v 0.1623 0.1664 0.2162
v 0.1153 0.1664 0.2105
v 0.0996 0.1669 0.2201
v 0.1893 0.1537 0.2298
v 0.1868 0.1449 0.2309
v 0.1842 0.1455 0.2277
v 0.1238 0.1684 0.2099
v 0.1328 0.1656 0.2089
v -0.1223 0.4247 0.1235
v -0.1143 0.3894 0.1507
v -0.1110 0.4214 0.1475
v 0.1868 0.1449 0.2309
v 0.1893 0.1537 0.2298
v 0.1860 0.1467 0.2339
v -0.0029 0.4289 0.2431
v -0.0036 0.4275 0.2137
v 0.1863 0.1575 0.2273
v 0.1812 0.1522 0.2231
v 0.0940 0.4897 0.0902
v 0.1191 0.4779 0.0896
v 0.1863 0.1575 0.2273
v 0.1852 0.1587 0.2303
v 0.1237 0.1975 0.2154
v 0.1312 0.1990 0.2131
v 0.1223 0.1974 0.2086
v -0.0097 0.2310 0.2503
v -0.0151 0.2228 0.2598
v -0.0336 0.2583 0.2678
v 0.0456 0.4822 0.0570
v 0.0373 0.4731 0.0666
v 0.1156 0.1822 0.2154
v 0.1773 0.1412 0.2285
v 0.1441 0.1521 0.2104
v 0.1546 0.1473 0.2186
v 0.1547 0.1490 0.2164
v 0.1387 0.3514 0.1885
v 0.1507 0.3773 0.1825
v 0.1612 0.1837 0.2145
v 0.1576 0.1778 0.2146
v 0.1708 0.1779 0.2177
v 0.1214 0.1544 0.2006
v 0.1177 0.1430 0.2117
v 0.1730 0.3714 0.1122
v 0.1689 0.3851 0.1405
v 0.1693 0.3416 0.1148
v -0.1444 -0.0261 -0.0798
v -0.1331 -0.0256 -0.1049
v -0.1327 -0.0388 -0.0910
v 0.1782 0.1623 0.2245
v 0.1834 0.1612 0.2255
v 0.1817 0.1648 0.2267
v 0.1466 0.1904 0.2125
v 0.1508 0.1991 0.2158
v 0.1376 0.1980 0.2151
v 0.0915 0.1948 0.2240
v 0.1001 0.1873 0.2198
v 0.0998 0.1937 0.2173
v 0.1574 0.1587 0.2184
v 0.1433 0.1621 0.2116
v 0.1047 0.1776 0.2176
v 0.1108 0.1910 0.2170
v 0.1189 0.1973 0.2145
v 0.1088 0.1967 0.2149
v 0.0293 0.1956 0.2482
v 0.0628 0.1838 0.2327
v 0.0183 0.2081 0.2632
v 0.1629 0.1944 0.2165
v 0.0242 0.3786 0.2671
v 0.0033 0.3211 0.2627
v 0.0104 0.3749 0.2640
v 0.1832 0.1709 0.2212
v 0.1821 0.1732 0.2232
v 0.1836 0.1670 0.2246
v 0.1336 0.1924 0.2132
v 0.1329 0.1576 0.2060
v 0.0538 0.1998 0.2208
v 0.0222 0.2126 0.2344
v 0.0560 0.2075 0.2235
v 0.0066 0.4570 0.2425
v 0.1714 0.1913 0.2176
v 0.1623 0.1969 0.2135
v -0.0238 0.2369 0.2749
v 0.1725 0.1643 0.2221
v 0.1792 0.1619 0.2206
v 0.1727 0.1483 0.2132
v 0.1760 0.1669 0.2254
v 0.0434 0.2203 0.2419
v 0.0220 0.2375 0.2563
v 0.0467 0.2129 0.2489
v -0.0654 0.4238 0.1690
v -0.0562 0.3965 0.1827
v -0.0422 0.4082 0.1823
v 0.1374 0.1735 0.2062
v -0.0240 0.4536 0.1623
v -0.0176 0.4567 0.1600
v -0.0286 0.4661 0.1470
v 0.1647 0.1415 0.2270
v 0.1684 0.1435 0.2262
v 0.0000 0.4196 0.2653
v -0.0014 0.4038 0.2734
v 0.0017 0.4174 0.2809
v -0.0149 0.2263 0.2722
v 0.1615 0.1344 0.2223
v 0.0078 0.2101 0.2449
v 0.0211 0.1979 0.2449
v 0.0322 0.1956 0.2321
v 0.1625 0.1464 0.2222
v 0.0508 0.1856 0.2320
v 0.1728 0.1442 0.2164
v 0.0006 0.2116 0.2622
v 0.1738 0.1422 0.2294
v 0.0005 0.4507 0.2442
v 0.0724 0.4827 0.1201
v 0.0599 0.4862 0.1109
v 0.0507 0.4761 0.1245
v -0.0095 0.3817 0.2824
v -0.0035 0.3860 0.2714
v 0.0247 0.2971 0.2058
v 0.0081 0.3010 0.2039
v 0.0231 0.2693 0.2013
v 0.0540 0.2138 0.2334
v 0.0629 0.2075 0.2359
v 0.0961 0.1961 0.2168
v 0.1009 0.1626 0.2119
v 0.0524 0.4339 0.2143
v 0.0578 0.4551 0.1917
v 0.0181 0.2376 0.2491
v 0.0287 0.2237 0.2381
v -0.0261 0.3341 0.2824
v 0.0226 0.3243 0.2063
v 0.1466 0.1864 0.1997
v 0.1510 0.1706 0.1991
v 0.1414 0.1697 0.1959
v 0.0134 0.3873 0.2989
v 0.0033 0.3350 0.2970
v 0.0243 0.3821 0.2956
v 0.1472 0.1560 0.2016
v 0.1527 0.1446 0.2081
v 0.1431 0.2013 0.2130
v -0.0199 0.2716 0.2899
v -0.0104 0.2369 0.2807
v -0.0005 0.2571 0.2807
v 0.1240 0.1615 0.2068
v -0.0043 0.3784 0.2929
v -0.0084 0.2684 0.2545
v 0.0029 0.2419 0.2489
v -0.0097 0.2310 0.2503
v 0.0044 0.2999 0.2665
v 0.0024 0.2716 0.2633
v 0.0185 0.2366 0.2651
v 0.0187 0.2217 0.2689
v -0.0042 0.4421 0.2401
v -0.0029 0.4289 0.2431
v 0.0763 0.2042 0.2207
v -0.0228 0.2699 0.1923
v 0.0678 0.1901 0.2350
v 0.0896 0.1796 0.2217
v -0.0239 0.4936 0.0852
v -0.0253 0.4840 0.1118
v -0.0096 0.4864 0.1071
v -0.0352 0.2949 0.2706
v -0.0352 0.2617 0.2754
v 0.0925 0.1724 0.2189
v 0.0896 0.1796 0.2217
v 0.1175 0.2921 0.1930
v -0.0242 0.3390 0.2732
v 0.0021 0.2766 0.2756
v 0.0072 0.2564 0.2656
v 0.1696 0.1561 0.2277
v 0.1769 0.1531 0.2324
v 0.1304 0.1552 0.1988
v 0.0061 0.3021 0.2771
v 0.0325 0.3762 0.2790
v 0.0221 0.3535 0.2872
v 0.1204 0.1781 0.1974
v 0.1219 0.1595 0.1983
v 0.1019 0.1695 0.2061
v 0.0326 0.3775 0.2858
v 0.0648 0.4464 0.1769
v 0.0646 0.4552 0.1652
v 0.0552 0.4639 0.1758
v 0.1287 0.1889 0.1988
v 0.1394 0.1917 0.1996
v 0.1363 0.1821 0.1959
v 0.1109 0.4416 0.1668
v 0.0725 0.4468 0.1694
v 0.0006 0.2991 0.2867
v -0.0195 0.2975 0.2578
v -0.0284 0.2679 0.2603
v 0.0727 0.1989 0.2328
v 0.1772 0.1766 0.2195
v 0.1758 0.1861 0.2149
v 0.1759 0.1829 0.2207
v 0.1522 0.1294 0.2158
v 0.1572 0.1959 0.2084
v -0.0063 0.2957 0.2914
v 0.0169 0.3875 0.2615
v 0.0314 0.3852 0.2689
v -0.0030 0.2654 0.2560
v 0.1171 0.3249 0.1982
v -0.0169 0.3324 0.2631
v 0.0227 0.3582 0.2721
v -0.0042 0.4421 0.2401
v 0.1758 0.1861 0.2149
v 0.1779 0.1758 0.2178
v 0.1708 0.1765 0.2120
v 0.0073 0.2519 0.2571
v 0.0941 0.1957 0.2123
v 0.1779 0.1758 0.2178
v 0.0222 0.2126 0.2344
v 0.0665 0.1811 0.2222
v 0.0443 0.4200 0.2375
v 0.0372 0.4138 0.2355
v 0.0351 0.4131 0.2241
v 0.1693 0.1591 0.2099
v 0.0925 0.1724 0.2189
v 0.0831 0.1768 0.2199
v 0.1064 0.1929 0.2073
v 0.0882 0.1902 0.2080
v 0.0941 0.1957 0.2123
v 0.0599 -0.4267 -0.0658
v 0.0628 -0.4292 -0.0678
v 0.0620 -0.4281 -0.0645
v 0.0908 0.1725 0.2158
v 0.0929 0.1745 0.2104
v -0.0289 0.3929 0.1940
v 0.1329 0.1702 0.1956
v -0.0084 0.2684 0.2545
v 0.0356 0.4066 0.2880
v 0.0450 0.4121 0.2711
v 0.1269 0.3119 0.1939
v -0.0809 0.3215 0.1870
v -0.0731 0.3724 0.1868
v 0.0194 0.4653 0.1133
v 0.0062 0.4821 0.0987
v 0.0054 0.4713 0.1237
v 0.1773 0.1412 0.2285
v 0.0573 -0.4214 -0.0637
v 0.0407 0.4083 0.2580
v -0.0865 0.3971 0.1767
v 0.0143 0.3952 0.2583
v 0.1478 -0.3847 -0.0534
v 0.0049 0.4012 0.2622
v 0.0272 0.4099 0.2344
v 0.0321 0.4405 0.2730
v 0.1639 0.3415 0.1565
v 0.1603 0.3903 0.1667
v 0.0580 0.1898 0.2205
v 0.0538 0.1998 0.2208
v 0.0161 0.4045 0.2484
v -0.0068 0.3326 0.2047
v -0.0199 0.3712 0.2017
v 0.0908 0.1725 0.2158
v 0.1143 0.1584 0.2025
v 0.0589 0.4306 0.1897
v 0.0896 0.1797 0.2081
v 0.1035 0.1800 0.2040
v 0.0436 0.4067 0.2006
v 0.0300 0.4040 0.2086
v 0.0316 0.3907 0.2050
v -0.0636 0.4757 0.0951
v -0.0856 0.4705 0.0568
v -0.0855 0.4635 0.1036
v -0.0288 0.2620 0.2843
v 0.0929 0.1745 0.2104
v 0.0480 0.4413 0.2469
v 0.1123 0.1872 0.2026
v 0.0929 0.1745 0.2104
v 0.0735 0.2009 0.2158
v 0.1615 0.1344 0.2223
v 0.1522 0.1294 0.2158
v 0.1530 0.1400 0.2113
v 0.1572 0.1959 0.2084
v 0.1250 0.2632 0.1846
v 0.0913 0.2649 0.1844
v -0.1131 0.3411 0.1572
v -0.1193 0.3039 0.1513
v -0.0990 0.4587 0.0955
v -0.1058 0.4412 0.1340
v 0.1335 0.1976 0.2046
v 0.1287 0.1889 0.1988
v 0.0226 0.3243 0.2063
v 0.1703 0.1335 0.2243
v 0.1692 0.1391 0.2192
v 0.0269 0.4670 0.0809
v 0.0192 0.4677 0.0808
v 0.0198 0.4659 0.0962
v 0.0339 0.4656 0.0579
v 0.0320 0.4689 0.0838
v 0.0485 0.4296 0.2477
v 0.1084 0.1514 0.2148
v 0.1009 0.1626 0.2119
v 0.1108 0.1961 0.2106
v 0.0998 0.1937 0.2173
v 0.0961 0.1961 0.2168
v 0.1275 0.1357 0.2105
v 0.0882 0.1902 0.2080
v 0.1616 0.1456 0.2112
v 0.1394 0.1917 0.1996
v 0.1123 0.1872 0.2026
v -0.0114 0.4553 0.1825
v -0.0023 0.4555 0.2134
v 0.0092 0.4667 0.2031
v 0.1064 0.1929 0.2073
v -0.1169 0.3423 0.1038
v -0.1192 0.3851 0.1234
v 0.1597 0.1391 0.2163
v 0.0878 0.4994 0.0640
v 0.0688 0.4908 0.1001
v -0.0107 0.4291 0.1907
v -0.0032 0.4147 0.1957
v -0.1089 0.4576 0.0752
v 0.1714 0.4500 0.0607
v 0.1436 0.4682 0.0649
v -0.0835 0.4728 0.0262
v -0.1118 0.4573 0.0319
v 0.1118 0.4532 0.1551
v 0.1196 0.1537 0.2120
v 0.0896 0.1797 0.2081
v 0.0882 0.1902 0.2080
v -0.0565 0.4555 0.1506
v 0.1598 0.4247 0.1584
v 0.0366 0.4715 0.1626
v 0.1435 0.2628 0.1783
v -0.0870 0.4424 0.1456
v -0.1037 0.4298 0.1503
v 0.1115 0.4655 0.1332
v -0.0535 0.4719 0.1211
v -0.0691 0.4475 0.1524
v 0.1485 0.4399 0.1541
v -0.1202 0.4483 0.0701
v -0.1204 0.4488 0.0417
v 0.0103 0.4084 0.2085
v 0.1490 -0.3974 -0.0611
v 0.0209 0.3463 0.2056
v 0.0891 0.3799 0.1975
v 0.1275 0.3943 0.1894
v -0.0439 0.4736 0.1256
v -0.0257 0.4409 0.1720
v -0.0158 0.4221 0.1858
v -0.0171 0.4436 0.1771
v -0.1146 0.4359 0.1305
v -0.1028 0.2518 0.1615
v -0.0836 0.2771 0.1805
v -0.1181 0.2780 0.1553
v -0.0443 0.3802 0.1928
v -0.0024 0.4697 0.1344
v -0.0006 0.4630 0.1459
v 0.0093 0.4641 0.1328
v 0.0680 0.4237 0.1844
v 0.0646 0.4552 0.1652
v 0.0570 0.4637 0.1508
v -0.1267 0.4274 0.1057
v 0.0231 0.2693 0.2013
v 0.0271 0.4723 0.1623
v 0.1576 0.4402 0.1447
v 0.0600 0.3851 0.2021
v 0.0578 0.3707 0.2052
v 0.0397 0.3388 0.2064
v 0.0195 0.3787 0.2061
v 0.0209 0.3463 0.2056
v 0.0137 0.4008 0.2053
v 0.0195 0.3787 0.2061
v 0.1391 0.4627 0.1134
v 0.0553 0.4161 0.1938
v 0.0505 0.3994 0.1980
v 0.0137 0.4008 0.2053
v 0.0782 0.4158 0.1853
v 0.0607 0.4710 0.1409
v 0.0616 0.4964 0.0616
v 0.0089 0.3533 0.2056
v -0.0092 0.3879 0.1996
v 0.0725 0.4468 0.1694
v 0.0276 0.4703 0.1458
v 0.0200 0.4632 0.1246
v 0.0103 0.4644 0.1416
v -0.0240 0.4536 0.1623
v -0.0176 0.4567 0.1600
v -0.1302 0.4260 0.0737
v 0.0680 0.4237 0.1844
v -0.0032 0.4147 0.1957
v 0.0436 0.4067 0.2006
v 0.0553 0.4161 0.1938
v 0.0137 0.4008 0.2053
v 0.0300 0.4040 0.2086
v 0.0189 0.4041 0.2091
v 0.0328 0.4670 0.1112
v 0.0258 0.4626 0.1108
v 0.0517 0.4638 0.1562
v 0.0103 0.4644 0.1416
v -0.0006 0.4630 0.1459
v 0.0240 0.4105 0.2223
v 0.0384 0.4785 0.0904
v -0.1141 0.2913 0.1616
v 0.1393 -0.4598 -0.1296
v 0.1339 -0.4638 -0.1368
v 0.1397 -0.4623 -0.1378
v 0.0223 0.4571 0.0331
v -0.0021 0.4903 0.0820
v 0.0117 0.4788 0.0885
v 0.0625 0.4422 0.1848
v 0.0258 0.4626 0.1108
v 0.0517 0.4638 0.1562
v 0.0433 0.4652 0.1348
v -0.0257 0.4409 0.1720
v 0.1404 0.3750 0.1880
v -0.0073 0.4392 0.2097
v -0.0415 0.4939 0.0717
v 0.0189 0.4041 0.2091
v 0.0137 0.4008 0.2053
v 0.0035 0.4154 0.2515
v 0.1074 0.2479 0.1759
v -0.1236 0.2817 0.1401
v 0.0066 0.4570 0.2425
v 0.0184 -0.3654 -0.0334
v 0.0127 -0.3674 -0.0318
v 0.0107 -0.3559 -0.0297
v -0.0800 0.2625 0.1773
v -0.0423 0.2851 0.1893
v 0.1537 -0.3750 -0.0697
v 0.1537 -0.3800 -0.0688
v -0.0435 0.2621 0.1813
v -0.0184 0.4969 0.0183
v -0.0374 0.5000 0.0477
v 0.0143 0.3952 0.2583
v -0.0131 0.4684 0.1420
v 0.1782 0.4391 0.0842
v -0.0464 0.4949 0.0224
v -0.0612 0.4897 0.0482
v 0.0973 0.4984 0.0444
v 0.0161 0.4045 0.2484
v 0.1821 0.4140 0.1132
v 0.1827 0.4132 0.0697
v 0.0769 0.4970 0.0212
v 0.0670 0.4957 0.0367
v -0.0099 0.4922 0.0858
v -0.0122 0.4957 0.0331
v -0.0041 0.2746 0.1972
v 0.0882 0.1902 0.2080
v 0.0005 0.4507 0.2442
v -0.1186 -0.1629 -0.0281
v -0.1178 -0.1845 -0.0318
v -0.1131 -0.1675 -0.0164
v -0.0156 -0.0377 -0.2167
v -0.0581 -0.0147 -0.2010
v -0.0257 -0.0040 -0.2050
v -0.0515 -0.2467 -0.1047
v -0.0665 -0.2365 -0.1051
v -0.0600 -0.2309 -0.1265
v 0.0611 0.0051 -0.1962
v 0.0557 -0.0224 -0.1974
v 0.0301 -0.0098 -0.2063
v -0.1035 -0.0695 -0.1793
v -0.0781 -0.0825 -0.1920
v -0.0942 -0.1107 -0.1881
v -0.0645 -0.0654 -0.2040
v -0.0769 -0.0272 -0.1915
v -0.0528 -0.1632 -0.1936
v -0.0403 -0.1407 -0.2119
v -0.0210 -0.1727 -0.2063
v 0.1750 0.1914 0.0905
v 0.1733 0.2121 0.0863
v 0.1653 0.2044 0.1119
v -0.0751 -0.1847 -0.1751
v -0.0920 -0.1677 -0.1778
v -0.0507 -0.1072 -0.2111
v -0.0721 -0.1269 -0.1925
v -0.0920 -0.1677 -0.1778
v -0.0843 -0.1926 -0.1656
v -0.1078 -0.1609 -0.1684
v -0.0234 -0.1445 -0.2198
v -0.0275 -0.1300 -0.2247
v 0.0054 -0.3334 0.0105
v 0.0247 -0.3351 0.0258
v 0.0117 -0.3195 0.0262
v -0.0145 -0.0708 -0.2235
v -0.0217 -0.0925 -0.2237
v -0.0156 -0.0377 -0.2167
v -0.0421 0.0392 -0.1914
v -0.0918 -0.0635 0.1207
v -0.0819 -0.0450 0.1252
v -0.0961 -0.0449 0.1195
v 0.0795 -0.1567 -0.1681
v 0.0790 -0.1788 -0.1588
v 0.0569 -0.1726 -0.1749
v -0.0109 -0.1215 -0.2290
v 0.0049 -0.0823 -0.2204
v 0.0263 -0.1044 -0.2128
v -0.0056 -0.1635 -0.2154
v 0.0265 -0.1372 -0.2099
v 0.0075 -0.1289 -0.2248
v 0.0456 -0.1580 -0.1888
v 0.0549 -0.1242 -0.1890
v 0.0396 -0.0632 -0.2075
v 0.1455 -0.0626 -0.1022
v 0.1358 -0.0782 -0.1205
v 0.1449 -0.0536 -0.1071
v 0.1031 -0.3858 0.0173
v 0.0895 -0.3905 0.0159
v 0.1086 -0.3942 0.0002
v -0.0221 0.1557 -0.1892
v -0.0131 0.1424 -0.2004
v -0.0269 0.1336 -0.2153
v -0.1298 -0.0648 -0.0666
v -0.1258 -0.0784 -0.0832
v -0.1427 -0.0811 -0.0660
v -0.1328 -0.0393 -0.0749
v -0.1391 -0.0306 -0.0456
v -0.1499 -0.0220 -0.0500
v 0.2035 -0.1120 -0.0135
v 0.1958 -0.0992 -0.0466
v 0.1960 -0.0695 -0.0125
v -0.1559 0.0992 -0.0724
v -0.1429 0.0804 -0.1036
v -0.1575 0.0816 -0.0816
v -0.1278 -0.0888 -0.1345
v -0.1225 -0.0682 -0.1377
v -0.1312 -0.1017 -0.1497
v -0.1275 -0.0542 -0.1172
v 0.0348 -0.4127 -0.0598
v 0.0339 -0.4131 -0.0545
v 0.0334 -0.4075 -0.0569
v -0.0854 0.2947 -0.1173
v -0.0698 0.2944 -0.1173
v -0.0769 0.2772 -0.1070
v -0.0984 0.0944 -0.1487
v -0.0671 0.0614 -0.1779
v -0.0990 0.0493 -0.1672
v 0.1142 -0.4525 -0.1767
v 0.1218 -0.4537 -0.1740
v 0.1132 -0.4458 -0.1710
v 0.1684 0.0974 -0.1150
v 0.1824 0.1107 -0.0954
v 0.1933 0.0932 -0.0914
v -0.1400 0.0455 -0.1223
v -0.1427 0.0496 -0.1146
v -0.1305 -0.0052 -0.1376
v -0.1183 -0.0493 -0.1559
v 0.1599 -0.1862 -0.0732
v 0.1672 -0.1848 -0.0773
v 0.1775 -0.1723 -0.0531
v -0.1313 -0.0875 -0.1151
v -0.1278 -0.0888 -0.1345
v -0.1394 -0.0964 -0.1256
v -0.1151 0.0538 -0.1519
v -0.1264 0.0146 -0.1477
v -0.1384 0.0889 -0.1076
v 0.0666 0.0921 -0.1765
v 0.1016 0.0826 -0.1661
v 0.0912 0.0561 -0.1789
v 0.1214 0.0149 -0.1626
v 0.1284 0.0552 -0.1578
v 0.1362 0.0458 -0.1508
v -0.1313 0.1343 -0.0866
v -0.1391 0.1153 -0.0907
v -0.1467 0.1410 -0.0592
v -0.1106 0.0794 -0.1445
v -0.1256 0.0998 -0.1192
v 0.1141 -0.2909 0.0383
v 0.1162 -0.2979 0.0354
v 0.1295 -0.2859 0.0233
v -0.1474 0.1292 0.0666
v -0.1510 0.1466 0.0628
v -0.1563 0.1398 0.0476
v -0.1695 0.1578 0.0039
v -0.1687 0.1446 -0.0189
v -0.1734 0.1356 -0.0125
v 0.1729 0.1338 -0.0960
v 0.1788 0.1442 -0.0834
v 0.1891 0.1234 -0.0812
v -0.1730 0.1119 -0.0260
v -0.1767 0.0931 -0.0292
v -0.1745 0.1078 -0.0081
v 0.2266 0.2913 -0.0231
v 0.2294 0.3171 -0.0303
v 0.2261 0.3026 0.0027
v 0.2045 0.0954 -0.0726
v 0.1983 0.1084 -0.0755
v 0.1681 0.1166 -0.1055
v 0.1003 0.4260 -0.0971
v 0.1283 0.4489 -0.0748
v 0.1436 0.4171 -0.0962
v -0.1691 0.0564 -0.0632
v -0.1636 0.0706 -0.0722
v -0.1599 0.0546 -0.0844
v 0.1966 0.1485 -0.0603
v 0.2064 0.1392 -0.0463
v 0.1952 0.1384 -0.0705
v 0.2142 0.0985 -0.0409
v 0.2115 0.1116 -0.0223
v 0.2152 0.0993 -0.0114
v 0.2108 0.1219 -0.0309
v 0.2111 0.1218 -0.0038
v 0.0266 -0.3793 0.0174
v 0.0218 -0.3878 0.0102
v 0.0456 -0.3829 0.0185
v -0.0188 0.0582 -0.1855
v -0.0219 0.0823 -0.1829
v 0.0140 0.0733 -0.1858
v -0.1579 0.1528 0.0405
v -0.1267 0.1082 0.0919
v -0.1120 0.1106 0.1198
v -0.1370 0.1205 0.0820
v 0.1800 0.1100 0.0797
v 0.1676 0.0877 0.0949
v 0.1823 0.0803 0.0777
v 0.1547 -0.2155 -0.0723
v 0.1583 -0.2206 -0.0585
v 0.1472 -0.2218 -0.0642
v 0.1741 0.0732 -0.1170
v 0.1529 0.0764 -0.1352
v 0.1378 -0.1272 -0.1549
v 0.1149 -0.1209 -0.1552
v 0.1184 -0.1007 -0.1439
v 0.1381 -0.1007 -0.1338
v 0.1486 -0.1274 -0.1465
v -0.1533 0.0630 -0.0929
v 0.0523 -0.4251 -0.0522
v 0.0491 -0.4204 -0.0502
v 0.0737 -0.4586 -0.1594
v 0.0707 -0.4495 -0.1643
v 0.0744 -0.4565 -0.1684
v -0.1397 0.0143 -0.1123
v 0.2081 0.0113 -0.0516
v 0.2126 0.0171 -0.0132
v 0.2026 0.0048 -0.0218
v 0.1559 0.0643 -0.1346
v -0.1731 0.0907 -0.0445
v 0.2085 0.0835 -0.0646
v 0.2016 0.0729 -0.0837
v 0.1912 0.0777 -0.0958
v 0.2105 0.0623 -0.0667
v 0.1955 0.0581 -0.0939
v 0.2160 0.0862 -0.0341
v 0.2198 0.0751 -0.0255
v 0.2164 0.0677 -0.0490
v -0.1774 0.0824 -0.0111
v -0.1768 0.0724 0.0106
v -0.1769 0.0956 -0.0001
v -0.1781 0.0608 -0.0063
v -0.1573 0.1213 0.0506
v -0.1654 0.1201 0.0335
v -0.1584 0.1096 0.0446
v 0.2067 0.1108 -0.0542
v -0.1698 0.1092 0.0194
v -0.1732 0.0855 0.0164
v -0.1289 0.0020 0.0571
v -0.1186 0.0027 0.0747
v -0.1310 0.0146 0.0681
v 0.2192 0.0736 -0.0074
v 0.0432 -0.4036 -0.0456
v 0.0469 -0.4084 -0.0454
v -0.1524 0.0982 0.0576
v -0.1616 0.0842 0.0412
v -0.1490 0.0871 0.0619
v -0.1660 0.1381 0.0255
v 0.2072 0.1123 0.0147
v 0.2102 0.0999 0.0159
v 0.2083 0.0861 0.0262
v 0.2159 0.0880 -0.0092
v 0.1876 0.1894 -0.0466
v 0.1743 0.1959 -0.0603
v 0.1846 0.2146 -0.0183
v -0.1623 0.0647 0.0402
v -0.1662 0.0725 0.0362
v -0.1724 0.0568 0.0203
v 0.2116 0.0755 0.0246
v 0.1357 -0.3822 -0.0180
v 0.1312 -0.3905 -0.0191
v 0.1425 -0.3876 -0.0234
v 0.1939 0.0489 0.0622
v 0.1829 0.0644 0.0725
v 0.1655 0.0575 0.0958
v 0.1645 0.0752 0.1015
v 0.1596 0.0531 0.1069
v -0.1295 0.0857 0.0877
v -0.1342 0.0767 0.0839
v 0.1704 -0.2041 -0.0569
v 0.1716 -0.2077 -0.0465
v 0.1630 -0.2199 -0.0471
v 0.1387 0.0155 -0.1425
v -0.1398 -0.0070 -0.1006
v 0.1468 0.0016 -0.1305
v 0.1362 -0.0109 -0.1364
v -0.1515 0.0240 -0.0943
v 0.0793 0.0426 0.1830
v 0.0543 0.0421 0.1826
v 0.0682 0.0011 0.1749
v 0.1894 0.0151 0.0554
v 0.1982 0.0092 0.0265
v 0.1944 0.0307 0.0486
v 0.1683 0.1194 0.1089
v 0.1871 0.1558 0.0830
v 0.1633 0.0445 0.0980
v 0.1822 0.0296 0.0700
v 0.2114 0.0221 -0.0540
v 0.1602 0.0463 -0.1327
v 0.1774 0.0245 -0.1157
v -0.1660 0.0211 -0.0682
v -0.1657 0.0064 -0.0568
v -0.1723 0.0258 -0.0425
v -0.1642 0.0390 -0.0755
v -0.1737 0.0437 -0.0497
v 0.2006 0.0647 0.0485
v 0.1986 0.0741 0.0529
v 0.1780 0.0626 -0.1161
v 0.1773 0.0424 -0.1176
v 0.1989 0.0366 -0.0897
v -0.1779 0.0590 -0.0259
v -0.1793 0.0683 -0.0140
v 0.1874 -0.0000 -0.0928
v 0.2007 0.0097 -0.0774
v 0.2026 0.0044 -0.0581
v 0.1900 0.0095 -0.0975
v -0.1763 0.0681 -0.0395
v 0.2110 0.2593 0.0130
v 0.1944 0.2345 -0.0040
v 0.2007 0.2516 -0.0306
v 0.1857 -0.0427 0.0420
v 0.1793 -0.0270 0.0353
v 0.1737 -0.0347 0.0521
v -0.1534 -0.0103 -0.0221
v -0.1557 0.0034 -0.0064
v -0.1621 0.0026 -0.0248
v -0.1660 0.0094 -0.0167
v -0.1717 0.0198 -0.0208
v -0.1751 0.0773 -0.0364
v 0.0902 -0.2098 -0.1222
v 0.1008 -0.2098 -0.1112
v 0.1005 -0.2191 -0.1123
v 0.2122 0.2643 -0.0347
v 0.2107 0.2803 -0.0542
v 0.0381 -0.3896 0.0060
v 0.0183 -0.3921 0.0016
v 0.0339 -0.3907 -0.0034
v -0.1578 -0.0036 -0.0632
v 0.2125 0.0347 0.0054
v 0.2190 0.0549 0.0007
v 0.2094 0.0522 0.0327
v -0.1637 0.0149 0.0072
v -0.1719 0.0311 -0.0070
v -0.1772 0.0529 0.0005
v -0.1687 0.0358 0.0135
v -0.1466 0.2021 0.0435
v -0.1466 0.1911 0.0634
v -0.1353 0.2090 0.0659
v -0.1769 0.0434 -0.0283
v 0.1797 0.3128 -0.1281
v 0.1726 0.3073 -0.1289
v 0.1755 0.3129 -0.1413
v -0.1376 0.0288 0.0623
v -0.1590 0.0315 0.0290
v -0.1580 0.0221 0.0264
v 0.1190 -0.1005 0.1345
v 0.1353 -0.0880 0.1295
v 0.1078 -0.0827 0.1360
v 0.1851 0.0024 0.0492
v 0.0372 -0.4000 -0.0471
v 0.1981 0.0924 0.0488
v 0.2079 0.0249 0.0150
v 0.0868 0.0634 0.1832
v 0.1026 0.0513 0.1738
v 0.1075 0.0831 0.1718
v -0.1189 0.0526 0.0970
v -0.1106 0.0540 0.1062
v -0.1321 0.0645 0.0804
v -0.1127 0.0377 0.0994
v 0.1426 -0.3967 -0.0712
v -0.1214 0.0137 0.0799
v -0.1280 0.0289 0.0772
v -0.1083 0.0187 0.0943
v -0.1423 0.0501 0.0707
v 0.1683 0.1846 0.1025
v -0.0933 0.0071 -0.1798
v -0.0821 0.0368 -0.1804
v -0.1096 -0.1753 -0.0074
v -0.1078 -0.1793 0.0077
v -0.1214 -0.1588 0.0084
v 0.1496 -0.3963 -0.0644
v 0.1446 -0.3937 -0.0594
v -0.1239 -0.0886 0.0880
v -0.1303 -0.0928 0.0749
v -0.1223 -0.1045 0.0892
v -0.1691 0.0967 0.0283
v -0.1048 0.0023 0.0889
v 0.1667 -0.0249 -0.1049
v 0.1441 -0.0355 -0.1176
v 0.1584 -0.0096 -0.1172
v 0.1253 -0.0176 -0.1516
v -0.1586 0.1138 -0.0573
v 0.0955 -0.2237 -0.1628
v 0.1074 -0.2285 -0.1502
v 0.1028 -0.2038 -0.1347
v -0.1299 -0.0258 -0.1304
v 0.1781 0.3493 0.0598
v 0.1901 0.3589 0.0386
v 0.1802 0.3841 0.0649
v -0.1440 0.0024 0.0235
v -0.0665 0.1490 -0.1342
v -0.0722 0.1177 -0.1453
v -0.1069 0.1238 -0.1257
v 0.0168 -0.2191 -0.1739
v 0.0069 -0.2247 -0.1697
v -0.0078 -0.1999 -0.1812
v -0.1430 0.0093 0.0406
v -0.1046 0.0471 0.1201
v 0.1587 -0.0626 0.0854
v 0.1650 -0.0456 0.0679
v 0.1587 -0.0288 0.0757
v 0.1755 0.0137 0.0749
v 0.1739 0.0027 0.0697
v -0.1107 -0.0635 0.0875
v -0.1097 -0.0732 0.0939
v -0.1066 -0.0569 0.0999
v 0.1802 -0.0072 0.0547
v -0.0529 -0.0420 0.1420
v -0.0461 -0.0573 0.1443
v -0.0357 -0.0307 0.1606
v 0.1590 -0.2952 -0.0312
v 0.1552 -0.3007 -0.0230
v 0.1537 -0.3019 -0.0331
v 0.1461 -0.3799 -0.0539
v 0.1372 0.1183 -0.1314
v 0.0868 0.1167 -0.1633
v -0.1173 0.1275 -0.1162
v -0.1468 0.2208 0.0269
v -0.1452 0.2227 0.0079
v -0.1513 0.2015 0.0258
v -0.1435 0.2958 0.0549
v 0.1705 0.2321 0.1030
v 0.1727 0.2567 0.0860
v 0.1734 0.2546 0.1332
v -0.1071 0.2077 0.1242
v -0.1012 0.1994 0.1244
v -0.0806 0.2126 0.1455
v -0.1218 0.2566 0.0828
v -0.1239 0.2833 0.0740
v -0.1243 0.2619 0.0727
v -0.1373 0.2831 0.0636
v 0.1737 0.3028 0.1125
v 0.1761 0.3047 0.0880
v 0.1766 0.3268 0.0856
v 0.2138 0.3832 -0.0282
v 0.2140 0.3795 -0.0096
v 0.2188 0.3694 -0.0398
v -0.1224 0.3056 0.0942
v -0.1245 0.2590 0.1246
v 0.1735 0.2805 0.0846
v -0.0998 0.0572 0.1324
v -0.1067 0.0670 0.1220
v -0.1195 0.2277 0.1000
v -0.1187 0.2326 0.1227
v -0.1281 0.3100 0.0657
v 0.1803 0.3027 0.0754
v 0.0168 -0.2191 -0.1739
v 0.0085 -0.2003 -0.1801
v 0.0229 -0.1969 -0.1793
v -0.1249 0.3217 0.0759
v -0.1304 0.3496 0.0491
v -0.1195 0.1736 -0.0724
v -0.1205 0.1994 -0.0575
v -0.1084 0.1764 -0.0824
v -0.0498 -0.3785 0.0437
v -0.0416 -0.3730 0.0347
v -0.0540 -0.3843 0.0358
v 0.1911 0.4036 0.0271
v 0.1848 0.4021 0.0490
v 0.1892 0.3822 0.0424
v 0.1792 0.3168 0.0725
v -0.1293 -0.1045 0.0329
v -0.1343 -0.1024 0.0540
v -0.1328 -0.0563 0.0416
v 0.1939 0.4188 -0.0066
v 0.2032 0.3868 0.0076
v -0.1720 0.3519 -0.1268
v -0.1651 0.3707 -0.1398
v -0.1741 0.3484 -0.1362
v -0.1072 -0.0139 0.0781
v -0.1229 -0.0073 0.0621
v -0.1029 -0.0243 -0.1738
v -0.1806 0.3797 -0.0064
v -0.1518 0.3968 0.0140
v -0.1522 0.4180 -0.0185
v 0.0271 -0.1947 0.1614
v 0.0386 -0.2070 0.1477
v 0.0609 -0.1937 0.1351
v 0.1440 -0.4119 -0.0486
v 0.1429 -0.4110 -0.0394
v 0.1389 -0.4152 -0.0421
v -0.1992 0.3328 -0.0417
v -0.1918 0.3016 -0.0254
v -0.2001 0.3233 -0.0259
v -0.1207 0.3479 0.0847
v -0.1557 0.0038 -0.0786
v 0.1830 0.3254 0.0611
v 0.2290 0.3268 -0.0183
v 0.2271 0.3444 -0.0311
v 0.2209 0.3456 -0.0112
v -0.1471 -0.0089 -0.0845
v -0.1382 0.3933 0.0385
v -0.1320 0.4008 0.0529
v -0.1362 0.4059 0.0381
v -0.1477 0.3142 0.0439
v -0.1323 0.3018 0.0628
v -0.0360 0.2337 0.1817
v -0.0756 0.1824 0.1478
v -0.1884 0.3485 -0.0625
v -0.1945 0.3623 -0.0381
v 0.1743 0.3606 0.0849
v -0.1957 0.3257 -0.0107
v -0.1887 0.3272 0.0025
v -0.1889 0.3492 -0.0107
v 0.2192 0.0528 -0.0379
v 0.0021 -0.1957 0.1595
v 0.0014 -0.1780 0.1755
v -0.0086 -0.1709 0.1758
v 0.2049 0.3253 0.0325
v 0.2115 0.3426 0.0132
v 0.1999 0.3448 0.0352
v 0.1467 -0.4635 -0.1532
v 0.1451 -0.4661 -0.1482
v 0.1390 -0.4782 -0.1565
v 0.1736 0.3694 -0.1421
v 0.1767 0.3569 -0.1476
v 0.1735 0.3649 -0.1665
v 0.1999 0.3448 0.0352
v 0.2049 0.3253 0.0325
v -0.1385 0.3731 0.0412
v -0.1283 0.3766 0.0597
v 0.2024 0.3621 0.0159
v 0.1463 0.2431 -0.0686
v 0.1677 0.2372 -0.0406
v 0.1460 0.2318 -0.0671
v -0.0099 -0.4025 -0.0026
v -0.0147 -0.4027 -0.0098
v 0.0139 -0.3905 -0.0148
v -0.1640 0.3845 0.0057
v -0.1027 0.0278 0.1081
v -0.0951 0.0184 0.1180
v 0.2249 0.3255 -0.0011
v 0.2207 0.3084 0.0150
v 0.2184 0.3616 -0.0137
v 0.2245 0.3447 -0.0428
v -0.1960 0.3498 -0.0232
v 0.0463 0.0006 0.1843
v -0.1526 0.3782 0.0236
v -0.1879 0.3720 -0.0192
v -0.0900 0.2262 0.1473
v -0.0608 0.2476 0.1724
v -0.1408 0.3545 0.0365
v -0.1516 0.3613 0.0265
v -0.1559 0.3417 0.0309
v -0.1649 0.3625 0.0122
v 0.1938 0.2970 0.0595
v -0.1331 0.3316 0.0497
v -0.1250 0.3534 0.0632
v -0.1304 0.3496 0.0491
v -0.1642 0.3290 0.0242
v -0.1618 0.2914 0.0346
v -0.1477 0.3142 0.0439
v 0.0382 -0.4181 -0.0597
v 0.0418 -0.4198 -0.0624
v -0.1829 0.3847 -0.0604
v -0.1821 0.3653 -0.0893
v 0.2257 0.3233 -0.0442
v -0.0839 0.2470 -0.0990
v -0.0707 0.2520 -0.1070
v -0.0581 0.2284 -0.1103
v -0.1570 0.3410 -0.2183
v -0.1583 0.3747 -0.2039
v -0.1398 0.3508 -0.2108
v 0.1657 0.3066 -0.2318
v 0.1720 0.2946 -0.2265
v 0.1689 0.2962 -0.2353
v 0.1677 0.3164 -0.2241
v 0.0849 -0.0031 -0.1852
v 0.0771 -0.1040 -0.1839
v 0.1727 0.3211 -0.2126
v 0.1684 0.3318 -0.2126
v -0.1830 0.3269 -0.2028
v -0.1850 0.3175 -0.2165
v -0.1841 0.3075 -0.2015
v -0.1856 0.3007 -0.1947
v -0.1832 0.3059 -0.1799
v 0.1784 0.3069 -0.1872
v 0.1746 0.3272 -0.1878
v 0.1813 0.3235 -0.1733
v -0.1334 0.3265 -0.2087
v -0.1390 0.3272 -0.2166
v -0.1806 0.3316 -0.2137
v -0.1796 0.3417 -0.2038
v -0.1753 0.3457 -0.2073
v 0.1281 0.3019 -0.2179
v 0.1311 0.2928 -0.2032
v 0.1275 0.3131 -0.1893
v 0.1719 0.3365 -0.2036
v 0.1605 0.3366 -0.2135
v 0.1665 0.3462 -0.2040
v -0.1840 0.3529 -0.0902
v -0.1774 0.3627 -0.1027
v -0.1802 0.3273 -0.1879
v -0.1806 0.3408 -0.1929
v 0.1860 0.3334 -0.1513
v 0.1860 0.3274 -0.1397
v 0.1840 0.3147 -0.1670
v -0.1749 0.3058 -0.0994
v -0.1786 0.3231 -0.0932
v -0.1716 0.3112 -0.1221
v 0.0572 0.2362 0.1919
v 0.0839 0.2236 0.1813
v 0.1740 0.3401 -0.1928
v -0.1840 0.3160 -0.1670
v -0.1842 0.2989 -0.2388
v -0.1896 0.2902 -0.2299
v -0.1863 0.2994 -0.2252
v -0.1788 0.3577 -0.1903
v 0.1718 0.3544 -0.1927
v 0.1618 0.3579 -0.2004
v 0.1745 0.3563 -0.1833
v 0.1773 0.3430 -0.1726
v -0.1820 0.3195 -0.1526
v -0.1812 0.3383 -0.1593
v -0.1712 0.3585 -0.1484
v -0.1764 0.3508 -0.1682
v -0.1674 0.3718 -0.1992
v 0.1801 0.3565 -0.1191
v 0.1736 0.3694 -0.1421
v 0.1727 0.3648 -0.1185
v -0.1694 0.3677 -0.1508
v 0.1658 0.3806 -0.1484
v 0.1627 0.3831 -0.1352
v -0.1867 0.3048 0.0102
v -0.1796 0.2855 0.0194
v -0.1787 0.3102 0.0170
v 0.0639 -0.4268 -0.0628
v 0.0588 -0.4237 -0.0624
v -0.1753 0.3498 -0.1164
v -0.1698 0.3553 -0.1198
v -0.1792 0.3402 -0.1729
v 0.1868 0.3491 -0.1176
v 0.1810 0.3524 -0.1312
v -0.1744 0.3313 -0.1262
v -0.1740 0.3379 -0.1187
v 0.1688 0.3723 -0.1771
v 0.0808 0.1915 0.1788
v 0.0830 0.1518 0.1795
v 0.1014 0.1597 0.1673
v 0.0581 -0.4235 -0.0502
v -0.1617 0.3631 -0.1210
v 0.0525 0.4355 -0.0590
v 0.0535 0.4226 -0.0794
v 0.0481 0.4131 -0.0715
v 0.0109 0.0386 -0.1950
v 0.0317 0.0654 -0.1885
v 0.0456 0.0289 -0.1968
v 0.1112 0.3228 -0.1539
v 0.1216 0.3241 -0.1695
v 0.1302 0.3040 -0.1480
v 0.1541 -0.3786 -0.0522
v -0.1734 0.3649 -0.1665
v 0.1678 0.3739 -0.1860
v -0.1734 0.3708 -0.1890
v 0.1829 0.3395 -0.1584
v -0.1896 0.2948 -0.2726
v -0.1913 0.2895 -0.2768
v -0.1959 0.2930 -0.2601
v 0.1575 0.2896 -0.1859
v 0.1648 0.2932 -0.1902
v 0.1638 0.3025 -0.1757
v -0.1829 0.3160 -0.2251
v 0.1756 0.2840 -0.2048
v 0.1680 0.2816 -0.2016
v 0.1750 0.2749 -0.2110
v -0.1629 0.2780 -0.2016
v -0.1617 0.2876 -0.1922
v -0.1709 0.2703 -0.2082
v -0.1560 0.3290 -0.2297
v -0.1573 0.3143 -0.2383
v -0.1756 0.3170 -0.2324
v 0.1762 0.2910 -0.1935
v 0.1770 0.2988 -0.1831
v 0.1708 0.2962 -0.1832
v 0.1796 0.3052 -0.1789
v -0.1854 0.2825 -0.2052
v -0.1829 0.2914 -0.1927
v -0.1875 0.2883 -0.2068
v -0.1704 0.2940 -0.1924
v 0.1794 0.3076 -0.1603
v 0.1746 0.3004 -0.1750
v 0.1513 0.3899 -0.1884
v 0.1460 0.3829 -0.1908
v 0.1206 0.3766 -0.1661
v 0.1551 0.2958 -0.1683
v 0.1526 0.2867 -0.1875
v -0.1745 0.3017 -0.1714
v -0.1795 0.3061 -0.1659
v -0.1794 0.3008 -0.1789
v 0.1630 0.2732 -0.2035
v -0.1753 0.2966 -0.1841
v -0.1662 0.3036 -0.1764
v -0.1923 0.2714 -0.2149
v -0.1938 0.2758 -0.2177
v -0.2069 0.2626 -0.2314
v -0.1755 0.3082 -0.1568
v -0.1707 0.3138 -0.1313
v -0.1696 0.3133 -0.1413
v -0.1629 0.3069 -0.1317
v -0.1337 0.2949 -0.1327
v -0.1453 0.2989 -0.1334
v -0.1431 0.3023 -0.1524
v -0.1551 0.3047 -0.1324
v -0.1637 0.3094 -0.1603
v -0.1769 0.3205 -0.1399
v -0.1561 0.3046 -0.1581
v -0.1422 0.3012 -0.1663
v -0.1534 0.2991 -0.2581
v -0.1571 0.2964 -0.2730
v -0.1658 0.2997 -0.2707
v 0.1577 0.3040 -0.1539
v 0.1666 0.3098 -0.1560
v 0.1755 0.3129 -0.1413
v 0.1512 0.3029 -0.1435
v 0.1820 0.3183 -0.1403
v 0.1512 0.3029 -0.1435
v 0.1621 0.3031 -0.1271
v 0.1471 0.2966 -0.1309
v -0.0272 0.4607 -0.0595
v -0.0096 0.4414 -0.0630
v -0.0612 0.4181 -0.1066
v 0.1748 0.2951 -0.1132
v 0.0448 -0.1829 -0.1769
v 0.0577 -0.1992 -0.1572
v 0.1556 -0.0551 0.0980
v 0.1554 -0.0874 0.1025
v -0.1325 -0.0078 0.0415
v -0.1247 -0.0194 0.0364
v 0.1752 0.3065 -0.1596
v 0.1011 -0.4325 -0.0550
v 0.0985 -0.4499 -0.0812
v 0.1054 -0.4431 -0.0724
v 0.1076 -0.4522 -0.0850
v 0.0014 -0.1780 0.1755
v 0.0276 -0.2210 0.1431
v 0.0601 -0.2888 0.0853
v 0.0597 -0.2593 0.1093
v 0.0487 -0.2577 0.1156
v 0.0778 -0.3252 0.0530
v 0.0815 -0.3196 0.0557
v 0.0696 -0.3095 0.0666
v -0.0086 -0.1709 0.1758
v 0.0090 -0.1673 0.1816
v 0.1188 -0.4818 -0.1087
v 0.1209 -0.4745 -0.1046
v 0.1122 -0.4787 -0.1036
v 0.1183 -0.4388 -0.0754
v 0.1054 -0.4431 -0.0724
v 0.1076 -0.4522 -0.0850
v 0.1270 -0.4223 -0.1623
v 0.1264 -0.4122 -0.1611
v 0.1224 -0.4211 -0.1543
v 0.1011 -0.4716 -0.1920
v 0.0998 -0.4647 -0.1946
v 0.1126 -0.4698 -0.1908
v 0.1086 -0.4314 -0.0567
v 0.1112 -0.4259 -0.0494
v 0.2104 0.2748 0.0310
v 0.2217 0.2861 0.0092
v 0.0689 -0.2915 0.0802
v 0.1159 -0.4644 -0.0983
v 0.1005 -0.4642 -0.0954
v 0.0689 -0.2915 0.0802
v 0.0951 -0.3389 0.0401
v 0.0808 -0.3401 0.0424
v 0.0812 -0.3454 0.0414
v 0.0500 -0.2367 0.1286
v 0.0276 -0.2210 0.1431
v 0.0601 -0.2888 0.0853
v 0.0487 -0.2577 0.1156
v 0.0417 -0.2621 0.1095
v 0.0951 -0.4081 -0.0135
v 0.0979 -0.4012 -0.0046
v 0.0768 -0.4061 -0.0108
v 0.1040 -0.4055 -0.0130
v 0.1216 -0.4946 -0.1237
v 0.1130 -0.4967 -0.1243
v 0.1166 -0.4939 -0.1352
v 0.0260 -0.2390 0.1279
v 0.1528 -0.3417 -0.0780
v 0.1455 -0.3265 -0.0675
v 0.1198 -0.4874 -0.1454
v 0.1039 -0.4916 -0.1439
v 0.1235 -0.4890 -0.1521
v 0.1122 -0.4924 -0.1511
v 0.0540 -0.4183 -0.0556
v 0.0483 -0.4171 -0.0489
v 0.0522 -0.4182 -0.0483
v 0.0967 -0.4586 -0.1955
v 0.1045 -0.4581 -0.1960
v -0.0056 -0.1635 -0.2154
v 0.0083 -0.1481 -0.2182
v 0.0814 -0.3280 -0.1726
v 0.0744 -0.3528 -0.1744
v 0.0685 -0.3358 -0.1738
v 0.0419 -0.3006 0.0570
v 0.0250 -0.2982 0.0549
v 0.0455 -0.3109 0.0479
v 0.1126 -0.4714 -0.1677
v 0.0488 0.3381 -0.1273
v 0.0287 0.3461 -0.1416
v 0.0309 0.3394 -0.1302
v 0.1137 0.4661 -0.0533
v 0.1362 0.4499 -0.0682
v 0.1283 0.4489 -0.0748
v 0.1771 0.2887 -0.2068
v 0.1741 0.3037 -0.2080
v -0.0612 0.3028 -0.1257
v -0.0572 0.3095 -0.1311
v -0.0443 0.3000 -0.1310
v -0.0900 0.3831 -0.1476
v -0.1100 0.3735 -0.1629
v -0.1022 0.3930 -0.1476
v -0.0114 0.2778 -0.1308
v -0.0262 0.2697 -0.1248
v -0.0223 0.2848 -0.1293
v -0.0100 0.3446 -0.1389
v -0.0227 0.3380 -0.1229
v -0.0085 0.3383 -0.1294
v -0.1619 0.3676 -0.1142
v -0.1698 0.3553 -0.1198
v 0.0403 0.3328 -0.1828
v 0.0448 0.3427 -0.1670
v 0.0552 0.3224 -0.1782
v 0.0714 0.3119 -0.1327
v 0.0790 0.3179 -0.1322
v 0.0799 0.3035 -0.1266
v 0.1534 0.3863 -0.1556
v 0.1655 0.3890 -0.1715
v 0.0093 0.3313 -0.1696
v 0.0072 0.3179 -0.1551
v 0.0041 0.3290 -0.1507
v 0.0031 0.3405 -0.1784
v -0.0107 0.3293 -0.1875
v -0.0281 0.3332 -0.1793
v 0.0058 0.2987 -0.1713
v 0.0162 0.3170 -0.1772
v 0.0113 0.3017 -0.1488
v 0.1590 0.3197 -0.2282
v 0.1222 0.3825 -0.1525
v 0.1364 0.3862 -0.1513
v 0.1534 0.3924 -0.1799
v 0.0551 0.4710 -0.0156
v 0.0496 0.4811 0.0243
v 0.0616 0.4893 0.0144
v 0.1627 0.3831 -0.1352
v 0.1670 0.3853 -0.1114
v 0.0467 0.4530 -0.0215
v 0.0416 0.4262 -0.0405
v 0.0327 0.4250 -0.0173
v 0.1126 0.3776 -0.1499
v 0.1080 0.3891 -0.1389
v 0.1222 0.3825 -0.1525
v 0.0916 0.3073 -0.1327
v 0.1497 0.3876 -0.1439
v 0.1364 0.3862 -0.1513
v 0.1209 0.3966 -0.1328
v 0.1644 -0.3368 -0.0353
v 0.1690 -0.3450 -0.0260
v 0.1532 -0.3485 -0.0317
v -0.1582 0.3801 -0.1391
v 0.0299 0.4440 0.0092
v 0.0225 0.4470 0.0135
v 0.0292 0.4550 0.0314
v 0.0445 0.2890 -0.1574
v 0.0356 0.2940 -0.1766
v 0.0587 0.2937 -0.1542
v 0.0340 0.3393 -0.1225
v -0.0600 0.3184 -0.1305
v -0.0767 0.3084 -0.1335
v 0.0687 0.3081 -0.1582
v 0.0683 0.2999 -0.1330
v 0.1418 0.2980 -0.1685
v 0.1436 0.3012 -0.1569
v 0.1292 0.3111 -0.1625
v 0.1497 0.3876 -0.1439
v 0.1335 0.2958 -0.1852
v 0.0546 0.3494 -0.1183
v 0.0488 0.3381 -0.1273
v 0.0340 0.3393 -0.1225
v -0.0097 0.3703 -0.0991
v -0.0023 0.3416 -0.1157
v -0.0135 0.3818 -0.0934
v 0.0878 0.3016 -0.1275
v 0.0822 0.2925 -0.1233
v -0.1556 0.3805 -0.1185
v -0.1505 0.3876 -0.1241
v -0.1524 0.3856 -0.1458
v -0.1171 -0.1957 -0.1152
v -0.1103 -0.2110 -0.1137
v -0.1120 -0.2128 -0.1003
v 0.0554 0.1941 -0.1335
v 0.0789 0.2156 -0.1204
v 0.0679 0.1737 -0.1316
v 0.0321 0.4373 -0.0039
v 0.0224 0.4353 -0.0064
v -0.1364 0.3865 -0.1643
v -0.1516 0.3859 -0.1611
v -0.1366 -0.0164 -0.0061
v -0.1318 -0.0186 0.0082
v -0.1434 -0.0048 0.0127
v -0.0103 0.3386 -0.1239
v -0.1100 0.3735 -0.1629
v -0.1205 0.3736 -0.1797
v -0.1197 0.3819 -0.1648
v -0.1594 0.3922 -0.1892
v -0.1641 0.3919 -0.1783
v 0.0230 0.3473 -0.1616
v 0.0153 0.3434 -0.1535
v 0.0103 0.3259 -0.1845
v -0.1617 0.3631 -0.1210
v -0.1556 0.3805 -0.1185
v 0.0308 0.2880 -0.1537
v 0.1309 0.4004 -0.1208
v 0.1083 0.4149 -0.1064
v 0.1003 0.4260 -0.0971
v 0.1024 0.4648 -0.0596
v -0.1010 0.3565 -0.1641
v -0.1058 0.3492 -0.1713
v -0.1209 0.3895 -0.1572
v -0.1022 0.3930 -0.1476
v 0.1660 0.3889 -0.1868
v -0.1503 0.3937 -0.1106
v -0.1505 0.3876 -0.1241
v -0.0330 0.3980 -0.1045
v -0.0259 0.3547 -0.1172
v -0.0643 0.3859 -0.1255
v -0.1574 0.0511 0.0475
v -0.1527 0.0707 0.0580
v 0.1069 0.2900 -0.1172
v 0.1880 0.3010 -0.1069
v 0.2231 0.2993 -0.0434
v 0.1932 0.2833 -0.0898
v -0.0227 0.3380 -0.1229
v -0.0103 0.3386 -0.1239
v 0.1282 -0.4519 -0.1663
v 0.1307 -0.4496 -0.1601
v 0.1301 -0.4567 -0.1601
v 0.1313 0.3526 -0.1994
v 0.1202 0.3555 -0.1858
v -0.1635 0.3817 -0.1625
v -0.1252 0.3555 -0.1985
v -0.1332 0.3680 -0.1947
v 0.0016 0.3266 -0.1200
v 0.1670 0.2619 -0.2127
v 0.1514 0.2566 -0.2192
v 0.1723 0.2471 -0.2195
v 0.1535 -0.3802 -0.0708
v -0.1981 0.2506 -0.2231
v -0.1792 0.2629 -0.2138
v 0.0232 0.3067 -0.1876
v 0.0234 0.2951 -0.1760
v 0.1206 0.3766 -0.1661
v 0.1195 0.3721 -0.1720
v 0.1187 0.3625 -0.1772
v 0.1103 0.3532 -0.1696
v -0.1019 -0.0327 0.1131
v -0.1042 -0.0021 0.1094
v -0.1068 -0.0210 0.1016
v 0.1083 0.3548 -0.1584
v 0.1008 0.3473 -0.1468
v 0.2043 0.1237 0.0289
v 0.1993 0.1439 0.0456
v 0.1941 0.1330 0.0589
v 0.2040 0.3887 -0.0564
v 0.2069 0.3925 -0.0380
v 0.0686 0.4436 -0.0698
v -0.0006 0.2849 -0.1401
v 0.1518 0.0290 0.1092
v 0.1426 0.0174 0.1202
v 0.1531 -0.0002 0.1085
v -0.0032 0.2884 -0.1435
v -0.0006 0.2849 -0.1401
v -0.0223 0.2848 -0.1293
v 0.1900 0.2331 -0.2766
v 0.1909 0.2466 -0.2912
v 0.1831 0.2550 -0.2738
v 0.0637 0.3367 -0.1270
v 0.1195 0.3721 -0.1720
v 0.1690 0.3835 -0.1833
v 0.1654 0.3813 -0.1599
v 0.1739 0.4204 -0.0672
v -0.0196 0.4179 -0.0839
v -0.0330 0.3980 -0.1045
v -0.0352 0.3341 -0.1258
v 0.1851 0.3368 -0.1216
v 0.1860 0.3274 -0.1397
v 0.1340 0.3369 -0.2093
v 0.1440 0.3411 -0.2109
v 0.0054 0.2713 -0.1413
v 0.0283 0.2770 -0.1334
v 0.0054 0.2554 -0.1396
v 0.1245 0.2100 -0.0908
v 0.1303 0.2000 -0.0934
v 0.1002 0.2023 -0.1081
v 0.1886 0.1374 0.0767
v 0.1258 0.4670 -0.0398
v 0.1112 0.3228 -0.1539
v 0.1001 0.3242 -0.1468
v 0.1103 0.3532 -0.1696
v 0.1196 0.2683 -0.0960
v 0.0993 0.2836 -0.1149
v -0.0352 0.3341 -0.1258
v -0.0227 0.3380 -0.1229
v -0.0314 0.3272 -0.1295
v 0.1771 0.3683 -0.1086
v 0.1466 0.3681 -0.2000
v 0.1223 0.3285 -0.1923
v 0.1275 0.3131 -0.1893
v 0.1216 0.3241 -0.1695
v 0.1274 0.3259 -0.2047
v 0.1309 0.3242 -0.2156
v -0.1299 0.3110 -0.1754
v -0.1390 0.3006 -0.1814
v -0.1357 0.3120 -0.2037
v 0.0756 0.3400 -0.1327
v 0.0790 0.3179 -0.1322
v 0.0671 0.3280 -0.1320
v 0.1716 0.0055 -0.1142
v -0.1661 0.3863 -0.1982
v 0.1604 -0.0841 0.0917
v 0.1609 -0.0998 0.0982
v 0.1552 0.3759 -0.1968
v 0.1001 0.3242 -0.1468
v -0.1501 0.2812 -0.2043
v -0.1500 0.2945 -0.1781
v 0.0572 0.3663 -0.1066
v 0.1983 -0.0074 -0.0601
v 0.1983 -0.0037 -0.0179
v 0.1868 -0.0215 -0.0444
v 0.0119 0.3180 -0.1756
v 0.0130 0.3092 -0.1597
v 0.0072 0.3179 -0.1551
v -0.1382 0.1393 0.0864
v -0.1183 0.1346 0.1158
v -0.1345 0.1556 0.0932
v -0.0613 -0.2464 -0.0808
v 0.0982 0.4009 -0.1175
v 0.0888 0.2511 -0.1176
v 0.1055 0.2314 -0.1074
v 0.1344 0.4693 -0.0165
v 0.1768 0.4417 0.0031
v -0.0967 0.3387 -0.1643
v -0.0805 0.3391 -0.1538
v 0.1110 0.4040 -0.1187
v -0.1035 -0.0122 0.0875
v -0.1056 -0.0286 0.0862
v -0.1668 0.3458 0.0188
v 0.1165 0.3420 -0.1792
v 0.1112 0.3228 -0.1539
v 0.1038 -0.1358 -0.1595
v 0.0968 -0.1506 -0.1600
v 0.0991 -0.1377 -0.1490
v -0.1239 0.1911 0.0942
v 0.1015 -0.1200 -0.1537
v 0.1051 -0.1284 -0.1546
v 0.1014 -0.1132 -0.1553
v -0.1240 0.3739 -0.1856
v -0.0038 0.2686 -0.1398
v -0.0099 0.2502 -0.1377
v 0.0556 -0.4130 -0.0182
v 0.0606 -0.4028 -0.0122
v 0.0471 -0.4061 -0.0187
v 0.1585 0.3880 -0.1229
v 0.1632 0.3919 -0.1079
v 0.0582 0.2309 -0.1249
v 0.0420 0.2032 -0.1334
v 0.1950 -0.1383 -0.0320
v 0.1854 -0.1487 -0.0408
v 0.1867 -0.1353 -0.0509
v 0.0881 0.4798 -0.0241
v 0.0913 0.4909 0.0040
v 0.0959 -0.1053 -0.1654
v 0.1055 -0.0454 -0.1664
v 0.1093 -0.0577 -0.1575
v 0.1163 -0.0896 -0.1383
v 0.1370 -0.0879 -0.1200
v 0.0905 -0.0678 -0.1786
v 0.0840 -0.1057 -0.1783
v 0.1557 -0.1105 -0.1294
v 0.1633 -0.1337 -0.1269
v 0.0207 -0.1762 -0.1991
v 0.0993 -0.1290 -0.1510
v 0.1146 -0.1304 -0.1609
v 0.0219 0.3228 -0.1853
v 0.0914 -0.1594 -0.1551
v 0.1813 0.4263 0.0548
v 0.1926 -0.1547 -0.0778
v 0.1905 -0.1649 -0.0643
v 0.1858 -0.1746 -0.0753
v 0.1494 -0.1907 -0.0823
v 0.1585 -0.2038 -0.0735
v 0.1319 -0.1943 -0.0964
v 0.1204 0.2324 -0.2916
v 0.1231 0.2520 -0.2927
v 0.1247 0.2367 -0.2951
v 0.1935 0.2238 -0.2892
v 0.1851 0.2047 -0.2883
v 0.1724 0.2162 -0.2921
v 0.1332 0.2663 -0.2892
v 0.1415 0.2668 -0.2763
v 0.1390 0.2657 -0.2916
v 0.1939 0.2288 -0.2893
v 0.1936 0.2357 -0.2899
v 0.1905 0.2548 -0.2883
v 0.1884 0.2651 -0.2894
v 0.1843 0.2641 -0.2797
v 0.1590 0.2017 -0.2909
v 0.1453 0.1985 -0.2921
v 0.1334 0.2016 -0.2930
v 0.1316 0.2341 -0.2935
v 0.1279 0.2464 -0.2940
v 0.1390 0.2657 -0.2916
v 0.1401 0.2513 -0.2926
v 0.1354 0.2624 -0.2932
v 0.1312 0.2196 -0.2595
v 0.1440 0.2201 -0.2494
v 0.1391 0.2373 -0.2465
v 0.1528 0.2660 -0.2924
v 0.1624 0.2686 -0.2898
v 0.1595 0.2583 -0.2916
v 0.1909 0.2141 -0.2883
v -0.1187 0.4421 -0.0304
v -0.0738 0.4746 -0.0050
v 0.1428 0.1968 -0.2892
v 0.1549 0.1957 -0.2875
v 0.1516 0.2323 -0.2921
v 0.1812 0.2379 -0.2932
v 0.1924 0.3615 -0.1050
v 0.1621 0.2682 -0.2721
v 0.1717 0.2647 -0.2719
v 0.1744 0.2702 -0.2852
v 0.1308 0.2010 -0.2913
v 0.1132 -0.4747 -0.1768
v 0.1149 -0.4678 -0.1799
v 0.1909 0.2466 -0.2912
v 0.1936 0.2357 -0.2899
v 0.1208 0.2218 -0.2947
v 0.1317 0.2421 -0.2523
v 0.1391 0.2373 -0.2465
v 0.1361 0.2399 -0.2402
v 0.1939 0.2288 -0.2893
v 0.1895 0.2597 -0.2914
v 0.1905 0.2548 -0.2883
v 0.1935 0.2238 -0.2892
v 0.1909 0.2141 -0.2883
v 0.0384 -0.3947 -0.0501
v 0.0357 -0.3981 -0.0461
v 0.0352 -0.4014 -0.0487
v 0.1658 0.1970 -0.2882
v 0.1752 0.1998 -0.2880
v 0.0287 -0.0547 0.1912
v 0.0498 -0.0725 0.1866
v 0.0569 -0.0462 0.1818
v 0.1844 0.2242 -0.0127
v 0.1944 0.2345 -0.0040
v 0.1912 0.2220 0.0118
v 0.1428 0.1968 -0.2892
v 0.1478 0.1970 -0.2731
v 0.1300 0.2049 -0.2753
v 0.1812 0.2554 -0.2926
v 0.1884 0.2651 -0.2894
v 0.1235 0.2098 -0.2936
v 0.1273 0.2954 -0.2514
v 0.1278 0.2939 -0.2640
v 0.1185 0.2784 -0.2589
v 0.1894 0.2621 -0.2508
v 0.1881 0.2506 -0.2410
v 0.1776 0.2457 -0.2490
v 0.1215 0.3464 -0.1910
v 0.1751 0.2581 -0.2589
v 0.1805 0.2434 -0.2516
v 0.1746 0.2575 -0.2610
v 0.1825 0.3211 -0.1270
v 0.1820 0.3183 -0.1403
v 0.1645 0.2908 -0.2753
v 0.1799 0.2854 -0.2686
v 0.1666 0.2793 -0.2733
v 0.2020 0.3790 -0.0748
v 0.0717 0.2665 -0.1220
v 0.0519 0.2634 -0.1197
v 0.1321 0.2690 -0.2288
v 0.1262 0.2774 -0.2352
v 0.1238 0.2593 -0.2446
v 0.1643 0.4576 0.0478
v 0.2011 0.3512 -0.0949
v 0.2091 0.3457 -0.0736
v 0.1907 0.3209 -0.1044
v 0.1275 0.2981 -0.2368
v 0.1254 0.2899 -0.2303
v 0.1281 0.3019 -0.2179
v 0.1184 0.3033 -0.1370
v 0.1342 0.3112 -0.2274
v 0.1338 0.3038 -0.2411
v 0.1430 -0.3995 -0.0290
v 0.1243 -0.4017 -0.0250
v -0.1901 0.2937 -0.2475
v 0.1354 0.2994 -0.2627
v 0.1371 0.2969 -0.2692
v 0.1845 0.2690 -0.2907
v 0.1869 0.2649 -0.2915
v 0.1403 0.3281 -0.2225
v 0.2010 0.3702 -0.0858
v 0.1954 0.3709 -0.0934
v 0.1823 0.2132 -0.2582
v 0.1817 0.2261 -0.2527
v 0.1719 0.2226 -0.2464
v 0.1262 0.2774 -0.2352
v 0.1240 0.2851 -0.2434
v 0.1169 0.2703 -0.2572
v 0.1208 0.2218 -0.2947
v 0.1193 0.2222 -0.2859
v 0.1204 0.2324 -0.2916
v 0.0366 0.3473 -0.1576
v 0.0566 0.3407 -0.1518
v 0.1567 0.2323 -0.2338
v 0.1478 0.2346 -0.2359
v 0.1594 0.2323 -0.2396
v 0.1202 0.2136 -0.2909
v 0.1235 0.2098 -0.2936
v 0.1308 0.2010 -0.2913
v 0.1853 0.2072 -0.2738
v 0.1892 0.2154 -0.2736
v 0.1842 0.2343 -0.2590
v 0.1825 0.2456 -0.2653
v 0.1222 0.2566 -0.2825
v 0.1278 0.2640 -0.2815
v 0.1266 0.2597 -0.2916
v 0.1498 0.2008 -0.2637
v 0.1593 0.2027 -0.2593
v 0.1493 0.2103 -0.2532
v 0.1470 0.2345 -0.2434
v 0.1588 0.2196 -0.2460
v 0.1799 0.2854 -0.2686
v 0.1645 0.2908 -0.2753
v 0.1696 0.2941 -0.2609
v 0.1323 0.2662 -0.2753
v 0.1287 0.2623 -0.2716
v 0.1700 0.1984 -0.2734
v 0.1549 0.1957 -0.2875
v 0.1466 0.2990 -0.2648
v 0.1393 0.3013 -0.2523
v 0.1658 0.1970 -0.2882
v 0.1752 0.1998 -0.2880
v 0.1624 0.2686 -0.2898
v -0.1366 -0.0164 -0.0061
v -0.1349 -0.0366 -0.0224
v -0.1318 -0.0186 0.0082
v 0.1228 0.2137 -0.2754
v 0.1880 0.2222 -0.2632
v 0.1315 0.2717 -0.2738
v 0.1467 0.2655 -0.2831
v 0.1601 0.2696 -0.2716
v 0.1567 0.2323 -0.2338
v 0.1470 0.2345 -0.2434
v 0.1516 0.2727 -0.2726
v 0.1601 0.2696 -0.2716
v 0.1751 0.2581 -0.2589
v 0.1891 0.4022 -0.0637
v 0.1803 0.3819 -0.0957
v 0.1231 0.2520 -0.2927
v 0.1204 0.2324 -0.2916
v 0.1385 0.2605 -0.2261
v 0.1478 0.2346 -0.2359
v 0.1758 0.2049 -0.2632
v 0.1851 0.2047 -0.2883
v 0.1444 0.3113 -0.2345
v 0.1348 0.2093 -0.2626
v 0.1894 0.2621 -0.2508
v 0.1836 0.2780 -0.2652
v 0.1824 0.2831 -0.2530
v 0.1226 0.2260 -0.2705
v 0.1221 0.2445 -0.2719
v 0.1825 0.2502 -0.2261
v 0.1881 0.2630 -0.2338
v 0.1807 0.2650 -0.2197
v 0.1317 0.2421 -0.2523
v 0.1240 0.2802 -0.2747
v 0.1315 0.2717 -0.2738
v 0.1277 0.2580 -0.2668
v 0.1736 0.2895 -0.2422
v 0.1711 0.2088 -0.2558
v 0.1627 0.2318 -0.2413
v 0.1183 0.2582 -0.2607
v 0.1275 0.2477 -0.2590
v 0.1361 0.2399 -0.2402
v 0.1244 0.2477 -0.2462
v 0.0072 0.3391 -0.1489
v 0.0042 0.3237 -0.1261
v 0.0062 0.3225 -0.1375
v 0.1235 0.2835 -0.2672
v 0.1240 0.2802 -0.2747
v 0.1277 0.2580 -0.2668
v 0.1221 0.2445 -0.2719
v 0.1275 0.2477 -0.2590
v 0.1845 0.2690 -0.2907
v 0.1789 0.2381 -0.2337
v 0.1476 -0.3884 -0.0563
v 0.1808 0.2757 -0.2241
v 0.1881 0.2506 -0.2410
v 0.0321 0.4373 -0.0039
v 0.0354 0.4611 0.0294
v 0.1770 0.2321 -0.2457
v 0.1722 0.2379 -0.2433
v 0.1627 0.2318 -0.2413
v 0.1345 0.2732 -0.2160
v 0.1435 0.2688 -0.2101
v 0.1377 0.2848 -0.1955
v 0.1678 0.2656 -0.2675
v 0.1096 0.4890 0.0126
v 0.1275 0.2477 -0.2590
v 0.1358 0.2885 -0.2776
v 0.1516 0.2727 -0.2726
v 0.0892 0.3624 -0.1343
v 0.0975 0.3865 -0.1296
v 0.1722 0.2379 -0.2433
v 0.1789 0.2381 -0.2337
v 0.0034 0.3453 -0.1503
v -0.0059 0.3461 -0.1659
v -0.0177 0.3470 -0.1525
v 0.1535 0.2831 -0.1098
v 0.1439 0.2885 -0.1847
v 0.1498 0.2746 -0.1996
v -0.0375 0.2577 -0.1136
v -0.0340 0.2771 -0.1221
v 0.0809 0.4614 -0.0580
v 0.0689 0.4818 -0.0103
v 0.1786 0.2777 -0.2153
v 0.1328 0.3037 -0.1764
v -0.0038 0.2686 -0.1398
v -0.0006 0.2849 -0.1401
v -0.1789 0.2984 -0.2626
v 0.0822 0.2925 -0.1233
v 0.1877 0.4260 -0.0223
v 0.1720 0.4437 -0.0158
v 0.1529 0.4315 -0.0769
v 0.1841 0.2724 -0.0883
v 0.0572 0.3663 -0.1066
v 0.0800 0.3857 -0.1158
v 0.1945 0.3497 -0.1070
v 0.1581 0.3041 -0.2381
v 0.1422 0.3032 -0.2452
v 0.1179 -0.4865 -0.1568
v 0.1659 0.2395 0.1457
v 0.1674 0.2225 0.1210
v 0.2008 0.3613 -0.0948
v 0.0487 -0.4165 -0.1503
v 0.0427 -0.4255 -0.1522
v 0.0408 -0.4291 -0.1443
v 0.1907 0.2542 -0.0521
v 0.1621 0.2466 -0.0553
v 0.1737 0.2620 -0.0806
v 0.0799 0.4070 -0.1033
v 0.1630 0.2948 -0.2716
v 0.1737 -0.0347 0.0521
v 0.1698 -0.0222 0.0535
v 0.1776 0.2457 -0.2490
v 0.1777 -0.0463 0.0560
v 0.1793 -0.0689 0.0688
v 0.1864 -0.0630 0.0569
v 0.1942 0.1847 -0.0289
v 0.1284 0.0713 0.1537
v 0.1302 0.0448 0.1493
v 0.0683 -0.4054 -0.0123
v 0.0638 -0.4140 -0.0171
v 0.0798 -0.4130 -0.0198
v 0.1679 0.1005 0.1007
v -0.1060 -0.0333 0.1034
v -0.1076 -0.0468 0.0818
v -0.1048 0.1285 0.1300
v -0.0952 0.1001 0.1432
v 0.1010 -0.3786 -0.1663
v 0.0993 -0.3595 -0.1668
v 0.1260 -0.3646 -0.1607
v 0.1373 0.1668 -0.1011
v 0.1453 0.1522 -0.1079
v 0.1331 0.1424 -0.1204
v 0.2082 0.1317 -0.0362
v 0.2080 0.1416 -0.0298
v 0.1324 0.2460 -0.0821
v 0.1442 0.2543 -0.0785
v 0.1575 0.2040 -0.0670
v 0.1460 0.2318 -0.0671
v 0.1683 0.2241 -0.0411
v -0.1483 0.1948 -0.0225
v -0.1571 0.1877 -0.0100
v -0.1464 0.2129 0.0054
v 0.1557 0.2417 0.1600
v 0.0978 0.3367 -0.1476
v 0.1604 0.2973 -0.2481
v -0.1344 -0.0323 -0.0311
v -0.1392 -0.0227 -0.0257
v 0.0561 -0.0908 -0.1933
v 0.1855 -0.0830 -0.0849
v 0.1642 -0.0725 -0.0860
v 0.1834 -0.0636 -0.0645
v 0.1730 0.2687 -0.2915
v 0.1866 -0.3226 -0.0367
v 0.1741 -0.3291 -0.0396
v 0.1718 -0.3226 -0.0388
v 0.1198 -0.4262 -0.0607
v 0.1190 -0.4214 -0.0520
v 0.1112 -0.4259 -0.0494
v 0.1561 0.2533 -0.0730
v 0.1016 0.2694 -0.1078
v 0.0390 0.2499 -0.1197
v 0.0385 0.2677 -0.1277
v 0.1144 -0.3265 -0.2946
v 0.1081 -0.3340 -0.2704
v 0.1125 -0.3327 -0.2944
v 0.1519 0.2676 -0.2072
v 0.1940 0.2026 0.0280
v 0.2048 0.1817 0.0187
v 0.1942 0.2038 0.0045
v 0.0799 0.4070 -0.1033
v 0.1063 0.1768 -0.1182
v 0.1302 0.3040 -0.1480
v 0.0436 0.2216 -0.1301
v 0.0065 0.1712 -0.1650
v -0.0069 0.1845 -0.1673
v 0.1467 0.2935 -0.2772
v 0.1961 0.1114 0.0478
v 0.1339 0.2901 -0.2762
v 0.1467 0.2935 -0.2772
v 0.1339 0.2901 -0.2762
v 0.1578 0.4371 -0.0644
v 0.1362 0.4499 -0.0682
v 0.1759 0.1555 -0.0825
v 0.1939 0.1588 -0.0609
v 0.1170 0.2617 -0.2562
v 0.1183 0.2582 -0.2607
v 0.1275 0.2477 -0.2590
v 0.1244 0.2477 -0.2462
v 0.1695 0.2333 -0.2317
v 0.1836 0.2780 -0.2652
v 0.1198 0.2244 -0.0917
v 0.1695 0.2333 -0.2317
v 0.1170 0.2617 -0.2562
v 0.1183 0.2582 -0.2607
v 0.0236 0.2385 0.1984
v 0.0310 0.2008 0.1958
v 0.1796 -0.1806 -0.0360
v 0.1739 -0.2033 -0.0296
v 0.1650 -0.0456 0.0679
v 0.1587 -0.0626 0.0854
v 0.1707 -0.0777 0.0789
v 0.1413 -0.1970 0.0563
v 0.1406 -0.2117 0.0217
v 0.1488 -0.2030 0.0191
v 0.2180 0.2701 -0.0152
v 0.1514 0.1700 0.1326
v 0.1307 0.1480 0.1451
v 0.1493 0.1399 0.1325
v 0.0307 0.0924 0.1866
v 0.0206 0.1207 0.1879
v 0.0062 0.0824 0.1857
v 0.1992 0.2616 -0.0533
v 0.1226 0.1750 -0.1098
v 0.1481 -0.4037 -0.0437
v 0.1467 -0.4027 -0.0351
v 0.0760 -0.2147 0.1165
v 0.0950 -0.2096 0.1103
v 0.0886 -0.1983 0.1228
v 0.1473 -0.3969 -0.0694
v 0.1368 -0.4169 -0.0759
v 0.1379 -0.4157 -0.0694
v 0.1353 -0.4211 -0.0713
v 0.1318 -0.4097 -0.1613
v 0.1276 -0.4075 -0.1549
v 0.1619 0.1615 0.1240
v 0.1696 0.1524 0.1135
v 0.1741 -0.0911 -0.0979
v 0.1552 -0.0880 -0.0981
v 0.1287 -0.4451 -0.1828
v 0.1302 -0.4383 -0.1798
v 0.1297 -0.4425 -0.1761
v 0.1488 -0.2030 0.0191
v 0.1498 -0.2092 0.0004
v 0.1589 -0.1998 0.0161
v 0.1209 -0.3357 0.0314
v 0.1092 -0.3286 0.0364
v 0.1096 -0.3532 0.0381
v 0.1278 -0.4305 -0.0765
v 0.1302 -0.4252 -0.0686
v 0.1421 -0.4010 -0.0966
v 0.1467 -0.3912 -0.1109
v 0.1531 -0.3800 -0.0957
v 0.1250 -0.3895 -0.0114
v 0.1487 -0.4547 -0.1206
v 0.1425 -0.4461 -0.1189
v 0.1367 -0.4492 -0.1131
v 0.1508 -0.3547 -0.0531
v 0.1484 -0.3576 -0.0546
v 0.1467 -0.3561 -0.0553
v 0.1320 -0.3834 -0.1543
v 0.1434 -0.3540 -0.1479
v 0.1504 -0.3779 -0.1314
v 0.1182 -0.4114 -0.0332
v 0.1202 -0.4137 -0.0401
v 0.1020 -0.4157 -0.0295
v 0.1140 -0.4038 -0.0180
v 0.1040 -0.4055 -0.0130
v 0.1316 -0.4456 -0.1009
v 0.1321 -0.4551 -0.1057
v 0.1861 -0.0180 -0.0011
v 0.1882 -0.0314 0.0162
v 0.1912 -0.0348 -0.0024
v 0.1562 -0.3673 -0.0928
v 0.1560 -0.3449 -0.0887
v 0.1560 -0.3610 -0.0860
v 0.1462 -0.4504 -0.1251
v 0.1452 -0.4446 -0.1265
v -0.0899 -0.0277 0.1236
v -0.0820 -0.0261 0.1387
v -0.0880 -0.0070 0.1362
v 0.1271 -0.4221 -0.0538
v 0.1330 -0.4201 -0.0536
v 0.1409 -0.4315 -0.1176
v 0.1348 -0.4074 -0.0331
v 0.1322 -0.4146 -0.0415
v 0.0358 -0.4137 -0.0485
v 0.0404 -0.4207 -0.0503
v 0.0464 -0.4164 -0.0437
v 0.1455 -0.4419 -0.1457
v 0.1463 -0.4446 -0.1542
v 0.1459 -0.4319 -0.1459
v -0.1508 -0.1043 -0.0729
v -0.1445 -0.0841 -0.0558
v 0.1020 -0.1116 0.1417
v 0.1002 -0.0966 0.1449
v 0.1326 -0.2717 -0.0883
v 0.1298 -0.2696 -0.0938
v 0.1358 -0.2574 -0.0744
v 0.1380 -0.4624 -0.1113
v 0.1388 -0.4181 -0.0623
v -0.0798 -0.0012 0.1495
v -0.0746 -0.0109 0.1499
v 0.1227 -0.4297 -0.0678
v 0.1265 -0.4252 -0.0623
v 0.2014 -0.1217 -0.0262
v 0.1919 -0.1247 -0.0481
v 0.1480 -0.3959 -0.0315
v 0.1530 -0.0159 0.1136
v 0.1560 -0.0327 0.0902
v 0.1547 -0.0083 0.0875
v 0.1384 -0.4184 -0.0534
v 0.1340 -0.4238 -0.0829
v -0.0524 -0.3842 0.0203
v -0.0525 -0.3952 0.0292
v -0.0575 0.1713 0.1625
v -0.0556 0.1338 0.1668
v -0.0331 0.1556 0.1795
v 0.1730 -0.3150 -0.0329
v 0.1558 -0.3122 -0.0320
v 0.1612 -0.3101 -0.0265
v 0.1800 -0.0200 0.0312
v 0.1980 -0.3216 0.0154
v 0.2073 -0.3235 0.0272
v 0.2053 -0.3110 0.0268
v 0.1129 -0.2948 -0.1454
v 0.1087 -0.3090 -0.1555
v 0.0865 -0.2846 -0.1534
v 0.1371 -0.2739 -0.0722
v 0.1396 -0.2834 -0.0594
v 0.1391 -0.2836 -0.0678
v 0.1395 -0.2818 -0.0764
v 0.1143 -0.2805 -0.1291
v -0.0148 -0.2448 -0.1433
v 0.0152 -0.2673 -0.1527
v 0.0031 -0.2919 -0.1344
v -0.0237 -0.3011 -0.0723
v -0.0125 -0.3111 -0.0789
v -0.0105 -0.3148 -0.0666
v 0.1339 -0.3940 -0.1539
v 0.1374 -0.3941 -0.1437
v 0.1437 -0.3997 -0.1540
v 0.1476 0.1030 0.1392
v 0.1532 0.0778 0.1281
v 0.1939 -0.3332 -0.0327
v 0.1902 -0.3411 -0.0267
v 0.1152 -0.2127 -0.0937
v 0.1904 -0.0573 0.0416
v 0.0824 -0.0939 0.1624
v 0.0744 -0.1146 0.1618
v 0.0844 -0.1173 0.1515
v 0.1456 -0.4273 -0.1339
v 0.1413 -0.4293 -0.1289
v 0.1410 -0.4364 -0.1323
v 0.1584 0.1246 0.1235
v 0.1337 0.1157 0.1478
v 0.1915 -0.0471 -0.0280
v 0.1855 -0.0275 -0.0377
v 0.1351 -0.4272 -0.0919
v 0.1344 -0.4202 -0.0862
v 0.1927 -0.0535 0.0044
v 0.1900 -0.0787 0.0311
v 0.1405 -0.4205 -0.1167
v 0.1382 -0.4295 -0.1078
v 0.0901 0.0231 0.1775
v 0.1111 0.0161 0.1637
v -0.1133 -0.0341 0.0587
v -0.1093 -0.0523 0.0811
v 0.1777 -0.1255 0.0850
v 0.1900 -0.1042 0.0588
v 0.1835 -0.1040 0.0802
v 0.1495 -0.2875 -0.0900
v 0.1378 -0.2771 -0.0906
v 0.0864 -0.4415 -0.0684
v 0.1506 -0.3572 -0.0440
v 0.1508 -0.3547 -0.0531
v 0.1504 -0.3458 -0.0525
v 0.0589 -0.2884 -0.2786
v 0.0640 -0.2883 -0.2809
v 0.0585 -0.2906 -0.2919
v 0.0641 -0.2919 -0.2947
v 0.0744 -0.2917 -0.2958
v 0.0602 -0.2939 -0.2958
v 0.0809 -0.2978 -0.2956
v 0.0816 -0.2906 -0.2940
v 0.0914 -0.2913 -0.2956
v 0.0518 -0.2959 -0.2941
v 0.0585 -0.2906 -0.2919
v 0.0458 -0.3045 -0.2953
v 0.0398 -0.3188 -0.2923
v 0.0465 -0.2997 -0.2849
v 0.1060 -0.2924 -0.2895
v 0.1111 -0.3083 -0.2833
v 0.1100 -0.2942 -0.2942
v 0.1084 -0.2991 -0.2971
v 0.1100 -0.2942 -0.2942
v 0.1148 -0.3030 -0.2961
v 0.0616 -0.3326 -0.2540
v 0.0757 -0.3292 -0.2481
v 0.0720 -0.3226 -0.2457
v 0.0412 -0.3306 -0.2953
v 0.0460 -0.3148 -0.2978
v 0.0442 -0.3336 -0.2978
v 0.0659 -0.3566 -0.2934
v 0.0556 -0.3527 -0.2953
v 0.0595 -0.3530 -0.2972
v -0.0079 -0.3372 -0.1232
v 0.0055 -0.3590 -0.1393
v -0.0050 -0.3509 -0.1127
v 0.0793 -0.3509 -0.2960
v 0.0683 -0.3544 -0.2968
v 0.0504 -0.3453 -0.2978
v 0.0458 -0.3045 -0.2953
v 0.0683 -0.3544 -0.2968
v 0.0760 -0.2885 -0.2834
v 0.0849 -0.2872 -0.2751
v 0.0933 -0.2889 -0.2836
v 0.1244 -0.2735 -0.1091
v 0.0830 -0.3222 -0.2962
v 0.0620 -0.3208 -0.2971
v 0.1086 -0.3169 -0.2979
v 0.1040 -0.2899 -0.2956
v 0.0816 -0.2906 -0.2940
v 0.1125 -0.3327 -0.2944
v 0.1144 -0.3265 -0.2946
v 0.1040 -0.2899 -0.2956
v 0.0442 -0.3336 -0.2978
v 0.1077 -0.2934 -0.2966
v 0.0368 -0.3962 -0.0482
v 0.0400 -0.3940 -0.0459
v 0.0762 -0.3573 -0.2929
v 0.0869 -0.3551 -0.2934
v 0.0890 -0.3544 -0.2808
v 0.0460 -0.3148 -0.2978
v 0.0793 -0.3509 -0.2960
v 0.0595 -0.3530 -0.2972
v 0.1059 -0.3441 -0.2934
v 0.0998 -0.3495 -0.2940
v -0.0273 -0.0443 0.1776
v -0.0161 -0.0466 0.1847
v -0.0199 -0.0065 0.1757
v 0.0917 -0.3462 -0.2962
v -0.1428 -0.0923 -0.0818
v -0.1455 -0.1091 -0.0899
v 0.0518 -0.2959 -0.2941
v -0.0389 -0.1894 -0.1826
v -0.0225 -0.2125 -0.1676
v 0.0714 0.3119 -0.1327
v 0.1716 -0.1193 0.0972
v 0.0917 -0.3462 -0.2962
v 0.1157 -0.3174 -0.2954
v 0.0545 -0.2909 -0.2764
v 0.0460 -0.3148 -0.2978
v 0.1130 -0.3214 -0.2834
v 0.1157 -0.3174 -0.2954
v 0.0504 -0.3453 -0.2978
v 0.0398 -0.3188 -0.2923
v 0.0795 -0.3528 -0.2674
v 0.0701 -0.3560 -0.2778
v 0.0457 -0.3420 -0.2923
v 0.1428 -0.2674 -0.0580
v 0.1196 -0.2860 -0.1341
v 0.2157 -0.3296 0.0303
v 0.2102 -0.3205 0.0383
v 0.1350 -0.3450 -0.1573
v 0.1240 -0.3422 -0.1643
v 0.1154 -0.2226 -0.0946
v 0.1122 -0.2328 -0.1063
v 0.1236 -0.3846 -0.1622
v 0.1209 -0.4745 -0.1046
v 0.1277 -0.4699 -0.1085
v 0.1217 -0.4587 -0.0979
v 0.1336 -0.2919 -0.1407
v 0.1413 -0.2907 -0.1349
v 0.1357 -0.3058 -0.1499
v 0.1595 -0.3184 -0.0505
v 0.1721 -0.3135 -0.0558
v 0.1648 -0.3061 -0.0476
v 0.1320 -0.3834 -0.1543
v 0.1358 -0.3896 -0.1454
v 0.1298 -0.3913 -0.1550
v 0.1812 -0.2865 -0.0093
v 0.1927 -0.2816 -0.0092
v 0.0524 -0.4217 -0.0548
v 0.1813 -0.2844 -0.0204
v 0.2002 -0.2796 -0.0110
v 0.2096 -0.2776 -0.0198
v 0.2055 -0.2778 -0.0247
v 0.2002 -0.2796 -0.0110
v 0.1153 -0.0065 0.1580
v 0.1680 -0.3284 0.0069
v 0.1682 -0.3198 0.0045
v 0.1547 -0.3217 0.0068
v -0.1387 -0.0990 -0.0931
v -0.0217 -0.0925 -0.2237
v 0.1197 -0.4468 -0.0872
v 0.1286 -0.4379 -0.0897
v 0.1968 -0.3009 -0.0501
v 0.1962 -0.2902 -0.0513
v 0.1993 -0.2950 -0.0423
v -0.1487 -0.1175 -0.0861
v -0.1455 -0.1091 -0.0899
v -0.1577 -0.1107 -0.1091
v 0.2089 -0.2861 -0.0224
v 0.2042 -0.2800 -0.0320
v 0.2008 -0.2866 -0.0110
v 0.2008 -0.2866 -0.0219
v 0.2097 -0.2863 -0.0180
v -0.1258 -0.0784 -0.0832
v -0.1234 -0.0763 -0.0967
v -0.1293 -0.0902 -0.0925
v 0.1663 -0.2873 -0.0397
v 0.1683 -0.2920 -0.0456
v 0.1484 -0.2830 -0.0390
v 0.1925 -0.2946 -0.0408
v 0.1073 0.0151 -0.1732
v 0.1983 -0.2815 -0.0378
v 0.1848 -0.2832 -0.0332
v 0.1890 -0.2826 -0.0289
v -0.1949 -0.2013 -0.1718
v -0.1915 -0.1936 -0.1403
v -0.1852 -0.1682 -0.1525
v 0.1502 -0.3417 -0.0374
v 0.1508 -0.3275 -0.0417
v 0.1755 -0.2826 -0.0306
v 0.1656 -0.2836 -0.0301
v 0.1651 -0.2980 -0.0409
v 0.1929 -0.2890 -0.0278
v 0.1780 -0.2905 -0.0249
v 0.1957 0.0029 0.0177
v 0.1589 -0.3188 -0.0515
v 0.1682 -0.3175 -0.0580
v -0.0400 -0.2117 -0.1617
v -0.0628 -0.2067 -0.1614
v 0.1747 -0.2990 -0.0470
v 0.1312 -0.2753 -0.1046
v 0.1259 -0.2794 -0.1206
v -0.1564 -0.2237 -0.1731
v -0.1514 -0.2142 -0.1795
v -0.1496 -0.2241 -0.1530
v -0.0882 -0.1087 0.1150
v -0.1053 -0.1182 0.0977
v -0.0930 -0.1318 0.1045
v -0.0013 0.0034 -0.2044
v 0.1575 0.1439 -0.1018
v 0.1489 -0.3661 -0.0568
v -0.1387 -0.0990 -0.0931
v 0.1121 -0.0692 0.1367
v 0.1267 -0.0634 0.1321
v -0.0751 -0.1847 -0.1751
v -0.0628 -0.2067 -0.1614
v 0.1067 -0.2633 -0.1249
v 0.1393 -0.4087 -0.0796
v 0.1429 -0.4033 -0.0822
v 0.1450 -0.3947 -0.1248
v 0.1562 -0.3742 -0.1184
v 0.1252 -0.4344 -0.1535
v 0.1283 -0.4357 -0.1504
v 0.1304 -0.4409 -0.1545
v 0.1572 -0.2974 -0.0365
v 0.0096 -0.0303 -0.2128
v -0.0292 -0.2356 -0.1413
v 0.1893 -0.3071 -0.0682
v 0.1742 -0.3082 -0.0651
v 0.1902 -0.2982 -0.0616
v 0.1860 -0.3114 -0.0597
v 0.1807 -0.2875 -0.0441
v 0.1594 -0.2853 -0.0178
v 0.1527 -0.2821 -0.0235
v 0.1363 -0.3999 -0.1660
v 0.1408 -0.4064 -0.1682
v 0.1280 -0.4015 -0.1694
v 0.1779 -0.2943 -0.0524
v 0.1691 -0.2981 -0.0510
v -0.0336 0.1296 -0.2123
v -0.0340 0.1423 -0.1969
v -0.0269 0.1336 -0.2153
v 0.1552 -0.2826 -0.0340
v 0.1042 -0.4501 -0.1947
v 0.1197 -0.4630 -0.1910
v 0.1567 -0.3329 -0.1031
v 0.1584 -0.3617 -0.1112
v 0.1921 -0.3132 -0.0631
v 0.1892 -0.3099 -0.0692
v 0.1893 -0.3071 -0.0682
v 0.1436 -0.1950 -0.1712
v 0.1475 -0.2031 -0.1643
v 0.1336 -0.2164 -0.1839
v 0.1501 -0.2800 -0.0331
v 0.1313 0.0927 -0.1463
v 0.1551 -0.3715 -0.0623
v 0.1562 -0.3768 -0.0702
v 0.1406 -0.2844 -0.1283
v 0.1210 -0.4571 -0.1620
v 0.1242 -0.4495 -0.1660
v 0.1253 -0.4546 -0.1686
v 0.1406 -0.3517 0.0149
v 0.1382 -0.3432 0.0203
v 0.1177 -0.3628 0.0304
v 0.1105 -0.3796 0.0211
v 0.1081 -0.3710 0.0309
v 0.0981 -0.3785 0.0282
v 0.2055 -0.2778 -0.0247
v 0.1863 -0.3119 0.0043
v 0.1705 -0.3096 -0.0040
v 0.1621 -0.2955 -0.0195
v 0.1998 -0.2850 -0.0437
v 0.1983 -0.2815 -0.0378
v 0.1343 -0.4698 -0.1240
v 0.1315 -0.4710 -0.1297
v 0.1172 -0.2687 -0.1131
v 0.1540 -0.2884 -0.0137
v 0.2058 -0.3403 -0.0109
v 0.2128 -0.3363 -0.0144
v 0.2183 -0.3332 0.0067
v 0.0369 -0.4208 -0.0599
v -0.0169 -0.4030 0.0092
v -0.0217 -0.4053 0.0048
v 0.0523 -0.4251 -0.0522
v 0.0552 -0.4257 -0.0574
v 0.1516 -0.3718 -0.0650
v 0.1793 -0.0270 0.0353
v 0.1297 -0.1895 0.0996
v 0.1266 -0.1736 0.1091
v 0.1029 -0.1731 0.1244
v 0.1497 -0.3551 -0.0265
v 0.1498 -0.3529 -0.0328
v 0.1532 -0.3485 -0.0317
v 0.1451 -0.2798 -0.1072
v 0.1284 -0.2461 0.0502
v 0.1346 -0.2461 0.0317
v 0.1339 -0.2084 0.0791
v 0.2217 -0.3276 -0.0116
v 0.2200 -0.3186 -0.0165
v 0.2273 -0.3154 -0.0056
v 0.0921 -0.3258 0.0449
v 0.1023 -0.3130 0.0405
v 0.1742 -0.3082 -0.0209
v 0.2077 -0.3018 -0.0077
v 0.1918 -0.3101 -0.0243
v 0.1353 -0.4683 -0.1103
v 0.1379 -0.4810 -0.1149
v 0.1401 -0.4736 -0.1124
v 0.0838 -0.3085 0.0593
v 0.0944 -0.2937 0.0514
v 0.0783 -0.2961 0.0703
v 0.1405 -0.2214 -0.0118
v 0.1386 -0.2218 -0.0316
v 0.1430 -0.2173 -0.0077
v 0.1535 -0.3934 -0.0685
v 0.1559 -0.3070 -0.0255
v 0.2229 -0.3313 0.0620
v 0.2189 -0.3256 0.0606
v 0.2156 -0.3286 0.0401
v 0.1434 -0.4816 -0.1374
v 0.1473 -0.4732 -0.1421
v 0.1473 -0.4793 -0.1300
v 0.0971 -0.3137 0.0439
v 0.1657 -0.1912 0.0156
v 0.1530 -0.1880 0.0423
v -0.1077 0.3017 -0.1370
v -0.1046 0.2889 -0.1136
v 0.1412 -0.4831 -0.1184
v 0.1423 -0.4746 -0.1157
v 0.1543 -0.3557 -0.0107
v 0.1425 -0.3656 -0.0089
v 0.1506 -0.3561 -0.0196
v 0.1972 -0.3422 -0.0080
v 0.1997 -0.3419 -0.0195
v 0.1719 -0.3478 -0.0160
v 0.1506 -0.3561 -0.0196
v -0.0045 0.1933 0.1889
v -0.0075 0.2278 0.1911
v -0.0433 0.2146 0.1749
v 0.1404 -0.3701 -0.0187
v 0.1345 -0.3797 -0.0144
v 0.2121 -0.3282 -0.0238
v 0.2113 -0.3217 -0.0252
v 0.1442 -0.3640 -0.0546
v 0.1429 -0.4023 -0.0904
v 0.0737 -0.2376 0.1038
v 0.0904 -0.2727 0.0663
v 0.0990 -0.2531 0.0770
v 0.0992 -0.2969 0.0461
v 0.1543 -0.3557 -0.0107
v 0.1655 -0.3497 -0.0056
v 0.1485 -0.3582 -0.0003
v 0.1902 -0.2982 -0.0616
v 0.1975 -0.2857 -0.0462
v 0.1901 -0.3160 -0.0636
v 0.1819 -0.3169 -0.0630
v 0.1888 -0.3174 -0.0666
v 0.2110 0.2593 0.0130
v 0.1980 0.2468 0.0488
v 0.1935 -0.2953 -0.0577
v 0.1487 -0.2778 -0.0319
v 0.1454 -0.2670 -0.0305
v 0.1483 -0.2770 -0.0217
v 0.1578 -0.3809 -0.0674
v 0.1578 -0.3763 -0.0626
v 0.1289 -0.4432 -0.1650
v 0.1257 -0.4346 -0.1701
v 0.1278 -0.4326 -0.1606
v 0.0818 -0.1330 0.1457
v 0.0535 -0.1288 0.1744
v 0.0564 -0.1536 0.1643
v 0.1473 -0.3598 -0.0269
v 0.1507 -0.3655 -0.0320
v 0.1639 -0.3270 -0.0400
v 0.1978 -0.3015 -0.0046
v 0.1190 -0.3690 0.0252
v 0.1086 -0.3942 0.0002
v 0.1552 -0.3145 0.0017
v 0.1469 -0.3167 0.0086
v 0.1489 -0.3432 -0.0391
v 0.1462 -0.3380 -0.0533
v 0.2273 -0.3154 -0.0056
v 0.2168 -0.3086 -0.0131
v 0.2191 -0.3013 0.0014
v 0.1837 -0.3300 0.0059
v 0.1707 -0.3377 0.0049
v 0.1848 -0.3387 0.0008
v 0.1832 -0.3051 -0.0046
v 0.0919 -0.4757 -0.1744
v 0.0897 -0.4694 -0.1809
v 0.0979 -0.4702 -0.1835
v 0.0483 0.0668 0.1847
v 0.2306 -0.3331 0.0890
v 0.2351 -0.3323 0.0878
v 0.2341 -0.3257 0.0813
v 0.1480 -0.3052 0.0053
v 0.0830 -0.3327 0.0458
v 0.1403 -0.4687 -0.1353
v 0.1444 -0.4608 -0.1352
v 0.1460 -0.4655 -0.1152
v 0.1500 -0.4585 -0.1240
v 0.2200 -0.3186 -0.0165
v 0.2113 -0.3217 -0.0252
v 0.2281 -0.3332 0.0849
v 0.2233 -0.3237 0.0717
v 0.2334 -0.3259 0.0371
v 0.2332 -0.3195 0.0215
v 0.2366 -0.3185 0.0486
v 0.1186 -0.3829 0.0091
v 0.1451 -0.4661 -0.1482
v 0.1385 -0.4790 -0.1496
v 0.1403 -0.4215 -0.1266
v 0.1381 -0.4101 -0.1259
v 0.1540 -0.3287 0.0098
v 0.1423 -0.3325 0.0169
v 0.1512 -0.3380 0.0121
v 0.1513 -0.3835 -0.0373
v 0.1519 -0.3670 -0.0387
v 0.1496 -0.3768 -0.0279
v 0.0485 -0.4230 -0.0508
v 0.1469 -0.4736 -0.1341
v 0.2270 -0.3332 0.0595
v 0.1471 -0.4249 -0.1375
v 0.1447 -0.4142 -0.1318
v 0.1167 -0.3150 0.0342
v 0.1254 -0.3277 0.0279
v 0.1418 -0.4501 -0.1388
v 0.1410 -0.4099 -0.0361
v 0.0964 -0.3700 0.0360
v 0.1641 -0.3464 0.0008
v 0.1406 -0.3517 0.0149
v 0.1455 -0.3568 0.0075
v 0.0342 -0.3925 -0.0437
v 0.0341 -0.3967 -0.0446
v 0.2189 -0.3025 0.0353
v 0.2264 -0.3097 0.0517
v 0.2236 -0.3009 0.0308
v -0.0628 -0.0507 0.1337
v 0.1271 -0.3040 -0.1519
v 0.1338 -0.3166 -0.1553
v 0.1570 -0.3456 0.0065
v 0.2234 -0.3306 -0.0032
v 0.2283 -0.3247 -0.0013
v 0.1402 -0.4200 -0.0994
v 0.1324 -0.4833 -0.1186
v 0.1341 -0.4851 -0.1295
v 0.1404 -0.4855 -0.1283
v 0.1372 -0.2529 -0.0075
v 0.1397 -0.4411 -0.1354
v 0.1410 -0.4364 -0.1323
v 0.1892 0.3822 0.0424
v 0.1901 0.3589 0.0386
v 0.1299 -0.3952 -0.1606
v 0.2266 -0.3291 0.0119
v 0.2238 -0.3313 0.0233
v 0.1548 -0.3841 -0.0721
v 0.1376 -0.4257 -0.1432
v 0.1290 -0.4270 -0.1456
v 0.1305 -0.4164 -0.1462
v 0.1440 -0.2906 -0.0484
v 0.1440 -0.2913 -0.0577
v 0.1442 -0.0751 0.1236
v 0.1335 -0.0497 0.1298
v 0.1440 -0.4764 -0.1245
v 0.1403 -0.4716 -0.1289
v 0.1385 -0.4712 -0.1235
v 0.1494 -0.3526 -0.0403
v 0.1451 -0.4723 -0.1326
v 0.1469 -0.4736 -0.1341
v 0.1499 -0.3442 -0.0572
v 0.1489 -0.3453 -0.0545
v 0.2139 -0.2790 -0.0123
v 0.2139 -0.2816 -0.0106
v 0.1326 -0.4703 -0.1344
v 0.1806 -0.1273 0.0387
v 0.1899 -0.1441 0.0096
v 0.1879 -0.1087 0.0271
v 0.1416 -0.4711 -0.1206
v 0.1478 -0.4545 -0.1352
v 0.1457 -0.4595 -0.1472
v 0.1444 -0.4608 -0.1352
v 0.1474 -0.4635 -0.1223
v 0.1474 -0.4635 -0.1223
v 0.2030 -0.3360 0.0040
v 0.1913 -0.3304 0.0069
v 0.1485 -0.4621 -0.1400
v 0.1409 -0.4460 -0.1414
v 0.1475 -0.4585 -0.1336
v 0.1406 -0.4145 -0.1667
v 0.1395 -0.4149 -0.1708
v 0.1487 -0.4558 -0.1304
v 0.1416 -0.4711 -0.1206
v 0.1444 -0.4608 -0.1352
v 0.1413 -0.4293 -0.1289
v 0.1549 -0.3575 -0.0781
v 0.1399 -0.4087 -0.0927
v 0.1361 -0.4162 -0.0819
v 0.0367 -0.1177 0.1858
v 0.0630 -0.0896 0.1760
v 0.0856 -0.4360 -0.1856
v 0.0916 -0.4235 -0.1870
v 0.0998 -0.4404 -0.1892
v 0.1461 -0.4825 -0.1262
v -0.0898 0.0311 0.1382
v 0.1440 -0.4764 -0.1245
v 0.1937 -0.1451 -0.0825
v 0.1878 -0.1603 -0.1085
v 0.1495 -0.3506 -0.0550
v 0.1489 -0.3453 -0.0545
v 0.1465 -0.4072 -0.0517
v 0.1514 -0.3590 -0.0557
v 0.1495 -0.3506 -0.0550
v 0.1461 -0.3555 -0.0532
v 0.1469 -0.3592 -0.0548
v 0.1452 -0.3637 -0.0586
v 0.0342 -0.3925 -0.0437
v 0.1154 -0.2226 -0.0946
v 0.1233 -0.2168 -0.0784
v 0.1496 -0.3699 -0.0534
v 0.0582 -0.4239 -0.0637
v 0.1508 -0.3275 -0.0417
v 0.1502 -0.3417 -0.0374
v 0.1476 -0.3298 -0.0436
v 0.1459 -0.2952 -0.0755
v 0.1486 -0.3920 -0.0568
v 0.1485 -0.3923 -0.0703
v 0.1523 -0.3873 -0.0701
v 0.1531 -0.3881 -0.0725
v 0.1352 -0.4131 -0.1764
v 0.1371 -0.4243 -0.1716
v 0.1478 -0.3640 -0.0575
v 0.1486 -0.2859 -0.1165
v 0.1477 -0.3946 -0.0725
v 0.1402 -0.3188 -0.1496
v 0.2027 -0.3370 -0.0256
v -0.1123 0.0716 0.1078
v 0.0512 -0.4270 -0.0619
v 0.0517 -0.4221 -0.0607
v 0.1807 -0.3448 -0.0072
v 0.0155 0.0487 0.1904
v 0.0293 0.0565 0.1899
v 0.1980 -0.3023 0.0033
v 0.0810 -0.4030 -0.1785
v 0.0923 -0.3980 -0.1783
v 0.1236 -0.3846 -0.1622
v -0.0556 0.4683 -0.0542
v -0.0449 0.4601 -0.0716
v -0.0642 0.4488 -0.0856
v -0.0013 0.3325 -0.1275
v 0.1558 -0.3054 -0.0437
v 0.1357 -0.4801 -0.1472
v 0.0459 -0.2692 -0.1588
v 0.0507 -0.2372 -0.1574
v 0.0982 0.4009 -0.1175
v 0.1332 -0.4844 -0.1383
v 0.1029 -0.2347 -0.1185
v 0.1273 -0.4841 -0.1573
v 0.1340 -0.4274 -0.1774
v 0.1223 -0.4237 -0.1831
v 0.1390 -0.1299 0.1199
v 0.1547 -0.1245 0.1072
v 0.1364 -0.1161 0.1225
v 0.1273 -0.4841 -0.1573
v 0.1271 -0.4802 -0.1590
v 0.1390 -0.4782 -0.1565
v 0.1265 -0.4602 -0.1737
v 0.1557 -0.3893 -0.0806
v 0.1460 -0.4355 -0.1412
v 0.1397 -0.4411 -0.1354
v 0.1357 -0.4801 -0.1472
v 0.1198 -0.4874 -0.1454
v 0.2051 -0.2805 -0.0073
v 0.1980 -0.3071 0.0114
v 0.2111 -0.3035 0.0278
v 0.1007 -0.4745 -0.1864
v 0.1095 -0.4722 -0.1875
v 0.1033 -0.4649 -0.1777
v 0.1095 -0.4722 -0.1875
v 0.1087 -0.4677 -0.1847
v -0.1569 0.2400 -0.2541
v -0.1588 0.2152 -0.2605
v -0.1459 0.2348 -0.2721
v 0.1464 -0.3322 -0.0566
v 0.0354 -0.4003 -0.0516
v 0.0362 -0.4040 -0.0534
v 0.1240 -0.4594 -0.1739
v 0.1286 -0.4562 -0.1717
v 0.1937 -0.0838 0.0125
v 0.2021 -0.1038 -0.0046
v 0.1272 -0.4525 -0.1699
v 0.1252 -0.4434 -0.1742
v 0.1293 -0.4528 -0.1713
v 0.1228 -0.4503 -0.1783
v 0.0970 0.2051 0.1718
v 0.1278 -0.4587 -0.1745
v 0.1285 -0.4568 -0.1673
v 0.1287 -0.4453 -0.1630
v 0.0957 -0.4695 -0.1585
v 0.1256 -0.4487 -0.1659
v 0.1280 -0.4468 -0.1675
v 0.1250 -0.4430 -0.1662
v 0.1222 -0.4462 -0.1693
v 0.1268 -0.4488 -0.1672
v 0.1260 -0.4284 -0.1669
v 0.1310 -0.4300 -0.1689
v 0.1314 -0.4271 -0.1667
v 0.1525 -0.3008 -0.0045
v 0.1271 -0.4485 -0.1861
v 0.1848 0.2098 0.0596
v 0.1832 0.2346 0.0654
v 0.1152 -0.4371 -0.1598
v 0.1210 -0.4359 -0.1651
v 0.1184 -0.4344 -0.1592
v 0.1316 -0.3790 -0.0058
v 0.1461 -0.4150 -0.1380
v 0.1455 -0.4099 -0.1335
v 0.1420 -0.4080 -0.1162
v 0.1372 -0.4236 -0.1681
v 0.1324 -0.4347 -0.1761
v 0.1344 -0.4298 -0.1443
v 0.1385 -0.4790 -0.1496
v 0.1614 -0.3095 -0.0587
v 0.1181 -0.4440 -0.1902
v 0.1302 -0.4383 -0.1798
v 0.1411 -0.2423 -0.0239
v 0.1242 0.0026 0.1546
v 0.1014 -0.1536 0.1334
v 0.1166 -0.1365 0.1291
v 0.1391 -0.2405 -0.0423
v 0.1353 -0.2264 -0.0470
v 0.1449 -0.3027 -0.1348
v 0.1357 -0.2366 0.0020
v 0.1499 -0.3873 -0.0428
v 0.2146 0.0668 0.0144
v 0.1430 -0.4243 -0.1447
v 0.1461 -0.4223 -0.1409
v 0.1291 -0.3396 0.0270
v 0.1150 -0.3568 0.0348
v 0.1746 -0.0800 0.0783
v 0.1817 0.4351 0.0219
v 0.0571 -0.2822 -0.1594
v 0.0706 -0.2926 -0.1626
v 0.1474 -0.2880 -0.0020
v 0.1430 -0.2904 0.0058
v 0.1525 -0.3008 -0.0045
v 0.0904 -0.2727 0.0663
v 0.1445 -0.4027 -0.1451
v 0.1397 -0.4007 -0.1355
v 0.1495 -0.3849 -0.0312
v 0.1542 -0.3461 -0.1298
v 0.1550 -0.3341 -0.1233
v 0.1332 -0.3200 0.0201
v 0.1574 0.3863 -0.1939
v 0.1284 -0.4167 -0.0436
v 0.1079 -0.3599 0.0376
v 0.1845 -0.0496 -0.0494
v 0.1772 -0.0426 -0.0609
v 0.2121 -0.2996 0.0177
v 0.2148 -0.2985 0.0072
v 0.1199 -0.4634 -0.1865
v 0.1485 -0.3582 -0.0003
v 0.1196 -0.4681 -0.1772
v -0.0366 0.3407 -0.1418
v 0.1445 -0.4051 -0.1463
v 0.1429 -0.4139 -0.1440
v 0.1412 -0.4084 -0.1462
v 0.1484 -0.2830 -0.0390
v 0.1445 -0.2747 -0.0435
v 0.1254 -0.4442 -0.1643
v 0.1189 -0.4314 -0.1528
v 0.1263 -0.4206 -0.1487
v 0.1316 -0.3047 0.0213
v 0.1480 -0.3052 0.0053
v 0.1253 -0.4572 -0.1862
v 0.0122 0.3388 -0.1687
v 0.0130 0.3286 -0.1681
v 0.1211 0.2592 -0.0901
v 0.1459 -0.4319 -0.1459
v 0.1440 -0.4388 -0.1523
v 0.1136 -0.4514 -0.1563
v 0.1392 -0.4121 -0.1285
v 0.1403 -0.3988 -0.1608
v 0.1428 -0.4067 -0.1598
v 0.1443 -0.2550 -0.0408
v 0.1102 -0.4596 -0.0938
v 0.1159 -0.4644 -0.0983
v 0.1126 -0.4423 -0.1612
v 0.1162 -0.4422 -0.1590
v -0.1672 0.1071 -0.0460
v 0.1381 -0.4139 -0.1637
v 0.1062 -0.3879 -0.1681
v 0.1059 -0.4012 -0.1757
v 0.0923 -0.3980 -0.1783
v 0.1844 -0.3175 -0.0343
v 0.1275 -0.4689 -0.1601
v 0.1387 -0.4192 -0.1448
v 0.1324 -0.4347 -0.1761
v 0.1359 -0.2255 0.0521
v 0.1515 -0.1691 0.0664
v 0.1530 -0.1880 0.0423
v 0.1372 -0.4236 -0.1681
v 0.0414 -0.4006 -0.0437
v 0.1130 -0.4781 -0.1575
v 0.1458 -0.1533 0.0954
v 0.1513 -0.1492 0.0871
v 0.1550 -0.1401 0.0923
v 0.1410 -0.1769 0.0913
v 0.1457 -0.4595 -0.1472
v 0.0981 -0.2336 0.0930
v 0.1753 -0.1846 -0.0488
v 0.1775 -0.1723 -0.0531
v 0.2296 -0.3330 0.0523
v 0.2304 -0.3301 0.0400
v 0.2357 -0.3281 0.0516
v 0.1877 0.4260 -0.0223
v 0.1473 -0.4536 -0.1560
v 0.1477 -0.4488 -0.1506
v 0.0980 -0.0035 0.1644
v 0.0727 -0.0156 0.1694
v 0.0968 -0.0374 0.1507
v 0.0852 0.0087 0.1755
v 0.0949 -0.3124 -0.2369
v 0.0975 -0.2993 -0.2330
v 0.0898 -0.3020 -0.2276
v 0.0708 -0.2692 -0.2149
v 0.0678 -0.2568 -0.2257
v 0.0644 -0.2789 -0.2233
v 0.0681 -0.2568 -0.2461
v 0.0718 -0.2528 -0.2372
v 0.0770 -0.2553 -0.2475
v 0.0854 -0.3221 -0.2391
v 0.0727 -0.3236 -0.2371
v 0.0804 -0.3225 -0.2458
v 0.1290 -0.4366 -0.1729
v 0.1413 -0.4432 -0.1567
v 0.1440 -0.4388 -0.1523
v 0.0941 -0.1993 -0.2011
v 0.0815 -0.2006 -0.1827
v 0.0963 -0.1829 -0.1856
v 0.0756 -0.3072 -0.2261
v 0.0848 -0.2935 -0.2183
v 0.0616 -0.2619 -0.2379
v 0.0577 -0.2726 -0.2348
v 0.0983 -0.2881 -0.2207
v 0.0733 -0.2851 -0.2166
v 0.0644 -0.2789 -0.2233
v 0.0523 -0.3035 -0.2375
v 0.0825 -0.2097 -0.2056
v 0.1395 -0.4750 -0.1581
v 0.1453 -0.4638 -0.1571
v 0.1224 -0.4211 -0.1543
v 0.1276 -0.4075 -0.1549
v 0.1262 -0.3169 -0.1585
v 0.1475 -0.3219 -0.0427
v 0.1016 0.2694 -0.1078
v 0.0993 0.2836 -0.1149
v 0.0646 -0.3040 -0.2285
v 0.0727 -0.3236 -0.2371
v 0.1995 -0.1217 0.0024
v 0.1244 -0.4603 -0.1689
v 0.1411 -0.2423 -0.0239
v 0.1268 -0.2237 -0.2074
v 0.1175 -0.2003 -0.1938
v 0.1251 -0.2051 -0.1898
v 0.1072 0.1309 0.1659
v 0.1153 0.1416 -0.1354
v 0.1102 0.1565 -0.1282
v 0.1342 -0.4112 -0.1433
v 0.1332 -0.4078 -0.1450
v 0.1243 -0.3894 -0.1631
v 0.1310 -0.4186 -0.1626
v 0.1240 -0.4275 -0.1576
v 0.1260 -0.4284 -0.1669
v 0.1525 -0.3206 -0.0456
v 0.1492 -0.3213 -0.0464
v 0.1297 -0.4632 -0.1603
v 0.1075 -0.4608 -0.1553
v 0.1723 -0.1364 0.0708
v 0.1708 -0.1510 0.0420
v 0.1354 -0.4039 -0.1541
v 0.1318 -0.4097 -0.1613
v 0.1415 -0.4055 -0.1529
v 0.1215 -0.4308 -0.1620
v 0.1387 -0.4192 -0.1448
v 0.1533 -0.3043 -0.0397
v 0.1475 -0.3061 -0.0697
v 0.1484 -0.3077 -0.0535
v 0.1529 -0.3100 -0.0557
v 0.1492 -0.3122 -0.0537
v 0.1179 -0.4295 -0.1567
v 0.1209 -0.4259 -0.1591
v 0.1431 -0.4575 -0.1600
v 0.1407 -0.4523 -0.1604
v 0.1344 -0.4298 -0.1443
v 0.1860 -0.1092 0.0353
v 0.1270 -0.4223 -0.1623
v 0.1264 -0.4122 -0.1611
v 0.1429 -0.4139 -0.1440
v 0.1342 -0.4112 -0.1433
v 0.1412 -0.4084 -0.1462
v 0.1426 -0.4465 -0.1576
v 0.1742 -0.3082 -0.0651
v 0.1766 -0.3167 -0.0617
v 0.1501 -0.2814 -0.0171
v 0.1515 -0.2873 -0.0117
v 0.1332 -0.4078 -0.1450
v 0.1412 -0.4084 -0.1462
v 0.1726 -0.1985 -0.0116
v 0.1637 -0.2073 -0.0067
v 0.1395 -0.4750 -0.1581
v 0.1349 -0.4683 -0.1604
v 0.1126 -0.4423 -0.1612
v 0.1184 -0.4407 -0.1669
v 0.1516 -0.2996 -0.1027
v 0.1501 -0.2842 -0.0973
v 0.1184 -0.4344 -0.1592
v 0.1179 -0.4295 -0.1567
v 0.1020 -0.4696 -0.1843
v 0.1539 -0.2997 -0.0088
v 0.1179 -0.4865 -0.1568
v 0.1169 -0.4773 -0.1577
v 0.1232 -0.4569 -0.1898
v 0.1302 -0.4196 -0.0515
v 0.0479 -0.4207 -0.0614
v 0.0497 -0.4225 -0.0636
v 0.0306 -0.4051 -0.0526
v 0.0345 -0.4033 -0.0549
v 0.1413 -0.4432 -0.1567
v 0.1304 -0.4409 -0.1545
v 0.1792 -0.0310 -0.0657
v 0.1873 -0.0160 -0.0813
v 0.1483 -0.2770 -0.0217
v 0.1582 -0.3798 -0.0692
v 0.1975 -0.2857 -0.0462
v 0.1559 -0.3070 -0.0255
v 0.0548 -0.4218 -0.0637
v 0.1244 -0.4406 -0.1620
v 0.0485 -0.4179 -0.0455
v 0.0557 -0.4200 -0.0537
v 0.0569 -0.4213 -0.0584
v 0.1455 -0.3168 -0.0539
v 0.1152 -0.4371 -0.1598
v 0.0477 -0.0375 0.1870
v 0.0656 -0.0215 0.1730
v 0.0304 -0.0261 0.1912
v 0.1431 -0.4575 -0.1600
v 0.1297 -0.4632 -0.1603
v 0.0961 -0.4812 -0.1568
v 0.1275 -0.4689 -0.1601
v 0.1337 -0.4506 -0.1591
v 0.1257 -0.4346 -0.1701
v 0.1213 -0.4744 -0.1593
v 0.1313 -0.4450 -0.1564
v 0.1301 -0.4567 -0.1601
v 0.1407 -0.4523 -0.1604
v 0.1337 -0.4506 -0.1591
v 0.1313 -0.4450 -0.1564
v 0.1415 -0.4055 -0.1529
v 0.0099 0.3204 -0.1033
v 0.1354 -0.4039 -0.1541
v 0.1166 -0.4939 -0.1352
v 0.1463 -0.3225 -0.0481
v 0.1403 -0.4215 -0.1266
v 0.1538 -0.3160 -0.0364
v 0.1523 -0.3195 -0.0391
v 0.1718 -0.3226 -0.0388
v 0.1508 -0.3275 -0.0417
v 0.1248 -0.4381 -0.1603
v 0.0805 -0.3831 -0.1751
v 0.0842 0.1135 0.1803
v 0.0784 -0.1705 0.1357
v 0.1496 -0.3061 -0.1219
v 0.2055 -0.2889 -0.0296
v 0.0991 0.2257 0.1718
v 0.1290 0.2129 0.1488
v 0.0975 0.2402 0.1764
v 0.0227 0.2168 0.1981
v 0.1462 -0.2880 -0.0444
v 0.1440 -0.2906 -0.0484
v 0.1921 -0.0067 0.0208
v 0.1861 -0.0180 -0.0011
v 0.1005 -0.2191 -0.1123
v -0.0054 -0.1424 0.1901
v -0.0058 -0.1079 0.1880
v -0.0332 -0.1261 0.1737
v 0.1772 -0.0426 -0.0609
v 0.1584 0.2075 0.1241
v 0.1529 0.1908 0.1226
v 0.1070 -0.4233 -0.0414
v 0.1086 -0.4314 -0.0567
v -0.1073 -0.0839 0.0992
v -0.1004 -0.0606 0.1138
v 0.1087 -0.4677 -0.1847
v 0.1174 -0.4614 -0.1837
v 0.1151 -0.4641 -0.1767
v -0.1582 0.1773 -0.0180
v -0.1441 0.1783 -0.0387
v -0.1678 0.1209 -0.0345
v 0.1060 -0.4716 -0.1764
v 0.1068 -0.4748 -0.1754
v 0.1151 -0.4698 -0.1753
v 0.0563 0.4523 -0.0499
v 0.1266 -0.2108 0.0869
v 0.1128 -0.2244 0.0837
v 0.1465 -0.3061 -0.0579
v 0.0709 -0.1577 0.1467
v 0.1483 -0.2841 -0.0062
v 0.1501 -0.2814 -0.0171
v 0.1827 -0.3192 0.0062
v 0.1754 -0.2909 -0.0138
v 0.1593 -0.2953 -0.0141
v 0.2071 -0.2851 -0.0083
v 0.0642 -0.4417 -0.0927
v 0.0711 -0.4515 -0.1028
v 0.0741 -0.4445 -0.0850
v 0.1890 -0.2897 -0.0129
v 0.1882 -0.2882 -0.0104
v 0.1826 -0.3106 -0.0683
v 0.1475 -0.3219 -0.0427
v 0.1826 -0.3106 -0.0683
v 0.1374 -0.4098 -0.0716
v 0.2317 -0.3127 0.0117
v 0.2371 -0.3285 0.0654
v 0.2354 -0.3204 0.0647
v 0.1216 -0.4946 -0.1237
v 0.0843 -0.2987 -0.1626
v 0.2120 -0.3333 0.0111
v 0.1144 -0.2451 -0.1629
v 0.1008 -0.2405 -0.1651
v 0.0930 -0.2549 -0.1778
v 0.1892 -0.3099 -0.0692
v 0.1264 -0.2308 -0.0740
v 0.1311 -0.1990 -0.1004
v 0.1341 -0.2057 -0.0951
v 0.1253 -0.4572 -0.1862
v 0.1271 -0.4485 -0.1861
v 0.1450 -0.4045 -0.1542
v 0.1604 -0.1420 0.0810
v 0.1515 -0.1691 0.0664
v 0.1510 -0.3641 -0.0559
v 0.1448 -0.0993 0.1193
v 0.1570 -0.2991 -0.0177
v 0.1557 -0.2929 -0.0114
v 0.1227 -0.4092 -0.1782
v 0.1035 -0.4271 -0.1858
v 0.1381 -0.2201 0.0300
v 0.1555 -0.3023 -0.0159
v 0.1130 -0.4781 -0.1575
v 0.1555 -0.3023 -0.0159
v 0.1539 -0.2997 -0.0088
v 0.1026 -0.2897 -0.2323
v 0.1082 -0.2752 -0.2190
v 0.1126 -0.2585 0.0554
v 0.1403 -0.2213 -0.0010
v 0.1243 -0.2558 0.0457
v 0.1156 -0.2693 0.0441
v 0.1521 -0.3170 -0.0873
v 0.1268 -0.2737 0.0303
v 0.1031 -0.3858 0.0173
v -0.1338 -0.0376 -0.0465
v 0.1319 -0.2644 0.0285
v 0.1487 -0.2778 -0.0319
v 0.1529 -0.3100 -0.0557
v 0.1484 -0.3077 -0.0535
v 0.1607 -0.3055 -0.0545
v 0.1220 -0.2602 -0.2055
v 0.1336 -0.2475 -0.1944
v 0.1276 -0.2581 -0.1924
v 0.1218 -0.2438 -0.1645
v 0.1287 -0.2412 -0.1718
v 0.1365 -0.2268 -0.1699
v 0.0985 0.1271 -0.1546
v 0.1079 -0.1986 -0.1981
v 0.1026 -0.1960 -0.1204
v 0.1001 -0.1903 -0.1233
v 0.1137 -0.1905 -0.1077
v 0.0894 -0.2852 -0.2127
v 0.1017 -0.2789 -0.2121
v 0.0931 -0.2781 -0.2035
v 0.2104 0.2748 0.0310
v 0.1268 -0.2292 0.0685
v 0.1079 -0.2677 -0.1851
v 0.1372 -0.2529 -0.0075
v 0.1341 -0.3709 0.0065
v 0.1237 -0.3729 0.0179
v 0.1032 -0.2744 0.0563
v 0.0649 -0.3185 -0.1704
v 0.0879 -0.3779 -0.1735
v 0.0812 -0.2203 -0.1289
v 0.0507 -0.2372 -0.1574
v 0.0329 -0.2224 -0.1673
v 0.1517 -0.2259 -0.0406
v 0.1181 -0.1797 -0.1843
v 0.1236 -0.2122 -0.0871
v 0.1287 -0.4451 -0.1828
v 0.1662 -0.2152 -0.0290
v 0.0936 -0.3620 0.0405
v 0.0567 -0.3012 -0.1641
v 0.1558 -0.3122 -0.0320
v 0.0772 -0.2417 -0.1851
v 0.0742 -0.2461 -0.2070
v 0.0778 -0.2582 -0.1999
v 0.0812 -0.2203 -0.1289
v 0.0601 -0.2888 0.0853
v 0.1409 -0.4460 -0.1414
v -0.0247 0.2976 -0.1545
v -0.0367 0.3141 -0.1595
v -0.0148 0.3024 -0.1768
v 0.1349 -0.2361 -0.1969
v 0.1352 -0.2282 -0.1785
v 0.1904 0.2418 -0.0233
v 0.1451 -0.4723 -0.1326
v 0.0888 -0.2094 -0.2164
v 0.0937 -0.2091 -0.2173
v 0.0833 -0.2588 -0.2523
v 0.0873 -0.2411 -0.2324
v 0.1505 -0.0594 0.1144
v 0.0404 -0.1553 0.1735
v 0.0915 -0.2676 -0.1924
v 0.1188 -0.4818 -0.1087
v 0.1120 -0.2617 -0.2228
v 0.1069 -0.2738 -0.2401
v 0.0271 -0.0999 0.1895
v 0.1567 0.1643 -0.0915
v 0.1638 0.1807 -0.0777
v 0.1756 0.1685 -0.0749
v 0.1379 -0.1720 -0.1664
v 0.1267 -0.2087 -0.0956
v 0.1370 -0.2164 -0.0787
v 0.2333 -0.3365 0.0779
v 0.2326 -0.3364 0.0865
v 0.0146 0.3695 -0.0507
v 0.0016 0.4249 -0.0593
v 0.0078 0.4432 -0.0311
v 0.1092 -0.1859 -0.1892
v 0.2139 -0.3134 0.0464
v 0.1594 -0.3756 -0.0679
v 0.2380 -0.3319 0.0818
v 0.1723 -0.1887 -0.0064
v 0.1673 -0.1776 0.0087
v 0.0835 -0.2325 -0.2253
v 0.2371 -0.3324 0.0720
v 0.2299 -0.3044 0.0273
v 0.2317 -0.3127 0.0117
v 0.2249 -0.3010 0.0202
v 0.1108 -0.2390 -0.1575
v 0.2009 0.1824 -0.0080
v 0.1127 -0.2030 -0.1109
v 0.1905 -0.1008 -0.0912
v 0.1950 -0.1111 -0.0835
v 0.1815 -0.1233 -0.0964
v 0.1423 -0.3325 0.0169
v 0.1948 -0.3162 0.0125
v 0.1395 -0.2207 -0.0393
v 0.1393 -0.2204 -0.0576
v 0.2255 -0.3046 0.0041
v 0.2011 -0.3176 -0.0284
v 0.1291 -0.1690 -0.1742
v 0.1355 -0.1457 -0.1603
v 0.2056 -0.3300 0.0154
v 0.1511 -0.2113 -0.1278
v 0.1353 -0.2250 -0.1372
v 0.1377 -0.2248 -0.1450
v 0.0781 -0.1941 -0.1470
v 0.0977 -0.2031 -0.1207
v 0.1234 -0.2304 -0.1423
v 0.1113 -0.2153 -0.1336
v 0.1339 -0.2143 -0.1197
v 0.1467 -0.2087 -0.1104
v 0.1669 -0.1615 -0.1356
v 0.1503 -0.1458 -0.1429
v 0.1624 -0.0587 -0.0829
v 0.1607 -0.0387 -0.0932
v 0.1695 -0.1915 -0.0973
v 0.1815 -0.1601 -0.0327
v 0.1816 -0.1632 -0.0451
v 0.1903 -0.1307 -0.0751
v 0.1877 -0.1273 -0.0864
v 0.1910 -0.1443 -0.0578
v 0.1897 -0.1563 -0.0529
v 0.1526 -0.2198 -0.0212
v 0.1430 -0.2173 -0.0077
v 0.1438 -0.2216 -0.0283
v 0.1252 -0.1960 -0.0985
v 0.1137 -0.1905 -0.1077
v 0.1167 -0.2099 -0.1217
v 0.1469 -0.3167 0.0086
v 0.1364 -0.2578 0.0186
v 0.1010 -0.3786 -0.1663
v 0.1709 -0.1678 0.0168
v 0.1790 -0.1653 0.0015
v 0.1858 -0.1561 0.0055
v 0.0559 -0.2824 -0.2754
v 0.0528 -0.2766 -0.2766
v 0.0713 -0.2765 -0.2768
v 0.2245 -0.3313 0.0362
v 0.1144 -0.2210 -0.2179
v 0.0909 -0.3524 0.0427
v 0.0879 -0.3779 -0.1735
v 0.1446 -0.3600 -0.0214
v 0.1650 -0.1103 -0.1071
v 0.1700 -0.1176 -0.1054
v 0.0818 -0.2481 -0.1810
v 0.0778 -0.2582 -0.1999
v 0.1939 0.4188 -0.0066
v -0.1731 0.1251 -0.0138
v 0.2031 0.1664 0.0441
v 0.2043 0.1560 0.0302
v 0.1410 0.0265 0.1335
v 0.0568 0.1922 0.1882
v 0.1187 -0.2598 -0.1787
v 0.0786 -0.2106 -0.1869
v 0.0767 -0.2371 -0.2136
v 0.1907 0.2234 0.0381
v 0.1905 0.2337 0.0519
v 0.1702 0.2862 0.1584
v 0.1032 -0.2744 0.0563
v 0.1676 -0.1287 0.0958
v 0.1750 0.2620 0.0759
v 0.1983 -0.0999 -0.0663
v 0.1844 0.2242 -0.0127
v 0.1418 0.2238 0.1484
v 0.1899 -0.1506 -0.0093
v 0.1780 -0.1626 -0.0240
v 0.1190 -0.2800 0.0352
v 0.1156 -0.2693 0.0441
v -0.0757 -0.0754 0.1224
v -0.0620 -0.0798 0.1306
v -0.0681 -0.0640 0.1247
v 0.1039 0.3071 -0.1405
v 0.1373 0.0313 0.1404
v 0.0916 -0.4235 -0.1870
v 0.0027 0.0022 0.1871
v -0.0236 0.0106 0.1740
v 0.1047 -0.3296 -0.1635
v 0.1629 -0.1736 0.0289
v 0.1332 -0.2206 -0.0567
v 0.1386 -0.2218 -0.0316
v 0.1010 -0.4450 -0.1579
v 0.0997 -0.4453 -0.1632
v 0.0582 -0.4239 -0.0637
v 0.0588 -0.4239 -0.0652
v 0.1489 -0.3453 -0.0545
v 0.1067 -0.3404 -0.2766
v 0.0915 -0.3306 -0.2514
v 0.0762 -0.3406 -0.2545
v 0.0502 -0.2974 -0.2699
v 0.0479 -0.3081 -0.2623
v 0.0410 -0.2997 -0.2617
v 0.0646 -0.2643 -0.2724
v 0.0707 -0.2593 -0.2562
v 0.0841 -0.2598 -0.2668
v 0.0906 -0.3440 -0.2606
v 0.0994 -0.3412 -0.2629
v 0.0966 -0.3050 -0.2584
v 0.0928 -0.2924 -0.2684
v 0.1070 -0.2983 -0.2580
v 0.0507 -0.3450 -0.2801
v 0.0966 -0.3500 -0.2766
v 0.0770 -0.2642 -0.2823
v 0.0869 -0.2752 -0.2785
v 0.0502 -0.2974 -0.2699
v 0.0433 -0.3282 -0.2752
v 0.0461 -0.3209 -0.2657
v 0.0431 -0.3111 -0.2742
v 0.0867 -0.2600 -0.2768
v 0.0991 -0.2636 -0.2671
v 0.1017 -0.2699 -0.2777
v 0.0665 -0.3478 -0.2644
v 0.0602 -0.3498 -0.2734
v 0.1036 -0.2779 -0.2734
v 0.0825 -0.2843 -0.2752
v 0.0492 -0.3121 -0.2562
v 0.0479 -0.3081 -0.2623
v 0.0545 -0.2909 -0.2764
v 0.0463 -0.2926 -0.2686
v 0.0966 -0.3050 -0.2584
v 0.0431 -0.3111 -0.2742
v 0.0945 -0.3131 -0.2523
v 0.1036 -0.3077 -0.2479
v 0.0437 -0.3094 -0.2469
v 0.0404 -0.2957 -0.2598
v 0.0492 -0.3121 -0.2562
v 0.0601 -0.3198 -0.2478
v 0.0437 -0.3094 -0.2469
v 0.0641 -0.2919 -0.2947
v 0.0536 -0.3180 -0.2530
v 0.0998 -0.3237 -0.2545
v 0.1085 -0.3257 -0.2683
v 0.1021 -0.3134 -0.2587
v 0.0945 -0.3131 -0.2523
v 0.0604 -0.2693 -0.2790
v 0.0528 -0.2766 -0.2766
v 0.0726 -0.2846 -0.2767
v 0.0589 -0.2884 -0.2786
v 0.0720 -0.3226 -0.2457
v 0.0589 -0.3201 -0.2394
v 0.0601 -0.3198 -0.2478
v 0.0825 -0.2843 -0.2752
v 0.0928 -0.2924 -0.2684
v 0.0892 -0.3182 -0.2486
v 0.0770 -0.2642 -0.2823
v 0.0538 -0.3330 -0.2612
v 0.1317 -0.2487 -0.1826
v 0.0804 -0.3225 -0.2458
v 0.0708 -0.2692 -0.2149
v 0.0523 -0.3035 -0.2375
v 0.0464 -0.2905 -0.2451
v 0.0437 -0.3094 -0.2469
v 0.0404 -0.2957 -0.2598
v 0.0478 -0.2787 -0.2590
v 0.0892 -0.3182 -0.2486
v 0.0948 -0.3171 -0.2408
v 0.0437 -0.3094 -0.2469
v 0.0589 -0.3201 -0.2394
v 0.0937 -0.2957 -0.2691
v 0.0744 -0.2917 -0.2958
v 0.0726 -0.2846 -0.2767
v 0.1455 -0.3568 0.0075
v 0.1036 -0.2779 -0.2734
v 0.1033 -0.2694 -0.2685
v 0.0730 -0.2641 -0.2805
v 0.1017 -0.2699 -0.2777
v 0.1624 -0.0587 -0.0829
v 0.1455 -0.0626 -0.1022
v 0.1877 -0.1273 -0.0864
v 0.1903 -0.1307 -0.0751
v 0.1283 -0.4357 -0.1504
v 0.1042 -0.2677 -0.2452
v 0.0951 -0.2635 -0.2531
v 0.1014 -0.2595 -0.2409
v 0.0433 -0.2872 -0.2574
v 0.1240 -0.2427 -0.2115
v 0.1070 -0.2470 -0.2264
v 0.1952 -0.0871 -0.0722
v 0.0877 -0.2149 -0.1631
v 0.0818 -0.2301 -0.1761
v 0.0818 -0.2301 -0.1761
v 0.0877 -0.2149 -0.1631
v 0.0794 -0.2162 -0.1774
v 0.0790 -0.1976 -0.1717
v 0.0781 -0.1941 -0.1470
v 0.0807 -0.1993 -0.1625
v 0.0205 0.1097 -0.1793
v 0.0279 0.0900 -0.1823
v 0.0001 0.0975 -0.1875
v 0.0416 0.1194 -0.1670
v -0.0216 0.1031 -0.1900
v -0.0091 0.1170 -0.1967
v -0.0121 0.2351 -0.1426
v 0.0051 0.2343 -0.1418
v -0.0116 0.2150 -0.1526
v 0.0154 0.1534 -0.1621
v 0.0310 0.1880 -0.1435
v 0.0412 0.1504 -0.1540
v 0.2032 0.3868 0.0076
v 0.1119 -0.4933 -0.1156
v -0.0073 0.1302 -0.2004
v 0.0069 0.1175 -0.1867
v -0.0595 0.2718 -0.1116
v -0.0445 0.2712 -0.1136
v -0.0190 0.1299 -0.2148
v -0.0435 0.2216 -0.1192
v -0.0339 0.2446 -0.1157
v -0.0114 0.2384 -0.1386
v 0.2308 -0.3258 0.0195
v -0.0269 0.1266 -0.2151
v -0.0190 0.1817 -0.1705
v -0.0121 0.1565 -0.1870
v 0.1336 -0.0529 -0.1272
v 0.1451 0.4573 -0.0332
v -0.0583 0.4486 -0.0879
v -0.0772 0.4188 -0.1139
v -0.1273 0.4141 -0.1106
v 0.1324 0.2460 -0.0821
v 0.1954 0.2749 0.0603
v 0.1946 -0.1164 -0.0476
v 0.1989 -0.1334 -0.0125
v 0.1494 -0.1907 -0.0823
v 0.1552 -0.0880 -0.0981
v 0.1586 -0.0992 -0.1058
v 0.1488 -0.0839 -0.1005
v 0.1700 -0.1176 -0.1054
v 0.1650 -0.1103 -0.1071
v 0.1929 -0.0681 -0.0454
v 0.1210 -0.4904 -0.1157
v 0.0752 -0.3919 0.0160
v 0.0819 -0.1825 -0.1536
v 0.0820 -0.1804 -0.1636
v 0.1816 -0.1632 -0.0451
v 0.1854 -0.1487 -0.0408
v 0.0990 -0.1402 -0.1427
v 0.0907 -0.1772 -0.1248
v 0.0932 -0.1735 -0.1336
v 0.1014 -0.1849 -0.1173
v 0.0306 -0.2442 -0.1624
v 0.0932 -0.1735 -0.1336
v 0.0844 -0.1705 -0.1553
v 0.0965 -0.1526 -0.1346
v 0.1054 -0.1522 -0.1694
v 0.0959 -0.1644 -0.1730
v 0.1854 -0.1759 -0.0931
v 0.0040 -0.0663 0.1903
v 0.0844 -0.1705 -0.1553
v 0.0906 -0.1981 -0.1388
v 0.0953 -0.1297 -0.1549
v -0.1101 0.0920 0.1168
v 0.2026 0.1481 0.0178
v 0.2060 0.1718 0.0096
v 0.0948 -0.1687 -0.1271
v 0.1014 -0.1849 -0.1173
v 0.0953 -0.1297 -0.1549
v 0.1764 -0.1419 -0.1196
v 0.0906 -0.1981 -0.1388
v 0.0912 -0.1875 -0.1273
v 0.1014 -0.1132 -0.1553
v 0.0790 -0.1788 -0.1588
v 0.1312 -0.2166 -0.0697
v 0.1353 -0.2264 -0.0470
v 0.1264 -0.2308 -0.0740
v 0.1488 -0.0839 -0.1005
v 0.1187 -0.1451 -0.1660
v -0.1330 0.2344 0.0681
v 0.0973 -0.1390 -0.1448
v 0.0990 -0.1402 -0.1427
v 0.1264 -0.2308 -0.0740
v 0.1682 -0.1909 -0.1103
v 0.1063 -0.0977 -0.1519
v 0.1586 -0.0992 -0.1058
v 0.0912 -0.1875 -0.1273
v 0.1028 -0.1880 -0.1136
v 0.1475 -0.1782 -0.1623
v 0.0965 -0.1526 -0.1346
v 0.0907 -0.1772 -0.1248
v -0.1250 -0.0576 -0.0953
v -0.1234 -0.0763 -0.0967
v -0.1251 -0.0629 -0.0785
v 0.0349 -0.4036 -0.0445
v 0.1391 -0.2405 -0.0423
v 0.0907 -0.1772 -0.1248
v 0.1028 -0.1880 -0.1136
v 0.1879 -0.1516 -0.1081
v 0.1815 -0.1233 -0.0964
v 0.1867 -0.1353 -0.0509
v 0.0948 -0.1687 -0.1271
v 0.1719 -0.1685 -0.1303
v 0.1661 -0.1812 -0.1335
v 0.1173 -0.0672 -0.1422
v 0.1650 -0.1871 -0.1239
v 0.0605 -0.2127 0.1277
v 0.0441 -0.4346 -0.1540
v 0.1163 -0.0896 -0.1383
v 0.1063 -0.0977 -0.1519
v 0.1358 -0.0782 -0.1205
v 0.1078 -0.1962 -0.1175
v -0.1556 0.1646 -0.0323
v -0.1432 0.1613 -0.0500
v 0.0691 0.0510 -0.1879
v 0.1381 -0.4101 -0.1259
v 0.1731 -0.0573 -0.0702
v 0.0844 -0.1705 -0.1553
v -0.0412 0.1866 0.1729
v 0.1377 0.0051 0.1281
v -0.0318 0.1242 0.1805
v -0.0142 0.1220 0.1853
v 0.1319 -0.1943 -0.0964
v 0.1275 -0.1252 0.1295
v 0.2321 -0.3111 0.0471
v 0.2327 -0.3093 0.0328
v 0.0744 -0.3528 -0.1744
v 0.0879 -0.3779 -0.1735
v 0.0805 -0.3831 -0.1751
v 0.0227 0.2168 0.1981
v 0.1276 -0.4385 -0.1632
v 0.1010 -0.4450 -0.1579
v 0.0859 -0.0452 0.1524
v 0.1244 -0.4337 -0.1616
v 0.2142 0.0327 -0.0429
v 0.2057 0.0364 -0.0764
v 0.0998 -0.4404 -0.1892
v 0.1394 -0.3982 -0.1332
v -0.0355 -0.3464 0.0008
v -0.0387 -0.3480 -0.0171
v 0.0670 0.2076 0.1854
v -0.1837 0.3847 -0.0239
v 0.1025 -0.4534 -0.1561
v 0.1712 -0.1712 -0.0099
v 0.1614 -0.3095 -0.0587
v 0.1459 -0.3997 -0.0658
v 0.1455 -0.3168 -0.0539
v 0.1538 -0.3160 -0.0364
v 0.0322 0.2410 -0.1229
v 0.0051 0.2343 -0.1418
v 0.1463 -0.3225 -0.0481
v 0.1267 0.1700 0.1466
v -0.1488 0.2730 -0.2245
v -0.1580 0.2721 -0.2096
v 0.1508 -0.3275 -0.0417
v 0.1465 -0.3061 -0.0579
v -0.1629 0.3069 -0.1317
v -0.1551 0.3047 -0.1324
v -0.1692 0.2983 -0.1058
v 0.1465 -0.3061 -0.0579
v 0.1515 -0.2873 -0.0117
v 0.1539 -0.2997 -0.0088
v 0.1087 -0.4892 -0.1561
v 0.1110 -0.4792 -0.1572
v 0.2366 -0.3185 0.0486
v 0.1335 -0.1514 0.1114
v 0.2278 -0.3222 0.0758
v 0.2196 -0.3120 0.0534
v 0.1775 -0.1723 -0.0531
v 0.1494 -0.1907 -0.0823
v 0.1599 -0.1862 -0.0732
v 0.1394 -0.3982 -0.1332
v 0.1391 0.2790 -0.1051
v 0.1866 -0.3226 -0.0367
v 0.2354 -0.3204 0.0647
v -0.1290 -0.0790 -0.1139
v -0.1573 0.2990 -0.1707
v -0.1812 0.3343 -0.1479
v -0.1728 0.3752 -0.1845
v -0.0054 -0.1424 0.1901
v -0.0058 -0.1079 0.1880
v -0.1359 -0.0678 -0.0328
v -0.1351 -0.0420 -0.0112
v 0.1627 -0.0158 0.0731
v -0.1473 0.0639 0.0635
v 0.1352 0.1926 0.1418
v 0.0946 -0.1227 0.1418
v 0.2341 -0.3257 0.0813
v 0.1096 0.1802 0.1617
v 0.1358 -0.0782 -0.1205
v -0.1564 0.1280 -0.0558
v 0.1513 -0.1492 0.0871
v -0.1682 -0.1271 -0.1378
v 0.0948 -0.1687 -0.1271
v 0.1053 -0.2848 -0.2380
v 0.1048 -0.2984 -0.2441
v 0.1886 -0.0152 -0.0201
v 0.1855 -0.0275 -0.0377
v -0.1621 -0.0014 -0.0494
v -0.1591 -0.0071 -0.0330
v 0.0072 0.3095 -0.1408
v 0.0073 0.3145 -0.1267
v 0.1974 0.0487 -0.0938
v -0.0028 0.4459 -0.0522
v -0.0098 0.4600 -0.0419
v 0.0073 0.3145 -0.1267
v 0.0147 0.3189 -0.0978
v 0.0197 0.3203 -0.1028
v 0.0706 0.2905 -0.1259
v 0.0073 0.3145 -0.1267
v 0.1354 0.2624 -0.2932
v 0.1089 -0.2817 -0.2528
v 0.1079 -0.2783 -0.2593
v 0.0547 -0.2694 -0.2582
v 0.0607 -0.2630 -0.2503
v -0.0008 -0.0325 0.1894
v 0.0835 -0.3201 -0.2345
v 0.0854 -0.3221 -0.2391
v 0.0948 -0.3171 -0.2408
v 0.1036 -0.3077 -0.2479
v 0.0772 -0.2417 -0.1851
v 0.0785 -0.2792 -0.2113
v 0.0147 0.3189 -0.0978
v 0.0318 -0.3932 -0.0455
v 0.0308 -0.3964 -0.0471
v 0.1070 -0.4233 -0.0414
v 0.1448 0.0924 -0.1342
v -0.0164 0.4830 -0.0117
v 0.0003 0.4687 -0.0157
v 0.0072 0.3095 -0.1408
v 0.0086 0.3197 -0.1289
v 0.0113 0.3017 -0.1488
v 0.2008 0.1803 0.0468
v 0.1953 0.1928 0.0532
v 0.0284 0.3444 -0.1724
v -0.0170 0.0277 -0.1953
v 0.0404 -0.4083 -0.0424
v 0.1070 -0.2983 -0.2580
v 0.1041 -0.2707 -0.2582
v 0.1084 -0.1260 0.1354
v 0.0341 -0.4052 -0.0509
v 0.0373 -0.4000 -0.0457
v -0.1338 -0.0376 -0.0465
v -0.1290 -0.0525 -0.0566
v -0.1344 -0.0323 -0.0311
v 0.0645 -0.0750 0.1763
v 0.1451 0.4573 -0.0332
v 0.1720 0.4437 -0.0158
v 0.0119 0.3180 -0.1756
v 0.0208 0.3374 -0.1735
v 0.1112 0.3228 -0.1539
v 0.0027 0.0022 0.1871
v 0.1490 -0.3974 -0.0611
v -0.1229 -0.0743 0.0795
v -0.1299 -0.0770 0.0660
v 0.1541 -0.1082 0.1061
v 0.1800 -0.0200 0.0312
v 0.0671 0.3280 -0.1320
v -0.0314 0.3272 -0.1295
v 0.0625 0.3325 -0.1655
v 0.0704 0.3189 -0.1512
v 0.1683 0.2241 -0.0411
v -0.0026 0.2555 -0.1416
v -0.0040 0.2434 -0.1414
v -0.1080 0.2622 -0.0727
v -0.1231 0.2769 -0.0929
v -0.0914 0.2823 -0.1052
v 0.1211 0.2592 -0.0901
v 0.0211 0.3280 -0.1166
v 0.1787 0.2677 -0.2799
v -0.1667 0.2347 -0.2484
v -0.1750 0.2324 -0.2382
v -0.1852 0.2332 -0.2439
v -0.2002 0.2469 -0.2511
v -0.1991 0.2561 -0.2646
v -0.2070 0.2360 -0.2635
v 0.1730 0.2687 -0.2915
v -0.0433 0.3141 -0.1309
v -0.0418 0.3315 -0.1547
v -0.0425 0.3316 -0.1671
v -0.0284 0.3429 -0.1649
v 0.0706 0.2905 -0.1259
v -0.1563 0.3872 -0.1972
v 0.0051 0.3607 -0.0697
v -0.0022 0.3703 -0.0781
v 0.0982 -0.4240 -0.0390
v 0.0901 -0.4281 -0.0470
v -0.0698 0.2944 -0.1173
v -0.0035 0.4882 0.0156
v -0.1407 0.2836 -0.1031
v -0.1660 0.3790 -0.0972
v -0.1135 0.3546 -0.1860
v -0.0813 0.4010 -0.1294
v 0.0792 0.1315 0.1810
v 0.0206 0.1207 0.1879
v 0.0175 0.1523 0.1887
v -0.1499 0.2856 -0.2754
v -0.1616 0.2885 -0.2844
v -0.1935 0.2230 -0.2495
v -0.1802 0.2133 -0.2533
v -0.1781 0.2319 -0.2450
v -0.1714 0.3890 -0.1893
v -0.1548 0.4183 -0.0736
v 0.0409 0.3690 -0.0826
v 0.0413 0.3599 -0.0944
v -0.0598 0.3353 -0.1386
v -0.0426 -0.0230 0.1572
v -0.0323 -0.0111 0.1663
v -0.1180 0.3419 -0.1893
v -0.1255 0.3465 -0.2001
v -0.1283 0.3041 -0.1596
v -0.1125 -0.1902 -0.0137
v -0.1126 -0.2112 -0.0311
v -0.1337 0.2949 -0.1327
v -0.1157 0.3047 -0.1485
v -0.1049 0.3246 -0.1680
v -0.0881 -0.0851 0.1156
v -0.0645 -0.1037 0.1244
v -0.1497 0.2965 -0.2556
v -0.1471 0.3025 -0.2389
v -0.1454 0.2861 -0.2547
v -0.1247 -0.0270 0.0356
v -0.1276 -0.0451 0.0486
v -0.1133 -0.0341 0.0587
v -0.1805 0.3531 -0.1042
v -0.1753 0.3498 -0.1164
v -0.1473 0.3260 -0.2270
v -0.1465 0.3371 -0.2191
v -0.1419 0.2930 -0.2137
v -0.1401 0.2950 -0.1974
v -0.1710 0.3859 -0.1779
v -0.0895 0.3244 -0.1548
v 0.0190 0.3327 -0.1298
v 0.0138 0.3251 -0.1253
v 0.0211 0.3280 -0.1166
v -0.1472 0.2365 -0.2989
v -0.1543 0.2372 -0.2973
v -0.1507 0.2474 -0.2979
v -0.1630 0.2516 -0.2964
v -0.1588 0.2619 -0.2974
v -0.1539 0.2191 -0.2968
v -0.1475 0.2070 -0.2971
v -0.1572 0.2003 -0.2965
v -0.1489 0.2615 -0.2858
v -0.1566 0.2661 -0.2936
v -0.1552 0.2657 -0.2792
v -0.1588 0.2619 -0.2974
v -0.1621 0.2653 -0.2958
v -0.1265 -0.1380 -0.1595
v -0.1425 -0.1401 -0.1680
v -0.1364 -0.1307 -0.1613
v -0.1180 -0.1364 -0.1644
v -0.1200 -0.1523 -0.1551
v -0.1687 -0.1491 -0.1619
v -0.1754 -0.1461 -0.1416
v -0.1568 -0.1311 -0.1579
v -0.1279 -0.1228 -0.1615
v -0.1227 -0.1362 -0.1610
v -0.1482 -0.1240 -0.1562
v -0.1265 -0.1380 -0.1595
v -0.1306 -0.1151 -0.1593
v -0.1312 -0.1017 -0.1497
v -0.1690 -0.1274 -0.1241
v -0.1634 -0.1337 -0.1006
v -0.1163 -0.0884 -0.1675
v -0.1225 -0.0682 -0.1377
v -0.1479 -0.1338 -0.1643
v -0.1279 -0.1228 -0.1615
v -0.1227 -0.1362 -0.1610
v -0.1705 0.3948 -0.0720
v 0.0385 0.3179 -0.1880
v -0.1726 0.2672 -0.2947
v -0.1621 0.2653 -0.2958
v -0.1751 0.2657 -0.2960
v -0.1726 0.2672 -0.2947
v -0.1603 0.2031 -0.2708
v -0.1475 0.2077 -0.2821
v -0.1486 0.2179 -0.2705
v -0.1472 0.2365 -0.2989
v -0.1431 0.2331 -0.2954
v -0.1427 0.2205 -0.2982
v -0.1974 0.2693 -0.2945
v -0.1971 0.2698 -0.2847
v -0.1875 0.2687 -0.2932
v -0.2066 0.2693 -0.2934
v -0.1974 0.2693 -0.2945
v -0.2098 0.2645 -0.2949
v -0.2106 0.2602 -0.2948
v -0.2133 0.2541 -0.2953
v -0.2112 0.2659 -0.2922
v -0.1728 0.2330 -0.2959
v -0.2024 0.2412 -0.2969
v -0.1797 0.2595 -0.2954
v -0.1503 0.2487 -0.2653
v -0.1518 0.2447 -0.2596
v -0.2024 0.2578 -0.2720
v -0.2066 0.2657 -0.2826
v -0.2096 0.2498 -0.2828
v -0.1720 0.2656 -0.2868
v 0.0274 0.3997 -0.0281
v 0.0291 0.3779 -0.0437
v -0.1503 0.2597 -0.2961
v -0.1453 0.2513 -0.2963
v 0.0055 0.3198 -0.1878
v -0.0183 0.3080 -0.1904
v -0.1699 0.1959 -0.2925
v -0.1669 0.1990 -0.2959
v -0.1875 0.2687 -0.2932
v -0.1716 0.3112 -0.1221
v -0.1427 0.2205 -0.2982
v -0.2121 0.2113 -0.2924
v -0.2161 0.2253 -0.2927
v -0.1974 0.2248 -0.2965
v -0.2112 0.2659 -0.2922
v -0.2141 0.2535 -0.2923
v 0.0163 0.2861 -0.1464
v 0.0071 0.2922 -0.1477
v -0.1431 0.2331 -0.2954
v -0.1472 0.2365 -0.2989
v -0.2128 0.2461 -0.2948
v -0.1842 0.2027 -0.2947
v -0.2051 0.2032 -0.2924
v -0.1437 0.2110 -0.2946
v -0.1414 0.2183 -0.2895
v 0.0103 0.3259 -0.1845
v -0.2066 0.2693 -0.2934
v -0.1512 0.2024 -0.2930
v -0.2125 0.2313 -0.2787
v -0.2163 0.2353 -0.2941
v -0.1798 0.1965 -0.2798
v -0.1968 0.2030 -0.2699
v -0.2012 0.2013 -0.2816
v -0.1572 0.2003 -0.2965
v -0.1475 0.2070 -0.2971
v -0.2141 0.2535 -0.2923
v -0.1858 0.1968 -0.2924
v -0.2163 0.2353 -0.2941
v 0.0274 0.3997 -0.0281
v 0.0268 0.4288 -0.0095
v 0.0327 0.4250 -0.0173
v -0.2128 0.2461 -0.2948
v -0.1963 0.1996 -0.2919
v 0.2033 0.1619 -0.0342
v -0.1963 0.1996 -0.2919
v -0.1858 0.1968 -0.2924
v -0.2121 0.2113 -0.2924
v -0.2105 0.2156 -0.2713
v -0.2161 0.2253 -0.2927
v -0.1615 0.2569 -0.2295
v -0.1477 0.2464 -0.2515
v -0.1543 0.2515 -0.2437
v -0.2078 0.2550 -0.2484
v -0.2111 0.2656 -0.2494
v -0.2072 0.2764 -0.2630
v -0.2085 0.2524 -0.2387
v -0.2002 0.2469 -0.2511
v -0.2014 0.2324 -0.2500
v -0.1431 0.2954 -0.2271
v -0.1622 0.3067 -0.2467
v -0.0293 -0.2635 -0.1221
v -0.0106 -0.2905 -0.1202
v -0.0142 -0.3044 -0.0923
v 0.0388 -0.3666 0.0257
v 0.0429 -0.3755 0.0232
v 0.0520 -0.3707 0.0300
v -0.1457 0.2687 -0.2760
v -0.1516 0.2805 -0.2834
v -0.1436 0.2790 -0.2698
v -0.0980 0.2302 -0.0846
v -0.1014 0.2593 -0.0765
v -0.1433 0.3083 -0.2293
v -0.1716 0.2561 -0.2210
v -0.1596 0.2658 -0.2179
v -0.1453 0.2860 -0.2057
v -0.1431 0.2954 -0.2271
v -0.1477 0.2464 -0.2515
v -0.1518 0.2447 -0.2596
v -0.1428 0.2578 -0.2688
v -0.1680 0.2208 -0.2524
v -0.1667 0.2347 -0.2484
v -0.0681 0.1939 -0.1119
v -0.0545 0.2032 -0.1162
v -0.0514 0.1864 -0.1297
v -0.1569 0.2400 -0.2541
v -0.1750 0.2324 -0.2382
v -0.1887 0.2460 -0.2208
v -0.2086 0.2086 -0.2778
v -0.2051 0.2032 -0.2924
v -0.1420 0.2717 -0.2616
v -0.1453 0.2790 -0.2452
v -0.1451 0.2596 -0.2546
v -0.1874 0.2703 -0.2732
v -0.2063 0.2845 -0.2658
v -0.1448 0.2451 -0.2775
v -0.1903 0.2684 -0.2764
v -0.1651 0.1978 -0.2810
v -0.1778 0.1999 -0.2670
v -0.1688 0.2095 -0.2589
v -0.1420 0.2717 -0.2616
v -0.1517 0.2586 -0.2727
v -0.1862 0.2000 -0.2689
v -0.1936 0.2081 -0.2603
v -0.2103 0.2247 -0.2670
v -0.1594 0.2666 -0.2811
v -0.1788 0.2689 -0.2769
v -0.1740 0.2727 -0.2770
v -0.0282 0.4949 0.0090
v -0.0380 0.4710 -0.0501
v -0.0495 0.4889 0.0001
v -0.2045 0.2253 -0.2566
v -0.1457 0.2687 -0.2760
v -0.1552 0.2657 -0.2792
v -0.1585 0.2711 -0.2798
v -0.1699 0.1959 -0.2925
v -0.1781 0.2319 -0.2450
v -0.1754 0.2929 -0.2820
v -0.1740 0.2727 -0.2770
v -0.1913 0.2895 -0.2768
v -0.2085 0.2524 -0.2387
v -0.2010 0.2400 -0.2355
v -0.2037 0.2123 -0.2610
v -0.1992 0.2531 -0.2556
v -0.1962 0.2604 -0.2634
v -0.1448 0.2451 -0.2775
v -0.1631 0.3018 -0.2571
v -0.1428 0.2578 -0.2688
v -0.1503 0.2487 -0.2653
v -0.1517 0.2586 -0.2727
v -0.1180 0.3419 -0.1893
v -0.1206 0.3284 -0.1828
v -0.1409 0.2623 -0.2665
v -0.1676 0.2349 -0.2404
v -0.1874 0.2703 -0.2732
v -0.1992 0.2531 -0.2556
v -0.1962 0.2604 -0.2634
v -0.1903 0.2674 -0.2711
v -0.1900 0.2332 -0.2336
v -0.2010 0.2400 -0.2355
v -0.1926 0.2365 -0.2453
v -0.1616 0.2885 -0.2844
v -0.1285 0.2510 -0.0508
v -0.1325 0.2454 -0.0316
v -0.1573 0.2670 -0.0659
v 0.0313 0.2824 -0.1368
v -0.1284 0.3240 -0.1977
v -0.1357 0.3120 -0.2037
v 0.0598 -0.4251 -0.0255
v 0.0678 -0.4242 -0.0245
v -0.0994 0.3078 -0.1496
v -0.1157 0.3047 -0.1485
v -0.1187 0.4421 -0.0304
v -0.0859 0.4370 -0.0846
v -0.1358 0.4280 -0.0359
v -0.1284 0.3240 -0.1977
v -0.1816 0.3082 -0.2339
v -0.1725 0.3354 -0.2189
v 0.0190 0.3327 -0.1298
v -0.1641 0.2969 -0.2762
v -0.1754 0.2929 -0.2820
v -0.2037 0.2839 -0.2508
v -0.2111 0.2656 -0.2494
v -0.1490 0.2697 -0.2400
v -0.1453 0.2790 -0.2452
v -0.1121 0.4005 -0.1397
v -0.1054 -0.0253 0.0758
v -0.0915 0.0051 0.1198
v 0.1570 0.0209 0.0950
v 0.1560 0.0033 0.0880
v -0.1097 0.2095 -0.0633
v -0.0972 0.2016 -0.0802
v -0.1692 0.0102 -0.0364
v -0.1350 0.2088 -0.0280
v -0.1349 0.2235 -0.0179
v -0.1223 0.2306 -0.0421
v -0.1311 0.1591 -0.0645
v -0.1312 0.1808 -0.0490
v 0.1887 0.1687 -0.0587
v -0.2063 0.2845 -0.2658
v -0.1163 0.2429 -0.0551
v 0.0133 0.3018 -0.1733
v 0.0111 0.2935 -0.1416
v -0.0188 0.0582 -0.1855
v -0.0170 0.0277 -0.1953
v -0.0918 0.2670 -0.0918
v -0.1014 0.2593 -0.0765
v -0.1762 0.2912 -0.0750
v -0.1621 0.1655 -0.0167
v -0.1673 0.1566 -0.0168
v -0.0026 0.2555 -0.1416
v -0.1275 0.3968 -0.1354
v 0.0600 0.2911 -0.1355
v 0.0313 0.2824 -0.1368
v -0.0801 0.4465 -0.0744
v -0.1764 0.3775 -0.0830
v -0.0977 0.4104 -0.1262
v -0.0803 0.1721 -0.1063
v -0.1247 0.3935 -0.1502
v -0.0808 0.2143 -0.0981
v -0.1464 0.1102 0.0644
v -0.1308 0.4377 0.0106
v -0.0734 0.4661 -0.0380
v -0.0196 -0.3101 -0.0267
v -0.0130 -0.3216 -0.0197
v -0.0111 -0.3225 -0.0089
v -0.1926 0.2365 -0.2453
v -0.1852 0.2332 -0.2439
v -0.1058 0.3492 -0.1713
v -0.1516 0.2805 -0.2834
v -0.1503 0.2487 -0.2653
v -0.1585 0.2711 -0.2798
v -0.1750 0.2324 -0.2382
v -0.1676 0.2349 -0.2404
v -0.1477 0.2464 -0.2515
v -0.1546 0.2623 -0.2334
v -0.1097 0.2231 -0.0595
v -0.1163 0.2429 -0.0551
v -0.1409 0.2623 -0.2665
v -0.1409 0.2623 -0.2665
v -0.0769 0.2772 -0.1070
v -0.1155 0.2403 0.1427
v -0.0501 0.2401 0.1739
v -0.0109 -0.1215 -0.2290
v -0.1275 -0.1355 -0.0411
v -0.1237 -0.1472 -0.0343
v -0.1321 -0.1333 -0.0213
v -0.1828 0.3876 -0.0488
v -0.1224 0.2104 0.0882
v 0.0149 -0.2452 0.1040
v -0.0055 -0.2091 0.1263
v -0.0054 -0.2255 0.1113
v 0.0243 -0.3594 0.0187
v 0.0261 -0.3691 0.0198
v 0.0388 -0.3666 0.0257
v 0.0047 -0.2104 0.1425
v -0.0841 0.1921 0.1415
v -0.1007 0.1671 0.1342
v -0.1308 0.4377 0.0106
v 0.0407 -0.4229 -0.1130
v 0.0425 -0.4161 -0.1326
v 0.0452 -0.4213 -0.1274
v -0.1053 -0.1965 0.0143
v -0.0985 -0.2079 0.0183
v -0.0908 -0.2029 0.0368
v -0.0616 0.0284 0.1654
v -0.0448 0.0413 0.1781
v -0.0589 0.0785 0.1720
v -0.0385 -0.3720 0.0071
v -0.0437 -0.3792 0.0041
v -0.0396 -0.3706 0.0166
v 0.0685 -0.4322 -0.0322
v 0.0236 0.0087 0.1897
v 0.0054 0.0221 0.1874
v 0.0675 -0.4613 -0.1148
v 0.0779 -0.4623 -0.1071
v -0.0126 -0.3179 -0.0371
v -0.0096 -0.3250 -0.0301
v -0.0121 -0.3236 -0.0240
v 0.0733 -0.4702 -0.1115
v 0.0822 -0.4743 -0.1069
v 0.0747 -0.4790 -0.1102
v 0.0870 -0.4650 -0.1588
v 0.0849 -0.4699 -0.1648
v 0.1486 -0.1339 0.1074
v 0.1676 -0.1287 0.0958
v -0.0990 -0.2238 -0.0124
v -0.0758 -0.2361 -0.0070
v -0.0848 -0.2190 0.0163
v 0.0873 -0.4681 -0.1020
v 0.0854 -0.4601 -0.0968
v 0.0326 0.0313 0.1894
v -0.0349 -0.0770 0.1756
v -0.0079 -0.3439 -0.0880
v 0.0049 -0.3793 -0.1037
v -0.1158 -0.2134 -0.0544
v -0.1073 -0.0839 0.0992
v -0.0141 0.2910 -0.1530
v -0.0362 0.2914 -0.1292
v -0.1595 0.1826 0.0155
v -0.1901 0.2906 -0.0064
v 0.0733 -0.4309 -0.0324
v -0.1312 0.4275 0.0364
v 0.0746 -0.4388 -0.0667
v 0.0813 -0.4382 -0.0596
v 0.0736 -0.4382 -0.0577
v 0.0912 -0.4332 -0.0564
v 0.0837 -0.4356 -0.0526
v 0.0420 -0.2848 -0.1586
v 0.0279 -0.2657 -0.1578
v 0.0459 -0.2692 -0.1588
v 0.0094 -0.3903 0.0101
v 0.0110 -0.3824 0.0154
v -0.0023 -0.3826 0.0171
v -0.0399 -0.2455 -0.1243
v -0.0026 -0.3243 -0.0593
v -0.0026 -0.3230 -0.0518
v 0.0907 -0.4495 -0.1585
v 0.0791 -0.4613 -0.1729
v 0.0714 -0.4593 -0.1704
v 0.0794 -0.4680 -0.1795
v 0.0147 -0.3973 -0.1141
v 0.0066 -0.3767 -0.1235
v 0.0198 -0.3888 -0.1377
v 0.0631 -0.4456 -0.1089
v 0.0871 -0.4200 -0.0316
v 0.0309 -0.4132 -0.0877
v 0.0331 -0.4149 -0.0816
v 0.0240 -0.4013 -0.0782
v 0.0237 -0.3949 -0.0673
v 0.0166 -0.4016 -0.0976
v 0.0615 -0.4326 -0.0844
v 0.0713 -0.4380 -0.0805
v 0.0680 -0.3693 -0.1720
v 0.0618 -0.3829 -0.1627
v 0.0466 -0.3614 -0.1607
v 0.0443 -0.4335 -0.1362
v 0.0463 -0.4328 -0.1407
v 0.0502 -0.4395 -0.1344
v -0.0566 -0.1076 0.1393
v -0.0566 -0.0878 0.1441
v 0.0497 -0.4278 -0.1243
v 0.0446 -0.4215 -0.1363
v 0.0429 -0.4308 -0.1363
v -0.0214 -0.3089 -0.0545
v -0.0059 -0.3230 -0.0419
v -0.0054 -0.3257 -0.0677
v 0.0803 -0.4262 -0.0331
v 0.0328 -0.3913 -0.0345
v 0.0269 -0.3774 -0.0304
v 0.0254 -0.3817 -0.0430
v 0.0752 -0.4413 -0.0768
v 0.0500 -0.4149 -0.0242
v 0.0524 -0.4212 -0.0283
v -0.0293 -0.2995 -0.0350
v -0.0416 -0.2785 -0.0458
v -0.1161 0.3371 0.1397
v 0.0247 0.1775 0.1919
v 0.0388 0.1821 0.1915
v -0.0779 0.0772 0.1550
v -0.0815 0.0443 0.1488
v 0.0664 -0.4573 -0.1239
v 0.0683 -0.4667 -0.1214
v 0.0795 -0.4309 -0.0393
v 0.0726 -0.4352 -0.0383
v 0.0790 -0.4356 -0.0483
v -0.1040 -0.2338 -0.0756
v -0.1136 -0.2176 -0.0712
v -0.1141 0.2070 0.1134
v -0.0107 -0.3144 -0.0886
v -0.0460 0.0108 0.1717
v -0.0207 0.0824 0.1841
v -0.0408 0.0661 0.1816
v 0.0630 0.1200 0.1854
v 0.0296 -0.4080 -0.1301
v 0.0298 -0.4145 -0.1167
v -0.2310 -0.3350 -0.2678
v -0.2237 -0.3409 -0.2613
v -0.2319 -0.3258 -0.2656
v -0.1814 -0.2922 -0.2909
v -0.1711 -0.3037 -0.2935
v -0.1848 -0.2936 -0.2937
v -0.1883 -0.3013 -0.2935
v -0.1995 -0.2915 -0.2930
v -0.1891 -0.2919 -0.2924
v -0.1848 -0.2936 -0.2937
v -0.2072 -0.2908 -0.2910
v -0.2075 -0.2975 -0.2927
v -0.2146 -0.2914 -0.2927
v -0.1644 -0.3178 -0.2916
v -0.1660 -0.3334 -0.2938
v -0.1680 -0.3314 -0.2952
v -0.2272 -0.2896 -0.2919
v -0.2368 -0.3015 -0.2898
v -0.2344 -0.3084 -0.2795
v -0.2286 -0.3011 -0.2736
v -0.2322 -0.2990 -0.2941
v -0.2376 -0.3055 -0.2940
v -0.2328 -0.2946 -0.2935
v 0.0523 0.4860 0.0387
v 0.0004 -0.3031 -0.1247
v 0.0124 -0.3216 -0.1355
v -0.1897 -0.3567 -0.2925
v -0.1821 -0.3530 -0.2942
v -0.1765 -0.3517 -0.2912
v 0.0280 -0.3813 -0.0268
v 0.0254 -0.3882 -0.0176
v 0.0117 -0.3793 -0.0267
v -0.2229 -0.3462 -0.2928
v -0.2309 -0.3214 -0.2954
v -0.2049 -0.3252 -0.2936
v -0.1731 -0.3463 -0.2941
v -0.1731 -0.3463 -0.2941
v -0.1690 -0.3427 -0.2889
v -0.1897 -0.3567 -0.2925
v -0.2018 -0.3522 -0.2933
v -0.1821 -0.3530 -0.2942
v -0.1887 -0.3217 -0.2939
v -0.2333 -0.2931 -0.2916
v -0.0101 -0.3199 -0.0782
v -0.2368 -0.3015 -0.2898
v -0.2022 -0.2886 -0.2810
v -0.1895 -0.2892 -0.2867
v -0.1995 -0.2915 -0.2930
v -0.2305 -0.3414 -0.2920
v -0.2376 -0.3055 -0.2940
v -0.2380 -0.3206 -0.2931
v -0.2333 -0.2931 -0.2916
v -0.2289 -0.2917 -0.2846
v -0.2272 -0.2896 -0.2919
v -0.1702 -0.3149 -0.2954
v -0.1711 -0.3037 -0.2935
v -0.2158 -0.2886 -0.2764
v -0.2127 -0.2870 -0.2693
v -0.2206 -0.3506 -0.2912
v -0.2359 -0.3221 -0.2812
v -0.2360 -0.3296 -0.2926
v -0.2072 -0.2908 -0.2910
v -0.2313 -0.3139 -0.2959
v -0.1886 -0.2880 -0.2784
v -0.1814 -0.2916 -0.2769
v -0.2380 -0.3206 -0.2931
v -0.2360 -0.3296 -0.2926
v -0.1891 -0.2919 -0.2924
v -0.2086 -0.3552 -0.2913
v -0.2100 -0.3544 -0.2748
v -0.2211 -0.3498 -0.2795
v -0.2257 -0.3138 -0.2546
v -0.1660 -0.3334 -0.2938
v -0.2086 -0.3552 -0.2913
v -0.1988 -0.3573 -0.2898
v -0.1665 -0.3096 -0.2550
v -0.1750 -0.3144 -0.2556
v -0.1729 -0.3084 -0.2637
v 0.0247 -0.2846 -0.1534
v 0.0428 -0.3040 -0.1604
v 0.0631 -0.4313 -0.0355
v 0.0635 -0.4333 -0.0431
v 0.0048 -0.3481 -0.0251
v -0.0011 -0.3440 -0.0181
v -0.0031 -0.3439 -0.0274
v 0.0364 -0.3923 -0.1511
v 0.0482 -0.4055 -0.1548
v 0.0480 -0.4123 -0.1486
v -0.0279 -0.3403 -0.0200
v -0.0358 -0.3474 -0.0252
v 0.0211 -0.3790 -0.1469
v 0.0270 -0.3701 -0.1555
v 0.0538 -0.4334 -0.1069
v -0.0232 -0.3778 -0.0549
v -0.0254 -0.3779 -0.0514
v -0.0275 -0.3725 -0.0566
v 0.0480 -0.4123 -0.1486
v 0.0450 -0.4161 -0.1397
v 0.0425 -0.4161 -0.1326
v 0.0007 -0.3415 -0.0016
v 0.0055 -0.3433 0.0052
v -0.0029 -0.3331 -0.0007
v -0.0505 -0.3536 0.0060
v -0.0281 -0.3442 0.0014
v -0.0339 -0.3485 0.0033
v -0.0237 -0.3405 -0.0021
v -0.0374 -0.3625 -0.0456
v -0.0292 -0.3699 -0.0559
v -0.0326 -0.3720 -0.0445
v -0.0160 -0.3372 -0.0034
v -0.0265 -0.3427 -0.0090
v -0.0345 -0.3994 0.0934
v -0.0412 -0.3875 0.0713
v -0.0402 -0.4031 0.0962
v -0.0501 -0.3530 -0.0232
v -0.0180 -0.3744 -0.0514
v -0.0302 -0.3619 -0.0354
v -0.0368 -0.3592 -0.0245
v -0.0393 -0.3657 -0.0326
v -0.0238 -0.3480 -0.0362
v -0.0076 -0.3528 -0.0435
v -0.0181 -0.3631 -0.0538
v -0.0071 -0.3430 -0.0222
v -0.0230 -0.3484 -0.0143
v -0.0270 -0.3523 -0.0267
v -0.0211 -0.3542 -0.0350
v -0.0062 -0.3526 -0.0353
v -0.0197 -0.3362 -0.0202
v -0.0202 -0.3424 -0.0315
v -0.0526 -0.3613 0.0022
v -0.0519 -0.3616 -0.0089
v -0.0454 -0.3576 -0.0096
v -0.0239 -0.3651 -0.0415
v -0.0119 -0.3494 -0.0405
v -0.0107 -0.3312 -0.0310
v -0.0139 -0.3338 -0.0115
v -0.0105 -0.3154 -0.0977
v -0.0081 -0.3093 -0.1030
v -0.0012 -0.3145 -0.1180
v -0.0186 -0.3414 -0.0005
v 0.0003 -0.3445 -0.0079
v -0.0082 -0.3445 -0.0079
v 0.0597 -0.4428 -0.1178
v 0.0630 -0.4514 -0.1207
v -0.0031 -0.3305 -0.0361
v -0.1740 0.3379 -0.1187
v 0.0044 -0.3622 -0.0401
v 0.0002 -0.3494 -0.0338
v 0.0035 -0.3494 -0.1414
v -0.0130 -0.3712 -0.0508
v -0.0050 -0.3674 -0.0479
v -0.0089 -0.3638 -0.0434
v 0.0011 -0.3352 -0.1353
v -0.0348 -0.3540 -0.0144
v -0.0332 -0.3538 -0.0022
v -0.0116 -0.3264 -0.0263
v -0.0120 -0.3263 -0.0179
v -0.0098 -0.3292 -0.0115
v -0.0077 -0.3329 -0.0073
v 0.0490 -0.4410 -0.1301
v 0.0520 -0.4470 -0.1280
v 0.0538 -0.4435 -0.1218
v 0.0135 -0.2921 -0.1443
v 0.0221 -0.3184 -0.1453
v -0.0543 -0.3535 -0.0141
v -0.0465 -0.3570 -0.0310
v -0.0450 -0.3631 -0.0228
v 0.0309 -0.3411 -0.1536
v 0.0327 -0.3071 -0.1549
v -0.0568 0.1086 -0.1650
v -0.0463 0.1517 -0.1518
v 0.0886 -0.4846 -0.1181
v 0.0911 -0.4819 -0.1201
v 0.0874 -0.4859 -0.1250
v -0.0133 -0.3306 -0.1099
v -0.0149 -0.3247 -0.0996
v -0.0083 -0.3277 -0.1211
v 0.0612 -0.4467 -0.1356
v 0.0599 -0.4402 -0.1372
v 0.0685 -0.4437 -0.1396
v 0.0209 -0.3308 -0.1452
v -0.0212 -0.3784 -0.0195
v -0.0210 -0.3844 -0.0207
v -0.0357 -0.3938 -0.0095
v 0.0703 -0.4719 -0.1182
v -0.0001 -0.3316 -0.0395
v 0.0170 -0.3626 -0.0564
v 0.0180 -0.3675 -0.0593
v 0.0213 -0.3688 -0.0467
v 0.0996 -0.4926 -0.1152
v 0.0985 -0.4953 -0.1224
v 0.0120 -0.3726 -0.0717
v 0.0430 -0.4056 -0.0226
v 0.0381 -0.3907 -0.0196
v 0.0328 -0.3868 -0.0234
v -0.0348 -0.4129 0.0913
v -0.0361 -0.4134 0.1001
v -0.0404 -0.4098 0.0995
v 0.0150 -0.3663 0.0164
v 0.0042 -0.3673 0.0148
v 0.0071 -0.3742 0.0165
v -0.0261 -0.2491 0.0803
v -0.0204 -0.2298 0.1031
v -0.0539 -0.2302 0.0854
v 0.0421 -0.3895 -0.0136
v 0.0912 -0.4520 -0.0850
v 0.0825 -0.4509 -0.0876
v 0.0286 -0.3485 0.0227
v 0.0123 -0.3514 0.0114
v 0.0687 -0.4317 -0.0649
v -0.0023 -0.3581 -0.0145
v -0.0191 -0.3719 -0.0162
v -0.0307 -0.4092 0.0909
v -0.0322 -0.4125 0.1028
v 0.0276 -0.3845 -0.0452
v 0.0251 -0.3733 -0.0442
v 0.0246 -0.3806 -0.0469
v -0.0128 -0.3749 0.0199
v 0.0340 -0.3204 0.0394
v 0.0274 -0.3111 0.0430
v 0.0964 -0.3700 0.0360
v 0.0792 -0.3701 0.0382
v 0.0846 -0.3780 0.0320
v 0.0874 -0.5000 -0.1227
v 0.0931 -0.4975 -0.1153
v 0.0840 -0.4956 -0.1209
v 0.0302 0.3571 -0.0649
v -0.0098 -0.3780 -0.0265
v 0.0431 -0.3362 0.0370
v 0.0572 -0.3261 0.0432
v 0.0537 -0.3984 -0.0121
v 0.0553 -0.3956 -0.0051
v 0.0421 -0.3895 -0.0136
v -0.1286 -0.1093 0.0286
v -0.1235 -0.1287 0.0358
v 0.0032 -0.3734 -0.0297
v -0.0004 -0.3796 -0.0289
v -0.0509 -0.3831 0.0518
v -0.0538 -0.3880 0.0455
v 0.0014 -0.3528 -0.0049
v 0.0035 -0.3536 -0.0183
v -0.0269 -0.4053 -0.0009
v -0.0273 -0.4001 -0.0110
v 0.0404 -0.3872 0.0122
v 0.0692 -0.4347 -0.0627
v 0.0694 -0.4353 -0.0728
v 0.0951 -0.4932 -0.1105
v 0.0716 -0.3639 0.0392
v 0.0797 -0.3625 0.0410
v 0.0653 -0.3472 0.0387
v 0.0716 -0.4808 -0.1160
v 0.0802 -0.4860 -0.1113
v 0.0861 -0.3844 0.0253
v 0.0714 -0.3830 0.0271
v 0.0701 -0.4778 -0.1165
v 0.0733 -0.4805 -0.1239
v 0.0008 -0.3570 0.0054
v 0.0130 -0.3565 0.0117
v 0.0062 -0.3535 0.0059
v 0.0038 -0.3571 -0.0223
v 0.0754 -0.4822 -0.1286
v 0.0818 -0.4831 -0.1310
v 0.0801 -0.4788 -0.1316
v -0.0109 -0.3605 0.0028
v -0.0228 -0.3667 0.0139
v -0.0065 -0.3623 0.0090
v 0.0137 -0.3934 -0.0055
v 0.0014 -0.3966 0.0050
v 0.0435 -0.3914 -0.0015
v 0.0240 -0.3717 -0.0429
v 0.0977 -0.4748 -0.1737
v -0.0202 -0.4001 0.0195
v -0.0145 -0.3901 0.0223
v -0.0206 -0.3959 0.0276
v 0.0556 -0.3929 0.0076
v 0.0687 -0.3885 0.0202
v 0.0404 -0.3872 0.0122
v 0.0317 -0.3864 -0.0313
v 0.0280 -0.3813 -0.0268
v -0.0253 -0.3947 -0.0156
v -0.0140 -0.3917 -0.0212
v 0.1039 -0.4916 -0.1439
v 0.1013 -0.4955 -0.1316
v 0.0919 -0.4945 -0.1366
v 0.0026 -0.3480 -0.0039
v 0.0013 -0.3457 -0.0143
v 0.0035 -0.3536 -0.0183
v -0.0084 -0.3597 -0.0067
v -0.0132 -0.3326 -0.0827
v -0.0151 -0.3295 -0.0893
v 0.0026 -0.3480 -0.0039
v 0.0858 -0.4487 -0.1581
v 0.0907 -0.4495 -0.1585
v 0.0848 -0.4517 -0.1559
v 0.0123 -0.3514 0.0114
v 0.0820 -0.4734 -0.1552
v 0.0552 -0.3306 -0.1701
v 0.0539 -0.3476 -0.1684
v 0.0827 -0.4885 -0.1266
v 0.0840 -0.4956 -0.1209
v 0.0979 -0.4744 -0.1030
v 0.1078 -0.4791 -0.1042
v 0.0982 -0.4680 -0.0984
v -0.0044 -0.3396 -0.0730
v -0.0010 -0.3360 -0.0632
v 0.0845 -0.4766 -0.1307
v 0.0800 -0.4770 -0.1232
v 0.0710 -0.3727 0.0353
v 0.0233 -0.3760 -0.0292
v -0.0041 -0.3915 0.0147
v -0.1197 -0.1975 -0.0949
v 0.0543 -0.4314 -0.1532
v 0.0508 -0.4281 -0.1462
v 0.0465 -0.4344 -0.1483
v -0.1328 -0.0393 -0.0749
v -0.1290 -0.0525 -0.0566
v 0.0629 -0.3987 -0.0047
v 0.0685 -0.3358 -0.1738
v 0.0435 -0.3914 -0.0015
v 0.0233 -0.3760 -0.0292
v 0.0184 -0.3654 -0.0334
v -0.0197 -0.3755 0.0237
v -0.0145 -0.3830 0.0231
v 0.0429 -0.3755 0.0232
v -0.0299 -0.3971 0.0776
v -0.0293 -0.4027 0.0721
v -0.0266 -0.3884 0.0473
v 0.0707 -0.4092 -0.1722
v 0.0366 -0.3985 -0.0304
v -0.1141 -0.1919 -0.1292
v -0.0090 -0.3965 -0.0171
v 0.0744 -0.4619 -0.1817
v 0.0798 -0.4700 -0.1823
v 0.0718 -0.4618 -0.1766
v 0.1039 -0.4916 -0.1439
v 0.1034 -0.4946 -0.1497
v 0.1122 -0.4924 -0.1511
v 0.0967 -0.4586 -0.1955
v 0.0998 -0.4647 -0.1946
v 0.0880 -0.4730 -0.1872
v 0.0291 -0.3890 -0.0439
v 0.0482 -0.4055 -0.1548
v 0.0511 -0.4115 -0.1570
v 0.0910 -0.4826 -0.1294
v 0.0884 -0.4880 -0.1075
v 0.0806 -0.4841 -0.1084
v 0.0771 -0.4802 -0.1204
v 0.0769 -0.4872 -0.1417
v 0.0793 -0.4944 -0.1335
v 0.0720 -0.4844 -0.1325
v 0.0803 -0.4925 -0.1272
v 0.0733 -0.4805 -0.1239
v 0.0803 -0.4925 -0.1272
v 0.0848 -0.4866 -0.1147
v 0.0873 -0.4793 -0.1316
v 0.0255 -0.4128 -0.1031
v 0.0702 -0.4797 -0.1264
v 0.0693 -0.4770 -0.1276
v 0.0695 -0.4826 -0.1443
v 0.0723 -0.4825 -0.1395
v 0.0707 -0.4750 -0.1371
v 0.0188 -0.3623 -0.0375
v 0.0754 -0.4822 -0.1286
v 0.0896 -0.4952 -0.1127
v 0.0898 -0.4799 -0.1057
v 0.0848 -0.4866 -0.1147
v 0.0865 -0.4898 -0.1139
v 0.0095 -0.3413 -0.1444
v 0.0998 -0.4819 -0.1083
v 0.0771 -0.4802 -0.1204
v 0.0896 -0.4996 -0.1287
v -0.0467 -0.2611 -0.0844
v -0.0515 -0.2467 -0.1047
v 0.1039 -0.4916 -0.1439
v 0.1026 -0.4807 -0.1565
v 0.1078 -0.4795 -0.1566
v 0.0926 -0.4585 -0.1545
v 0.0528 -0.4260 -0.0892
v 0.0276 -0.3845 -0.0452
v 0.0246 -0.3806 -0.0469
v -0.1453 0.2989 -0.1334
v 0.0377 -0.3931 -0.0488
v 0.0556 -0.4325 -0.1172
v 0.0561 -0.4370 -0.1201
v 0.0597 -0.4428 -0.1178
v 0.0353 -0.3915 -0.0456
v 0.0444 -0.4099 -0.0282
v -0.0035 -0.3695 0.0154
v 0.0554 -0.4280 -0.0813
v 0.0628 -0.4311 -0.0740
v -0.0987 -0.2376 -0.0391
v -0.0828 -0.2423 -0.0253
v -0.0898 -0.2356 -0.0935
v -0.1032 -0.2221 -0.1038
v 0.0871 -0.4928 -0.1425
v 0.0498 -0.3626 0.0321
v 0.0907 -0.4945 -0.1503
v 0.0976 -0.4917 -0.1550
v 0.0769 -0.4872 -0.1417
v 0.0800 -0.4910 -0.1480
v 0.0871 -0.4928 -0.1425
v 0.0652 -0.4486 -0.1623
v 0.0680 -0.4450 -0.1613
v 0.0623 -0.4415 -0.1560
v 0.0819 -0.4916 -0.1518
v 0.1087 -0.4892 -0.1561
v -0.0461 -0.0959 0.1604
v -0.0493 -0.0799 0.1551
v -0.0503 -0.3975 0.0646
v -0.0404 -0.4098 0.0995
v 0.0127 -0.3674 -0.0318
v -0.0237 -0.3714 -0.0571
v -0.0409 -0.4051 0.0133
v -0.0433 -0.4053 0.0388
v -0.0464 -0.4019 0.0166
v -0.0385 -0.3776 0.0493
v -0.0303 -0.3804 0.0452
v -0.0333 -0.3721 0.0300
v -0.0913 0.0202 0.1328
v -0.0597 0.0003 0.1601
v 0.0428 -0.4338 -0.1435
v 0.0407 0.1477 0.1875
v 0.1210 -0.4904 -0.1157
v 0.0770 -0.4669 -0.1656
v 0.0791 -0.4613 -0.1729
v 0.0817 -0.4718 -0.1710
v 0.0799 -0.4688 -0.1631
v 0.0802 -0.4642 -0.1630
v 0.0782 -0.4650 -0.1603
v 0.0809 -0.4701 -0.1596
v 0.0890 -0.4730 -0.1839
v 0.1007 -0.4745 -0.1864
v 0.0979 -0.4702 -0.1835
v 0.0744 -0.4565 -0.1684
v 0.0806 -0.4717 -0.1688
v 0.0763 -0.4648 -0.1547
v 0.0800 -0.4688 -0.1555
v 0.0783 -0.4623 -0.1625
v 0.0791 -0.4669 -0.1652
v 0.0821 -0.4630 -0.1684
v 0.0707 -0.4495 -0.1643
v 0.0685 -0.4539 -0.1671
v 0.0844 -0.4660 -0.1710
v 0.0893 -0.4592 -0.1748
v -0.1395 -0.1053 -0.0029
v -0.1341 -0.0845 0.0156
v -0.1358 -0.0689 -0.0034
v 0.0742 -0.4614 -0.1507
v 0.0753 -0.4604 -0.1577
v 0.0601 -0.4501 -0.1641
v 0.0021 -0.3474 -0.0662
v 0.0858 -0.4487 -0.1581
v 0.0863 -0.4511 -0.1633
v 0.0718 -0.3319 0.0458
v 0.0641 -0.3137 0.0597
v -0.0543 -0.3535 -0.0141
v -0.0591 -0.3570 -0.0006
v 0.0756 -0.4676 -0.1536
v 0.0820 -0.4734 -0.1552
v 0.0782 -0.4802 -0.1548
v 0.0712 -0.4694 -0.1314
v 0.0683 -0.4578 -0.1715
v 0.0826 -0.4461 -0.1564
v 0.0790 -0.4457 -0.1553
v 0.0742 -0.4457 -0.1580
v 0.0463 -0.4328 -0.1407
v -0.0727 -0.1343 0.1171
v 0.0699 -0.3995 -0.0015
v -0.0235 -0.3796 0.0324
v 0.0452 -0.4213 -0.1274
v 0.0484 -0.4369 -0.1240
v 0.0606 -0.4645 -0.1427
v 0.0637 -0.4679 -0.1383
v 0.0604 -0.4611 -0.1339
v 0.0664 -0.3958 -0.1652
v 0.0909 -0.3524 0.0427
v 0.0936 -0.3620 0.0405
v -0.0422 -0.3589 -0.0385
v -0.0435 -0.3552 -0.0349
v 0.0689 -0.4383 -0.1434
v 0.0766 -0.4416 -0.1484
v 0.0685 -0.4437 -0.1396
v -0.1372 -0.1155 -0.0155
v -0.1340 -0.0997 -0.0336
v -0.1326 -0.1189 -0.0356
v 0.0079 -0.2421 -0.1594
v -0.0148 -0.2448 -0.1433
v -0.0305 0.1764 -0.1670
v -0.0190 0.1817 -0.1705
v -0.0309 0.1555 -0.1853
v 0.0596 -0.4506 -0.1681
v 0.0507 -0.4423 -0.1616
v 0.0573 -0.4459 -0.1692
v -0.0802 0.1134 0.1516
v 0.0485 -0.3499 0.0343
v 0.0702 -0.4783 -0.1526
v 0.0724 -0.4847 -0.1501
v 0.0549 -0.4536 -0.1337
v 0.0976 -0.4917 -0.1550
v 0.0819 -0.4916 -0.1518
v 0.0934 -0.4884 -0.1557
v 0.0890 -0.4730 -0.1839
v 0.0955 -0.4744 -0.1883
v 0.1007 -0.4745 -0.1864
v 0.0641 -0.4629 -0.1323
v 0.0697 -0.4655 -0.1337
v 0.0681 -0.4596 -0.1269
v -0.0577 -0.3599 0.0037
v 0.0812 -0.3454 0.0414
v -0.0381 -0.0422 0.1570
v -0.1141 -0.0225 0.0556
v 0.0561 -0.4524 -0.1259
v 0.0556 -0.4325 -0.1172
v 0.0606 -0.4309 -0.1545
v 0.0573 -0.4416 -0.1573
v 0.0538 -0.4239 -0.1651
v 0.0592 -0.4262 -0.1716
v 0.0510 -0.4373 -0.1680
v 0.0031 -0.3639 -0.0426
v 0.0113 -0.3616 -0.0369
v 0.1102 -0.4596 -0.0938
v -0.0757 -0.2168 0.0494
v -0.0797 -0.2052 0.0792
v -0.0945 -0.1812 0.0613
v 0.0596 -0.4506 -0.1681
v -0.0291 -0.2812 0.0269
v -0.0331 -0.2773 -0.0011
v -0.0180 -0.2973 0.0184
v -0.0385 -0.2818 -0.0237
v -0.0235 -0.2922 -0.0064
v 0.0798 -0.4700 -0.1823
v 0.0718 -0.4618 -0.1766
v 0.0583 -0.4276 -0.1494
v 0.0565 -0.4281 -0.1417
v 0.0127 -0.3674 -0.0318
v 0.0862 -0.4753 -0.1721
v 0.0748 -0.4522 -0.1543
v 0.0767 -0.4540 -0.1572
v 0.0526 -0.4297 -0.1383
v 0.0557 -0.4480 -0.1360
v 0.0583 -0.4276 -0.1494
v -0.0570 -0.2575 -0.0494
v -0.0416 -0.2785 -0.0458
v 0.0651 -0.4493 -0.1368
v 0.0580 -0.4551 -0.1382
v 0.0520 -0.4369 -0.1353
v 0.0566 -0.4334 -0.1357
v -0.1103 -0.1522 0.0642
v -0.1009 -0.1587 0.0757
v 0.0735 -0.4372 -0.0486
v 0.0502 -0.4395 -0.1344
v -0.0452 -0.2306 -0.1383
v -0.0607 -0.2350 0.0737
v -0.1290 -0.0790 -0.1139
v 0.0580 -0.4551 -0.1382
v 0.0605 -0.4612 -0.1430
v -0.1800 -0.2625 -0.2522
v -0.1794 -0.2724 -0.2669
v -0.1865 -0.2624 -0.2586
v -0.2107 -0.2633 -0.2770
v -0.2176 -0.2602 -0.2689
v -0.2095 -0.2605 -0.2649
v 0.0758 -0.4611 -0.1618
v -0.2251 -0.2825 -0.2329
v -0.2167 -0.3018 -0.2292
v -0.2111 -0.2885 -0.2217
v -0.2107 -0.2633 -0.2770
v -0.2192 -0.2745 -0.2697
v -0.2320 -0.2698 -0.2609
v 0.0712 -0.4694 -0.1314
v 0.0664 -0.4573 -0.1239
v -0.2066 -0.2661 -0.2784
v -0.2150 -0.2759 -0.2228
v -0.2212 -0.2720 -0.2320
v 0.0730 -0.4570 -0.1484
v 0.0624 -0.4638 -0.1461
v -0.0871 0.1376 0.1429
v -0.0769 0.1624 0.1466
v -0.0119 -0.3377 -0.1063
v -0.2300 -0.2870 -0.2445
v -0.2281 -0.2983 -0.2439
v -0.1720 -0.3032 -0.2423
v -0.1665 -0.3096 -0.2550
v -0.1686 -0.2930 -0.2519
v -0.1681 -0.2903 -0.2661
v -0.1744 -0.2897 -0.2749
v -0.1725 -0.2676 -0.1947
v -0.1676 -0.2616 -0.2082
v -0.1582 -0.2481 -0.1921
v 0.0750 -0.3891 -0.1731
v -0.2170 -0.3131 -0.2473
v -0.2062 -0.3207 -0.2424
v -0.2105 -0.3187 -0.2337
v 0.0675 -0.4397 -0.1786
v -0.0003 -0.3323 -0.0468
v 0.0059 -0.3446 -0.0481
v 0.0198 -0.2616 0.0900
v -0.0071 -0.2526 0.0906
v 0.0190 -0.2920 0.0591
v 0.1208 -0.4568 -0.1825
v 0.0839 -0.4666 -0.1786
v 0.0790 -0.4516 -0.1636
v 0.0707 -0.4750 -0.1371
v 0.0790 -0.4457 -0.1553
v 0.0792 -0.4499 -0.1560
v 0.1026 -0.4807 -0.1565
v 0.0565 -0.4281 -0.1417
v 0.0832 -0.4466 -0.1879
v 0.0153 -0.3586 -0.0340
v 0.0081 -0.3513 -0.0314
v 0.0497 -0.4388 -0.1542
v 0.0554 -0.4462 -0.1597
v 0.0855 -0.4781 -0.1558
v 0.0868 -0.4787 -0.1571
v 0.0008 -0.3079 0.0300
v -0.0032 -0.3207 0.0123
v 0.0447 -0.4338 -0.1593
v 0.0490 -0.4404 -0.1567
v 0.0624 -0.4638 -0.1461
v 0.0557 -0.4480 -0.1360
v 0.0826 -0.4461 -0.1564
v 0.0618 -0.3829 -0.1627
v 0.0793 -0.4609 -0.1611
v 0.0526 -0.4297 -0.1383
v 0.0652 -0.4399 -0.1559
v 0.0784 -0.4552 -0.1861
v 0.0337 -0.3875 -0.0442
v 0.0781 -0.4445 -0.1498
v 0.0774 -0.4411 -0.1527
v 0.0463 -0.4328 -0.1407
v 0.0565 -0.4281 -0.1417
v 0.0756 -0.4676 -0.1536
v 0.0961 -0.4812 -0.1568
v 0.0728 -0.4505 -0.1446
v 0.0743 -0.4489 -0.1483
v 0.0465 -0.4344 -0.1483
v 0.0730 -0.4408 -0.1555
v 0.0824 -0.4692 -0.1866
v 0.0464 -0.4272 -0.1596
v 0.0699 -0.4488 -0.1548
v 0.0774 -0.4411 -0.1527
v 0.0138 -0.3543 -0.0456
v -0.1285 -0.1438 0.0090
v -0.1154 -0.1539 0.0338
v -0.1247 -0.0270 0.0356
v 0.0306 -0.2442 -0.1624
v 0.0742 -0.4614 -0.1507
v 0.0655 -0.4654 -0.1494
v 0.0728 -0.4505 -0.1446
v 0.0630 -0.4514 -0.1207
v -0.1783 0.2660 -0.0129
v -0.1745 0.2796 -0.0461
v -0.1640 0.2530 -0.0188
v 0.0683 -0.4542 -0.1756
v 0.0833 -0.4709 -0.1688
v -0.0342 -0.0517 0.1724
v -0.1468 0.2208 0.0269
v -0.1427 0.2226 0.0471
v -0.1641 0.2558 0.0282
v 0.1011 -0.4716 -0.1920
v 0.1488 0.0595 0.1330
v 0.0782 -0.4802 -0.1548
v 0.0681 -0.4728 -0.1528
v 0.0718 -0.4464 -0.1541
v 0.0864 -0.4548 -0.1696
v 0.0800 -0.4578 -0.1648
v -0.0330 -0.3632 -0.0497
v 0.0141 -0.3506 -0.1494
v 0.0051 -0.3470 -0.0569
v 0.0138 -0.3543 -0.0456
v 0.0074 -0.3502 -0.0451
v 0.0073 -0.3480 -0.0455
v -0.0096 -0.3250 -0.0301
v 0.0291 -0.3890 -0.0439
v 0.0840 -0.4322 -0.0450
v -0.0117 0.0427 0.1811
v -0.0319 0.0416 0.1808
v -0.1769 0.2671 0.0103
v -0.0121 -0.3236 -0.0240
v -0.0130 -0.3216 -0.0197
v 0.0567 -0.3012 -0.1641
v 0.0649 -0.3185 -0.1704
v 0.0554 -0.4462 -0.1597
v 0.0314 -0.2835 0.0716
v 0.0012 -0.3544 -0.0471
v 0.0102 -0.3541 -0.0435
v -0.0734 0.4661 -0.0380
v 0.1014 -0.4781 -0.1757
v 0.0953 -0.4762 -0.1739
v -0.1351 -0.0796 -0.0288
v 0.0897 -0.4694 -0.1809
v 0.0839 -0.4666 -0.1786
v -0.0034 -0.3404 -0.0032
v -0.0124 -0.3426 -0.0025
v 0.0007 -0.3415 -0.0016
v 0.0059 -0.3446 -0.0481
v -0.0054 -0.3358 -0.0036
v -0.0062 -0.3257 0.0007
v -0.0382 -0.3546 0.0023
v -0.0493 -0.3567 0.0069
v -0.0553 -0.3583 0.0054
v -0.0501 -0.3530 -0.0232
v -0.0275 -0.3725 -0.0566
v -0.0223 -0.3786 -0.0520
v 0.0865 -0.4898 -0.1139
v -0.0338 -0.4054 0.0359
v -0.0317 -0.4040 0.0475
v -0.0001 -0.3316 -0.0395
v -0.0095 -0.3599 -0.0512
v -0.0244 -0.3466 0.0004
v -0.0202 -0.3474 -0.0048
v -0.0237 -0.3714 -0.0571
v -0.0292 -0.3699 -0.0559
v 0.0079 -0.2421 -0.1594
v -0.0493 -0.2566 0.0502
v 0.0306 -0.2442 -0.1624
v 0.0780 -0.0601 0.1569
v -0.0330 -0.3632 -0.0497
v -0.0095 -0.3599 -0.0512
v 0.0012 -0.3544 -0.0471
v 0.0157 -0.3595 -0.0380
v -0.1343 -0.0378 0.0109
v -0.1333 -0.0665 0.0228
v -0.1308 -0.0334 0.0270
v 0.0635 -0.4736 -0.1469
v 0.0706 -0.4373 -0.1503
v -0.0029 -0.3331 -0.0007
v 0.0565 -0.4281 -0.1417
v 0.0497 -0.4388 -0.1542
v -0.0111 -0.3225 -0.0089
v -0.0673 -0.2358 0.0206
v -0.0467 -0.2611 -0.0844
v 0.1020 -0.4157 -0.0295
v -0.1912 -0.2525 -0.2433
v -0.1877 -0.2568 -0.2506
v -0.1983 -0.2583 -0.2530
v -0.2117 -0.2374 -0.1767
v -0.2098 -0.2231 -0.1824
v -0.2079 -0.2465 -0.2004
v -0.0885 -0.1831 0.0867
v -0.0922 -0.1606 0.0937
v 0.0748 -0.4548 -0.1585
v -0.0163 -0.2886 0.0405
v -0.0158 -0.2941 0.0306
v 0.0127 -0.3054 0.0384
v 0.0019 -0.2860 0.0543
v -0.0105 -0.2889 0.0452
v -0.0673 -0.2358 0.0206
v -0.0631 -0.2475 -0.0057
v -0.0656 -0.2481 -0.0238
v -0.1437 -0.1157 -0.0499
v -0.1416 -0.1309 -0.0558
v -0.0479 -0.4038 0.0682
v -0.0427 -0.4089 0.0808
v -0.1837 -0.1991 -0.1977
v -0.1676 -0.2026 -0.1989
v -0.1755 -0.2103 -0.2109
v 0.0062 0.0824 0.1857
v -0.0703 -0.2035 0.0935
v -0.0827 -0.1748 0.0976
v -0.1951 -0.2638 -0.2717
v -0.2071 -0.2210 -0.1994
v -0.1909 -0.1986 -0.1865
v -0.1912 -0.2091 -0.2122
v -0.0757 -0.2168 0.0494
v -0.0830 -0.2108 -0.1425
v -0.0774 -0.2214 -0.1335
v -0.0435 -0.0723 0.1662
v -0.1941 -0.2411 -0.2287
v -0.2022 -0.2568 -0.2440
v -0.2104 -0.2595 -0.2265
v -0.1818 -0.2379 -0.1503
v -0.1689 -0.2189 -0.1255
v -0.1801 -0.2262 -0.1398
v -0.0332 -0.2679 0.0586
v -0.0163 -0.2886 0.0405
v -0.0105 -0.2889 0.0452
v 0.0019 -0.2860 0.0543
v -0.1871 -0.1810 -0.1707
v 0.0075 -0.3763 -0.0835
v -0.1331 0.3316 0.0497
v -0.2057 -0.2529 -0.1727
v -0.1994 -0.2707 -0.1954
v -0.1980 -0.2550 -0.1644
v -0.2067 -0.2609 -0.2032
v -0.2048 -0.2395 -0.1623
v -0.0714 -0.2390 -0.0927
v -0.1384 -0.1575 -0.1711
v -0.1200 -0.1523 -0.1551
v -0.0749 -0.2457 -0.0652
v -0.0654 -0.2484 -0.0625
v -0.0687 -0.2489 -0.0367
v -0.0399 -0.2455 -0.1243
v -0.1784 -0.1819 -0.1830
v -0.1714 -0.1849 -0.1880
v -0.1082 -0.2051 -0.0047
v 0.0188 -0.3623 -0.0375
v -0.0353 -0.4102 0.0790
v -0.0404 -0.4119 0.0900
v 0.0014 -0.3528 -0.0049
v -0.1876 -0.2261 -0.2220
v -0.1848 -0.2408 -0.2305
v -0.1923 -0.2275 -0.1506
v -0.1966 -0.2158 -0.1566
v -0.0284 -0.2114 0.1142
v -0.1913 -0.2761 -0.1986
v -0.1826 -0.2637 -0.1716
v -0.1768 -0.2633 -0.1755
v -0.1648 -0.2549 -0.1827
v -0.1162 -0.1454 0.0569
v -0.0997 -0.1842 0.0389
v -0.1205 -0.1911 -0.0843
v -0.1487 -0.1175 -0.0861
v -0.1496 -0.1233 -0.0717
v 0.0055 -0.3433 0.0052
v -0.0464 -0.4019 0.0166
v -0.0506 -0.3931 0.0129
v -0.0419 -0.4014 0.0054
v 0.0196 0.4096 -0.0265
v -0.1484 -0.1417 -0.0552
v -0.1416 -0.1309 -0.0558
v -0.1469 -0.1264 -0.0630
v -0.0303 -0.4076 0.1000
v 0.0032 -0.3734 -0.0297
v 0.0082 -0.3628 -0.0294
v -0.1615 -0.2106 -0.1999
v -0.0481 -0.3752 0.0273
v -0.1741 -0.2508 -0.2305
v -0.1724 -0.2738 -0.2468
v -0.1770 -0.2588 -0.2420
v -0.0419 -0.4014 0.0054
v -0.1681 -0.2461 -0.2170
v -0.1757 -0.2353 -0.2209
v -0.1614 -0.2382 -0.1658
v -0.0167 -0.1893 0.1396
v -0.0719 -0.2418 -0.0787
v -0.0978 -0.2028 -0.1386
v -0.1049 0.3246 -0.1680
v -0.0967 0.3387 -0.1643
v -0.1131 -0.1896 -0.1385
v -0.0354 -0.4059 0.0239
v -0.1799 -0.2765 -0.2008
v -0.0291 -0.2812 0.0269
v -0.1341 -0.0614 -0.0431
v -0.1334 -0.1662 -0.0451
v -0.1496 -0.1642 -0.0564
v -0.1395 -0.1760 -0.0549
v -0.1206 -0.1568 -0.0284
v -0.1206 -0.1674 -0.0417
v -0.1541 -0.2262 -0.1323
v -0.1456 -0.2097 -0.1020
v -0.1587 -0.2243 -0.1255
v -0.1389 -0.2051 -0.1531
v -0.1214 -0.1953 -0.1371
v -0.1351 -0.2098 -0.1352
v -0.1053 -0.1414 0.0845
v -0.1311 -0.1396 -0.0088
v -0.1225 -0.1590 -0.0016
v -0.1527 -0.2089 -0.1885
v -0.1357 -0.1890 -0.1729
v -0.1595 -0.2110 -0.1077
v -0.1412 -0.1870 -0.0691
v -0.1469 -0.1264 -0.0630
v -0.1327 -0.0388 -0.0910
v -0.1063 -0.1803 0.0195
v 0.0497 -0.3115 0.0499
v 0.0190 -0.2920 0.0591
v -0.1205 -0.1911 -0.0843
v -0.1195 -0.1954 -0.1013
v -0.2186 -0.2966 -0.2596
v -0.2320 -0.2774 -0.2567
v -0.2126 -0.2827 -0.2698
v -0.1767 -0.3321 -0.2598
v -0.1874 -0.3446 -0.2599
v -0.1767 -0.3469 -0.2754
v -0.2170 -0.3462 -0.2617
v -0.2275 -0.3437 -0.2767
v 0.0566 -0.4334 -0.1357
v 0.0599 -0.4402 -0.1372
v 0.0631 -0.4717 -0.1417
v -0.1582 -0.2262 -0.1995
v -0.1726 0.1198 0.0109
v 0.0808 -0.3401 0.0424
v 0.0830 -0.3327 0.0458
v -0.1380 -0.1444 -0.0479
v 0.0750 -0.3891 -0.1731
v -0.1735 -0.2445 -0.1548
v -0.1554 0.1653 0.0588
v 0.0778 -0.3252 0.0530
v -0.0472 -0.1606 0.1240
v -0.0556 -0.1289 0.1259
v -0.0628 -0.1579 0.1177
v -0.1046 -0.2347 -0.0546
v -0.0314 -0.3892 0.0672
v -0.0362 -0.3857 0.0671
v -0.0444 -0.3786 0.0523
v -0.1427 0.2226 0.0471
v -0.1413 0.2331 0.0573
v 0.0696 -0.3095 0.0666
v -0.0402 0.0963 -0.1817
v -0.0635 0.0885 -0.1669
v -0.0427 -0.3912 -0.0023
v -0.1002 0.1863 0.1263
v -0.1169 0.1843 0.1054
v -0.1099 0.1649 0.1263
v -0.1619 0.1584 0.0252
v -0.1620 0.1710 0.0353
v 0.1531 -0.3687 -0.0549
v -0.0234 -0.3704 0.0200
v -0.0325 -0.3686 0.0173
v -0.1124 0.1520 0.1255
v 0.2162 0.0351 -0.0144
v -0.1284 -0.1176 0.0641
v -0.1498 -0.2248 -0.1450
v 0.0314 -0.2835 0.0716
v -0.0387 -0.4069 0.0520
v -0.0355 -0.4093 0.0682
v 0.0613 0.1562 0.1861
v 0.2075 0.1394 -0.0062
v -0.0343 -0.4095 0.1052
v 0.0601 -0.2888 0.0853
v -0.0831 -0.2495 -0.0454
v 0.0571 -0.2822 -0.1594
v -0.1893 -0.3538 -0.2714
v -0.1953 -0.3561 -0.2745
v -0.1729 -0.3084 -0.2637
v -0.1762 -0.2992 -0.2708
v -0.1644 -0.3178 -0.2916
v -0.1647 -0.3304 -0.2884
v -0.1666 -0.3181 -0.2736
v -0.1690 -0.3303 -0.2710
v -0.1672 -0.2448 -0.1610
v -0.1744 -0.3173 -0.2468
v -0.1851 -0.3229 -0.2395
v -0.1862 -0.3208 -0.2471
v -0.2000 -0.3513 -0.2627
v -0.1854 -0.3316 -0.2519
v -0.1931 -0.3237 -0.2449
v -0.1992 -0.3421 -0.2531
v -0.1683 -0.3095 -0.2753
v -0.2199 -0.3046 -0.2534
v -0.2281 -0.2983 -0.2439
v -0.2230 -0.3062 -0.2364
v -0.1740 -0.2974 -0.2853
v -0.1683 -0.3095 -0.2753
v -0.1710 -0.3203 -0.2639
v -0.1750 -0.3144 -0.2556
v -0.2126 -0.2827 -0.2698
v -0.2186 -0.2966 -0.2596
v -0.2203 -0.2949 -0.2686
v -0.2199 -0.3046 -0.2534
v -0.2049 -0.2850 -0.2735
v -0.1997 -0.2795 -0.2745
v -0.1844 -0.2844 -0.2780
v -0.2062 -0.3207 -0.2424
v -0.2073 -0.3319 -0.2468
v -0.1744 -0.2897 -0.2749
v -0.1762 -0.2992 -0.2708
v -0.1844 -0.2844 -0.2780
v -0.1988 -0.3573 -0.2898
v -0.2169 -0.3364 -0.2526
v -0.2223 -0.3234 -0.2499
v -0.1729 -0.3084 -0.2637
v -0.2305 -0.3414 -0.2920
v -0.1680 -0.2994 -0.2692
v -0.1851 -0.3229 -0.2395
v -0.1744 -0.3173 -0.2468
v -0.1834 -0.3099 -0.2312
v -0.1515 0.2349 0.0103
v -0.1452 0.2227 0.0079
v -0.1543 0.2349 0.0200
v -0.1762 -0.2992 -0.2708
v -0.1680 -0.2994 -0.2692
v -0.1992 -0.3229 -0.2336
v -0.2110 -0.3134 -0.2300
v -0.2105 -0.3187 -0.2337
v -0.2093 -0.3199 -0.2438
v -0.1858 -0.2769 -0.2813
v -0.2320 -0.2698 -0.2609
v -0.2262 -0.2645 -0.2518
v -0.2233 -0.2617 -0.2600
v -0.2124 -0.2626 -0.2402
v -0.2081 -0.2602 -0.2506
v -0.1997 -0.2795 -0.2745
v -0.2170 -0.3131 -0.2473
v -0.1862 -0.3208 -0.2471
v -0.1945 -0.3229 -0.2418
v -0.1945 -0.3229 -0.2418
v -0.1858 -0.2769 -0.2813
v -0.1942 -0.2688 -0.2804
v -0.1680 -0.2994 -0.2692
v -0.1805 -0.3195 -0.2500
v -0.1992 -0.3229 -0.2336
v -0.1862 -0.3208 -0.2471
v -0.1805 -0.3195 -0.2500
v -0.1750 -0.3144 -0.2556
v -0.1452 -0.1879 -0.1842
v -0.1527 -0.2089 -0.1885
v -0.1960 -0.2832 -0.2079
v -0.1770 -0.2842 -0.2180
v -0.1715 -0.2728 -0.2191
v -0.1681 -0.2461 -0.2170
v -0.1574 -0.2414 -0.1986
v 0.0655 -0.4654 -0.1494
v -0.2146 -0.2661 -0.2274
v -0.1700 -0.2603 -0.2235
v -0.1557 -0.2297 -0.1890
v -0.1582 -0.2262 -0.1995
v -0.1700 -0.2603 -0.2235
v -0.1602 -0.1481 -0.1689
v -0.1648 -0.2398 -0.1502
v -0.2047 -0.2793 -0.2105
v -0.1999 -0.2953 -0.2194
v -0.1600 -0.1965 -0.1932
v -0.1860 -0.2051 -0.2100
v -0.0452 -0.2306 -0.1383
v -0.1492 -0.1829 -0.1856
v -0.1854 -0.2847 -0.2106
v -0.1627 0.1684 0.0134
v -0.1659 0.2765 -0.0728
v -0.0284 -0.4002 0.0449
v -0.0258 -0.3944 0.0431
v -0.0439 -0.4073 0.0628
v -0.0235 0.2027 -0.1543
v 0.0321 0.4622 0.0459
v -0.0275 -0.1300 -0.2247
v -0.0508 0.0733 -0.1774
v -0.0395 0.1296 -0.1955
v -0.0360 0.1167 -0.1915
v -0.0468 0.1166 -0.1779
v -0.1095 0.1516 -0.1004
v -0.0269 0.1266 -0.2151
v -0.0219 0.0823 -0.1829
v -0.0399 0.1745 -0.1548
v -0.0216 0.1031 -0.1900
v -0.0671 0.1763 -0.1230
v -0.1210 0.1525 -0.0865
v -0.0221 0.1557 -0.1892
v -0.1365 -0.1256 -0.0023
v -0.1458 -0.0996 -0.0504
v -0.1332 -0.1975 -0.1632
v -0.1371 -0.1153 0.0067
v -0.1504 -0.1106 -0.0631
v -0.1205 -0.1911 -0.0843
v -0.1704 -0.1441 -0.1204
v -0.1742 -0.1584 -0.0996
v -0.1258 -0.0784 -0.0832
v -0.1298 -0.0648 -0.0666
v -0.1192 -0.1767 -0.0525
v -0.0902 -0.2448 -0.0693
v -0.1131 -0.1896 -0.1385
v -0.1152 -0.1780 -0.1546
v -0.1133 -0.1789 -0.1472
v -0.1249 -0.1656 -0.1640
v -0.1219 -0.1158 -0.1651
v -0.1357 -0.1890 -0.1729
v -0.1093 -0.1765 -0.1555
v -0.1133 -0.1789 -0.1472
v -0.1198 -0.1875 -0.1562
v -0.1099 -0.1128 -0.1785
v -0.1163 -0.0884 -0.1675
v -0.1275 -0.1355 -0.0411
v -0.1293 -0.0902 -0.0925
v -0.1265 -0.1380 -0.1595
v -0.1306 -0.1151 -0.1593
v -0.1555 -0.1921 -0.0854
v -0.1099 -0.1128 -0.1785
v -0.1152 -0.1780 -0.1546
v -0.1505 -0.1505 -0.1719
v -0.0622 -0.2512 -0.0404
v -0.0289 0.3173 -0.1883
v -0.1496 -0.1233 -0.0717
v -0.1651 -0.1404 -0.0858
v -0.1641 -0.1516 -0.0702
v -0.1133 -0.1789 -0.1472
v -0.1889 -0.2032 -0.1337
v -0.1243 -0.1187 0.0807
v -0.2058 -0.2470 -0.2117
v -0.1716 -0.1794 -0.0962
v -0.1714 -0.2764 -0.2401
v -0.1686 -0.2930 -0.2519
v 0.0131 0.1927 0.1936
v -0.1836 -0.1727 -0.1269
v -0.1766 -0.1696 -0.0987
v -0.1828 -0.1689 -0.1397
v -0.1325 -0.1562 -0.0419
v -0.1237 -0.1472 -0.0343
v -0.1628 -0.1592 -0.0664
v -0.1633 -0.1661 -0.1805
v -0.1529 -0.1777 -0.0664
v -0.0455 -0.1327 0.1525
v -0.1131 -0.1896 -0.1385
v -0.1141 -0.1919 -0.1292
v -0.1170 -0.1968 -0.1157
v -0.1206 -0.1674 -0.0417
v -0.1195 -0.1954 -0.1013
v -0.1205 -0.1911 -0.0843
v -0.0534 -0.1816 0.1133
v -0.0585 -0.2551 -0.0180
v -0.0570 -0.2575 -0.0494
v 0.0054 0.0221 0.1874
v 0.0155 0.0487 0.1904
v 0.0723 -0.4825 -0.1395
v 0.0730 -0.4570 -0.1484
v 0.0711 -0.4422 -0.1519
v -0.0098 -0.3780 -0.0265
v -0.0357 -0.3938 -0.0095
v 0.0381 -0.3896 0.0060
v -0.0945 -0.1812 0.0613
v -0.0204 -0.1990 0.1216
v -0.0275 -0.3725 -0.0566
v 0.0082 -0.3628 -0.0294
v 0.0038 -0.3571 -0.0223
v 0.0074 -0.3502 -0.0451
v 0.0073 -0.3480 -0.0455
v 0.0127 -0.3674 -0.0318
v -0.0210 -0.3844 -0.0207
v -0.0062 -0.3257 0.0007
v 0.0683 -0.4578 -0.1715
v 0.0456 -0.3829 0.0185
v -0.0455 -0.3887 0.0692
v -0.1206 -0.1674 -0.0417
v -0.1192 -0.1767 -0.0525
v -0.1205 -0.1911 -0.0843
v -0.1103 -0.1522 0.0642
v -0.0315 -0.4084 0.1045
v 0.0680 -0.4450 -0.1613
v -0.0488 -0.4018 0.0507
v -0.0479 -0.4038 0.0682
v 0.0328 -0.3868 -0.0234
v -0.0449 0.4601 -0.0716
v -0.0556 0.4683 -0.0542
v -0.0498 -0.3780 0.0195
v -0.0494 -0.3922 0.0658
v -0.1709 0.1276 0.0105
v -0.0485 -0.4014 0.0342
v -0.0488 -0.4018 0.0507
v -0.0485 -0.4014 0.0342
v -0.0435 -0.3552 -0.0349
v -0.1187 -0.1761 -0.0378
v 0.0163 0.2861 -0.1464
v -0.1345 0.2357 -0.0151
v 0.0138 0.3251 -0.1253
v 0.0213 0.3582 -0.0573
v 0.0042 0.3237 -0.1261
v -0.0013 0.3325 -0.1275
v -0.1583 0.2457 -0.0036
v 0.0496 0.3055 -0.1814
v -0.1767 -0.2941 -0.2286
v -0.1918 -0.3064 -0.2253
v -0.1885 -0.2920 -0.2157
v -0.1107 -0.0635 0.0875
v -0.1097 -0.0732 0.0939
v -0.2048 -0.3030 -0.2246
v -0.1722 -0.2836 -0.2293
v -0.2073 -0.2697 -0.2087
v -0.1714 -0.2764 -0.2401
v -0.2284 -0.2747 -0.2431
v -0.2230 -0.3062 -0.2364
v -0.1243 -0.1187 0.0807
v -0.2320 -0.2774 -0.2567
v -0.1942 -0.2688 -0.2804
v 0.0316 -0.3995 -0.0479
v -0.1590 0.1798 0.0421
v -0.1514 0.1772 0.0626
v -0.0612 0.4181 -0.1066
v -0.1345 0.2357 -0.0151
v -0.1275 0.3968 -0.1354
v -0.1121 0.4005 -0.1397
v 0.0113 0.3017 -0.1488
v -0.1325 0.2454 -0.0316
v 0.0175 0.1523 0.1887
v -0.0598 0.3353 -0.1386
v -0.1560 0.2555 0.0454
v 0.0073 0.3145 -0.1267
v 0.0086 0.3197 -0.1289
v -0.0019 0.2918 -0.1637
v 0.0113 0.3017 -0.1488
v 0.0171 0.2920 -0.1572
v -0.0013 0.3325 -0.1275
v -0.0023 0.3416 -0.1157
v 0.0071 0.2922 -0.1477
v -0.0021 0.3055 -0.1859
v -0.0427 0.3064 -0.1446
v -0.0443 0.3000 -0.1310
v 0.0086 0.3197 -0.1289
v 0.0296 0.4639 0.1209
v 0.0250 0.4616 0.0534
v 0.0295 0.4629 0.0641
v -0.0257 -0.0040 -0.2050
v 0.0292 0.4550 0.0314
v 0.0299 0.4440 0.0092
v 0.0081 0.4744 0.0148
v 0.0209 0.3826 -0.0373
v 0.0209 0.3826 -0.0373
v -0.0116 0.2150 -0.1526
v 0.0683 0.2999 -0.1330
v 0.0600 0.2911 -0.1355
v -0.0433 0.3141 -0.1309
v -0.0362 0.2914 -0.1292
v -0.0497 0.2926 -0.1237
v -0.0443 0.3000 -0.1310
v -0.1058 0.3492 -0.1713
v -0.0497 0.2926 -0.1237
v -0.0040 0.2434 -0.1414
v 0.0146 0.3695 -0.0507
v 0.0683 0.2999 -0.1330
v 0.0195 0.4656 0.0701
v -0.1580 0.1519 -0.0381
v 0.2011 0.1690 -0.0215
v 0.2028 0.1601 -0.0017
v -0.1093 -0.0523 0.0811
v 0.0981 -0.3785 0.0282
v 0.0687 -0.0336 0.1688
v 0.1563 0.0569 0.1203
v 0.1716 -0.1193 0.0972
v 0.0236 0.2385 0.1984
v -0.0285 -0.1019 0.1776
v -0.0008 -0.0325 0.1894
v 0.1550 -0.1401 0.0923
v -0.1028 -0.0931 0.1029
v 0.1402 -0.1439 0.1094
v -0.1223 -0.1045 0.0892
v -0.1150 0.0871 0.1029
v 0.1985 0.1260 -0.0674
v -0.1726 0.1371 0.0052
v -0.1574 0.1404 -0.0432
v -0.1684 0.1332 -0.0304
v 0.2063 0.1188 -0.0548
v 0.0131 0.1927 0.1936
v -0.0123 0.1621 0.1861
v -0.1395 0.1507 -0.0639
v 0.1848 0.1790 -0.0586
v -0.1568 0.1536 0.0529
v 0.0295 0.4629 0.0641
v 0.0250 0.4616 0.0534
v 0.0194 0.4646 0.0563
v 0.0085 -0.2003 -0.1801
v 0.0276 0.4703 0.1458
v -0.1320 0.4008 0.0529
v -0.1312 0.4275 0.0364
v 0.0296 0.4639 0.1209
v 0.0269 0.4670 0.0809
v 0.0276 0.4703 0.1458
v -0.0385 -0.2818 -0.0237
v -0.0055 0.3265 0.2603
v 0.1001 0.1873 0.2198
v 0.0443 0.4200 0.2375
v 0.0485 0.4296 0.2477
v -0.0399 -0.2455 -0.1243
v -0.1275 -0.0542 -0.1172
v 0.0902 -0.2098 -0.1222
v 0.1005 -0.2191 -0.1123
v 0.1810 0.3524 -0.1312
v 0.0714 0.3119 -0.1327
v -0.0467 -0.2611 -0.0844
v 0.1087 -0.4892 -0.1561
v 0.1183 0.2582 -0.2607
v 0.1354 -0.4039 -0.1541
v 0.1358 -0.3896 -0.1454
v 0.1382 -0.3432 0.0203
v 0.0306 -0.2442 -0.1624
v 0.0162 0.3170 -0.1772
v 0.1381 -0.4139 -0.1637
v 0.1332 -0.4078 -0.1450
v 0.0879 -0.3779 -0.1735
v 0.1148 -0.3030 -0.2961
v 0.0479 -0.3081 -0.2623
v 0.0479 -0.3081 -0.2623
v 0.0073 0.3145 -0.1267
v 0.0683 0.2999 -0.1330
v -0.0918 0.2670 -0.0918
v -0.1900 0.2332 -0.2336
v -0.1409 0.2623 -0.2665
v -0.1503 0.2487 -0.2653
v -0.1058 0.3492 -0.1713
v 0.0286 -0.3485 0.0227
v -0.2206 -0.3506 -0.2912
v -0.1328 -0.0393 -0.0749
v 0.0681 -0.4728 -0.1528
v 0.0059 -0.3446 -0.0481
v 0.0026 -0.3480 -0.0039
v -0.0805 0.3391 -0.1538
v -0.1644 -0.3178 -0.2916
v -0.1680 -0.2994 -0.2692
v 0.1033 -0.4649 -0.1777
v 0.1033 -0.4649 -0.1777
v 0.1033 -0.4649 -0.1777
v 0.1033 -0.4649 -0.1777
v 0.1033 -0.4649 -0.1777
v -0.0105 -0.2023 -0.2942
v 0.0598 -0.2023 -0.2942
v 0.0598 -0.1320 -0.2942
v -0.0105 -0.1320 -0.2942
vn -0.290 -0.089 -0.953
vn -0.399 -0.910 -0.117
vn -0.798 -0.528 -0.291
vn -0.270 -0.593 -0.758
vn 0.652 -0.056 -0.756
vn 0.944 -0.274 -0.186
vn 0.829 -0.465 -0.310
vn -0.123 -0.542 -0.831
vn -0.058 0.099 -0.993
vn -0.021 0.108 -0.994
vn 0.288 -0.709 -0.643
vn -0.129 -0.729 -0.672
vn 0.066 -0.664 -0.745
vn 0.284 -0.156 0.946
vn 0.318 0.225 0.921
vn 0.373 0.048 0.927
vn -0.078 -0.996 -0.034
vn 0.408 -0.635 -0.656
vn 0.594 -0.802 -0.066
vn 0.438 -0.898 -0.027
vn -0.603 -0.794 -0.069
vn 0.572 -0.582 -0.578
vn -0.523 0.455 -0.721
vn -0.586 -0.733 0.345
vn -0.607 -0.610 0.509
vn -0.587 -0.503 0.635
vn -0.471 0.503 -0.725
vn -0.269 0.744 -0.612
vn -0.246 0.660 -0.710
vn 0.148 -0.360 0.921
vn 0.718 -0.461 -0.521
vn -0.129 -0.123 0.984
vn -0.256 0.188 -0.948
vn -0.076 0.101 -0.992
vn -0.073 0.465 -0.882
vn 0.034 -0.180 -0.983
vn 0.209 -0.978 0.011
vn 0.010 -0.806 -0.592
vn -0.131 0.417 -0.900
vn -0.028 0.630 -0.776
vn 0.486 -0.530 0.694
vn 0.379 -0.567 0.731
vn 0.390 -0.513 0.765
vn -0.015 -0.387 -0.922
vn 0.092 -0.415 -0.905
vn -0.139 -0.010 -0.990
vn 0.959 0.196 0.205
vn 0.826 -0.124 0.550
vn 0.942 0.221 0.252
vn -0.133 0.858 -0.496
vn -0.707 -0.684 0.180
vn -0.772 -0.624 0.119
vn -0.740 -0.658 0.140
vn 0.721 -0.649 -0.244
vn 0.722 -0.659 -0.212
vn 0.898 -0.417 -0.138
vn 0.678 -0.734 -0.032
vn 0.594 -0.798 -0.103
vn 0.446 -0.777 0.444
vn 0.062 -0.168 0.984
vn -0.038 -0.216 0.976
vn 0.359 -0.585 0.727
vn 0.215 -0.270 0.939
vn 0.682 -0.711 0.168
vn 0.581 -0.549 0.601
vn 0.800 -0.551 0.237
vn -0.150 0.941 0.304
vn -0.192 0.605 0.772
vn 0.027 -0.346 0.938
vn 0.014 -0.903 0.430
vn -0.256 -0.965 0.058
vn -0.237 -0.929 0.285
vn 0.203 -0.424 0.883
vn 0.460 -0.409 0.788
vn -0.074 -0.990 0.119
vn 0.926 0.266 0.267
vn 0.958 0.242 0.154
vn 0.960 0.166 0.228
vn 0.387 0.259 -0.885
vn 0.555 0.279 -0.784
vn 0.518 0.441 -0.733
vn -0.011 1.000 0.003
vn 0.636 0.771 0.044
vn 0.403 0.723 0.562
vn -0.936 0.152 0.317
vn 0.725 0.633 0.270
vn 0.429 0.798 -0.422
vn -0.245 0.201 0.948
vn -0.458 -0.003 0.889
vn 0.732 0.297 0.613
vn 0.405 -0.368 0.837
vn 0.601 -0.384 0.701
vn 0.538 -0.082 0.839
vn 0.931 0.257 0.258
vn 0.951 0.282 0.125
vn -0.871 -0.243 0.427
vn -0.928 -0.252 0.276
vn -0.895 -0.186 0.406
vn -0.898 -0.354 0.260
vn 0.911 0.322 0.259
vn 0.379 -0.448 0.809
vn 0.468 -0.387 0.795
vn 0.184 -0.631 0.754
vn -0.839 -0.152 0.523
vn -0.706 0.023 0.708
vn -0.786 0.139 0.602
vn 0.958 0.267 0.101
vn -0.123 -0.563 0.817
vn -0.049 -0.527 0.849
vn 0.433 -0.522 0.735
vn -0.146 -0.600 0.787
vn 0.357 -0.436 0.826
vn -0.066 -0.304 0.951
vn 0.299 -0.470 0.831
vn -0.182 -0.497 0.849
vn 0.074 -0.257 0.964
vn -0.763 -0.612 0.206
vn -0.798 -0.546 0.257
vn -0.873 -0.487 0.029
vn -0.269 -0.572 0.775
vn 0.987 -0.158 0.002
vn 0.944 -0.228 -0.237
vn 0.990 0.085 -0.112
vn 0.419 -0.233 0.877
vn 0.188 -0.172 0.967
vn 0.151 -0.129 0.980
vn 0.321 0.156 0.934
vn -0.014 -0.226 0.974
vn -0.046 -0.240 0.970
vn 0.102 -0.084 0.991
vn 0.107 -0.327 0.939
vn -0.787 -0.362 -0.499
vn -0.292 -0.766 -0.573
vn -0.659 -0.569 -0.492
vn 0.622 -0.134 -0.771
vn -0.194 -0.927 0.322
vn -0.531 0.772 -0.349
vn 0.031 -0.936 0.351
vn 0.180 -0.913 0.366
vn 0.010 -0.765 0.644
vn 0.467 -0.509 0.723
vn 0.530 -0.557 0.640
vn 0.763 -0.508 0.400
vn 0.946 -0.318 0.066
vn 0.917 -0.169 0.362
vn 0.476 -0.508 0.717
vn 0.791 -0.567 0.230
vn -0.546 -0.821 -0.170
vn -0.283 -0.957 -0.066
vn -0.478 -0.876 -0.065
vn 0.859 -0.317 0.402
vn 0.922 0.040 -0.385
vn 0.640 0.140 -0.755
vn 0.760 -0.119 0.640
vn 0.452 0.334 0.827
vn -0.277 -0.368 0.888
vn 0.799 -0.046 0.599
vn 0.844 -0.145 0.516
vn 0.549 -0.256 0.796
vn -0.204 -0.973 -0.104
vn -0.518 0.855 0.027
vn -0.472 0.881 0.022
vn -0.343 0.937 -0.072
vn 0.510 0.502 -0.699
vn -0.997 -0.073 0.040
vn -0.377 0.076 -0.923
vn -0.752 -0.163 -0.638
vn 0.991 0.054 -0.121
vn 0.999 0.036 -0.032
vn 0.905 0.403 0.136
vn 0.885 0.189 0.426
vn 0.975 -0.034 -0.220
vn 0.855 0.321 0.408
vn 0.762 0.094 -0.641
vn 0.190 -0.184 -0.964
vn -0.507 -0.181 -0.843
vn 0.206 -0.238 -0.949
vn 0.999 0.001 0.052
vn -0.575 -0.732 0.367
vn -0.384 -0.868 0.314
vn -0.687 -0.223 0.691
vn -0.583 -0.415 0.698
vn -0.752 -0.438 0.493
vn 0.829 0.015 0.559
vn 0.813 0.200 0.547
vn -0.804 -0.272 0.529
vn -0.800 -0.589 -0.112
vn -0.806 -0.590 -0.055
vn 0.941 -0.200 0.273
vn 0.817 -0.072 0.572
vn -0.818 -0.564 -0.114
vn -0.672 -0.601 0.433
vn -0.839 -0.531 -0.119
vn 0.672 0.263 -0.692
vn -0.757 -0.161 -0.633
vn -0.334 -0.148 -0.931
vn 0.987 -0.163 -0.011
vn 0.761 -0.395 0.515
vn -0.465 -0.771 0.435
vn -0.639 -0.764 0.091
vn -0.182 -0.840 0.511
vn 0.990 -0.137 0.021
vn 0.964 -0.026 -0.264
vn 0.898 -0.056 -0.437
vn 0.889 -0.405 -0.214
vn -0.527 -0.374 -0.763
vn -0.434 -0.438 -0.788
vn -0.261 -0.317 -0.912
vn -0.408 -0.653 0.639
vn 0.763 -0.625 -0.165
vn 0.933 -0.253 -0.257
vn -0.651 -0.740 -0.167
vn -0.777 -0.593 -0.210
vn -0.655 -0.711 -0.256
vn -0.709 -0.699 0.096
vn 0.935 -0.012 -0.353
vn 0.901 -0.272 -0.337
vn -0.829 -0.374 -0.417
vn -0.715 -0.311 -0.626
vn 0.610 0.354 -0.709
vn 0.342 0.257 -0.904
vn 0.800 0.124 -0.587
vn 0.943 0.327 0.065
vn 0.975 0.191 0.116
vn -0.348 0.934 0.083
vn -0.394 0.919 -0.011
vn -0.568 0.756 0.326
vn 0.636 -0.130 0.761
vn 0.809 -0.577 0.117
vn 0.710 -0.595 0.376
vn -0.795 -0.399 0.457
vn -0.772 -0.507 0.383
vn -0.703 -0.582 0.409
vn 0.495 0.286 0.821
vn 0.677 0.242 0.695
vn 0.587 0.353 0.729
vn 0.071 -0.070 0.995
vn 0.856 -0.467 -0.221
vn 0.763 -0.181 -0.621
vn 0.769 -0.639 0.014
vn -0.892 -0.286 0.350
vn -0.903 -0.279 0.325
vn -0.384 -0.923 -0.022
vn -0.021 -0.930 -0.368
vn 0.359 -0.902 0.241
vn 0.735 0.025 0.677
vn 0.332 0.356 -0.873
vn 0.355 0.536 -0.765
vn 0.504 0.059 -0.862
vn 0.712 0.067 -0.699
vn -0.093 -0.383 0.919
vn 0.856 -0.206 0.473
vn 0.432 -0.118 -0.894
vn 0.038 -0.020 -0.999
vn -0.568 -0.371 -0.735
vn 0.090 -0.117 0.989
vn 0.152 -0.174 0.973
vn 0.144 -0.107 0.984
vn 0.534 -0.017 0.845
vn 0.639 -0.128 0.759
vn 0.820 0.038 0.571
vn 0.070 0.842 0.535
vn 0.190 0.730 0.656
vn 0.285 0.864 0.416
vn 0.279 -0.182 0.943
vn 0.177 -0.193 0.965
vn 0.297 -0.197 0.934
vn -0.974 -0.158 0.162
vn -0.983 -0.100 0.154
vn -0.984 -0.115 0.133
vn 0.816 -0.431 0.386
vn 0.764 -0.625 0.160
vn 0.536 -0.746 0.395
vn -0.353 0.517 0.780
vn -0.269 0.437 0.858
vn -0.218 0.654 0.724
vn -0.364 -0.914 -0.179
vn -0.431 -0.842 -0.326
vn -0.730 -0.677 -0.089
vn -0.681 -0.725 0.102
vn -0.689 -0.692 -0.218
vn -0.644 -0.765 -0.004
vn -0.625 -0.566 0.537
vn -0.302 -0.937 0.176
vn -0.101 -0.962 -0.252
vn -0.525 0.071 0.848
vn -0.721 0.034 0.692
vn -0.329 0.008 0.944
vn 0.551 -0.772 -0.317
vn 0.309 -0.749 -0.586
vn 0.134 -0.896 -0.423
vn 0.264 0.675 0.689
vn 0.133 0.450 0.883
vn 0.346 0.442 0.827
vn 0.289 -0.219 0.932
vn 0.224 -0.103 0.969
vn -0.306 -0.095 0.947
vn -0.178 -0.162 0.971
vn -0.373 0.154 0.915
vn -0.325 0.296 0.898
vn -0.251 0.349 0.903
vn -0.005 0.973 0.232
vn 0.609 0.753 0.249
vn 0.230 0.938 0.258
vn 0.012 0.898 0.441
vn -0.148 0.829 0.539
vn 0.381 0.788 0.483
vn 0.057 0.987 0.152
vn -0.327 0.080 -0.942
vn -0.121 0.126 -0.985
vn -0.260 0.186 -0.948
vn 0.115 -0.085 0.990
vn 0.187 0.068 0.980
vn 0.164 0.010 0.986
vn -0.537 0.139 0.832
vn -0.844 0.073 0.532
vn -0.636 0.021 0.771
vn 0.529 0.821 0.215
vn -0.202 0.961 0.187
vn -0.614 0.789 0.002
vn -0.536 0.805 0.256
vn -0.374 0.254 0.892
vn 0.061 -0.647 0.760
vn -0.439 -0.065 0.896
vn -0.010 -0.666 -0.746
vn -0.167 -0.603 -0.780
vn 0.012 -0.505 -0.863
vn 0.717 -0.043 -0.696
vn 0.600 -0.006 -0.800
vn 0.625 -0.072 -0.777
vn 0.297 0.288 0.910
vn 0.795 0.328 0.511
vn 0.064 0.653 0.755
vn -0.558 0.608 0.564
vn -0.456 0.322 0.830
vn -0.394 -0.919 0.015
vn -0.144 -0.989 -0.034
vn -0.129 0.094 0.987
vn 0.267 0.557 0.786
vn -0.305 0.248 0.920
vn 0.391 0.416 0.821
vn 0.650 0.511 0.563
vn 0.168 -0.010 0.986
vn 0.328 0.262 0.908
vn -0.782 -0.610 0.128
vn -0.410 -0.118 0.904
vn 0.296 0.296 0.908
vn 0.569 0.469 0.676
vn -0.710 -0.602 0.364
vn 0.619 0.762 0.188
vn 0.888 0.260 0.378
vn 0.849 0.484 0.213
vn 0.953 0.261 0.152
vn 0.882 0.406 0.241
vn 0.328 -0.170 0.929
vn 0.176 -0.190 0.966
vn 0.178 -0.138 0.974
vn 0.331 0.943 0.034
vn 0.758 0.650 -0.050
vn 0.732 0.675 -0.089
vn 0.123 -0.875 0.469
vn -0.211 -0.125 0.969
vn -0.277 -0.519 0.809
vn 0.188 -0.552 0.812
vn 0.527 0.844 -0.098
vn 0.499 0.862 0.087
vn 0.571 0.818 -0.069
vn -0.492 0.169 0.854
vn -0.446 0.244 0.861
vn -0.227 -0.128 0.965
vn -0.248 -0.129 0.960
vn -0.248 -0.029 0.968
vn -0.186 0.354 0.916
vn 0.121 -0.012 0.993
vn -0.426 -0.000 0.905
vn -0.362 0.124 0.924
vn -0.424 0.232 0.875
vn 0.439 0.015 0.898
vn 0.196 -0.094 0.976
vn 0.658 -0.172 -0.733
vn 0.525 -0.712 -0.467
vn 0.709 -0.250 -0.660
vn 0.231 -0.188 0.955
vn -0.035 -0.026 0.999
vn -0.945 0.054 0.322
vn -0.963 0.021 0.268
vn -0.753 0.258 0.605
vn 0.591 -0.620 0.516
vn 0.392 0.283 0.876
vn 0.057 -0.162 0.985
vn -0.922 -0.386 0.006
vn -0.927 -0.338 0.164
vn 0.655 -0.031 -0.755
vn 0.720 -0.070 -0.691
vn 0.305 0.900 0.312
vn 0.428 0.864 0.266
vn 0.815 0.533 -0.229
vn 0.047 0.623 0.781
vn -0.009 0.355 0.935
vn -0.142 0.990 0.024
vn -0.209 0.808 -0.550
vn -0.522 -0.118 -0.844
vn -0.765 -0.571 -0.298
vn -0.863 -0.231 -0.449
vn -0.724 0.685 -0.083
vn -0.762 0.641 -0.088
vn 0.270 -0.229 0.935
vn 0.333 -0.736 0.589
vn -0.397 0.173 0.901
vn -0.387 0.497 0.776
vn -0.503 0.133 0.854
vn 0.433 0.026 0.901
vn 0.632 0.134 0.763
vn -0.269 -0.087 0.959
vn -0.298 0.217 0.930
vn -0.300 0.247 0.921
vn -0.342 -0.505 -0.792
vn -0.505 -0.527 -0.684
vn 0.975 -0.172 0.141
vn 0.963 -0.071 0.260
vn 0.988 0.006 0.154
vn -0.861 -0.457 -0.224
vn -0.949 -0.211 -0.236
vn -0.914 -0.363 -0.184
vn -0.250 0.153 0.956
vn 0.919 0.394 0.015
vn 0.039 0.102 0.994
vn -0.147 -0.352 0.924
vn -0.015 0.134 0.991
vn -0.026 -0.024 0.999
vn 0.479 0.224 0.848
vn 0.438 -0.133 0.889
vn 0.586 0.484 0.650
vn -0.461 0.247 0.852
vn -0.309 0.125 0.943
vn 0.325 -0.082 0.942
vn 0.166 0.104 0.981
vn -0.014 0.739 0.673
vn -0.052 0.778 0.626
vn -0.169 -0.871 0.461
vn 0.077 -0.770 0.633
vn 0.103 -0.577 0.810
vn -0.125 -0.035 0.992
vn 0.437 -0.144 -0.888
vn 0.496 -0.035 -0.868
vn 0.242 -0.060 -0.968
vn 0.940 0.077 -0.331
vn 0.104 0.596 0.797
vn 0.986 -0.071 -0.148
vn 0.058 -0.448 0.892
vn -0.139 0.065 0.988
vn -0.243 0.357 -0.902
vn -0.234 0.343 -0.910
vn -0.083 0.617 -0.783
vn -0.383 0.769 0.511
vn 0.133 0.520 0.844
vn 0.346 0.933 -0.098
vn -0.764 -0.497 0.411
vn -0.370 0.450 0.813
vn 0.799 -0.121 -0.590
vn 0.553 -0.208 -0.806
vn -0.324 0.266 0.908
vn 0.560 0.826 -0.065
vn 0.720 0.689 0.080
vn 0.672 0.468 0.574
vn -0.289 0.459 0.840
vn -0.242 0.351 0.905
vn -0.267 0.366 0.891
vn -0.031 0.060 0.998
vn -0.073 0.710 0.700
vn 0.069 0.810 0.583
vn -0.133 0.855 0.502
vn -0.366 0.295 0.883
vn -0.251 0.528 0.811
vn -0.999 -0.025 0.045
vn -0.949 0.137 -0.283
vn -0.871 0.310 0.381
vn -0.328 -0.680 0.656
vn 0.184 -0.933 0.309
vn -0.613 -0.421 -0.669
vn -0.532 -0.837 -0.130
vn -0.531 -0.528 -0.663
vn -0.542 0.107 0.834
vn -0.346 -0.938 -0.005
vn 0.479 -0.671 -0.566
vn -0.404 -0.844 0.353
vn -0.399 -0.121 0.909
vn -0.750 0.498 0.436
vn 0.058 0.912 0.406
vn -0.241 0.901 0.362
vn -0.418 0.809 0.414
vn -0.922 0.333 0.198
vn -0.695 0.196 -0.692
vn -0.130 -0.091 0.987
vn -0.124 -0.112 0.986
vn -0.166 -0.134 0.977
vn 0.347 0.921 -0.176
vn 0.573 0.669 0.474
vn 0.484 0.807 0.338
vn -0.759 -0.609 -0.230
vn 0.968 -0.139 0.209
vn 0.870 0.381 0.312
vn 0.366 0.738 -0.567
vn 0.061 0.645 -0.762
vn -0.912 0.241 0.333
vn 0.016 -0.014 1.000
vn 0.420 0.206 -0.884
vn 0.456 -0.011 -0.890
vn 0.207 -0.112 -0.972
vn -0.061 0.084 0.995
vn 0.274 -0.154 0.949
vn 0.560 -0.173 0.810
vn 0.281 -0.304 -0.910
vn 0.265 -0.429 -0.864
vn 0.101 0.933 -0.346
vn -0.091 -0.127 0.988
vn 0.040 -0.340 0.940
vn 0.584 -0.052 0.810
vn 0.261 0.015 0.965
vn -0.549 0.158 0.821
vn 0.158 0.119 -0.980
vn -0.039 0.361 -0.932
vn -0.272 0.190 -0.943
vn 0.914 -0.200 -0.352
vn 0.934 0.091 -0.346
vn 0.741 0.355 0.571
vn 0.468 -0.103 0.878
vn -0.951 0.135 0.278
vn -0.963 -0.269 0.014
vn 0.184 0.894 -0.408
vn -0.306 -0.154 0.940
vn 0.388 -0.311 0.868
vn 0.251 -0.458 0.853
vn -0.026 0.974 0.227
vn -0.204 0.908 0.367
vn 0.200 0.903 0.381
vn -0.887 0.148 -0.438
vn -0.958 -0.183 0.220
vn -0.557 -0.581 0.594
vn 0.168 -0.059 0.984
vn 0.111 -0.211 0.971
vn -0.858 0.302 -0.415
vn 0.980 -0.044 0.196
vn 0.909 0.364 0.202
vn -0.521 0.199 0.830
vn -0.211 0.286 0.935
vn 0.058 -0.311 -0.949
vn 0.937 -0.307 0.165
vn 0.928 -0.348 -0.135
vn 0.822 -0.320 0.470
vn -0.281 0.045 -0.959
vn -0.294 -0.140 -0.946
vn -0.446 -0.224 -0.867
vn 0.858 -0.219 0.465
vn 0.799 0.393 0.455
vn 0.694 0.695 0.188
vn 0.596 0.796 0.101
vn -0.162 0.302 -0.940
vn 0.190 0.378 -0.906
vn 0.035 0.170 -0.985
vn 0.195 0.541 0.818
vn 0.138 0.483 0.865
vn 0.744 -0.241 0.623
vn -0.352 0.114 -0.929
vn -0.601 0.013 -0.799
vn 0.560 0.173 0.810
vn 0.627 0.330 0.706
vn 0.794 0.588 -0.154
vn 0.196 0.201 0.960
vn 0.495 -0.859 -0.128
vn 0.278 0.784 -0.555
vn 0.282 -0.173 0.944
vn 0.217 -0.476 -0.852
vn 0.575 -0.485 -0.659
vn 0.595 0.168 -0.786
vn 0.213 -0.006 0.977
vn -0.530 0.209 -0.822
vn 0.709 -0.199 -0.677
vn -0.992 0.089 0.091
vn 0.445 0.041 -0.895
vn 0.629 -0.015 -0.777
vn 0.517 0.102 -0.850
vn 0.607 0.531 -0.591
vn 0.132 0.781 -0.610
vn 0.831 0.554 -0.055
vn -0.495 -0.192 -0.848
vn -0.409 -0.816 -0.408
vn 0.823 -0.566 0.041
vn 0.515 -0.856 -0.047
vn 0.472 -0.878 0.077
vn 0.498 -0.101 -0.861
vn -0.216 -0.641 0.736
vn -0.057 -0.868 0.494
vn -0.070 0.719 -0.692
vn -0.132 0.697 -0.705
vn -0.094 0.845 -0.527
vn -0.247 -0.715 0.654
vn -0.103 -0.863 0.495
vn -0.286 -0.827 0.484
vn -0.751 -0.660 0.007
vn -0.706 -0.531 -0.469
vn -0.239 0.355 0.904
vn -0.077 -0.077 -0.994
vn -0.020 0.104 -0.994
vn 0.675 0.029 0.737
vn 0.972 -0.172 0.163
vn 0.408 -0.139 0.902
vn -0.399 -0.038 0.916
vn -0.345 0.094 0.934
vn 0.602 0.778 0.180
vn 0.556 0.793 0.247
vn 0.461 0.811 0.361
vn 0.591 -0.674 -0.443
vn -0.139 -0.492 0.860
vn 0.806 -0.515 -0.291
vn -0.370 0.356 0.858
vn 0.002 -0.551 -0.834
vn -0.909 -0.416 -0.008
vn -0.784 -0.262 -0.562
vn 0.303 -0.951 -0.068
vn 0.482 0.678 0.555
vn 0.978 0.051 0.202
vn 0.910 0.032 0.412
vn -0.431 -0.252 -0.866
vn -0.410 -0.147 -0.900
vn -0.027 -0.845 -0.534
vn -0.160 -0.016 0.987
vn -0.215 0.066 0.974
vn -0.560 -0.799 -0.217
vn -0.549 -0.451 -0.703
vn 0.860 -0.114 0.497
vn -0.341 -0.184 -0.922
vn -0.278 0.075 -0.958
vn 0.444 -0.035 0.895
vn 0.196 -0.234 0.952
vn 0.137 0.075 0.988
vn -0.426 0.870 0.246
vn -0.491 0.865 0.103
vn -0.411 0.857 0.310
vn -0.519 -0.271 0.810
vn -0.582 -0.519 -0.626
vn 0.804 0.431 0.409
vn -0.311 0.280 -0.908
vn -0.429 -0.794 -0.430
vn -0.095 0.567 -0.818
vn 0.423 -0.560 -0.712
vn 0.334 -0.453 -0.826
vn 0.382 -0.474 -0.793
vn 0.435 0.211 -0.875
vn 0.125 -0.444 0.887
vn 0.147 -0.324 0.935
vn -0.941 0.036 0.337
vn -0.932 0.085 0.351
vn -0.489 0.846 0.212
vn -0.438 0.809 0.392
vn -0.079 0.822 -0.563
vn -0.215 0.633 -0.744
vn -0.073 -0.021 0.997
vn 0.499 -0.524 -0.690
vn 0.394 -0.635 -0.664
vn 0.138 0.990 -0.011
vn 0.611 0.791 -0.014
vn 0.618 0.779 0.100
vn -0.688 0.718 -0.106
vn -0.698 0.716 -0.028
vn 0.988 -0.120 0.097
vn -0.670 -0.572 -0.474
vn -0.603 -0.498 -0.623
vn -0.090 0.912 -0.399
vn 0.091 0.604 0.792
vn 0.102 0.963 0.251
vn -0.437 -0.805 -0.402
vn -0.141 0.447 -0.884
vn 0.298 -0.514 -0.804
vn 0.105 0.752 -0.651
vn -0.180 0.653 -0.736
vn -0.811 0.543 0.219
vn -0.815 0.553 0.174
vn -0.343 0.932 0.122
vn -0.178 0.279 -0.944
vn -0.995 0.009 0.102
vn -0.983 -0.084 0.161
vn 0.292 -0.674 -0.679
vn 0.110 0.979 0.173
vn 0.066 0.952 0.298
vn -0.909 -0.174 0.378
vn -0.790 -0.482 0.379
vn -0.614 0.778 0.136
vn 0.819 0.573 0.043
vn 0.515 0.851 0.099
vn -0.524 0.849 -0.063
vn -0.553 0.830 -0.073
vn 0.292 0.781 0.552
vn 0.643 0.402 0.651
vn -0.438 -0.368 -0.820
vn -0.378 -0.094 -0.921
vn -0.324 0.796 0.512
vn 0.716 0.311 0.625
vn 0.281 0.960 0.007
vn 0.435 -0.229 0.871
vn -0.365 0.727 0.581
vn -0.411 0.534 0.739
vn 0.339 0.853 0.398
vn -0.387 0.853 0.351
vn -0.420 0.790 0.446
vn 0.360 0.783 0.507
vn -0.826 0.555 0.104
vn -0.828 0.558 0.046
vn -0.508 -0.733 0.452
vn 0.793 0.152 -0.590
vn -0.028 0.001 1.000
vn 0.137 0.276 0.951
vn 0.210 0.344 0.915
vn -0.250 0.865 0.434
vn -0.557 0.398 0.729
vn -0.675 0.157 0.721
vn -0.832 0.302 0.464
vn -0.719 0.636 0.279
vn -0.454 -0.443 0.773
vn -0.386 -0.150 0.910
vn -0.757 -0.161 0.633
vn -0.281 0.283 0.917
vn 0.328 0.838 0.437
vn 0.211 0.873 0.439
vn 0.303 0.902 0.306
vn 0.628 0.262 0.733
vn 0.061 0.760 0.647
vn -0.123 0.890 0.439
vn -0.845 0.505 0.177
vn 0.135 -0.132 0.982
vn -0.097 0.995 0.035
vn 0.573 0.741 0.349
vn 0.185 0.320 0.929
vn 0.114 0.055 0.992
vn -0.004 0.002 1.000
vn 0.014 0.023 1.000
vn -0.045 0.001 0.999
vn -0.462 -0.035 0.886
vn -0.145 0.074 0.987
vn 0.409 0.870 0.275
vn 0.519 0.066 0.852
vn 0.272 0.282 0.920
vn -0.031 -0.086 0.996
vn 0.179 0.399 0.899
vn -0.242 0.855 0.459
vn -0.293 0.956 -0.013
vn -0.085 0.018 0.996
vn -0.188 0.279 0.942
vn 0.608 0.460 0.647
vn -0.229 0.945 -0.235
vn 0.042 0.998 -0.037
vn -0.189 0.970 -0.153
vn -0.374 0.676 0.634
vn -0.299 0.851 0.432
vn -0.983 0.177 0.054
vn 0.326 0.338 0.883
vn -0.576 -0.050 0.816
vn 0.622 -0.513 0.592
vn 0.694 -0.090 0.714
vn 0.023 -0.770 0.638
vn 0.253 -0.809 0.530
vn 0.015 -0.872 0.490
vn -0.646 0.730 0.222
vn -0.491 0.866 0.092
vn 0.458 0.875 -0.155
vn -0.352 0.930 -0.109
vn -0.095 0.961 0.261
vn 0.221 -0.927 0.303
vn -0.735 0.678 0.003
vn -0.640 -0.054 0.766
vn 0.441 -0.798 -0.411
vn 0.766 -0.442 0.466
vn 0.026 -0.534 0.845
vn 0.768 0.621 -0.157
vn 0.582 0.811 0.062
vn 0.752 0.659 0.018
vn 0.947 0.017 0.321
vn 0.211 0.975 0.073
vn 0.251 0.967 0.044
vn -0.174 0.971 0.167
vn -0.169 0.544 0.822
vn 0.329 0.067 0.942
vn -0.972 0.064 0.225
vn -0.347 0.897 0.275
vn -0.382 -0.683 0.622
vn -0.612 -0.525 0.592
vn -0.849 -0.427 -0.310
vn 0.213 -0.526 0.824
vn -0.992 0.041 0.117
vn -0.537 0.825 0.178
vn -0.595 -0.149 -0.790
vn -0.339 0.116 -0.933
vn -0.731 -0.094 -0.676
vn -0.197 -0.386 0.901
vn -0.194 -0.214 0.957
vn -0.944 0.063 -0.323
vn -0.278 -0.234 0.932
vn -0.287 -0.263 0.921
vn 0.109 0.986 -0.130
vn -0.100 0.994 0.039
vn -0.549 -0.245 -0.799
vn 0.089 0.868 0.488
vn 0.926 0.372 0.063
vn -0.386 0.913 -0.134
vn -0.511 0.855 0.090
vn 0.158 0.985 -0.070
vn -0.595 -0.525 -0.609
vn 0.986 -0.064 0.154
vn 0.998 0.040 0.040
vn -0.061 0.974 -0.218
vn -0.479 0.868 -0.130
vn 0.227 0.950 0.215
vn 0.534 0.839 -0.099
vn -0.186 -0.137 0.973
vn -0.162 0.143 -0.976
vn -0.813 0.559 0.161
vn -0.954 -0.138 0.264
vn -0.973 -0.117 0.197
vn -0.945 -0.279 0.171
vn -0.294 0.155 -0.943
vn -0.323 0.173 -0.930
vn -0.154 0.258 -0.954
vn -0.581 -0.754 -0.306
vn -0.380 -0.855 -0.354
vn -0.438 -0.804 -0.403
vn 0.338 0.068 -0.939
vn 0.423 -0.024 -0.906
vn 0.198 0.145 -0.969
vn -0.667 0.047 -0.743
vn -0.505 -0.005 -0.863
vn -0.419 -0.066 -0.905
vn -0.424 0.078 -0.903
vn -0.532 0.058 -0.845
vn -0.390 -0.336 -0.857
vn -0.537 -0.290 -0.792
vn -0.272 -0.581 -0.767
vn 0.872 0.183 0.453
vn 0.940 -0.005 0.341
vn 0.914 -0.116 0.389
vn -0.236 -0.543 -0.806
vn -0.377 -0.229 -0.897
vn -0.535 -0.049 -0.844
vn -0.501 -0.139 -0.854
vn -0.545 -0.351 -0.761
vn -0.491 -0.614 -0.618
vn -0.663 -0.301 -0.685
vn -0.358 -0.415 -0.836
vn -0.446 -0.057 -0.893
vn -0.656 -0.396 0.643
vn -0.534 -0.367 0.762
vn -0.492 -0.533 0.689
vn 0.093 0.125 -0.988
vn -0.021 0.124 -0.992
vn -0.012 0.266 -0.964
vn -0.173 0.278 -0.945
vn -0.353 -0.158 0.922
vn -0.456 -0.285 0.843
vn -0.559 -0.035 0.829
vn 0.601 -0.229 -0.766
vn 0.496 -0.429 -0.755
vn 0.474 -0.436 -0.765
vn 0.239 0.077 -0.968
vn 0.262 0.080 -0.962
vn 0.497 -0.022 -0.868
vn -0.105 -0.586 -0.804
vn 0.586 -0.188 -0.788
vn 0.270 -0.168 -0.948
vn 0.553 -0.264 -0.790
vn 0.532 -0.157 -0.832
vn 0.432 0.017 -0.902
vn 0.803 -0.230 -0.550
vn 0.794 -0.114 -0.597
vn 0.839 -0.193 -0.509
vn 0.226 -0.802 0.552
vn 0.188 -0.829 0.526
vn 0.260 -0.809 0.528
vn 0.183 0.661 -0.728
vn 0.471 0.548 -0.691
vn 0.271 0.646 -0.714
vn -0.857 0.399 -0.326
vn -0.607 0.590 -0.533
vn -0.794 0.525 -0.306
vn -0.726 -0.688 0.006
vn -0.696 -0.696 0.174
vn -0.798 -0.602 -0.016
vn 0.995 0.066 -0.080
vn 0.990 0.107 -0.096
vn 0.987 0.160 -0.025
vn -0.811 0.308 -0.498
vn -0.815 0.263 -0.516
vn -0.852 0.222 -0.475
vn -0.969 0.233 -0.087
vn -0.934 0.239 -0.265
vn -0.852 0.295 -0.433
vn -0.982 -0.145 -0.124
vn -0.822 -0.255 -0.509
vn -0.908 -0.414 0.071
vn -0.992 0.047 -0.121
vn 0.075 -0.756 -0.651
vn -0.053 -0.646 -0.761
vn -0.207 -0.579 -0.788
vn -0.466 0.396 -0.791
vn -0.337 0.351 -0.874
vn -0.568 0.240 -0.788
vn 0.016 -0.339 0.941
vn -0.286 -0.251 0.925
vn 0.266 -0.648 0.713
vn 0.633 0.279 -0.722
vn 0.706 0.292 -0.645
vn 0.749 0.215 -0.627
vn -0.843 0.120 -0.524
vn -0.884 -0.049 -0.465
vn -0.912 -0.062 -0.406
vn -0.917 -0.020 -0.399
vn 0.328 -0.909 0.258
vn 0.358 -0.866 0.349
vn 0.526 -0.794 0.305
vn -0.751 0.657 0.061
vn -0.745 0.611 -0.269
vn -0.656 0.713 -0.246
vn -0.737 0.219 -0.639
vn -0.782 0.056 -0.621
vn -0.785 0.249 -0.568
vn 0.201 0.311 -0.929
vn 0.432 0.243 -0.869
vn 0.418 0.148 -0.896
vn 0.685 -0.098 -0.722
vn 0.544 0.124 -0.830
vn 0.657 -0.073 -0.750
vn -0.750 0.432 -0.501
vn -0.797 0.329 -0.506
vn -0.757 0.384 -0.529
vn -0.643 0.321 -0.695
vn -0.727 0.296 -0.619
vn 0.658 -0.243 0.713
vn 0.591 -0.080 0.803
vn 0.728 -0.113 0.676
vn -0.881 -0.057 0.469
vn -0.911 -0.110 0.397
vn -0.913 0.080 0.400
vn -0.951 0.307 0.045
vn -0.921 0.260 -0.289
vn -0.978 0.166 -0.126
vn 0.636 0.328 -0.698
vn 0.683 0.309 -0.662
vn 0.746 0.250 -0.618
vn -0.959 0.198 -0.205
vn -0.981 0.135 -0.136
vn -0.992 0.129 -0.018
vn 0.953 -0.283 -0.109
vn 0.995 -0.059 -0.084
vn 0.983 -0.058 0.172
vn 0.890 0.138 -0.435
vn 0.823 0.259 -0.506
vn 0.625 0.300 -0.720
vn 0.124 0.628 -0.768
vn 0.245 0.623 -0.743
vn 0.325 0.657 -0.680
vn -0.946 0.038 -0.322
vn -0.916 0.109 -0.386
vn -0.880 0.011 -0.476
vn 0.828 0.308 -0.469
vn 0.933 0.176 -0.315
vn 0.785 0.260 -0.562
vn 0.963 0.203 -0.178
vn 0.984 0.175 -0.018
vn 0.975 0.211 0.063
vn 0.990 0.115 -0.084
vn 0.988 0.099 0.118
vn -0.133 -0.426 0.895
vn 0.039 -0.786 0.617
vn -0.129 -0.646 0.752
vn -0.101 0.229 -0.968
vn -0.059 -0.085 -0.995
vn -0.047 0.134 -0.990
vn -0.963 -0.008 0.271
vn -0.813 -0.108 0.572
vn -0.843 -0.130 0.522
vn -0.835 -0.174 0.521
vn 0.878 -0.096 0.468
vn 0.835 -0.029 0.550
vn 0.827 -0.015 0.563
vn 0.551 -0.606 -0.573
vn 0.558 -0.772 -0.304
vn -0.002 -0.966 -0.258
vn 0.692 0.181 -0.699
vn 0.605 0.220 -0.765
vn 0.331 0.449 -0.830
vn 0.163 0.357 -0.920
vn 0.372 0.488 -0.789
vn 0.492 0.603 -0.628
vn 0.694 0.244 -0.677
vn -0.863 0.127 -0.488
vn -0.834 -0.344 -0.432
vn -0.830 -0.155 -0.536
vn -0.617 -0.602 0.507
vn -0.915 -0.393 -0.089
vn -0.907 -0.359 -0.222
vn -0.935 -0.131 -0.330
vn 0.867 -0.493 -0.080
vn 0.911 -0.404 0.082
vn 0.841 -0.539 0.051
vn 0.633 0.080 -0.770
vn -0.907 0.182 -0.380
vn 0.926 0.144 -0.349
vn 0.856 0.137 -0.498
vn 0.809 0.117 -0.576
vn 0.931 -0.015 -0.365
vn 0.807 0.078 -0.585
vn 0.977 0.155 -0.145
vn 0.989 0.134 -0.057
vn 0.974 0.093 -0.205
vn -0.998 0.063 -0.009
vn -0.976 0.014 0.218
vn -0.984 0.092 0.151
vn -0.998 -0.032 0.052
vn -0.868 -0.014 0.497
vn -0.923 0.065 0.379
vn -0.878 -0.005 0.478
vn 0.947 0.184 -0.262
vn -0.959 0.067 0.275
vn -0.949 0.081 0.306
vn -0.796 -0.446 0.409
vn -0.723 -0.402 0.562
vn -0.796 -0.350 0.494
vn 0.994 0.078 0.071
vn 0.472 0.124 -0.873
vn 0.589 0.288 -0.755
vn -0.840 0.009 0.543
vn -0.856 0.050 0.515
vn -0.816 0.025 0.578
vn -0.935 0.140 0.325
vn 0.972 0.109 0.209
vn 0.948 0.143 0.285
vn 0.937 0.146 0.318
vn 0.974 0.175 0.141
vn 0.825 0.425 -0.371
vn 0.686 0.481 -0.547
vn 0.848 0.409 -0.336
vn -0.867 -0.100 0.489
vn -0.898 0.002 0.441
vn -0.900 -0.195 0.391
vn 0.938 0.133 0.321
vn 0.659 -0.329 0.677
vn 0.424 -0.502 0.754
vn 0.564 -0.245 0.789
vn 0.822 -0.097 0.561
vn 0.806 -0.011 0.592
vn 0.800 -0.088 0.593
vn 0.895 -0.072 0.440
vn 0.905 -0.174 0.389
vn -0.759 0.038 0.650
vn -0.776 -0.077 0.626
vn 0.889 -0.205 -0.410
vn 0.865 -0.497 -0.069
vn 0.698 -0.709 -0.095
vn 0.674 -0.180 -0.716
vn -0.858 -0.242 -0.452
vn 0.597 -0.269 -0.756
vn 0.732 -0.234 -0.640
vn -0.859 -0.143 -0.492
vn 0.137 -0.140 0.981
vn 0.183 -0.060 0.981
vn 0.206 -0.152 0.967
vn 0.856 -0.271 0.441
vn 0.876 -0.374 0.304
vn 0.876 -0.251 0.411
vn 0.868 -0.144 0.476
vn 0.890 0.026 0.456
vn 0.797 -0.202 0.570
vn 0.777 -0.176 0.604
vn 0.960 -0.195 -0.199
vn 0.616 -0.071 -0.784
vn 0.662 -0.171 -0.730
vn -0.919 -0.163 -0.359
vn -0.920 -0.323 -0.224
vn -0.973 -0.190 -0.131
vn -0.905 -0.050 -0.424
vn -0.968 -0.049 -0.246
vn 0.863 0.049 0.503
vn 0.871 0.041 0.489
vn 0.722 0.092 -0.685
vn 0.743 -0.017 -0.669
vn 0.825 -0.104 -0.556
vn -0.989 -0.032 -0.148
vn -0.995 0.073 -0.060
vn 0.774 -0.369 -0.514
vn 0.885 -0.288 -0.366
vn 0.873 -0.458 -0.167
vn 0.787 -0.220 -0.576
vn -0.964 0.079 -0.255
vn 0.874 -0.486 0.022
vn 0.803 -0.557 -0.212
vn 0.730 -0.658 -0.183
vn 0.838 0.390 0.380
vn 0.827 0.420 0.375
vn 0.703 0.458 0.545
vn -0.687 -0.669 0.284
vn -0.772 -0.565 0.290
vn -0.822 -0.524 0.223
vn -0.791 -0.574 0.213
vn -0.953 -0.295 0.076
vn -0.975 0.062 -0.211
vn 0.646 -0.399 -0.651
vn 0.605 -0.497 -0.623
vn 0.761 0.057 -0.646
vn 0.825 -0.491 -0.282
vn 0.809 -0.425 -0.406
vn 0.019 -0.963 0.270
vn 0.163 -0.965 0.207
vn 0.056 -0.995 -0.085
vn -0.874 -0.424 -0.236
vn 0.948 -0.227 0.221
vn 0.984 -0.104 0.143
vn 0.919 -0.153 0.365
vn -0.820 -0.496 0.285
vn -0.945 -0.282 0.166
vn -0.966 -0.202 0.162
vn -0.903 -0.288 0.318
vn -0.922 0.262 0.284
vn -0.820 0.342 0.460
vn -0.863 0.216 0.457
vn -0.987 -0.161 -0.008
vn 0.801 -0.433 -0.414
vn 0.401 -0.779 -0.483
vn 0.446 -0.859 -0.252
vn -0.809 -0.305 0.502
vn -0.830 -0.317 0.459
vn -0.830 -0.321 0.457
vn 0.462 -0.034 0.886
vn 0.394 -0.053 0.918
vn 0.503 0.054 0.862
vn 0.845 -0.416 0.335
vn -0.162 -0.327 -0.931
vn 0.892 0.102 0.440
vn 0.902 -0.284 0.326
vn 0.204 0.008 0.979
vn 0.570 -0.073 0.819
vn 0.557 0.051 0.829
vn -0.741 -0.146 0.656
vn -0.858 -0.101 0.503
vn -0.761 -0.093 0.642
vn -0.784 -0.264 0.561
vn -0.232 -0.460 0.857
vn -0.689 -0.324 0.649
vn -0.742 -0.268 0.615
vn -0.714 -0.310 0.627
vn -0.777 -0.186 0.602
vn 0.837 0.139 0.530
vn -0.583 0.103 -0.806
vn -0.359 0.230 -0.905
vn -0.956 -0.262 0.131
vn -0.922 -0.386 0.041
vn -0.851 -0.497 0.168
vn 0.293 -0.911 0.290
vn -0.422 -0.651 0.631
vn -0.745 0.186 0.640
vn -0.952 -0.013 0.307
vn -0.803 -0.059 0.593
vn -0.907 0.050 0.418
vn -0.892 -0.214 0.399
vn 0.679 -0.433 -0.593
vn 0.737 -0.304 -0.604
vn 0.628 -0.308 -0.715
vn 0.756 -0.170 -0.632
vn -0.850 0.273 -0.452
vn -0.665 -0.422 0.616
vn -0.611 -0.520 0.597
vn -0.643 -0.563 0.519
vn -0.967 -0.141 -0.211
vn 0.931 0.068 0.360
vn 0.883 0.026 0.468
vn 0.976 -0.121 0.179
vn -0.744 -0.600 0.294
vn -0.560 0.400 -0.725
vn -0.490 0.418 -0.765
vn -0.450 0.502 -0.738
vn -0.058 -0.416 -0.908
vn -0.270 -0.541 -0.797
vn -0.149 -0.608 -0.780
vn -0.748 -0.544 0.380
vn -0.879 -0.225 0.420
vn 0.950 0.086 0.300
vn 0.870 0.106 0.482
vn 0.917 0.047 0.396
vn 0.722 -0.251 0.645
vn 0.756 -0.328 0.566
vn -0.960 0.161 0.228
vn -0.922 0.029 0.386
vn -0.960 0.040 0.277
vn 0.811 -0.431 0.396
vn -0.448 -0.369 0.815
vn -0.814 0.104 0.571
vn -0.754 0.006 0.657
vn 0.361 -0.926 0.110
vn 0.881 -0.460 -0.110
vn 0.932 -0.344 -0.111
vn -0.866 -0.121 -0.486
vn 0.570 0.352 -0.743
vn 0.204 0.460 -0.864
vn -0.700 0.401 -0.591
vn -0.973 0.197 0.124
vn -0.956 0.179 -0.232
vn -0.931 0.353 0.094
vn -0.714 0.196 0.672
vn 0.981 -0.061 0.183
vn 0.998 -0.055 0.021
vn 0.995 -0.071 0.074
vn -0.518 -0.510 0.687
vn -0.704 -0.114 0.701
vn -0.564 -0.212 0.798
vn -0.994 -0.107 0.006
vn -0.982 -0.005 0.190
vn -0.752 0.083 0.654
vn -0.614 0.086 0.785
vn 0.994 0.054 0.099
vn 0.984 -0.050 0.169
vn 0.985 0.064 0.163
vn 0.889 0.457 -0.014
vn 0.919 0.305 0.250
vn 0.922 0.298 -0.247
vn -0.995 0.081 0.065
vn -0.997 -0.068 0.038
vn 0.975 -0.056 0.215
vn -0.801 -0.113 0.587
vn -0.883 -0.081 0.462
vn -0.964 -0.002 0.268
vn -0.979 -0.186 0.078
vn -0.944 0.046 0.325
vn 0.820 0.055 0.569
vn 0.265 -0.271 -0.925
vn 0.155 -0.599 -0.785
vn 0.403 -0.428 -0.809
vn -0.968 0.086 0.236
vn -0.940 0.064 0.336
vn -0.764 0.350 -0.543
vn -0.778 0.267 -0.569
vn -0.618 0.405 -0.674
vn -0.599 0.786 0.152
vn -0.331 0.925 0.186
vn -0.925 0.381 0.006
vn 0.937 0.274 0.217
vn 0.973 0.052 0.227
vn 0.928 0.101 0.358
vn 0.926 0.150 0.348
vn -0.993 -0.103 -0.053
vn -0.996 -0.093 -0.004
vn -0.997 0.053 0.054
vn 0.873 0.483 0.071
vn 0.888 0.217 0.405
vn -0.949 0.315 0.008
vn -0.836 0.498 0.229
vn -0.948 0.280 0.154
vn -0.784 -0.370 0.498
vn -0.756 -0.499 0.424
vn -0.623 0.078 -0.778
vn -0.741 0.427 0.517
vn -0.811 0.435 0.391
vn -0.713 0.690 0.124
vn 0.412 -0.452 0.791
vn 0.507 -0.350 0.788
vn 0.522 -0.391 0.758
vn 0.819 -0.574 0.011
vn 0.767 -0.590 0.252
vn 0.325 -0.873 0.364
vn -0.951 -0.112 -0.289
vn -0.894 -0.398 -0.207
vn -0.992 -0.111 0.064
vn -0.981 -0.012 0.193
vn -0.852 -0.294 -0.434
vn 0.788 0.210 0.579
vn 0.978 0.135 0.161
vn 0.976 0.215 0.035
vn 0.907 0.278 0.317
vn -0.873 -0.288 -0.393
vn -0.862 0.127 0.492
vn -0.923 0.106 0.370
vn -0.881 0.208 0.426
vn -0.684 0.260 0.682
vn -0.665 0.236 0.709
vn -0.502 -0.116 0.857
vn -0.601 -0.019 0.799
vn -0.959 -0.001 -0.284
vn -0.956 0.270 -0.116
vn 0.989 -0.039 0.146
vn -0.933 0.040 0.357
vn -0.745 0.227 0.628
vn -0.788 0.239 0.568
vn 0.991 -0.075 -0.106
vn -0.516 -0.659 0.547
vn -0.263 -0.654 0.709
vn -0.665 -0.434 0.607
vn 0.818 0.145 0.557
vn 0.853 0.274 0.443
vn 0.840 0.306 0.448
vn 0.962 -0.273 -0.016
vn 0.908 -0.414 0.066
vn 0.762 -0.631 -0.146
vn 0.900 0.431 -0.058
vn 0.937 0.339 -0.084
vn 0.935 0.340 -0.099
vn 0.764 0.206 0.612
vn 0.834 0.147 0.531
vn -0.810 -0.008 0.587
vn -0.886 -0.034 0.462
vn 0.874 0.184 0.450
vn 0.633 -0.423 -0.648
vn 0.727 -0.296 -0.620
vn 0.756 -0.038 -0.653
vn 0.336 -0.941 -0.039
vn 0.125 -0.901 -0.415
vn 0.231 -0.812 -0.536
vn -0.704 0.235 0.670
vn -0.900 -0.173 0.401
vn -0.862 -0.188 0.472
vn 0.901 0.239 0.362
vn 0.850 0.106 0.516
vn 0.891 0.208 0.403
vn 0.909 0.174 -0.379
vn -0.954 0.199 0.224
vn 0.351 -0.030 0.936
vn -0.779 0.186 0.599
vn -0.910 0.288 0.299
vn -0.359 -0.519 0.775
vn -0.290 -0.478 0.829
vn -0.659 0.136 0.740
vn -0.693 0.166 0.702
vn -0.616 0.220 0.757
vn -0.718 0.206 0.665
vn 0.842 0.149 0.519
vn -0.744 0.243 0.623
vn -0.972 -0.025 0.233
vn -0.814 -0.042 0.579
vn -0.672 0.159 0.724
vn -0.663 0.135 0.736
vn -0.661 0.160 0.733
vn -0.720 -0.662 -0.207
vn -0.375 -0.448 -0.811
vn -0.904 0.347 -0.251
vn -0.914 0.319 -0.252
vn 0.895 -0.030 -0.445
vn -0.630 -0.053 -0.775
vn -0.293 -0.068 -0.954
vn -0.396 0.056 -0.916
vn -0.116 0.497 -0.860
vn -0.156 0.390 -0.908
vn 0.438 0.368 -0.820
vn 0.670 0.390 -0.631
vn 0.936 0.310 -0.167
vn 0.679 0.625 -0.385
vn 0.847 0.263 -0.462
vn 0.435 -0.004 -0.900
vn 0.423 -0.071 -0.904
vn 0.964 0.128 -0.234
vn 0.608 0.494 -0.621
vn -0.989 0.135 0.058
vn -0.988 0.148 -0.031
vn -0.990 0.124 0.072
vn -0.976 -0.063 0.210
vn -0.998 -0.015 0.060
vn 0.974 0.048 -0.220
vn 0.969 0.124 -0.214
vn 0.935 0.156 -0.320
vn 0.787 -0.054 -0.614
vn 0.830 0.104 -0.548
vn -0.836 0.410 -0.364
vn -0.939 0.273 -0.208
vn -0.569 0.445 -0.692
vn -0.961 -0.204 0.188
vn -0.943 -0.295 0.155
vn -0.943 -0.321 0.094
vn 0.897 0.268 -0.351
vn 0.209 0.585 -0.783
vn 0.714 0.355 -0.603
vn -0.978 -0.035 -0.207
vn -0.734 0.503 -0.456
vn -0.994 0.104 0.025
vn -0.995 0.085 0.048
vn 0.975 0.196 -0.105
vn 0.995 -0.081 0.056
vn 0.979 -0.195 -0.061
vn -0.946 -0.255 -0.201
vn -0.970 -0.146 -0.194
vn -0.943 -0.233 -0.237
vn 0.252 -0.095 0.963
vn 0.399 -0.119 0.909
vn 0.961 0.100 -0.258
vn -1.000 -0.005 0.023
vn -0.607 0.721 -0.334
vn -0.832 0.502 0.235
vn -0.980 0.198 -0.038
vn -0.958 0.274 -0.087
vn 0.803 0.295 -0.519
vn 0.360 0.412 -0.837
vn 0.961 0.227 -0.155
vn 0.961 0.154 -0.230
vn -0.932 -0.242 0.268
vn -0.969 0.245 0.031
vn -0.939 0.324 0.117
vn -0.961 0.253 0.115
vn -0.736 0.322 -0.596
vn 0.745 0.596 -0.300
vn 0.833 0.546 0.092
vn 0.856 0.505 -0.114
vn -0.879 0.442 0.179
vn 0.568 0.817 0.098
vn 0.608 0.794 -0.005
vn -0.890 -0.033 0.455
vn -0.824 -0.114 0.556
vn -0.653 0.161 0.740
vn -0.689 -0.717 -0.102
vn -0.312 -0.936 0.166
vn -0.943 0.213 -0.256
vn -0.777 0.594 0.210
vn -0.989 0.146 -0.003
vn 0.814 0.264 -0.518
vn 0.949 0.279 -0.146
vn -0.972 -0.053 0.229
vn -1.000 0.026 0.015
vn 0.961 0.277 -0.002
vn 0.447 -0.025 0.894
vn 0.445 0.029 0.895
vn 0.579 0.046 0.814
vn -0.286 -0.957 0.054
vn -0.829 0.494 0.262
vn -0.800 0.448 -0.399
vn -0.608 0.420 -0.673
vn -0.881 0.274 -0.385
vn -0.035 0.256 -0.966
vn 0.073 0.256 -0.964
vn 0.113 0.206 -0.972
vn -0.565 -0.704 -0.430
vn -0.771 -0.606 -0.194
vn -0.498 -0.822 -0.277
vn 0.644 -0.064 -0.762
vn -0.934 0.319 0.160
vn 0.782 0.251 -0.571
vn -0.946 0.238 -0.221
vn 0.943 0.273 -0.188
vn -0.310 0.905 -0.291
vn -0.540 0.733 -0.414
vn -0.515 0.857 -0.012
vn 0.564 -0.630 0.534
vn 0.261 -0.745 0.615
vn 0.297 -0.868 0.397
vn -0.791 0.408 -0.456
vn 0.729 -0.494 0.474
vn 0.455 -0.582 0.675
vn 0.573 -0.399 0.716
vn 0.242 -0.698 0.674
vn -0.239 -0.717 0.654
vn -0.026 -0.638 0.770
vn -0.056 0.600 -0.798
vn 0.308 0.610 -0.730
vn -0.343 0.584 -0.736
vn 0.418 -0.743 0.522
vn 0.980 -0.198 0.025
vn 0.000 -0.872 0.489
vn 0.878 -0.478 0.028
vn -0.375 -0.497 0.783
vn -0.520 -0.658 0.544
vn -0.976 0.154 0.152
vn -0.125 -0.764 0.633
vn 0.722 -0.664 0.194
vn 0.239 -0.903 0.357
vn -0.401 0.835 -0.377
vn -0.573 0.517 -0.635
vn -0.544 0.777 -0.317
vn 0.295 -0.874 0.386
vn 0.126 -0.788 0.603
vn 0.097 -0.926 0.365
vn -0.746 -0.577 0.333
vn -0.681 -0.615 0.399
vn 0.311 -0.606 0.732
vn 0.139 -0.893 0.428
vn -0.241 -0.852 0.464
vn -0.562 -0.199 0.803
vn -0.879 0.331 0.343
vn -0.860 0.274 0.429
vn -0.402 -0.817 0.413
vn -0.873 -0.487 0.038
vn -0.503 -0.856 0.118
vn -0.554 -0.801 -0.228
vn 0.026 -0.959 -0.281
vn -0.411 -0.888 -0.209
vn -0.181 -0.976 -0.123
vn -0.402 -0.913 -0.067
vn -0.148 -0.941 0.303
vn -0.825 -0.476 0.306
vn -0.347 -0.931 0.111
vn 0.257 -0.958 0.126
vn 0.492 0.785 -0.377
vn 0.541 0.720 -0.434
vn -0.025 0.965 -0.261
vn 0.349 -0.918 0.186
vn 0.340 -0.912 0.231
vn 0.335 -0.924 0.183
vn 0.166 -0.978 0.128
vn 0.835 -0.520 0.179
vn 0.296 -0.900 -0.322
vn 0.361 -0.795 -0.488
vn 0.039 -0.852 -0.523
vn 0.457 0.580 -0.674
vn 0.485 0.482 -0.730
vn 0.429 0.493 -0.757
vn 0.397 -0.633 -0.665
vn 0.491 -0.480 -0.727
vn 0.546 -0.379 -0.748
vn 0.973 0.010 0.229
vn 0.908 0.045 0.417
vn -0.796 -0.533 0.285
vn -0.824 -0.477 0.305
vn -0.091 -0.931 0.355
vn 0.096 -0.846 0.525
vn -0.013 -0.813 0.582
vn 0.141 -0.818 0.557
vn 0.129 -0.735 0.665
vn 0.055 -0.538 0.841
vn 0.184 -0.529 0.829
vn 0.295 -0.601 0.743
vn 0.630 -0.379 0.678
vn 0.441 -0.460 0.771
vn 0.351 -0.538 0.767
vn 0.491 -0.433 0.756
vn 0.241 -0.576 0.781
vn -0.210 -0.405 0.890
vn 0.243 -0.319 0.916
vn 0.205 -0.601 0.772
vn 0.316 -0.447 0.837
vn 0.140 -0.476 0.868
vn 0.505 -0.704 0.499
vn 0.376 -0.754 0.539
vn 0.398 -0.701 0.591
vn 0.893 -0.109 0.436
vn 0.871 -0.321 0.373
vn 0.871 -0.254 0.421
vn 0.180 -0.668 -0.722
vn 0.116 -0.287 -0.951
vn 0.310 -0.492 -0.813
vn 0.239 -0.805 0.543
vn 0.285 -0.833 0.474
vn 0.860 -0.071 0.506
vn 0.941 -0.258 0.222
vn 0.495 -0.413 0.765
vn 0.200 -0.427 0.882
vn 0.073 -0.605 0.793
vn 0.631 -0.413 0.657
vn 0.235 -0.057 0.970
vn 0.179 -0.345 0.921
vn 0.055 0.073 0.996
vn 0.523 -0.386 0.760
vn -0.237 -0.662 0.711
vn -0.337 -0.749 0.570
vn -0.305 -0.712 0.633
vn -0.420 -0.696 0.582
vn 0.087 -0.838 0.539
vn 0.127 -0.843 0.522
vn -0.023 -0.855 0.519
vn 0.225 -0.810 0.541
vn 0.248 -0.945 0.214
vn 0.050 -0.998 0.043
vn 0.082 -0.967 -0.242
vn -0.481 -0.695 0.534
vn 0.944 0.169 0.282
vn 0.973 0.096 0.212
vn 0.350 -0.848 0.399
vn 0.283 -0.875 0.394
vn 0.408 -0.913 0.023
vn 0.261 -0.932 -0.252
vn -0.251 0.831 -0.497
vn -0.117 0.893 -0.435
vn 0.759 0.131 0.638
vn -0.200 0.201 -0.959
vn 0.183 -0.110 -0.977
vn 0.134 -0.442 -0.887
vn 0.422 -0.339 -0.841
vn 0.259 0.142 -0.955
vn 0.101 0.041 -0.994
vn 0.013 0.120 -0.993
vn -0.382 -0.700 0.604
vn -0.193 -0.690 0.698
vn -0.237 -0.589 0.773
vn -0.358 0.440 -0.824
vn 0.293 0.924 0.245
vn 0.038 0.968 0.250
vn -0.325 0.857 0.400
vn 0.205 0.903 -0.378
vn 0.415 0.834 -0.363
vn 0.083 0.750 -0.656
vn 0.988 0.131 -0.084
vn 0.975 0.089 -0.202
vn -0.107 -0.520 -0.847
vn -0.195 -0.142 -0.970
vn -0.219 -0.330 -0.918
vn 0.559 0.303 -0.772
vn 0.524 0.314 -0.792
vn 0.335 0.621 -0.708
vn -0.506 -0.019 -0.862
vn -0.576 -0.024 -0.817
vn -0.332 -0.326 -0.885
vn 0.120 0.926 0.358
vn -0.304 0.846 0.438
vn 0.303 0.882 0.362
vn -0.716 0.511 -0.476
vn -0.649 0.561 -0.514
vn 0.158 0.569 -0.807
vn 0.414 0.783 -0.464
vn 0.667 0.216 -0.713
vn 0.420 -0.211 -0.883
vn -0.270 -0.420 -0.866
vn 0.162 -0.342 -0.926
vn 0.141 0.972 0.190
vn 0.625 0.752 0.212
vn -0.838 0.383 -0.388
vn -0.972 -0.191 -0.134
vn -0.929 0.351 0.120
vn 0.100 0.773 -0.626
vn -0.031 0.403 -0.915
vn -0.303 0.707 -0.639
vn 0.702 -0.630 -0.333
vn 0.741 -0.492 -0.457
vn 0.861 -0.488 -0.144
vn 0.224 0.576 -0.787
vn -0.413 0.899 -0.144
vn -0.093 0.990 0.103
vn -0.202 0.979 -0.023
vn -0.619 0.695 -0.367
vn -0.793 0.566 -0.225
vn -0.519 0.815 -0.258
vn 0.795 0.600 -0.090
vn 0.800 0.472 -0.369
vn -0.845 0.453 -0.285
vn -0.887 0.321 -0.332
vn -0.872 0.359 -0.333
vn -0.691 0.340 -0.638
vn -0.378 0.688 -0.619
vn -0.282 0.767 -0.577
vn -0.292 -0.627 -0.722
vn 0.270 0.915 -0.299
vn -0.008 0.867 -0.498
vn -0.014 0.872 -0.489
vn 0.192 -0.555 -0.809
vn 0.279 -0.809 -0.517
vn 0.359 -0.689 -0.629
vn -0.804 0.564 0.190
vn 0.036 0.881 -0.471
vn 0.693 0.634 -0.344
vn 0.166 0.910 -0.381
vn 0.224 -0.949 -0.223
vn 0.197 -0.831 -0.520
vn 0.583 -0.732 -0.351
vn -0.186 0.979 0.087
vn 0.318 -0.359 -0.878
vn 0.304 -0.703 -0.643
vn 0.877 -0.265 -0.401
vn 0.851 -0.507 -0.141
vn -0.487 -0.794 0.364
vn -0.206 -0.967 0.151
vn -0.706 -0.708 -0.014
vn 0.263 0.962 -0.066
vn -0.811 -0.502 0.301
vn -0.386 0.468 -0.795
vn -0.031 0.610 -0.791
vn -0.001 0.527 -0.850
vn 0.879 0.374 -0.296
vn 0.767 0.456 -0.451
vn 0.745 0.310 -0.591
vn 0.020 -0.544 -0.839
vn 0.136 -0.431 -0.892
vn -0.857 0.509 0.077
vn -0.516 0.856 -0.033
vn -0.401 0.913 -0.077
vn -0.916 -0.354 -0.187
vn -0.628 -0.644 -0.437
vn -0.860 -0.483 -0.164
vn 0.352 0.272 -0.896
vn 0.391 0.069 -0.918
vn 0.303 0.404 -0.863
vn -0.137 0.752 -0.645
vn 0.785 0.475 -0.398
vn 0.033 0.996 -0.085
vn -0.156 0.958 0.241
vn -0.636 -0.725 0.266
vn -0.798 -0.569 0.196
vn -0.736 -0.627 0.256
vn 0.255 0.966 0.038
vn 0.748 0.423 -0.511
vn 0.739 0.508 -0.442
vn 0.430 0.783 -0.450
vn 0.294 0.924 -0.246
vn -0.168 0.946 0.276
vn -0.360 0.911 -0.199
vn -0.641 0.735 0.221
vn 0.679 0.449 -0.581
vn -0.811 0.475 -0.343
vn -0.844 0.422 -0.332
vn -0.081 -0.951 -0.299
vn 0.271 0.825 -0.496
vn 0.073 0.743 -0.665
vn -0.164 0.676 -0.719
vn -0.089 0.764 -0.639
vn 0.619 0.267 -0.738
vn 0.648 0.277 -0.709
vn 0.135 0.797 -0.589
vn 0.260 0.684 -0.681
vn 0.516 0.751 -0.413
vn -0.655 0.609 -0.448
vn -0.612 0.723 -0.319
vn 0.396 0.364 -0.843
vn 0.367 0.302 -0.880
vn 0.488 0.294 -0.822
vn -0.835 -0.253 0.488
vn -0.836 -0.017 0.548
vn -0.016 -0.737 -0.676
vn 0.833 -0.211 -0.512
vn 0.881 -0.172 -0.441
vn 0.768 -0.379 -0.516
vn 0.017 0.326 -0.945
vn 0.221 0.591 -0.776
vn 0.825 0.149 -0.545
vn 0.830 0.115 -0.545
vn 0.919 -0.023 -0.392
vn -0.555 0.413 -0.722
vn -0.738 0.370 -0.565
vn -0.752 0.597 0.279
vn 0.631 0.307 -0.712
vn 0.467 0.486 -0.739
vn 0.895 0.389 -0.216
vn 0.202 -0.506 0.839
vn -0.314 -0.578 0.753
vn 0.126 -0.523 0.843
vn -0.710 0.220 -0.669
vn -0.594 -0.280 0.754
vn -0.155 -0.427 0.891
vn -0.252 -0.348 -0.903
vn -0.310 -0.856 -0.414
vn -0.833 0.417 -0.363
vn -0.664 0.497 -0.559
vn -0.700 0.439 -0.564
vn -0.901 0.002 -0.435
vn -0.834 -0.001 0.552
vn -0.893 0.040 0.448
vn -0.995 0.060 0.075
vn -0.901 0.259 -0.349
vn -0.699 0.252 -0.669
vn 0.969 0.024 0.247
vn 0.962 -0.068 0.265
vn 0.921 -0.130 0.367
vn 0.795 0.529 -0.297
vn 0.802 0.556 -0.218
vn -0.342 0.631 -0.696
vn -0.586 -0.154 -0.796
vn 0.908 -0.183 0.378
vn 0.807 -0.048 0.588
vn 0.950 0.055 0.308
vn 0.002 -0.957 -0.291
vn -0.198 -0.760 -0.620
vn -0.233 -0.905 -0.355
vn 0.954 0.135 0.269
vn 0.926 0.186 0.328
vn 0.851 0.314 0.421
vn -0.210 0.435 -0.876
vn -0.887 0.419 -0.195
vn 0.987 0.158 -0.013
vn 0.922 0.386 -0.027
vn 0.671 0.596 -0.441
vn 0.559 0.398 -0.728
vn 0.596 0.447 -0.667
vn 0.367 0.212 -0.906
vn 0.959 -0.027 -0.283
vn 0.999 -0.029 0.025
vn -0.651 0.392 -0.650
vn -0.105 0.498 -0.861
vn 0.136 -0.196 -0.971
vn 0.362 -0.415 -0.835
vn 0.409 -0.193 -0.892
vn 0.579 0.280 -0.765
vn 0.553 0.368 -0.747
vn 0.482 0.214 -0.850
vn 0.913 -0.129 0.387
vn 0.359 0.884 -0.298
vn -0.529 -0.402 -0.748
vn -0.713 -0.154 -0.684
vn -0.869 -0.014 -0.494
vn 0.208 -0.626 -0.751
vn 0.335 -0.477 -0.813
vn 0.284 0.571 -0.770
vn 0.048 0.491 -0.870
vn 0.180 -0.008 -0.984
vn 0.596 0.530 -0.604
vn -0.151 0.399 -0.905
vn -0.946 -0.235 -0.224
vn -0.976 -0.195 -0.095
vn -0.889 -0.390 -0.240
vn -0.953 0.038 -0.301
vn -0.828 0.299 -0.474
vn 0.766 -0.606 -0.214
vn 0.773 -0.632 0.044
vn 0.917 -0.380 -0.120
vn -0.496 0.231 -0.837
vn -0.411 -0.089 -0.907
vn -0.104 0.180 -0.978
vn 0.622 -0.341 -0.705
vn -0.551 0.409 -0.727
vn 0.862 0.209 0.462
vn 0.703 0.206 0.681
vn 0.317 0.336 -0.887
vn -0.469 -0.420 -0.777
vn 0.468 -0.763 0.446
vn 0.321 -0.864 0.387
vn -0.649 0.395 -0.650
vn 0.870 -0.483 -0.101
vn 0.841 -0.534 0.079
vn 0.851 -0.525 -0.007
vn -0.896 -0.166 -0.412
vn -0.976 -0.172 -0.134
vn -0.944 -0.316 -0.090
vn -0.857 -0.095 0.507
vn -0.816 -0.101 0.569
vn -0.811 0.134 0.569
vn -0.600 -0.771 -0.214
vn -0.382 0.610 -0.694
vn 0.442 0.033 -0.897
vn 0.603 -0.008 -0.798
vn 0.539 0.827 -0.160
vn 0.653 0.753 -0.083
vn 0.604 0.154 -0.782
vn 0.570 0.239 -0.786
vn -0.096 0.813 -0.574
vn -0.999 0.038 0.027
vn -0.996 0.085 -0.029
vn -0.708 0.275 0.650
vn -0.904 -0.221 -0.367
vn -0.846 -0.327 -0.422
vn -0.501 0.443 -0.743
vn -0.781 0.432 -0.451
vn -0.911 0.304 -0.280
vn -0.818 0.220 0.531
vn 0.023 -0.157 -0.987
vn -0.498 0.275 -0.823
vn 0.102 0.035 -0.994
vn 0.533 0.656 -0.534
vn -0.569 0.154 -0.808
vn -0.616 0.039 -0.787
vn -0.361 -0.508 0.782
vn -0.282 -0.517 0.808
vn -0.496 -0.428 0.756
vn 0.430 0.869 -0.245
vn 0.531 0.641 -0.555
vn 0.130 0.120 -0.984
vn 0.298 0.217 -0.930
vn 0.866 -0.449 -0.221
vn 0.883 -0.446 -0.145
vn 0.881 -0.398 -0.255
vn -0.088 0.912 -0.400
vn 0.172 0.933 -0.316
vn 0.768 -0.162 -0.620
vn 0.729 -0.124 -0.673
vn 0.799 -0.190 -0.570
vn 0.529 0.465 -0.710
vn 0.649 0.490 -0.582
vn 0.613 -0.084 -0.785
vn 0.639 -0.207 -0.741
vn 0.730 0.453 -0.512
vn 0.744 0.262 -0.614
vn 0.417 -0.470 -0.778
vn -0.062 -0.363 -0.930
vn -0.024 0.425 -0.905
vn -0.379 0.356 -0.854
vn -0.899 0.410 -0.151
vn 0.969 0.243 0.053
vn 0.977 -0.211 -0.030
vn 0.897 -0.392 0.204
vn 0.708 -0.694 0.127
vn 0.775 -0.060 -0.630
vn 0.718 -0.089 -0.691
vn 0.652 0.195 -0.733
vn -0.692 0.100 -0.715
vn -0.161 0.065 -0.985
vn -0.208 0.050 -0.977
vn 0.188 -0.118 -0.975
vn 0.152 -0.158 -0.976
vn 0.066 -0.105 -0.992
vn -0.266 0.940 -0.211
vn 0.018 0.886 -0.463
vn -0.034 0.999 -0.028
vn 0.958 0.010 0.287
vn 0.939 0.188 0.286
vn 0.894 0.093 0.439
vn 0.822 0.416 0.389
vn 0.703 0.461 0.542
vn 0.064 -0.083 -0.994
vn 0.058 -0.515 -0.855
vn 0.064 -0.055 -0.996
vn 0.100 -0.007 -0.995
vn 0.083 0.081 -0.993
vn 0.019 0.204 -0.979
vn 0.052 0.017 -0.998
vn 0.084 -0.018 -0.996
vn -0.712 -0.274 0.647
vn -0.426 -0.381 0.821
vn -0.593 -0.257 0.764
vn 0.038 0.109 -0.993
vn 0.004 0.312 -0.950
vn -0.002 0.042 -0.999
vn 0.273 -0.161 -0.949
vn -0.543 0.824 -0.161
vn -0.502 0.849 -0.163
vn -0.110 -0.819 -0.563
vn 0.033 -0.818 -0.574
vn 0.021 -0.010 -1.000
vn 0.044 -0.019 -0.999
vn 0.640 0.446 -0.625
vn 0.002 0.998 0.066
vn 0.460 0.755 0.468
vn 0.056 0.990 0.132
vn -0.293 -0.667 -0.685
vn 0.563 -0.826 -0.013
vn 0.447 -0.533 -0.719
vn 0.269 0.008 -0.963
vn 0.244 -0.059 -0.968
vn 0.027 -0.014 -1.000
vn -0.615 -0.788 -0.013
vn -0.495 -0.861 0.116
vn -0.509 -0.857 0.080
vn 0.247 -0.065 -0.967
vn 0.471 0.080 -0.878
vn 0.986 0.143 -0.089
vn 0.916 -0.159 0.369
vn 0.949 -0.261 0.179
vn 0.382 0.088 0.920
vn 0.369 -0.299 0.880
vn 0.565 -0.553 0.613
vn 0.120 -0.487 -0.865
vn 0.120 -0.237 -0.964
vn 0.096 -0.011 0.995
vn 0.355 -0.061 0.933
vn 0.601 0.036 0.799
vn 0.941 0.066 -0.333
vn 0.848 -0.485 -0.213
vn 0.965 -0.260 -0.015
vn -0.318 -0.939 0.134
vn -0.209 -0.945 0.252
vn -0.566 -0.788 0.245
vn 0.025 0.068 -0.997
vn 0.896 0.338 -0.289
vn -0.120 -0.215 -0.969
vn -0.778 0.623 -0.078
vn -0.742 0.604 -0.291
vn -0.922 0.387 -0.022
vn 0.566 -0.479 -0.671
vn 0.638 -0.612 -0.467
vn 0.605 -0.584 -0.541
vn -0.838 0.138 -0.529
vn 0.754 0.599 0.270
vn 0.885 0.276 0.376
vn 0.791 0.548 0.274
vn 0.969 -0.200 -0.146
vn 0.867 -0.497 -0.040
vn 0.131 -0.168 -0.977
vn 0.387 -0.139 -0.912
vn 0.305 -0.301 -0.904
vn 0.732 0.524 -0.435
vn 0.204 -0.028 -0.979
vn 0.063 -0.114 -0.992
vn -0.815 -0.340 0.470
vn -0.890 -0.196 0.411
vn -0.772 -0.235 0.591
vn 0.627 0.779 -0.026
vn 0.896 -0.093 -0.434
vn 0.906 0.060 -0.420
vn 0.883 -0.093 -0.461
vn -0.899 0.429 -0.087
vn -0.991 0.068 0.115
vn -0.984 0.138 -0.116
vn -0.182 -0.808 -0.560
vn -0.734 0.488 -0.471
vn -0.463 0.806 -0.369
vn 0.353 -0.533 0.769
vn 0.317 -0.699 0.641
vn -0.468 0.882 0.056
vn -0.329 0.926 -0.183
vn -0.252 0.840 -0.481
vn 0.013 0.099 -0.995
vn 0.186 0.174 -0.967
vn -0.218 0.601 -0.769
vn 0.912 0.217 -0.347
vn 0.563 0.589 -0.580
vn 0.669 -0.478 0.569
vn 0.763 -0.147 0.629
vn 0.341 -0.428 0.837
vn -0.942 -0.013 0.335
vn -0.965 0.209 0.160
vn -0.994 0.109 0.031
vn -0.961 -0.046 -0.272
vn -0.995 -0.014 0.098
vn -0.996 0.089 -0.032
vn 0.191 0.981 -0.040
vn 0.537 0.842 0.056
vn -0.056 -0.998 -0.035
vn -0.290 -0.957 0.009
vn 0.069 -0.996 -0.054
vn -0.869 -0.492 0.048
vn -0.817 -0.451 -0.360
vn -0.611 -0.778 0.147
vn 0.662 -0.721 0.205
vn 0.957 -0.212 0.199
vn 0.920 0.170 0.354
vn 0.895 0.333 0.299
vn -0.956 0.290 0.055
vn -0.679 0.732 -0.056
vn -0.671 0.585 -0.455
vn -0.168 -0.861 0.481
vn 0.083 -0.780 0.621
vn -0.243 -0.620 0.747
vn -0.256 -0.308 0.916
vn -0.033 -0.483 0.875
vn 0.647 0.746 -0.155
vn 0.429 0.783 -0.451
vn 0.456 0.888 -0.065
vn -0.505 0.852 -0.139
vn -0.857 0.514 0.032
vn 0.225 -0.951 0.215
vn 0.033 -0.996 0.086
vn 0.139 0.973 -0.186
vn -0.046 0.980 -0.193
vn 0.201 -0.979 0.036
vn 0.432 -0.898 0.087
vn -0.146 0.989 0.027
vn -0.974 -0.187 0.130
vn -0.997 0.034 -0.065
vn -0.984 0.088 0.152
vn -0.851 -0.317 0.418
vn 0.937 -0.041 0.347
vn -0.311 0.424 -0.851
vn -0.084 0.995 -0.057
vn 0.109 0.892 -0.438
vn -0.221 -0.565 0.795
vn -0.311 -0.948 0.069
vn 0.099 0.401 -0.911
vn 0.296 -0.356 -0.886
vn 0.451 -0.437 -0.778
vn 0.670 0.547 -0.501
vn 0.651 0.534 -0.539
vn -0.904 0.242 -0.352
vn -0.997 0.079 -0.021
vn -0.626 -0.470 0.622
vn -0.459 -0.479 0.748
vn 0.398 -0.808 0.435
vn 0.667 -0.735 0.120
vn -0.104 0.657 -0.747
vn -0.519 -0.634 0.573
vn 0.971 0.236 0.031
vn 0.937 0.346 -0.050
vn 0.849 0.522 0.081
vn -0.922 -0.073 0.381
vn -0.978 0.036 0.203
vn 0.795 -0.319 0.517
vn 0.958 0.174 0.228
vn 0.730 -0.150 0.667
vn -0.807 -0.160 0.569
vn -0.355 -0.289 -0.889
vn -0.060 -0.260 -0.964
vn -0.448 -0.408 -0.795
vn 0.720 0.694 0.028
vn 0.228 -0.626 0.745
vn 0.114 -0.865 0.489
vn -0.501 -0.421 -0.756
vn -0.472 -0.526 -0.708
vn -0.623 -0.346 0.702
vn -0.808 -0.218 0.547
vn 0.852 0.387 0.352
vn 0.898 0.324 0.296
vn 0.980 0.085 0.179
vn -0.835 0.423 -0.352
vn -0.914 0.237 -0.328
vn -0.911 0.302 0.281
vn -0.969 0.162 0.188
vn -0.914 0.256 0.315
vn 0.346 0.920 0.187
vn 0.652 -0.556 0.515
vn -0.780 0.626 -0.024
vn 0.889 0.430 0.161
vn 0.939 -0.240 0.248
vn -0.821 0.475 -0.315
vn -0.802 0.546 -0.242
vn 0.648 -0.086 0.757
vn 0.526 0.045 0.850
vn 0.079 -0.292 0.953
vn -0.873 -0.364 0.325
vn -0.488 -0.680 0.547
vn -0.648 -0.613 0.451
vn 0.480 0.840 0.252
vn 0.349 0.917 -0.196
vn -0.899 -0.030 0.437
vn 0.037 -0.174 -0.984
vn 0.071 -0.210 -0.975
vn -0.611 0.291 -0.737
vn -0.621 0.416 -0.665
vn 0.456 -0.853 -0.253
vn 0.561 -0.744 -0.363
vn 0.322 0.942 0.093
vn 0.015 0.949 -0.315
vn -0.117 0.992 0.040
vn 0.215 -0.734 -0.645
vn -0.290 -0.809 0.511
vn -0.145 -0.744 0.652
vn -0.302 -0.062 -0.951
vn -0.410 -0.365 -0.836
vn -0.330 0.804 -0.495
vn -0.316 0.855 -0.412
vn 0.976 0.164 0.142
vn -0.846 -0.515 0.135
vn -0.185 0.062 -0.981
vn -0.281 -0.184 -0.942
vn -0.231 0.970 -0.082
vn 0.176 -0.174 -0.969
vn 0.762 0.643 -0.073
vn 0.599 0.790 -0.132
vn 0.489 0.620 -0.614
vn 0.495 -0.649 -0.577
vn -0.604 0.604 -0.520
vn -0.549 0.404 -0.732
vn 0.870 -0.038 -0.491
vn 0.314 0.664 -0.679
vn 0.125 0.857 -0.500
vn 0.178 -0.769 -0.614
vn 0.847 -0.314 0.430
vn 0.936 -0.278 0.215
vn 0.890 0.217 -0.400
vn -0.885 0.358 -0.298
vn -0.911 0.289 -0.295
vn -0.975 0.222 -0.014
vn 0.375 -0.836 -0.400
vn 0.373 -0.811 -0.451
vn 0.243 -0.803 -0.545
vn -0.436 0.464 -0.771
vn 0.217 0.914 -0.344
vn 0.860 0.164 0.483
vn 0.880 -0.205 0.429
vn 0.759 0.327 0.564
vn 0.678 0.397 0.619
vn 0.696 0.336 0.634
vn 0.896 0.207 0.394
vn 0.908 0.327 -0.262
vn 0.664 -0.038 0.746
vn 0.673 -0.079 0.736
vn -0.110 -0.727 0.678
vn 0.014 -0.529 0.848
vn 0.164 -0.746 0.645
vn 0.892 -0.130 0.433
vn -0.992 0.015 0.125
vn -0.980 0.126 0.153
vn -0.682 0.023 0.731
vn -0.723 -0.033 0.690
vn 0.272 0.021 -0.962
vn 0.281 0.018 -0.960
vn 0.404 -0.066 -0.912
vn 0.536 0.408 -0.739
vn 0.489 0.453 -0.745
vn 0.528 0.447 -0.722
vn 0.976 0.135 -0.171
vn 0.983 0.183 -0.009
vn 0.544 -0.273 -0.793
vn 0.395 -0.427 -0.814
vn 0.600 0.381 -0.704
vn 0.685 0.187 -0.704
vn 0.745 0.414 -0.522
vn -0.806 0.429 -0.407
vn -0.924 0.360 -0.128
vn -0.904 0.400 -0.150
vn 0.465 -0.516 0.719
vn -0.594 -0.027 -0.804
vn 0.344 0.920 -0.188
vn -0.800 -0.556 0.227
vn -0.664 -0.689 0.291
vn 0.509 -0.081 -0.857
vn 0.551 0.573 -0.607
vn 0.508 0.442 -0.739
vn 0.714 0.492 -0.498
vn -0.040 0.064 -0.997
vn 0.337 -0.040 -0.941
vn 0.155 -0.410 -0.899
vn 0.115 0.146 -0.983
vn 0.385 -0.799 0.462
vn 0.244 -0.838 0.488
vn 0.518 -0.735 0.438
vn 0.190 -0.752 -0.631
vn 0.502 -0.351 -0.790
vn 0.270 -0.108 -0.957
vn 0.365 -0.322 -0.874
vn 0.963 -0.196 0.184
vn 0.922 -0.272 0.275
vn 0.881 -0.412 -0.234
vn -0.073 -0.710 0.700
vn 0.949 0.295 0.112
vn 0.963 0.267 0.039
vn 0.930 0.335 -0.151
vn -0.548 0.419 -0.724
vn 0.325 0.439 -0.838
vn -0.236 -0.870 -0.433
vn 0.413 0.310 -0.856
vn 0.583 0.284 -0.761
vn 0.337 0.377 -0.863
vn 0.001 0.859 -0.512
vn 0.922 0.012 0.387
vn -0.315 0.380 -0.869
vn 0.030 0.022 -0.999
vn -0.570 0.651 -0.501
vn 0.603 0.732 -0.317
vn 0.509 0.758 -0.408
vn 0.621 0.345 -0.704
vn 0.776 0.333 -0.535
vn -0.959 0.022 0.282
vn -0.935 -0.005 -0.354
vn -0.713 -0.680 -0.171
vn -0.674 -0.732 -0.097
vn 0.174 -0.670 0.722
vn 0.440 -0.405 -0.802
vn 0.676 -0.013 -0.737
vn 0.291 -0.933 -0.212
vn -0.894 -0.189 0.406
vn -0.902 -0.425 0.071
vn 0.176 -0.074 0.982
vn 0.166 -0.090 0.982
vn 0.985 -0.167 0.036
vn 0.926 -0.372 0.060
vn 0.683 0.355 0.638
vn 0.721 0.300 0.624
vn 0.656 0.353 0.667
vn 0.905 -0.368 0.214
vn 0.917 -0.377 0.127
vn 0.750 -0.620 0.232
vn 0.871 -0.491 -0.002
vn 0.596 0.064 0.801
vn 0.589 0.070 0.805
vn 0.643 -0.010 0.766
vn 0.046 0.006 0.999
vn 0.039 -0.031 0.999
vn -0.043 0.051 0.998
vn 0.638 -0.629 -0.445
vn 0.500 0.380 -0.778
vn 0.926 -0.371 0.069
vn 0.706 -0.510 0.491
vn 0.405 -0.482 0.777
vn 0.493 -0.513 0.703
vn 0.421 -0.395 0.817
vn 0.313 -0.927 -0.209
vn 0.983 -0.161 -0.091
vn 0.939 -0.200 -0.279
vn 0.805 -0.593 0.028
vn 0.333 -0.795 0.508
vn 0.673 -0.652 0.351
vn 0.777 0.128 0.616
vn 0.828 0.017 0.561
vn 0.336 0.458 -0.823
vn 0.195 0.536 -0.822
vn 0.946 -0.323 -0.022
vn 0.958 -0.244 -0.149
vn 0.833 -0.424 0.357
vn 0.430 -0.824 0.368
vn 0.385 -0.841 0.381
vn 0.522 -0.758 0.391
vn 0.468 0.052 0.882
vn 0.388 -0.025 0.921
vn 0.312 0.018 0.950
vn 0.724 -0.628 0.285
vn 0.547 -0.794 0.265
vn 0.953 -0.302 0.016
vn 0.910 -0.413 0.007
vn 0.924 -0.355 -0.144
vn 0.619 -0.636 0.461
vn 0.701 0.262 0.663
vn 0.826 0.189 0.531
vn 0.818 -0.014 0.575
vn 0.503 -0.135 -0.854
vn 0.487 0.282 -0.827
vn -0.259 0.174 -0.950
vn 0.734 -0.147 -0.663
vn 0.786 -0.068 -0.614
vn 0.847 -0.216 -0.486
vn 0.482 -0.740 0.469
vn 0.297 -0.792 0.533
vn 0.289 -0.798 0.528
vn 0.445 -0.741 0.502
vn 0.383 -0.786 0.485
vn 0.897 -0.248 0.365
vn 0.688 -0.268 0.674
vn 0.945 0.325 0.043
vn 0.950 0.262 0.170
vn 0.978 0.207 -0.023
vn 0.998 -0.064 -0.024
vn 0.988 0.062 0.140
vn 0.991 0.133 -0.006
vn 0.893 0.445 -0.070
vn 0.975 0.202 -0.090
vn -0.775 -0.057 0.629
vn -0.560 -0.390 0.731
vn -0.903 -0.119 0.413
vn 0.201 -0.901 0.384
vn 0.362 -0.906 0.219
vn 0.964 0.049 0.263
vn 0.191 -0.677 0.711
vn 0.033 -0.794 0.607
vn -0.724 -0.371 0.582
vn -0.546 -0.758 0.357
vn -0.234 -0.597 0.767
vn 0.936 -0.160 0.313
vn 0.897 0.246 -0.367
vn 0.972 0.093 -0.215
vn -0.968 0.211 -0.138
vn -0.952 0.193 0.236
vn 0.431 -0.161 0.888
vn 0.598 -0.067 0.799
vn 0.852 0.446 -0.275
vn 0.843 0.266 -0.468
vn 0.902 0.257 -0.346
vn 0.577 0.115 0.809
vn 0.750 -0.660 -0.041
vn -0.685 -0.082 0.723
vn -0.430 -0.378 0.820
vn 0.478 -0.712 0.514
vn 0.354 -0.864 0.359
vn 0.963 -0.144 -0.230
vn 0.922 -0.318 -0.222
vn 0.769 -0.248 0.589
vn 0.857 0.030 0.514
vn 0.988 0.051 0.146
vn 0.959 -0.046 0.280
vn 0.555 -0.824 0.117
vn 0.885 -0.441 0.149
vn -0.962 0.173 -0.212
vn -0.950 -0.306 -0.063
vn -0.589 0.015 0.808
vn -0.557 0.088 0.826
vn -0.433 0.040 0.901
vn 0.103 0.834 -0.542
vn 0.142 0.810 -0.569
vn 0.129 0.909 -0.397
vn 0.911 0.327 0.252
vn -0.708 -0.289 0.644
vn -0.779 -0.431 0.456
vn -0.858 0.171 0.484
vn 0.306 0.602 -0.737
vn 0.261 0.416 -0.871
vn 0.390 0.465 -0.795
vn 0.966 0.131 -0.222
vn 0.974 0.029 -0.226
vn 0.911 0.412 0.020
vn 0.848 0.489 0.204
vn 0.543 0.600 -0.587
vn -0.543 -0.363 -0.758
vn -0.487 -0.321 -0.812
vn -0.618 -0.323 -0.717
vn -0.806 -0.564 -0.179
vn -0.834 -0.540 -0.112
vn -0.749 -0.661 -0.047
vn 0.551 0.784 -0.286
vn 0.814 0.580 -0.031
vn 0.775 0.630 -0.046
vn 0.775 -0.036 0.631
vn 0.843 -0.056 0.535
vn 0.356 -0.313 -0.880
vn 0.169 -0.781 -0.602
vn 0.787 -0.129 -0.603
vn 0.982 0.115 0.153
vn 0.666 0.011 0.746
vn 0.607 -0.259 0.752
vn 0.601 -0.281 0.748
vn 0.849 -0.166 0.502
vn 0.775 -0.194 0.602
vn 0.809 -0.372 0.455
vn 0.736 0.017 0.676
vn 0.623 0.084 0.778
vn 0.979 0.164 -0.120
vn 0.951 0.226 -0.212
vn 0.896 -0.331 0.297
vn 0.935 -0.241 0.260
vn 0.993 0.091 0.077
vn 0.997 -0.049 0.058
vn 0.998 -0.060 -0.017
vn 0.940 -0.221 0.261
vn 0.427 -0.138 0.893
vn 0.571 -0.107 0.814
vn -0.916 0.130 0.381
vn -0.940 0.237 0.245
vn 0.883 -0.360 0.302
vn 0.980 -0.176 0.099
vn 0.893 0.093 0.440
vn 0.946 0.255 0.202
vn 0.634 0.772 0.050
vn -0.071 -0.883 0.464
vn 1.000 0.027 -0.009
vn 0.987 -0.107 -0.118
vn 0.979 0.205 -0.015
vn -0.290 0.934 -0.211
vn -0.048 0.949 -0.311
vn -0.345 0.922 -0.174
vn -0.131 0.666 -0.735
vn 0.052 0.137 -0.989
vn -0.023 0.121 -0.992
vn 0.019 0.048 -0.999
vn -0.011 0.313 -0.950
vn -0.058 0.079 -0.995
vn -0.276 0.459 -0.845
vn -0.251 0.678 -0.690
vn -0.873 0.389 -0.294
vn -0.940 0.315 -0.129
vn -0.880 0.475 0.002
vn 0.658 0.627 0.417
vn 0.877 0.298 0.377
vn 0.788 0.464 0.404
vn -0.023 0.058 -0.998
vn 0.525 0.409 -0.746
vn 0.274 0.074 -0.959
vn -0.404 -0.503 0.764
vn -0.042 -0.458 0.888
vn -0.210 -0.432 0.877
vn -0.970 -0.189 -0.152
vn -0.663 0.082 -0.744
vn -0.761 -0.251 -0.597
vn -0.208 -0.976 -0.066
vn -0.547 -0.831 0.100
vn -0.262 -0.755 -0.601
vn -0.909 -0.213 -0.359
vn -0.838 -0.341 -0.427
vn -0.924 -0.357 -0.139
vn 0.042 -0.003 -0.999
vn 0.059 0.002 -0.998
vn 0.054 0.005 -0.999
vn -0.212 0.246 -0.946
vn 0.076 -0.696 -0.714
vn 0.005 0.954 -0.299
vn 0.437 0.895 -0.083
vn 0.206 0.976 0.077
vn 0.537 0.732 -0.419
vn -0.000 -0.007 -1.000
vn 0.044 0.018 -0.999
vn 0.045 -0.073 -0.996
vn 0.128 0.992 0.002
vn -0.028 0.986 -0.166
vn 0.049 -0.080 -0.996
vn 0.324 -0.126 -0.938
vn 0.059 0.489 -0.871
vn 0.035 0.007 -0.999
vn 0.102 0.204 -0.974
vn 0.117 0.084 -0.990
vn 0.179 0.880 -0.441
vn 0.095 -0.984 -0.149
vn 0.257 -0.830 -0.496
vn 0.253 -0.959 0.128
vn -0.713 0.151 -0.685
vn 0.132 -0.437 -0.890
vn 0.038 -0.039 -0.999
vn 0.758 -0.651 0.043
vn 0.471 -0.767 -0.437
vn -0.676 0.159 0.720
vn -0.420 0.054 0.906
vn -0.587 0.096 0.804
vn 0.155 -0.263 -0.952
vn -0.725 0.519 -0.453
vn -0.866 0.300 -0.400
vn -0.684 0.715 -0.145
vn -0.266 -0.614 -0.743
vn -0.295 -0.620 -0.727
vn 0.999 -0.026 -0.036
vn 0.721 -0.030 0.692
vn 0.040 0.013 -0.999
vn 0.329 -0.066 -0.942
vn -0.675 0.735 -0.061
vn 0.009 0.064 -0.998
vn 0.968 -0.018 0.250
vn 0.964 0.050 0.260
vn -0.723 -0.531 -0.442
vn -0.999 -0.048 0.013
vn 0.113 -0.861 0.495
vn -0.169 -0.958 0.230
vn -0.866 -0.497 0.053
vn 0.968 0.020 -0.249
vn 0.102 0.822 -0.561
vn -0.377 -0.912 0.158
vn -0.910 -0.274 0.312
vn 0.618 0.011 -0.786
vn 0.226 0.051 -0.973
vn 0.852 0.303 -0.428
vn 0.816 0.258 -0.517
vn 0.364 0.028 -0.931
vn 0.548 -0.394 0.738
vn 0.446 -0.397 0.802
vn 0.547 -0.443 0.711
vn 0.168 0.708 -0.686
vn 0.806 0.331 -0.491
vn 0.627 0.371 -0.685
vn 0.490 -0.428 0.760
vn 0.361 -0.565 0.742
vn 0.377 -0.493 0.784
vn 0.776 -0.158 -0.611
vn 0.897 0.189 -0.400
vn 0.793 0.208 -0.573
vn -0.066 -0.231 0.971
vn -0.201 0.937 0.284
vn -0.850 -0.098 -0.517
vn -0.109 0.994 0.029
vn -0.256 0.966 0.029
vn 0.490 0.860 -0.142
vn 0.005 0.996 -0.095
vn -0.059 0.986 0.157
vn 0.384 -0.268 0.884
vn 0.080 0.071 0.994
vn -0.062 0.537 0.841
vn 0.225 0.416 0.881
vn -0.674 0.503 -0.541
vn -0.366 0.100 -0.925
vn 0.504 -0.607 0.614
vn 0.732 -0.480 0.484
vn 0.502 -0.715 0.486
vn 0.906 0.080 -0.415
vn 0.699 -0.712 0.069
vn -0.814 0.495 0.304
vn -0.724 0.551 0.416
vn -0.772 0.620 0.142
vn 0.915 -0.033 -0.403
vn 0.833 0.314 -0.455
vn 0.171 -0.985 0.029
vn 0.139 -0.985 0.099
vn 0.326 -0.942 0.083
vn -0.927 0.360 -0.108
vn -0.927 0.362 0.096
vn -0.847 0.526 0.083
vn 0.041 0.891 -0.452
vn -0.031 0.733 -0.679
vn 0.173 0.777 -0.605
vn -0.026 -0.874 0.485
vn 0.572 -0.033 -0.820
vn -0.230 0.951 -0.204
vn -0.113 0.971 -0.211
vn -0.241 0.970 -0.027
vn -0.935 0.353 0.026
vn -0.969 0.188 0.162
vn -0.943 0.333 0.008
vn 0.268 -0.389 -0.881
vn 0.188 -0.293 -0.937
vn -0.056 0.981 -0.186
vn 0.048 0.999 0.012
vn 0.298 -0.745 0.597
vn 0.087 -0.972 0.220
vn 0.184 -0.981 0.066
vn 0.847 -0.503 0.169
vn -0.248 -0.629 -0.737
vn -0.240 -0.734 -0.635
vn -0.231 -0.675 -0.701
vn -0.159 -0.679 -0.717
vn 0.250 -0.631 0.734
vn 0.373 0.901 -0.220
vn 0.212 0.905 -0.369
vn 0.902 -0.424 -0.086
vn 0.846 -0.472 -0.249
vn 0.818 -0.553 -0.159
vn -0.527 -0.122 0.841
vn -0.638 -0.246 0.730
vn -0.636 -0.276 0.721
vn -0.017 0.263 -0.965
vn 0.561 0.388 -0.731
vn -0.410 -0.677 0.612
vn -0.659 0.718 0.226
vn 0.311 -0.273 0.910
vn 0.398 -0.164 0.903
vn -0.319 -0.561 -0.764
vn -0.324 -0.731 -0.601
vn 0.694 0.305 -0.652
vn 0.871 -0.485 0.081
vn 0.744 -0.655 -0.136
vn 0.896 -0.392 -0.208
vn 0.948 -0.280 -0.151
vn 0.501 0.672 -0.545
vn 0.589 0.431 -0.683
vn 0.714 0.513 -0.476
vn 0.516 -0.737 0.436
vn 0.097 0.212 -0.972
vn -0.373 -0.660 -0.652
vn -0.201 0.539 -0.818
vn -0.310 0.655 -0.689
vn -0.220 0.720 -0.658
vn 0.137 -0.637 0.759
vn -0.140 0.873 -0.466
vn -0.030 0.982 0.185
vn 0.416 0.892 0.175
vn 0.292 0.713 -0.638
vn 0.687 0.386 -0.615
vn 0.369 0.604 -0.707
vn -0.249 0.744 -0.620
vn -0.187 0.624 -0.758
vn -0.863 -0.041 -0.504
vn -0.697 0.531 -0.482
vn -0.516 0.641 -0.569
vn 0.242 0.964 -0.106
vn 0.086 0.277 -0.957
vn 0.357 -0.064 -0.932
vn 0.992 0.123 0.000
vn 0.999 -0.026 -0.026
vn 0.931 -0.041 -0.362
vn 0.526 -0.246 -0.814
vn 0.852 0.155 -0.501
vn 0.709 0.158 -0.687
vn 0.879 -0.163 -0.448
vn 0.872 0.145 -0.468
vn 0.400 0.878 -0.264
vn 0.537 0.259 -0.803
vn 0.832 0.524 0.183
vn 0.765 0.402 -0.504
vn 0.258 0.869 -0.423
vn -0.709 0.204 -0.675
vn -0.645 0.053 -0.762
vn -0.463 0.207 -0.862
vn 0.632 -0.375 0.678
vn 0.608 -0.180 0.774
vn 0.583 -0.356 0.730
vn 0.407 -0.692 0.595
vn 0.371 -0.570 0.733
vn 0.296 -0.675 0.676
vn -0.272 0.961 -0.049
vn -0.390 0.587 0.709
vn -0.193 0.804 0.562
vn 0.383 -0.924 -0.005
vn 0.886 0.125 -0.447
vn 0.179 0.896 -0.406
vn 0.606 -0.411 -0.681
vn 0.965 0.056 -0.255
vn 0.785 0.312 -0.535
vn 0.186 0.772 0.607
vn 0.309 -0.941 0.140
vn 0.580 -0.769 -0.269
vn 0.327 -0.941 0.089
vn -0.672 -0.738 0.053
vn 0.342 -0.905 0.255
vn 0.167 -0.984 0.064
vn 0.068 -0.943 0.326
vn 0.241 -0.965 0.105
vn -0.713 -0.684 0.154
vn 0.889 0.205 0.409
vn 0.579 -0.410 0.705
vn 0.640 -0.284 0.713
vn 0.491 -0.316 0.812
vn 0.788 -0.608 -0.096
vn 0.992 -0.116 -0.054
vn 0.794 -0.450 -0.409
vn 0.384 0.907 -0.171
vn 0.832 -0.389 0.395
vn 0.970 -0.181 0.162
vn 0.879 -0.345 0.331
vn 0.791 -0.344 -0.506
vn 0.789 -0.130 -0.600
vn 0.907 -0.082 -0.412
vn 0.459 -0.250 0.852
vn 0.458 -0.105 0.883
vn -0.039 0.934 -0.355
vn 0.127 0.871 -0.475
vn 0.118 0.806 -0.579
vn 0.318 -0.227 0.920
vn 0.154 -0.498 0.854
vn 0.455 -0.182 0.872
vn 0.683 -0.269 0.678
vn 0.727 -0.239 0.644
vn 0.714 -0.259 0.651
vn 0.992 -0.113 0.056
vn 0.989 0.061 -0.134
vn 0.823 -0.554 0.130
vn 0.814 -0.516 -0.267
vn 0.467 0.845 -0.259
vn -0.636 -0.766 0.090
vn -0.923 -0.248 0.293
vn -0.721 -0.679 0.138
vn 0.487 -0.807 -0.334
vn 0.858 -0.379 -0.346
vn 0.950 -0.312 -0.013
vn 0.664 -0.212 0.717
vn 0.887 -0.295 0.356
vn 0.807 -0.429 0.406
vn 0.189 -0.873 -0.450
vn 0.093 -0.860 -0.502
vn 0.444 -0.772 0.455
vn 0.924 -0.244 0.295
vn 0.639 -0.769 -0.014
vn 0.763 -0.646 0.023
vn 0.625 -0.749 -0.220
vn 0.202 -0.956 0.210
vn 0.260 -0.956 -0.140
vn 0.288 -0.947 -0.140
vn 0.375 -0.868 -0.325
vn -0.343 -0.060 0.938
vn -0.282 -0.108 0.953
vn -0.469 -0.085 0.879
vn 0.849 -0.206 0.486
vn 0.843 -0.480 0.244
vn 0.644 -0.342 -0.685
vn 0.487 -0.076 -0.870
vn -0.807 0.390 -0.443
vn 0.829 -0.505 -0.241
vn 0.574 -0.415 0.706
vn 0.635 -0.413 0.653
vn 0.560 -0.516 0.648
vn 0.547 -0.327 0.771
vn 0.424 -0.906 0.006
vn 0.419 -0.883 0.210
vn 0.516 -0.808 0.286
vn 0.314 0.625 -0.715
vn 0.325 0.731 -0.600
vn 0.193 -0.717 0.670
vn 0.028 -0.959 0.281
vn 0.127 -0.644 -0.755
vn 0.904 -0.413 0.105
vn 0.883 -0.280 0.378
vn 0.847 0.162 -0.506
vn 0.939 0.302 -0.164
vn 0.978 0.190 0.091
vn 0.925 0.360 0.120
vn 0.960 -0.205 -0.191
vn 0.943 0.248 0.221
vn 0.994 0.052 -0.097
vn 0.946 0.142 -0.290
vn 0.985 0.139 0.106
vn 0.568 -0.233 0.790
vn 0.519 -0.235 0.821
vn 0.602 -0.362 0.711
vn 0.877 -0.145 0.458
vn 0.915 0.079 0.395
vn 0.066 -0.270 -0.960
vn -0.158 0.982 -0.103
vn 0.567 -0.497 0.657
vn 0.400 -0.760 0.513
vn 0.417 0.494 0.763
vn 0.479 0.317 0.819
vn 0.989 0.090 -0.116
vn 0.982 0.186 -0.027
vn 0.729 0.515 -0.450
vn 0.469 0.636 -0.613
vn 0.492 0.762 -0.421
vn 0.040 -0.237 0.971
vn 0.261 -0.309 0.914
vn 0.120 -0.666 0.736
vn -0.272 0.935 0.228
vn -0.256 -0.800 -0.542
vn -0.370 -0.692 -0.620
vn -0.218 -0.739 -0.638
vn 0.116 -0.007 0.993
vn -0.346 0.527 0.776
vn 0.651 0.256 0.715
vn 0.692 0.605 0.394
vn 0.689 0.322 0.649
vn 0.305 -0.389 0.869
vn -0.032 0.522 0.852
vn -0.196 -0.206 0.959
vn 0.771 -0.074 0.633
vn 0.999 -0.051 0.012
vn 0.633 0.422 -0.649
vn 0.465 0.430 -0.774
vn -0.869 -0.401 0.290
vn -0.835 0.306 0.458
vn 0.867 -0.473 -0.154
vn 0.975 -0.162 -0.151
vn 0.991 -0.100 -0.090
vn 0.536 -0.713 0.451
vn 0.852 -0.160 -0.498
vn 0.728 -0.514 -0.453
vn 0.994 0.113 -0.006
vn 0.935 -0.196 -0.294
vn 0.351 0.173 0.920
vn 0.469 0.182 0.864
vn 0.470 -0.126 0.874
vn 0.999 -0.043 -0.006
vn 1.000 0.011 -0.003
vn 0.815 -0.069 0.575
vn 0.125 -0.839 0.530
vn 0.952 0.085 0.293
vn -0.168 -0.984 -0.051
vn 0.997 0.000 0.081
vn 0.839 0.063 0.541
vn 0.536 -0.035 0.843
vn 0.581 0.037 0.813
vn 0.864 0.435 -0.254
vn 0.214 -0.662 0.718
vn 0.275 -0.509 0.816
vn 0.430 -0.682 0.591
vn 0.546 -0.360 0.756
vn 0.550 -0.629 0.550
vn -0.839 -0.519 0.163
vn -0.747 -0.091 0.659
vn -0.254 0.884 0.392
vn 0.192 0.895 0.404
vn 0.185 0.960 0.211
vn -0.526 -0.296 0.798
vn 0.125 0.542 -0.831
vn 0.505 0.194 -0.841
vn 0.449 -0.390 0.804
vn 0.622 -0.772 -0.132
vn 0.931 -0.280 -0.234
vn 0.970 -0.188 0.152
vn 0.385 -0.721 0.577
vn 0.431 -0.899 -0.081
vn 0.240 -0.971 -0.016
vn 0.948 0.273 0.162
vn 0.898 0.253 -0.361
vn 0.881 0.133 -0.454
vn 0.906 0.043 0.420
vn 0.860 0.152 0.487
vn 0.459 0.749 -0.477
vn 0.610 -0.790 -0.058
vn 0.304 -0.953 0.002
vn 0.766 -0.139 -0.627
vn 0.217 -0.114 -0.969
vn 0.469 0.152 -0.870
vn 0.554 -0.147 -0.820
vn 0.969 0.172 -0.177
vn 0.934 0.358 0.002
vn 0.741 -0.011 0.672
vn 0.644 -0.006 0.765
vn 0.620 0.777 0.106
vn 0.249 0.930 0.269
vn 0.408 0.896 -0.173
vn 0.992 0.114 0.050
vn 0.482 0.800 0.359
vn -0.003 0.218 0.976
vn 0.962 0.192 0.193
vn 0.903 0.176 0.393
vn 0.836 0.543 -0.085
vn 0.715 -0.441 0.543
vn 0.184 0.770 0.611
vn 0.922 -0.321 0.217
vn 0.886 -0.283 0.366
vn 0.922 -0.087 0.377
vn 0.427 -0.382 -0.820
vn 0.839 0.492 -0.231
vn 0.896 0.361 -0.260
vn -0.312 -0.942 -0.125
vn 0.130 -0.822 -0.554
vn 0.826 -0.536 -0.175
vn 0.045 -0.882 0.470
vn -0.338 -0.451 0.826
vn 1.000 -0.004 -0.006
vn 0.961 0.267 0.071
vn 0.871 -0.480 -0.106
vn 0.955 -0.292 0.053
vn 0.893 -0.121 -0.433
vn 0.959 0.264 -0.098
vn 0.939 -0.205 -0.275
vn 0.863 -0.326 0.387
vn 0.978 0.203 -0.037
vn 0.973 0.198 0.116
vn 0.936 -0.312 0.162
vn 0.944 -0.328 0.032
vn 0.255 -0.134 0.958
vn 0.486 -0.146 0.862
vn -0.381 0.189 -0.905
vn -0.390 0.147 -0.909
vn -0.207 0.223 -0.952
vn 0.887 -0.372 0.274
vn -0.742 -0.085 0.665
vn 0.918 0.317 0.239
vn 0.989 0.099 -0.107
vn 0.890 -0.342 -0.301
vn 0.855 0.097 -0.510
vn 0.787 0.276 -0.552
vn 0.924 -0.317 -0.214
vn 0.379 -0.054 0.924
vn 0.691 0.052 0.721
vn 0.098 0.021 0.995
vn 0.096 -0.571 0.816
vn 0.771 0.445 0.455
vn -0.754 -0.449 -0.480
vn 0.853 0.060 -0.519
vn 0.860 -0.196 -0.471
vn 0.598 0.553 0.581
vn 0.322 -0.145 0.935
vn 0.583 -0.134 -0.801
vn 0.737 -0.178 -0.652
vn 0.956 -0.003 -0.293
vn 0.904 0.380 0.196
vn 0.153 -0.734 0.662
vn -0.413 0.307 0.857
vn -0.333 0.055 0.941
vn -0.049 -0.023 -0.999
vn 0.484 0.294 -0.825
vn 0.908 -0.186 -0.375
vn -0.199 0.014 -0.980
vn 0.928 0.281 -0.246
vn 0.254 -0.394 -0.884
vn 0.840 0.114 -0.530
vn 0.472 -0.637 -0.609
vn -0.833 -0.084 0.547
vn 0.237 -0.256 0.937
vn 0.251 0.161 0.955
vn 0.214 -0.933 0.288
vn -0.017 0.003 1.000
vn 0.116 0.057 0.992
vn -0.425 0.855 0.299
vn -0.353 0.164 -0.921
vn -0.061 0.253 -0.965
vn 0.436 0.208 -0.876
vn -0.352 0.840 -0.413
vn 0.249 0.647 -0.721
vn -0.343 0.863 -0.372
vn 0.584 0.694 0.422
vn 0.485 -0.427 0.763
vn 0.438 -0.823 -0.361
vn 0.262 0.053 -0.963
vn 0.453 0.162 -0.877
vn -0.327 0.594 -0.735
vn 0.379 -0.884 -0.273
vn 0.640 0.300 -0.707
vn 0.319 -0.793 -0.520
vn 0.635 -0.028 -0.772
vn 0.346 0.206 -0.915
vn 0.572 -0.327 0.752
vn 0.610 -0.103 0.786
vn 0.621 -0.045 0.783
vn 0.168 -0.394 -0.903
vn 0.024 -0.202 -0.979
vn 0.251 -0.417 -0.874
vn 0.348 -0.409 0.843
vn 0.804 -0.509 -0.307
vn 0.916 -0.286 0.282
vn 0.788 -0.420 0.449
vn 0.448 -0.815 0.368
vn 0.313 -0.855 -0.414
vn 0.007 0.453 0.892
vn -0.695 0.514 0.503
vn -0.579 0.722 0.380
vn 0.178 -0.877 -0.446
vn 0.346 -0.886 -0.308
vn -0.165 0.030 0.986
vn 0.255 -0.461 0.850
vn 0.293 -0.514 0.806
vn 0.715 -0.233 0.660
vn 0.670 -0.315 0.672
vn 0.881 -0.086 0.465
vn 0.989 0.145 0.004
vn -0.886 0.463 -0.035
vn 0.987 -0.063 0.147
vn -0.319 -0.134 0.938
vn 0.292 -0.478 0.828
vn 0.968 0.070 0.240
vn 0.953 0.096 0.286
vn -0.370 -0.422 0.828
vn 0.887 0.164 -0.431
vn 0.907 0.131 -0.399
vn 0.749 0.152 -0.644
vn 0.566 -0.070 0.822
vn 0.800 0.002 -0.600
vn 0.867 0.014 -0.497
vn 0.737 0.412 -0.535
vn 0.042 0.615 -0.787
vn 0.274 0.381 -0.883
vn 0.983 0.133 -0.126
vn -0.403 -0.342 0.849
vn -0.310 -0.460 0.832
vn -0.175 -0.437 0.882
vn 0.145 -0.560 0.816
vn 0.466 -0.581 0.667
vn 0.341 -0.491 0.801
vn 0.732 0.471 0.493
vn 0.963 -0.270 -0.008
vn 0.927 0.161 0.338
vn 0.915 -0.035 0.403
vn 0.629 -0.568 0.530
vn 0.047 -0.542 0.839
vn 0.742 -0.441 0.505
vn 0.703 -0.643 0.303
vn 0.990 0.036 -0.139
vn 0.860 0.352 0.370
vn 0.977 -0.208 -0.039
vn 0.923 -0.361 0.134
vn 0.924 -0.310 -0.222
vn 0.361 0.297 -0.884
vn 0.698 -0.716 0.018
vn -0.372 -0.463 -0.805
vn 0.387 0.184 -0.903
vn 0.583 0.139 -0.800
vn 0.998 0.003 0.068
vn 0.703 -0.050 0.710
vn 0.428 -0.264 0.864
vn 0.470 -0.289 0.834
vn 0.964 0.128 -0.233
vn 0.941 0.150 -0.302
vn 0.889 0.194 -0.414
vn 0.993 -0.085 0.087
vn 0.957 -0.059 -0.285
vn 0.965 0.043 0.260
vn 0.719 0.188 -0.669
vn 0.870 0.150 -0.469
vn 0.553 0.052 0.831
vn 0.545 -0.121 0.830
vn 0.519 0.428 0.740
vn 0.886 0.455 0.090
vn 0.101 0.298 -0.949
vn 0.118 0.345 -0.931
vn 0.881 0.160 0.445
vn 0.816 0.031 0.577
vn 0.836 0.253 0.487
vn 0.654 -0.318 0.686
vn 0.852 0.494 0.174
vn 0.820 0.479 0.314
vn 0.942 -0.100 0.320
vn 0.911 0.008 -0.413
vn 0.956 0.139 -0.257
vn 0.617 0.119 0.778
vn 0.302 0.349 -0.887
vn 0.057 -0.856 0.514
vn 0.337 -0.384 0.860
vn 0.897 0.255 -0.360
vn 0.806 0.256 -0.533
vn -0.250 0.951 0.183
vn 0.072 0.996 -0.060
vn 0.728 -0.673 -0.126
vn 0.718 -0.660 0.220
vn 0.548 -0.587 -0.596
vn -0.558 0.795 0.239
vn 0.957 -0.168 -0.235
vn 0.793 -0.072 -0.605
vn 0.558 -0.558 -0.615
vn 0.891 0.199 -0.407
vn 0.974 0.053 -0.220
vn -0.193 0.420 -0.887
vn 0.701 0.146 -0.698
vn 0.717 -0.262 -0.646
vn 0.692 0.052 0.720
vn 0.725 0.197 0.660
vn 0.693 -0.488 0.530
vn 0.740 0.658 -0.140
vn 0.976 0.120 0.181
vn 0.402 -0.356 -0.844
vn 0.252 0.461 -0.851
vn 0.028 0.662 -0.749
vn -0.339 -0.108 -0.935
vn 0.680 0.297 0.671
vn 0.622 0.694 -0.364
vn 0.982 -0.163 -0.099
vn 0.970 0.201 -0.137
vn 0.352 -0.588 0.729
vn 0.327 -0.392 0.860
vn 0.084 -0.427 -0.900
vn -0.312 0.094 -0.946
vn -0.893 0.272 -0.359
vn 0.690 -0.565 0.453
vn 0.332 0.379 -0.864
vn 0.179 0.426 -0.887
vn 0.317 0.342 -0.885
vn 0.119 0.697 -0.708
vn 0.738 -0.653 -0.171
vn -0.043 0.043 -0.998
vn 0.742 -0.508 0.438
vn 0.972 -0.201 0.120
vn 0.874 -0.369 0.316
vn 0.788 -0.521 0.328
vn 0.480 -0.495 0.724
vn 0.048 0.350 0.936
vn 0.340 -0.929 0.148
vn 0.809 -0.319 0.494
vn 0.840 -0.416 0.349
vn 0.676 -0.539 0.502
vn 0.874 -0.314 0.372
vn 0.938 -0.041 0.345
vn 0.501 -0.485 0.716
vn 0.843 -0.125 -0.523
vn 0.861 -0.291 -0.417
vn 0.226 -0.967 -0.121
vn 0.547 -0.819 -0.172
vn 0.917 -0.376 -0.132
vn 0.732 0.627 -0.267
vn 0.919 0.033 -0.392
vn 0.939 0.001 0.344
vn 0.347 -0.334 0.876
vn 0.365 -0.325 0.873
vn 0.277 -0.332 0.902
vn 0.272 -0.282 0.920
vn 0.677 -0.392 0.623
vn 0.766 -0.404 0.499
vn 0.413 -0.515 0.751
vn -0.920 0.061 0.386
vn -0.915 0.316 0.250
vn -0.811 0.127 0.571
vn -0.475 0.857 -0.199
vn -0.653 0.691 -0.309
vn -0.219 0.851 -0.477
vn 0.307 -0.941 -0.141
vn -0.056 -0.995 -0.080
vn 0.171 -0.978 -0.118
vn 0.543 -0.434 0.718
vn 0.462 0.408 -0.788
vn 0.557 0.447 -0.700
vn -0.385 0.765 -0.516
vn -0.751 0.525 -0.400
vn -0.480 0.542 -0.690
vn -0.014 -0.499 0.867
vn 0.056 -0.554 0.831
vn -0.799 0.590 0.116
vn -0.862 0.316 0.397
vn 0.600 -0.615 0.512
vn -0.481 -0.296 0.825
vn -0.652 -0.140 0.745
vn -0.603 -0.231 0.763
vn -0.836 0.447 -0.319
vn 0.609 -0.247 -0.754
vn 0.784 -0.240 -0.573
vn 0.798 -0.330 -0.504
vn 0.742 -0.445 -0.501
vn 0.211 0.270 -0.939
vn 0.752 -0.191 -0.631
vn 0.521 -0.061 -0.851
vn 0.390 -0.262 -0.883
vn -0.379 -0.388 0.840
vn -0.188 -0.546 0.816
vn 0.924 -0.159 0.348
vn -0.412 0.254 -0.875
vn 0.976 0.173 0.132
vn 0.728 0.395 -0.560
vn 0.565 0.358 -0.743
vn 0.718 0.343 -0.606
vn 0.552 0.089 0.829
vn 0.529 0.435 -0.729
vn 0.363 0.507 -0.782
vn 0.425 0.186 -0.886
vn 0.726 -0.502 -0.469
vn 0.348 0.518 -0.781
vn 0.313 -0.286 0.906
vn 0.635 -0.248 0.732
vn 0.994 0.091 0.052
vn 0.558 -0.395 0.730
vn 0.217 -0.781 -0.586
vn 0.964 -0.129 -0.233
vn -0.175 0.319 -0.931
vn 0.832 -0.507 0.226
vn 0.854 -0.418 0.310
vn -0.229 -0.972 -0.062
vn -0.091 -0.527 0.845
vn -0.267 -0.836 0.479
vn 0.288 -0.482 0.828
vn 0.179 0.036 -0.983
vn 0.815 -0.452 0.363
vn 0.984 0.066 0.164
vn 0.452 -0.180 -0.874
vn -0.249 -0.484 -0.839
vn -0.045 -0.518 -0.854
vn 0.809 -0.350 0.473
vn 0.301 -0.609 0.734
vn 0.614 -0.061 -0.787
vn 0.536 0.224 -0.814
vn -0.028 0.624 -0.781
vn 0.980 -0.196 -0.037
vn 0.237 -0.373 0.897
vn 0.129 -0.129 0.983
vn -0.054 -0.054 -0.997
vn -0.132 -0.199 -0.971
vn -0.190 -0.447 -0.874
vn 0.546 0.251 -0.799
vn -0.375 -0.418 -0.827
vn -0.254 -0.759 -0.599
vn 0.759 0.575 0.304
vn 0.525 0.443 0.727
vn -0.132 -0.899 -0.417
vn -0.140 -0.900 -0.413
vn 0.916 -0.324 0.238
vn 0.606 -0.715 0.349
vn 0.211 -0.231 -0.950
vn 0.055 -0.116 -0.992
vn 0.345 -0.885 0.312
vn 0.385 -0.627 0.677
vn 0.989 0.127 -0.081
vn 0.883 0.467 0.049
vn 0.356 0.534 -0.767
vn 0.931 -0.155 -0.330
vn 0.215 -0.455 0.864
vn 0.885 0.262 0.385
vn -0.068 -0.152 -0.986
vn -0.092 -0.134 -0.987
vn 0.591 -0.069 -0.803
vn 0.139 -0.897 0.420
vn 0.303 0.886 0.352
vn -0.045 0.114 -0.992
vn -0.441 -0.457 0.772
vn -0.672 0.603 -0.430
vn -0.065 0.494 -0.867
vn -0.005 0.615 -0.789
vn 0.801 -0.555 -0.222
vn 0.772 -0.532 -0.346
vn 0.765 0.639 0.079
vn 0.189 -0.432 0.882
vn -0.178 0.852 -0.492
vn 0.949 0.137 -0.283
vn 0.230 -0.616 -0.753
vn 0.396 0.591 -0.703
vn 0.202 -0.595 0.778
vn 0.735 -0.451 0.506
vn 0.944 -0.302 0.129
vn 1.000 -0.021 0.020
vn 0.392 -0.060 -0.918
vn 0.440 0.064 0.896
vn 0.503 -0.030 0.864
vn 0.144 0.051 0.988
vn 0.107 -0.065 -0.992
vn 0.000 -0.001 -1.000
vn -0.186 -0.982 -0.029
vn -0.029 -0.065 -0.997
vn 0.380 0.241 -0.893
vn 0.323 -0.469 0.822
vn 0.094 -0.407 -0.909
vn 0.735 0.482 -0.476
vn -0.077 0.120 -0.990
vn -0.043 0.135 -0.990
vn -0.101 0.344 -0.933
vn -0.101 0.397 -0.912
vn 0.610 -0.789 0.071
vn 0.851 0.413 -0.324
vn 0.420 -0.866 -0.270
vn 0.398 -0.857 -0.327
vn 0.990 0.082 -0.114
vn 0.771 0.038 0.636
vn 0.090 0.627 -0.774
vn 0.079 0.393 -0.916
vn 0.089 0.457 -0.885
vn 0.064 0.289 -0.955
vn 0.334 0.563 -0.756
vn -0.126 0.188 -0.974
vn 0.280 0.049 0.959
vn 0.391 -0.342 0.855
vn 0.965 0.167 -0.204
vn 0.686 -0.727 -0.027
vn 0.563 -0.115 0.818
vn 0.557 -0.215 0.802
vn 0.425 -0.228 0.876
vn 0.050 -0.116 0.992
vn 0.040 0.539 -0.842
vn 0.820 0.348 -0.454
vn 0.853 -0.485 0.193
vn 0.820 -0.567 0.077
vn 0.673 0.377 -0.636
vn -0.561 -0.134 0.817
vn -0.406 -0.007 0.914
vn -0.672 -0.189 0.716
vn 0.893 -0.254 -0.372
vn 0.607 -0.488 0.626
vn 0.751 0.028 0.660
vn 0.388 -0.765 0.514
vn 0.458 -0.733 0.503
vn -0.782 -0.035 0.623
vn -0.782 -0.112 0.613
vn 0.383 -0.594 -0.708
vn 0.540 -0.472 -0.697
vn -0.169 0.009 0.986
vn -0.894 0.310 -0.324
vn -0.703 0.387 -0.596
vn -0.909 0.188 -0.373
vn -0.007 0.234 0.972
vn 0.158 -0.227 0.961
vn -0.050 0.049 0.998
vn -0.691 0.582 -0.429
vn 0.534 -0.545 0.646
vn 0.586 -0.516 0.624
vn 0.996 0.042 0.078
vn 0.555 -0.328 0.765
vn 0.917 0.254 0.308
vn 0.908 0.379 0.181
vn -0.210 0.084 0.974
vn 0.177 -0.943 0.282
vn 0.252 -0.813 0.525
vn 0.223 -0.745 0.629
vn -0.682 -0.656 0.322
vn -0.595 -0.658 0.462
vn -0.537 -0.738 0.408
vn 0.159 -0.985 0.062
vn 0.001 -0.572 0.820
vn -0.320 -0.482 -0.816
vn 0.839 0.072 -0.539
vn -0.197 0.392 -0.898
vn 0.965 -0.260 0.025
vn 0.981 -0.070 -0.179
vn 0.993 0.104 -0.062
vn 0.976 0.211 0.054
vn 0.594 -0.801 0.071
vn 0.280 0.329 -0.902
vn -0.065 -0.971 0.229
vn 0.017 -0.755 0.655
vn -0.536 -0.394 0.747
vn -0.337 -0.608 0.719
vn -0.167 0.335 -0.927
vn 0.933 0.138 -0.331
vn 0.629 0.081 -0.773
vn 0.496 -0.536 -0.683
vn 0.792 -0.367 -0.488
vn 0.582 0.195 -0.790
vn 0.930 -0.360 -0.075
vn 0.670 -0.589 0.451
vn 0.791 -0.488 0.368
vn 0.422 0.125 -0.898
vn 0.630 -0.171 0.758
vn 0.795 -0.523 0.308
vn 0.332 -0.045 0.942
vn 0.138 0.431 -0.892
vn 0.052 0.340 -0.939
vn 0.982 -0.181 0.043
vn 0.989 -0.138 0.050
vn 0.038 -0.515 -0.856
vn 0.852 0.509 -0.122
vn 0.831 0.522 0.194
vn 0.827 -0.508 0.243
vn 0.886 -0.464 0.007
vn 0.644 -0.485 0.592
vn 0.954 -0.288 0.078
vn 0.638 -0.520 0.569
vn 0.677 -0.458 0.576
vn 0.966 0.097 0.238
vn 0.685 -0.276 0.675
vn 0.381 -0.758 0.530
vn -0.790 -0.609 0.067
vn 0.830 -0.351 0.434
vn 0.753 0.648 -0.115
vn -0.225 0.594 -0.772
vn 0.226 0.458 -0.860
vn -0.193 0.535 -0.823
vn 0.814 -0.479 -0.327
vn 0.890 -0.321 -0.323
vn 0.639 -0.761 0.111
vn 0.645 -0.682 0.343
vn 0.778 -0.466 0.422
vn 0.856 -0.514 -0.045
vn 0.469 0.344 -0.813
vn 0.318 0.653 -0.688
vn 0.680 -0.223 -0.699
vn 0.868 0.041 -0.494
vn 0.609 0.475 -0.636
vn -0.028 -0.666 0.745
vn 0.516 -0.815 0.264
vn -0.062 -0.825 0.561
vn 0.908 -0.029 0.417
vn 0.586 -0.551 0.595
vn 0.110 -0.840 0.532
vn 0.993 0.025 0.118
vn 0.658 -0.649 0.382
vn 0.600 -0.555 0.576
vn 0.641 -0.464 0.612
vn 0.027 0.279 -0.960
vn 0.339 0.050 -0.939
vn 0.639 -0.116 -0.760
vn 0.527 0.071 -0.847
vn 0.521 -0.171 -0.836
vn 0.107 -0.993 0.046
vn 0.207 0.460 -0.863
vn 0.216 -0.885 -0.412
vn 0.896 -0.000 -0.444
vn 0.663 -0.723 0.193
vn 0.230 -0.241 0.943
vn -0.068 0.274 -0.959
vn 0.761 0.423 -0.491
vn -0.982 -0.017 0.186
vn -0.985 0.068 0.156
vn -0.947 -0.106 0.302
vn 0.565 0.324 -0.759
vn 0.265 -0.576 0.773
vn 0.804 -0.122 0.582
vn -0.570 -0.697 -0.435
vn -0.825 -0.473 -0.309
vn -0.553 -0.766 -0.327
vn 0.964 0.021 -0.266
vn 0.978 -0.194 -0.082
vn 0.503 -0.730 -0.462
vn 0.829 0.417 0.373
vn -0.596 0.588 -0.546
vn 0.131 0.588 -0.798
vn 0.263 0.840 -0.475
vn 0.161 0.527 -0.834
vn 0.922 -0.029 0.387
vn 0.406 -0.332 0.851
vn -0.485 -0.619 0.618
vn 0.526 -0.440 0.728
vn 0.880 -0.054 -0.471
vn 0.994 -0.073 -0.082
vn 0.131 -0.087 0.988
vn 0.518 0.435 -0.737
vn 0.523 0.436 -0.732
vn 0.632 0.407 -0.659
vn 0.644 0.271 -0.716
vn 0.166 -0.859 -0.484
vn 0.083 -0.900 -0.427
vn -0.047 -0.997 -0.069
vn 0.220 -0.935 0.279
vn 0.848 0.223 -0.480
vn 0.836 0.202 -0.510
vn 0.863 0.308 -0.401
vn -0.027 0.526 -0.850
vn -0.862 0.285 0.419
vn 0.998 -0.003 0.064
vn 0.991 0.017 0.133
vn 0.961 -0.005 0.278
vn 0.945 -0.210 0.252
vn -0.685 0.473 -0.554
vn 0.592 -0.789 -0.163
vn 0.743 0.669 -0.007
vn 0.888 0.432 -0.157
vn 0.601 0.791 -0.116
vn -0.371 -0.656 0.657
vn 0.949 0.258 -0.181
vn 0.424 -0.640 -0.641
vn 0.719 0.159 -0.676
vn 0.923 -0.166 -0.348
vn 0.701 -0.135 -0.700
vn 0.573 0.166 0.802
vn -0.667 0.092 0.740
vn -0.211 -0.977 -0.010
vn -0.242 -0.966 -0.092
vn 0.705 0.665 -0.247
vn 0.301 0.633 -0.713
vn 0.487 0.341 -0.804
vn 0.603 0.213 -0.769
vn -0.446 -0.737 0.508
vn 0.786 -0.605 -0.125
vn 0.392 -0.854 0.342
vn 0.789 -0.614 -0.014
vn 0.620 -0.488 -0.614
vn 0.577 -0.499 -0.646
vn -0.233 -0.737 0.634
vn -0.472 -0.646 0.600
vn -0.132 -0.808 0.574
vn 0.281 -0.859 0.427
vn 0.720 0.201 -0.665
vn 0.692 0.225 -0.686
vn 0.822 -0.206 -0.531
vn 0.765 -0.437 -0.473
vn 0.589 -0.782 0.201
vn 0.974 -0.151 0.170
vn 0.980 -0.194 -0.051
vn 0.954 -0.297 -0.041
vn 0.842 -0.297 -0.451
vn 0.982 0.077 0.173
vn 0.911 -0.220 0.348
vn 0.326 -0.878 0.349
vn 0.288 -0.906 0.311
vn -0.097 -0.979 0.181
vn -0.371 -0.685 0.627
vn -0.607 -0.452 0.654
vn -0.514 -0.649 0.561
vn 0.647 0.126 0.752
vn 0.995 0.026 0.101
vn 0.343 0.366 -0.865
vn 0.739 -0.613 0.278
vn 0.712 -0.702 0.012
vn 0.799 -0.519 0.304
vn -0.236 0.029 -0.971
vn -0.267 -0.278 -0.923
vn -0.029 -0.273 -0.962
vn 0.011 -0.998 -0.063
vn 0.450 0.378 -0.809
vn 0.176 0.051 0.983
vn 0.428 0.328 -0.842
vn 0.818 -0.575 0.002
vn 0.802 0.491 -0.340
vn 0.762 0.409 -0.502
vn -0.641 -0.424 0.639
vn -0.705 -0.446 0.552
vn 0.886 0.442 0.142
vn -0.995 0.067 -0.073
vn 0.963 -0.025 0.267
vn 0.992 -0.099 0.080
vn 0.877 -0.197 0.439
vn 0.295 -0.038 0.955
vn 0.495 -0.699 0.516
vn -0.987 0.154 -0.035
vn -0.920 0.349 -0.179
vn 0.975 -0.111 0.191
vn 0.806 -0.435 0.402
vn 0.962 0.003 0.274
vn 0.629 -0.349 0.694
vn 0.621 -0.682 0.385
vn 0.836 -0.051 0.546
vn 0.996 -0.066 -0.061
vn 0.760 -0.367 -0.536
vn 0.307 -0.581 0.754
vn 0.842 -0.538 -0.030
vn 0.910 -0.411 0.062
vn 0.721 -0.226 0.655
vn 0.708 -0.293 0.642
vn -0.398 -0.115 0.910
vn -0.727 0.010 0.686
vn -0.408 -0.140 0.902
vn -0.306 -0.610 -0.731
vn 0.715 -0.057 0.697
vn 0.211 0.300 -0.930
vn -0.450 0.087 0.889
vn -0.279 -0.126 0.952
vn 0.235 0.201 -0.951
vn 0.867 -0.400 0.298
vn 0.834 -0.429 -0.346
vn 0.567 -0.821 -0.073
vn 0.311 -0.950 -0.023
vn 0.270 -0.739 0.617
vn -0.246 -0.446 0.861
vn 0.584 -0.234 0.777
vn -0.149 -0.112 0.982
vn 0.793 -0.579 0.191
vn 0.321 -0.413 0.852
vn -0.030 -0.616 0.787
vn -0.582 -0.346 -0.736
vn -0.697 -0.537 -0.475
vn -0.791 -0.401 -0.461
vn -0.431 0.883 -0.187
vn -0.283 0.934 -0.217
vn 0.023 0.996 -0.087
vn 0.286 -0.710 0.643
vn 0.650 -0.504 0.568
vn 0.468 -0.602 -0.647
vn 0.308 -0.502 -0.808
vn 0.385 -0.569 -0.727
vn -0.734 -0.596 0.324
vn 0.520 -0.808 0.278
vn 0.020 -0.340 -0.940
vn 0.040 -0.321 -0.946
vn -0.872 0.458 0.174
vn -0.922 -0.272 0.275
vn -0.885 -0.167 0.435
vn -0.965 -0.010 0.262
vn 0.216 0.896 -0.389
vn 0.498 0.866 -0.040
vn 0.580 0.620 -0.529
vn -0.362 -0.710 0.604
vn -0.539 -0.753 0.377
vn 0.269 -0.481 -0.834
vn 0.153 -0.375 -0.915
vn -0.867 -0.112 0.485
vn -0.946 0.041 0.322
vn -0.658 0.038 -0.752
vn -0.682 -0.081 -0.727
vn 0.750 0.503 0.430
vn -0.923 0.363 0.129
vn 0.592 -0.711 -0.380
vn 0.559 -0.700 -0.445
vn -0.858 -0.487 -0.161
vn -0.925 -0.002 -0.381
vn -0.603 -0.788 -0.128
vn -0.468 -0.880 -0.086
vn -0.578 -0.807 -0.120
vn -0.012 0.968 -0.251
vn -0.713 -0.327 0.621
vn 0.695 -0.143 0.705
vn 0.896 -0.010 0.443
vn 0.835 0.258 0.486
vn 0.593 0.199 0.780
vn -0.494 0.612 -0.617
vn -0.787 0.555 -0.269
vn -0.000 0.152 -0.988
vn -0.156 0.406 -0.901
vn -0.169 -0.981 -0.092
vn -0.361 -0.928 -0.095
vn -0.450 -0.390 0.803
vn 0.331 0.760 -0.560
vn 0.864 0.379 -0.333
vn 0.434 -0.076 0.898
vn 0.069 0.428 -0.901
vn -0.693 -0.485 0.534
vn 0.882 -0.376 0.283
vn 0.215 -0.291 0.932
vn -0.684 -0.261 0.681
vn -0.769 0.026 0.639
vn -0.858 0.189 0.478
vn -0.867 0.080 0.493
vn -0.958 0.278 0.073
vn -0.872 0.484 0.076
vn 0.454 -0.861 -0.230
vn 0.534 -0.806 -0.256
vn -0.590 -0.320 0.742
vn -0.470 -0.381 0.796
vn 0.563 0.750 0.347
vn -0.062 0.968 -0.243
vn -0.065 0.871 -0.487
vn 0.660 -0.510 0.552
vn 0.961 0.036 -0.273
vn 0.915 0.375 -0.147
vn -0.257 0.935 -0.244
vn 0.173 -0.341 -0.924
vn 0.720 0.231 -0.654
vn 0.751 0.115 -0.650
vn 0.910 0.296 -0.289
vn 0.967 0.244 0.076
vn 0.045 0.666 -0.745
vn 0.854 0.448 -0.265
vn 0.467 0.872 -0.144
vn 0.571 0.568 -0.593
vn -0.895 0.377 0.237
vn 0.752 -0.067 -0.656
vn 0.574 0.224 -0.787
vn 0.926 0.312 -0.211
vn -0.559 -0.582 0.591
vn -0.597 -0.276 0.753
vn -0.847 -0.098 0.523
vn -0.838 -0.317 0.444
vn -0.939 -0.114 0.323
vn -0.994 0.107 -0.008
vn 0.450 -0.555 -0.700
vn -0.926 -0.207 0.315
vn 0.404 0.287 -0.868
vn 0.165 0.277 -0.947
vn 0.155 -0.113 -0.981
vn 0.204 0.426 -0.882
vn 0.145 -0.490 -0.860
vn 0.401 -0.446 -0.800
vn -0.485 0.477 -0.733
vn 0.058 0.353 -0.934
vn -0.219 0.470 -0.855
vn 0.533 0.312 -0.787
vn 0.433 0.252 -0.866
vn 0.364 0.325 -0.873
vn 0.906 0.293 0.307
vn 0.058 -0.749 0.660
vn 0.742 0.195 -0.641
vn 0.649 0.123 -0.751
vn -0.221 -0.193 -0.956
vn -0.297 -0.361 -0.884
vn 0.630 -0.020 -0.776
vn -0.643 0.374 -0.668
vn -0.582 0.153 -0.799
vn -0.635 0.352 -0.687
vn 0.872 -0.472 -0.134
vn 0.331 -0.624 -0.708
vn 0.116 0.521 -0.846
vn 0.296 0.555 -0.777
vn 0.798 -0.187 -0.572
vn 0.524 0.810 -0.262
vn -0.050 0.697 -0.715
vn 0.101 0.681 -0.726
vn -0.322 0.813 -0.486
vn 0.688 -0.024 -0.725
vn 0.797 -0.073 0.600
vn 0.978 -0.188 -0.088
vn 0.937 -0.342 0.066
vn -0.043 -0.838 0.544
vn 0.584 0.571 -0.577
vn 0.633 0.623 -0.460
vn 0.715 0.445 -0.540
vn 0.556 0.024 -0.831
vn 0.435 0.202 -0.878
vn 0.951 0.259 -0.171
vn 0.524 -0.597 0.607
vn -0.012 -0.868 0.497
vn -0.960 0.197 0.198
vn -0.863 0.388 -0.322
vn 0.753 -0.503 0.424
vn 0.917 -0.046 0.397
vn -0.931 0.326 0.164
vn -0.933 0.246 0.263
vn 0.923 0.162 -0.350
vn 0.678 0.720 0.148
vn 0.320 -0.238 -0.917
vn 0.937 -0.092 -0.337
vn 0.913 -0.212 -0.348
vn 0.911 -0.226 -0.346
vn -0.170 0.509 -0.844
vn -0.723 0.462 -0.513
vn 0.823 -0.565 -0.062
vn -0.058 -0.023 0.998
vn 0.806 -0.224 -0.549
vn -0.552 -0.652 0.520
vn 0.875 -0.276 -0.397
vn -0.945 -0.088 0.315
vn 0.993 0.057 0.100
vn 0.996 -0.026 -0.087
vn 0.970 0.017 -0.243
vn 0.924 0.167 -0.343
vn 0.781 -0.221 -0.584
vn 0.721 0.337 -0.605
vn -0.848 -0.378 0.371
vn -0.928 -0.172 0.331
vn 0.781 -0.214 -0.586
vn 0.738 -0.336 -0.585
vn -0.060 -0.972 -0.227
vn 0.962 -0.080 -0.259
vn 0.919 0.010 -0.394
vn 0.734 0.107 -0.671
vn 0.155 0.407 -0.900
vn -0.836 0.020 0.548
vn 0.407 -0.573 -0.712
vn 0.317 -0.689 -0.652
vn 0.899 0.321 -0.298
vn 0.804 -0.526 -0.277
vn 0.438 0.317 -0.841
vn 0.211 0.444 -0.871
vn -0.708 -0.390 0.589
vn -0.621 -0.512 0.594
vn 0.634 0.319 -0.704
vn -0.808 0.370 0.458
vn -0.751 -0.187 0.633
vn -0.980 -0.192 0.058
vn -0.996 -0.049 0.073
vn -0.986 -0.112 -0.125
vn -0.710 -0.126 0.693
vn 0.919 0.320 -0.231
vn -0.234 0.489 0.840
vn -0.048 0.754 0.655
vn 0.860 0.230 -0.455
vn 0.776 0.411 -0.478
vn 0.933 0.246 0.263
vn -0.408 0.418 0.812
vn 0.820 -0.022 -0.572
vn 0.866 -0.462 -0.193
vn 0.778 -0.158 -0.608
vn 0.830 -0.483 -0.280
vn 0.606 -0.307 0.734
vn -0.911 -0.392 -0.130
vn 0.765 -0.141 -0.628
vn 0.830 -0.136 -0.541
vn 0.846 0.088 -0.526
vn -0.602 -0.639 0.479
vn -0.784 0.375 -0.494
vn -0.694 0.409 -0.592
vn 0.265 0.183 -0.947
vn 0.969 0.088 0.230
vn 0.668 0.286 -0.687
vn 0.875 -0.077 -0.478
vn -0.424 -0.007 0.906
vn 0.948 -0.128 0.290
vn -0.397 0.067 0.915
vn -0.142 -0.007 0.990
vn -0.345 0.801 0.489
vn 0.453 -0.148 0.879
vn 0.656 0.723 0.215
vn 0.920 0.390 -0.030
vn -0.120 -0.007 -0.993
vn 0.166 0.056 -0.985
vn -0.122 -0.005 -0.992
vn -0.245 -0.058 0.968
vn -0.326 -0.421 0.847
vn -0.004 -0.313 -0.950
vn 0.493 -0.170 0.853
vn -0.356 -0.493 0.793
vn 0.973 -0.145 -0.179
vn 0.935 -0.081 -0.345
vn -0.131 0.293 -0.947
vn 0.985 0.171 0.006
vn -0.372 0.926 0.058
vn -0.383 0.924 -0.012
vn 0.344 -0.092 0.935
vn -0.807 0.575 0.139
vn 0.028 -0.218 -0.976
vn 0.911 -0.365 0.192
vn -0.355 0.644 -0.678
vn 0.261 -0.961 0.086
vn 0.645 -0.384 -0.661
vn 0.764 0.226 -0.605
vn 0.358 0.270 -0.894
vn 0.341 0.409 -0.846
vn 0.529 -0.731 -0.431
vn 0.590 -0.019 0.807
vn 0.875 -0.460 0.153
vn 0.436 -0.741 0.511
vn 0.538 0.165 -0.827
vn 0.849 -0.259 -0.461
vn -0.536 -0.754 -0.380
vn -0.404 -0.832 -0.381
vn -0.546 -0.733 -0.405
vn 0.908 0.318 -0.273
vn 0.883 0.333 0.332
vn 0.827 -0.034 0.561
vn -0.067 -0.087 -0.994
vn -0.074 -0.092 -0.993
vn 0.917 0.400 0.013
vn 0.578 -0.338 0.743
vn -0.321 0.774 0.546
vn -0.481 0.739 0.472
vn -0.411 -0.539 0.736
vn -0.411 -0.539 0.736
vn -0.411 -0.539 0.736
vn 0.807 -0.384 -0.449
vn 0.040 -0.773 -0.634
vn 0.288 0.415 -0.863
vn 0.612 0.743 0.270
vn -0.965 0.260 0.026
vn -0.326 -0.826 0.459
vn -0.959 0.202 0.198
vn -0.954 0.216 0.210
vn 0.090 -0.129 0.988
vn -0.015 -0.027 1.000
vn -0.995 0.036 0.092
vn -0.998 0.060 0.014
vn 0.789 -0.342 0.510
vn -0.782 -0.097 0.616
vn 0.651 0.055 0.757
vn 0.443 -0.261 0.858
vn 0.253 0.860 0.443
vn 0.565 -0.027 0.824
vn 0.753 0.061 -0.656
vn -0.825 0.294 -0.482
vn 0.720 -0.511 0.470
vn -0.734 0.614 -0.291
vn -0.321 0.391 0.862
vn 0.957 -0.228 0.177
vn 0.915 -0.224 0.337
vn 0.860 -0.507 0.055
vn 0.951 -0.309 -0.014
vn -0.860 -0.504 -0.082
vn -0.799 -0.587 0.131
vn 0.972 0.088 0.216
vn 0.984 0.178 0.028
vn 0.846 0.017 -0.532
vn 0.712 0.517 -0.475
vn 0.565 0.690 -0.452
vn -0.638 0.756 0.148
vn -0.236 0.772 -0.590
vn -0.811 0.572 -0.123
vn 0.301 -0.411 -0.861
vn 0.792 0.585 -0.177
vn -0.279 0.456 -0.845
vn 0.996 -0.007 0.088
vn 0.971 0.150 -0.186
vn -0.650 0.747 -0.140
vn -0.668 0.737 -0.104
vn -0.083 0.029 0.996
vn 0.281 -0.545 0.790
vn 0.320 -0.815 0.483
vn 0.628 -0.549 0.552
vn 0.880 -0.295 0.373
vn -0.834 -0.282 0.474
vn -0.525 -0.489 0.697
vn 0.656 0.546 -0.521
vn -0.327 -0.233 0.916
vn -0.450 -0.280 0.848
vn 0.241 -0.829 0.504
vn 0.596 0.282 -0.752
vn 0.398 0.815 -0.422
vn 0.733 0.570 -0.371
vn -0.588 0.650 -0.481
vn -0.998 -0.037 -0.057
vn -0.986 -0.132 -0.105
vn 0.934 0.230 0.275
vn 0.879 0.277 0.387
vn 0.003 0.841 -0.540
vn -0.095 0.298 -0.950
vn -0.619 0.014 0.785
vn 0.991 -0.115 -0.072
vn 0.760 0.649 -0.023
vn 0.319 -0.272 0.908
vn -0.918 0.021 0.397
vn -0.789 0.198 0.581
vn -0.949 -0.314 0.014
vn -0.988 -0.125 -0.095
vn -0.987 -0.156 -0.045
vn 0.687 0.069 0.723
vn 0.552 0.784 -0.283
vn 0.614 0.738 -0.280
vn -0.808 0.200 -0.554
vn -0.461 0.537 -0.706
vn -0.344 -0.621 -0.705
vn -0.100 0.041 0.994
vn 0.473 -0.842 0.260
vn -0.794 0.359 0.492
vn -0.947 0.174 0.272
vn 0.728 0.018 0.685
vn 0.842 -0.471 0.264
vn 0.791 0.608 0.070
vn -0.818 0.344 0.462
vn 0.782 0.454 -0.427
vn 0.938 0.334 -0.095
vn 0.819 0.059 -0.571
vn -0.498 0.060 -0.865
vn -0.297 0.172 -0.939
vn -0.283 -0.730 -0.622
vn -0.083 -0.865 -0.495
vn -0.181 -0.752 -0.634
vn 0.643 0.070 -0.762
vn -0.780 0.618 -0.099
vn 0.310 0.859 0.408
vn 0.268 -0.962 0.050
vn 0.048 -0.995 -0.092
vn -0.083 -0.996 -0.044
vn -0.884 0.236 0.404
vn -0.844 0.468 0.262
vn -0.911 0.239 0.336
vn -0.027 0.972 -0.235
vn -0.979 0.203 0.005
vn -0.957 0.279 0.083
vn -0.907 0.171 -0.384
vn -0.414 0.870 -0.269
vn 0.410 -0.341 -0.846
vn 0.398 0.571 -0.718
vn 0.765 0.434 -0.476
vn 0.866 0.231 -0.444
vn 0.111 -0.836 0.538
vn 0.271 -0.832 0.484
vn -0.273 -0.392 -0.878
vn 0.550 0.781 -0.295
vn -0.301 -0.846 -0.439
vn -0.746 0.507 -0.431
vn 0.816 0.254 -0.519
vn 0.389 0.530 -0.753
vn 0.348 0.012 0.938
vn -0.074 -0.030 0.997
vn -0.097 -0.061 0.993
vn 0.725 0.556 -0.407
vn 0.418 0.654 -0.631
vn -0.238 -0.445 0.863
vn 0.022 -0.564 0.825
vn 0.127 -0.401 0.907
vn -0.804 0.562 -0.196
vn -0.517 0.829 -0.211
vn -0.914 0.253 -0.318
vn -0.807 0.481 -0.342
vn 0.521 0.243 -0.818
vn -0.402 -0.366 0.839
vn -0.381 -0.287 0.879
vn 0.797 -0.110 -0.594
vn 0.751 -0.019 -0.660
vn 0.367 -0.834 -0.411
vn -0.957 -0.087 0.278
vn -0.908 -0.363 0.210
vn 0.027 -0.903 -0.428
vn 0.386 -0.836 -0.389
vn 0.593 -0.522 -0.613
vn -0.491 -0.134 0.861
vn -0.587 -0.116 0.801
vn 0.839 0.481 -0.255
vn 0.898 0.333 -0.289
vn 0.974 0.225 -0.031
vn -0.807 0.422 0.413
vn -0.816 0.378 0.438
vn -0.720 0.473 0.507
vn -0.956 -0.051 -0.287
vn -0.850 0.252 -0.463
vn 0.601 0.337 -0.724
vn 0.403 0.462 -0.790
vn 0.949 -0.309 -0.064
vn 0.843 -0.522 0.132
vn -0.877 0.330 0.349
vn 0.536 -0.412 -0.737
vn -0.666 0.744 0.046
vn -0.704 0.592 0.391
vn -0.731 0.582 0.357
vn -0.218 -0.064 -0.974
vn -0.112 -0.011 -0.994
vn -0.192 -0.041 -0.981
vn -0.083 0.001 -0.997
vn -0.295 -0.055 -0.954
vn -0.084 -0.024 -0.996
vn -0.089 -0.022 -0.996
vn -0.046 -0.090 -0.995
vn 0.858 0.508 0.070
vn 0.242 0.963 -0.117
vn 0.350 0.937 -0.004
vn 0.212 0.242 -0.947
vn 0.165 0.753 -0.637
vn 0.527 0.190 -0.828
vn 0.194 0.353 -0.915
vn 0.042 0.305 -0.951
vn -0.659 -0.217 -0.720
vn -0.751 -0.318 -0.579
vn -0.701 0.551 -0.454
vn -0.875 0.455 -0.163
vn -0.644 0.556 -0.526
vn -0.176 0.137 -0.975
vn -0.035 -0.134 -0.990
vn -0.447 0.569 -0.690
vn -0.155 -0.427 -0.891
vn -0.357 0.412 -0.838
vn -0.593 0.653 -0.471
vn -0.938 0.298 0.175
vn -0.895 0.378 0.238
vn -0.805 0.080 -0.588
vn -0.969 -0.077 -0.235
vn -0.176 0.554 -0.813
vn -0.490 -0.109 -0.865
vn -0.460 -0.336 -0.822
vn -0.767 0.486 -0.419
vn 0.215 0.065 -0.974
vn 0.090 0.990 0.106
vn -0.062 0.113 -0.992
vn -0.060 0.101 -0.993
vn 0.009 0.654 -0.756
vn 0.484 -0.723 0.494
vn 0.710 -0.636 0.302
vn 0.814 -0.300 0.498
vn 0.720 0.175 -0.672
vn 0.986 0.116 -0.116
vn 0.930 -0.033 -0.365
vn 0.032 0.998 -0.055
vn -0.168 0.940 0.296
vn 0.143 0.988 0.056
vn -0.248 0.435 -0.866
vn 0.023 0.191 -0.981
vn -0.040 0.105 -0.994
vn -0.216 0.105 -0.971
vn -0.408 0.074 -0.910
vn -0.800 0.313 -0.513
vn -0.017 -0.009 -1.000
vn -0.024 0.024 -0.999
vn -0.005 0.055 -0.998
vn 0.925 0.114 0.364
vn 0.882 -0.064 0.467
vn -0.725 0.495 0.479
vn -0.725 0.471 0.503
vn -0.919 0.207 0.335
vn 0.075 0.996 -0.037
vn -0.829 0.328 -0.452
vn -0.849 0.328 -0.414
vn 0.629 0.575 -0.523
vn 0.890 0.237 -0.389
vn 0.295 -0.073 -0.953
vn -0.101 -0.437 -0.894
vn -0.007 -0.729 -0.685
vn -0.066 -0.090 -0.994
vn -0.029 0.282 -0.959
vn -0.959 -0.279 -0.057
vn -0.120 -0.060 -0.991
vn -0.183 -0.103 -0.978
vn -0.204 -0.107 -0.973
vn -0.071 -0.084 -0.994
vn -0.815 0.417 0.401
vn -0.899 0.080 0.431
vn 0.073 -0.426 -0.902
vn -0.124 -0.387 -0.914
vn 0.981 0.114 -0.155
vn 0.343 0.123 -0.931
vn -0.302 -0.033 -0.953
vn -0.050 -0.106 -0.993
vn -0.123 -0.168 -0.978
vn 0.878 -0.475 -0.051
vn 0.981 -0.079 0.176
vn 0.414 0.154 -0.897
vn -0.268 0.947 0.177
vn 0.551 -0.831 0.076
vn -0.959 0.113 0.260
vn -0.952 0.184 0.243
vn -0.104 -0.983 0.150
vn -0.394 -0.857 0.332
vn -0.361 -0.921 0.143
vn 0.357 -0.933 -0.050
vn 0.686 -0.596 -0.418
vn -0.968 0.104 -0.227
vn -0.111 -0.444 -0.889
vn -0.185 -0.079 -0.980
vn 0.065 0.490 -0.869
vn -0.003 0.571 -0.821
vn -0.559 0.496 -0.664
vn -0.970 0.098 0.224
vn -0.116 -0.357 -0.927
vn 0.894 0.370 -0.254
vn -0.318 -0.948 0.011
vn -0.173 -0.984 0.051
vn -0.908 -0.403 0.117
vn -0.947 -0.217 0.236
vn -0.974 -0.114 0.198
vn 0.606 -0.542 0.582
vn 0.708 -0.375 0.598
vn 0.838 -0.241 0.489
vn -0.737 -0.423 -0.527
vn -0.913 -0.233 -0.334
vn -0.648 -0.323 -0.689
vn -0.820 -0.518 -0.243
vn -0.732 -0.587 -0.345
vn -0.705 -0.109 0.701
vn 0.968 -0.249 -0.030
vn -0.294 0.720 -0.628
vn -0.684 -0.487 -0.543
vn -0.727 -0.515 -0.453
vn -0.778 -0.541 -0.320
vn -0.460 -0.223 0.860
vn -0.282 -0.571 0.771
vn -0.324 -0.400 0.857
vn 0.926 0.113 -0.359
vn 0.784 0.364 -0.503
vn 0.923 0.294 -0.249
vn -0.803 -0.023 -0.596
vn -0.828 -0.018 -0.560
vn 0.870 0.125 -0.478
vn 0.388 -0.602 0.698
vn 0.510 -0.700 0.499
vn 0.858 -0.496 0.129
vn 0.960 0.034 -0.277
vn 0.708 -0.704 -0.049
vn 0.683 -0.698 -0.215
vn 0.796 -0.583 -0.164
vn 0.399 -0.359 0.844
vn 0.466 -0.286 0.837
vn -0.665 0.240 -0.707
vn -0.550 0.251 -0.797
vn -0.696 0.350 -0.627
vn 0.549 -0.834 0.052
vn 0.464 -0.580 0.670
vn 0.025 -0.595 0.803
vn -0.713 -0.663 0.230
vn -0.640 -0.766 0.056
vn 0.959 -0.091 0.269
vn 0.962 -0.211 0.175
vn 0.909 -0.153 0.387
vn -0.446 -0.267 -0.854
vn -0.586 -0.222 -0.779
vn 0.958 0.256 0.132
vn -0.200 0.968 0.149
vn 0.310 -0.931 0.193
vn 0.087 -0.841 0.533
vn 0.288 -0.639 0.713
vn 0.984 0.164 -0.075
vn 0.863 0.417 0.286
vn -0.204 -0.898 0.389
vn -0.208 -0.690 0.694
vn -0.921 -0.031 0.388
vn -0.000 0.663 -0.749
vn -0.099 0.843 -0.529
vn -0.195 0.291 -0.937
vn 0.065 0.936 -0.346
vn 0.150 0.895 -0.420
vn -0.270 0.918 -0.291
vn -0.871 -0.068 0.486
vn 0.381 -0.370 -0.847
vn 0.390 -0.284 -0.876
vn -0.046 -0.294 -0.955
vn 0.118 -0.992 0.048
vn 0.200 0.315 0.928
vn -0.247 -0.251 -0.936
vn -0.232 -0.253 -0.939
vn -0.348 -0.250 -0.903
vn -0.881 -0.211 0.424
vn -0.603 -0.526 0.600
vn -0.625 -0.507 0.594
vn -0.638 -0.409 -0.652
vn -0.591 -0.389 -0.707
vn 0.982 0.080 0.171
vn -0.222 0.955 -0.196
vn 0.454 -0.432 -0.779
vn 0.293 -0.543 -0.787
vn 0.342 -0.501 -0.795
vn 0.792 -0.229 -0.566
vn 0.648 -0.577 -0.497
vn 0.855 -0.103 -0.508
vn 0.498 -0.861 0.098
vn -0.468 0.270 -0.842
vn -0.925 0.364 0.107
vn -0.793 0.604 0.075
vn -0.482 0.873 -0.075
vn -0.320 -0.941 -0.107
vn -0.682 -0.682 -0.262
vn -0.557 -0.798 -0.230
vn -0.198 -0.268 -0.943
vn -0.269 -0.813 -0.516
vn -0.374 -0.856 -0.357
vn -0.379 -0.836 -0.398
vn 0.256 -0.611 -0.749
vn 0.836 -0.193 -0.513
vn 0.930 -0.108 -0.350
vn -0.338 -0.718 0.609
vn 0.218 -0.615 0.758
vn 0.345 -0.734 -0.585
vn 0.140 -0.851 -0.506
vn -0.535 0.795 -0.286
vn -0.397 0.877 -0.270
vn -0.509 0.855 -0.099
vn 0.854 -0.450 -0.260
vn -0.673 0.441 -0.593
vn -0.397 0.610 -0.685
vn -0.506 0.770 0.387
vn 0.143 0.788 -0.599
vn -0.141 0.884 -0.446
vn -0.788 0.552 0.273
vn -0.929 0.291 0.227
vn 0.892 -0.339 0.298
vn 0.990 0.124 -0.065
vn -0.222 0.798 -0.561
vn -0.960 0.041 0.277
vn -0.889 -0.047 0.456
vn 0.744 -0.244 0.622
vn 0.752 -0.254 0.608
vn -0.770 0.185 -0.611
vn -0.705 0.133 -0.697
vn -0.920 -0.391 0.015
vn -0.788 0.306 -0.534
vn -0.880 0.302 -0.367
vn -0.857 0.145 -0.494
vn -0.723 0.434 -0.538
vn -0.749 0.344 -0.566
vn 0.832 0.410 -0.373
vn -0.758 0.652 0.007
vn -0.583 -0.533 -0.613
vn -0.885 -0.352 -0.305
vn -0.955 -0.267 -0.131
vn -0.091 0.266 -0.960
vn -0.013 0.300 -0.954
vn -0.478 -0.572 -0.666
vn -0.575 -0.452 -0.682
vn -0.913 -0.307 -0.269
vn -0.885 0.435 -0.163
vn -0.896 0.320 -0.309
vn 0.092 -0.010 -0.996
vn -0.403 0.878 -0.260
vn 0.403 -0.905 -0.136
vn 0.155 -0.966 -0.208
vn -0.452 0.807 -0.380
vn -0.732 0.536 -0.421
vn -0.003 0.817 -0.576
vn -0.591 0.427 -0.684
vn -0.176 0.918 -0.355
vn -0.597 0.005 -0.802
vn -0.812 -0.073 0.579
vn -0.789 0.601 0.127
vn -0.484 0.798 -0.359
vn -0.862 -0.490 0.131
vn -0.885 -0.456 0.093
vn -0.895 -0.414 0.163
vn -0.407 -0.124 0.905
vn -0.138 -0.382 0.914
vn 0.834 -0.042 -0.550
vn 0.025 -0.372 -0.928
vn 0.679 -0.673 -0.293
vn -0.011 0.283 -0.959
vn -0.039 0.727 0.685
vn -0.039 0.727 0.685
vn -0.039 0.727 0.685
vn 0.763 -0.542 0.353
vn -0.835 0.041 -0.549
vn -0.825 -0.199 -0.529
vn 0.944 -0.083 0.320
vn 0.920 -0.392 0.004
vn -0.483 -0.138 -0.865
vn -0.839 -0.305 0.451
vn -0.465 -0.263 0.845
vn -0.283 0.070 -0.956
vn -0.904 -0.365 0.223
vn -0.936 -0.345 -0.072
vn -0.938 -0.310 -0.154
vn -0.734 0.679 0.014
vn -0.913 0.044 0.405
vn -0.445 -0.662 0.603
vn -0.628 -0.620 0.471
vn -0.311 -0.567 0.763
vn -0.471 0.002 0.882
vn -0.270 -0.125 0.955
vn -0.428 -0.165 0.889
vn -0.549 -0.667 0.504
vn -0.665 0.110 0.739
vn -0.531 0.045 0.846
vn -0.743 0.669 -0.023
vn -0.566 -0.824 -0.004
vn -0.550 -0.761 -0.345
vn -0.611 -0.743 -0.274
vn -0.933 -0.232 0.277
vn -0.715 -0.592 0.372
vn -0.778 -0.526 0.344
vn -0.613 -0.086 0.785
vn -0.452 -0.108 0.885
vn -0.569 0.035 0.822
vn -0.559 0.729 -0.395
vn -0.761 0.419 -0.495
vn -0.456 0.886 -0.083
vn -0.092 -0.820 0.564
vn 0.042 0.022 0.999
vn -0.078 -0.022 0.997
vn -0.819 -0.386 0.423
vn -0.583 -0.406 0.703
vn -0.747 -0.661 -0.068
vn -0.748 -0.590 -0.303
vn -0.846 -0.513 -0.144
vn -0.677 -0.103 0.729
vn -0.429 -0.148 0.891
vn -0.617 -0.206 0.759
vn 0.378 0.418 -0.826
vn 0.177 0.500 -0.848
vn 0.622 -0.494 0.608
vn 0.545 -0.516 0.661
vn -0.663 -0.664 0.346
vn -0.574 -0.757 0.312
vn -0.638 -0.705 0.310
vn -0.377 -0.429 0.821
vn -0.467 -0.648 0.602
vn 0.144 -0.024 0.989
vn -0.542 -0.015 0.840
vn -0.898 -0.403 0.173
vn -0.918 -0.395 0.022
vn -0.960 -0.265 0.089
vn -0.577 0.111 0.809
vn -0.299 -0.891 -0.343
vn -0.485 -0.779 -0.398
vn -0.940 0.342 0.011
vn -0.948 -0.277 0.159
vn 0.411 -0.671 0.617
vn -0.885 0.365 0.287
vn -0.367 -0.922 0.120
vn -0.044 -0.967 0.250
vn -0.082 -0.987 0.138
vn 0.218 -0.844 0.489
vn 0.329 -0.872 0.363
vn -0.188 0.034 -0.982
vn -0.202 -0.184 -0.962
vn -0.071 -0.085 -0.994
vn 0.204 -0.601 0.773
vn 0.054 -0.440 0.897
vn 0.306 -0.194 0.932
vn -0.635 -0.454 -0.625
vn -0.931 -0.318 0.180
vn -0.704 -0.697 -0.131
vn 0.319 -0.947 0.029
vn 0.060 -0.688 0.723
vn -0.219 -0.754 0.620
vn -0.152 -0.775 0.614
vn -0.821 -0.529 -0.215
vn -0.872 -0.392 -0.292
vn -0.734 -0.494 -0.467
vn -0.803 -0.540 0.253
vn 0.280 -0.789 0.547
vn -0.590 -0.791 0.162
vn -0.643 -0.751 -0.149
vn -0.838 -0.529 0.136
vn -0.874 -0.389 0.291
vn -0.831 -0.523 0.189
vn -0.601 -0.732 0.320
vn -0.604 -0.716 0.351
vn -0.429 -0.140 -0.892
vn -0.455 -0.182 -0.872
vn -0.393 -0.157 -0.906
vn -0.772 -0.635 -0.031
vn -0.204 -0.970 -0.131
vn -0.724 -0.473 -0.502
vn -0.887 -0.176 0.427
vn -0.886 0.075 0.458
vn -0.860 -0.059 0.508
vn -0.982 0.156 0.111
vn -0.927 0.023 0.374
vn -0.749 -0.653 -0.107
vn -0.707 -0.681 -0.192
vn -0.886 -0.237 0.398
vn 0.459 -0.655 0.600
vn -0.854 -0.483 0.196
vn -0.893 -0.450 -0.009
vn -0.932 -0.342 0.119
vn -0.460 -0.825 0.329
vn -0.621 -0.582 0.525
vn -0.692 -0.648 0.318
vn -0.812 -0.574 0.104
vn -0.849 -0.520 -0.091
vn -0.994 0.067 0.082
vn 0.022 -0.136 0.990
vn 0.145 -0.099 0.984
vn -0.629 -0.019 0.777
vn -0.674 -0.084 0.734
vn -0.951 -0.291 -0.109
vn -0.955 -0.286 -0.076
vn 0.450 -0.781 0.434
vn 0.067 -0.946 0.317
vn 0.334 -0.904 0.266
vn -0.711 -0.673 -0.201
vn -0.915 -0.399 -0.057
vn -0.906 -0.170 0.388
vn -0.999 0.033 -0.020
vn -0.308 -0.259 0.916
vn -0.069 -0.055 0.996
vn -0.246 0.000 0.969
vn 0.120 -0.030 0.992
vn -0.680 -0.611 -0.404
vn -0.649 -0.719 -0.249
vn -0.913 -0.346 0.218
vn -0.711 -0.465 0.527
vn -0.907 -0.050 0.418
vn 0.488 0.835 -0.255
vn 0.850 0.508 -0.140
vn 0.345 0.592 -0.728
vn -0.062 0.028 -0.998
vn -0.041 0.089 -0.995
vn -0.032 0.108 -0.994
vn -0.016 0.091 -0.996
vn 0.008 0.406 -0.914
vn 0.026 0.067 -0.997
vn 0.061 0.252 -0.966
vn 0.591 0.102 -0.800
vn 0.516 -0.081 -0.853
vn 0.047 -0.017 -0.999
vn 0.011 0.236 -0.972
vn -0.859 0.343 0.381
vn -0.938 0.162 0.306
vn -0.786 0.459 0.414
vn 0.019 0.147 -0.989
vn -0.391 0.114 -0.913
vn -0.585 0.369 -0.722
vn -0.697 0.706 -0.128
vn -0.818 -0.324 -0.474
vn -0.699 0.136 -0.702
vn 0.272 -0.959 0.082
vn 0.428 -0.764 -0.482
vn 0.531 -0.840 0.109
vn -0.150 -0.701 -0.697
vn -0.003 -0.914 -0.406
vn 0.007 -0.604 -0.797
vn -0.029 -0.106 -0.994
vn -0.045 -0.102 -0.994
vn 0.030 -0.012 -0.999
vn 0.184 -0.129 -0.974
vn 0.745 -0.546 -0.382
vn 0.862 -0.480 0.167
vn -0.114 -0.459 -0.881
vn -0.041 -0.078 -0.996
vn -0.046 -0.027 -0.999
vn -0.048 0.004 -0.999
vn -0.692 0.456 -0.559
vn -0.973 -0.056 0.222
vn -0.886 0.362 -0.290
vn -0.065 0.963 -0.262
vn 0.042 0.966 -0.255
vn -0.009 0.960 -0.281
vn -0.250 -0.201 -0.947
vn -0.976 0.026 0.217
vn -0.982 0.001 0.190
vn -0.713 0.625 0.317
vn -0.636 0.671 0.382
vn -0.101 0.995 -0.007
vn 0.049 0.044 -0.998
vn 0.320 0.189 -0.929
vn -0.190 0.982 0.022
vn -0.603 0.770 -0.208
vn -0.255 -0.449 -0.857
vn -0.977 -0.078 0.196
vn -0.932 -0.343 0.119
vn 0.023 0.989 -0.148
vn 0.024 0.043 -0.999
vn 0.079 0.805 -0.588
vn 0.751 0.658 0.049
vn -0.324 -0.077 -0.943
vn -0.280 -0.154 -0.947
vn 0.094 0.888 -0.450
vn -0.324 -0.946 0.025
vn -0.263 -0.941 0.210
vn -0.529 -0.840 0.120
vn -0.847 0.237 0.476
vn 0.933 -0.286 -0.219
vn -0.097 -0.416 -0.904
vn -0.097 -0.596 -0.797
vn 0.522 -0.734 -0.435
vn 0.401 -0.845 -0.354
vn 0.428 -0.674 -0.602
vn -0.461 -0.137 -0.877
vn -0.350 0.100 -0.932
vn -0.435 -0.857 0.277
vn -0.472 -0.879 0.061
vn -0.735 -0.677 -0.038
vn -0.270 -0.963 -0.010
vn -0.023 -0.867 0.498
vn -0.385 -0.240 -0.891
vn -0.477 -0.188 -0.859
vn -0.632 -0.540 -0.556
vn -0.501 0.857 -0.121
vn -0.416 0.836 -0.358
vn -0.692 -0.400 -0.601
vn -0.420 -0.131 -0.898
vn -0.749 -0.650 0.126
vn 0.279 -0.562 -0.778
vn 0.037 -0.824 0.565
vn -0.371 -0.549 -0.749
vn -0.930 -0.122 -0.345
vn -0.955 -0.169 -0.243
vn -0.838 -0.455 -0.302
vn -0.799 -0.390 0.457
vn -0.793 -0.327 0.514
vn -0.766 -0.369 0.527
vn -0.220 0.634 0.742
vn -0.047 0.564 0.824
vn 0.259 -0.072 0.963
vn -0.373 0.908 0.192
vn -0.859 -0.321 -0.398
vn -0.822 -0.419 -0.385
vn -0.808 -0.533 -0.253
vn -0.348 0.856 0.383
vn -0.480 0.872 0.100
vn 0.324 0.820 0.472
vn -0.211 0.850 0.484
vn -0.693 0.523 0.497
vn -0.372 0.906 -0.202
vn 0.359 -0.631 0.688
vn 0.452 -0.623 0.638
vn 0.524 -0.748 0.407
vn -0.276 -0.926 0.258
vn -0.242 0.747 -0.619
vn -0.156 0.567 -0.809
vn -0.119 0.678 -0.726
vn 0.274 -0.946 0.173
vn 0.370 -0.928 0.038
vn 0.454 -0.830 0.323
vn 0.253 -0.709 0.658
vn 0.030 -0.604 0.797
vn -0.686 0.722 -0.087
vn -0.483 0.682 -0.549
vn 0.328 -0.927 0.181
vn -0.396 -0.903 -0.166
vn 0.419 -0.898 0.133
vn 0.250 -0.608 0.754
vn -0.408 0.462 -0.787
vn -0.629 0.454 -0.631
vn -0.591 0.749 0.298
vn -0.898 0.330 -0.291
vn -0.921 -0.141 -0.362
vn -0.838 0.241 -0.490
vn 0.111 0.265 0.958
vn -0.279 -0.916 0.289
vn 0.174 -0.984 0.038
vn -0.872 -0.488 0.037
vn -0.917 -0.381 0.120
vn -0.397 0.300 -0.867
vn -0.963 -0.098 -0.250
vn -0.192 -0.545 0.816
vn -0.222 -0.672 0.706
vn -0.738 -0.089 -0.669
vn 0.578 -0.805 -0.135
vn 0.536 -0.562 -0.630
vn 0.054 -0.646 0.762
vn -0.671 0.309 -0.674
vn 0.447 -0.878 0.170
vn 0.381 -0.924 0.028
vn -0.868 0.411 -0.278
vn -0.928 0.319 0.195
vn -0.888 -0.106 0.448
vn -0.462 0.668 0.583
vn -0.888 -0.458 0.053
vn -0.855 -0.432 0.288
vn -0.648 -0.366 0.668
vn -0.611 -0.139 -0.779
vn -0.654 -0.097 -0.751
vn -0.816 -0.465 -0.342
vn -0.839 -0.423 -0.342
vn -0.182 -0.980 0.080
vn -0.501 0.032 -0.865
vn -0.566 -0.042 -0.823
vn -0.712 0.280 -0.644
vn -0.808 0.298 -0.509
vn -0.903 0.416 0.106
vn -0.608 -0.692 -0.388
vn -0.531 0.802 0.274
vn -0.964 -0.039 -0.265
vn -0.930 0.306 -0.205
vn -0.743 0.406 -0.531
vn -0.167 -0.024 -0.986
vn -0.223 -0.095 -0.970
vn -0.534 -0.118 -0.837
vn -0.495 0.264 -0.828
vn -0.622 0.397 -0.675
vn -0.600 0.133 -0.789
vn -0.709 -0.026 -0.705
vn -0.982 -0.127 0.137
vn -0.831 -0.546 -0.106
vn -0.804 -0.485 0.344
vn -0.890 -0.264 0.371
vn -0.904 -0.384 0.190
vn 0.277 -0.727 0.628
vn 0.179 -0.980 0.085
vn -0.835 -0.369 0.409
vn -0.773 -0.471 0.426
vn -0.704 -0.375 0.603
vn -0.837 -0.440 0.325
vn 0.150 -0.983 -0.105
vn -0.345 -0.932 0.110
vn -0.662 -0.729 0.175
vn -0.268 0.249 0.931
vn -0.202 0.485 0.851
vn -0.018 0.017 1.000
vn -0.373 -0.678 0.634
vn -0.348 -0.619 0.704
vn -0.460 -0.594 0.660
vn -0.039 -0.983 -0.179
vn -0.234 -0.688 0.687
vn -0.372 -0.793 0.483
vn -0.502 -0.277 0.819
vn -0.614 -0.257 0.746
vn -0.840 -0.534 -0.098
vn -0.553 0.752 -0.357
vn -0.561 0.624 -0.544
vn 0.796 -0.593 -0.122
vn 0.531 -0.813 0.240
vn -0.961 -0.276 0.011
vn -0.923 -0.278 0.266
vn -0.889 -0.303 0.342
vn 0.201 0.466 0.862
vn -0.369 -0.434 0.822
vn -0.352 -0.625 0.697
vn 0.139 -0.556 0.819
vn 0.017 -0.481 0.877
vn 0.065 -0.649 0.758
vn -0.169 -0.977 0.130
vn 0.166 -0.921 0.353
vn -0.673 -0.624 0.397
vn -0.818 0.432 -0.380
vn -0.442 0.302 -0.845
vn -0.349 -0.321 0.881
vn -0.339 -0.463 0.819
vn -0.438 -0.590 0.678
vn -0.394 -0.900 0.188
vn -0.571 -0.654 0.496
vn -0.937 -0.145 0.317
vn -0.948 -0.306 0.092
vn 0.014 -0.248 -0.969
vn 0.101 -0.550 -0.829
vn -0.824 0.468 0.318
vn -0.987 -0.141 0.080
vn -0.663 0.743 0.095
vn -0.699 0.665 -0.263
vn -0.269 -0.897 -0.351
vn -0.275 -0.740 -0.614
vn -0.028 -0.874 0.485
vn -0.782 -0.618 -0.084
vn -0.692 -0.708 0.142
vn 0.335 -0.509 0.793
vn -0.277 -0.216 0.936
vn -0.109 -0.112 0.988
vn -0.209 -0.200 0.957
vn -0.536 -0.844 0.022
vn -0.512 -0.858 0.029
vn 0.120 -0.770 0.626
vn -0.155 -0.673 0.723
vn -0.934 -0.198 0.296
vn -0.382 -0.924 0.029
vn -0.401 0.764 0.505
vn -0.411 0.364 0.836
vn -0.788 0.232 0.571
vn -0.562 0.599 -0.571
vn 0.283 0.180 0.942
vn -0.029 0.506 0.862
vn 0.511 -0.736 0.445
vn -0.261 0.948 0.179
vn 0.047 0.799 0.599
vn -0.076 0.726 0.683
vn 0.245 -0.964 -0.106
vn 0.378 -0.839 0.393
vn -0.076 -0.997 -0.019
vn -0.924 -0.379 0.056
vn 0.195 0.163 0.967
vn 0.498 -0.784 0.370
vn 0.711 -0.271 0.649
vn 0.742 -0.615 0.266
vn -0.202 -0.911 0.361
vn -0.180 -0.798 0.575
vn -0.199 -0.822 0.534
vn -0.886 -0.447 0.120
vn -0.788 -0.598 -0.149
vn -0.417 -0.353 -0.838
vn -0.181 -0.507 -0.843
vn 0.040 -0.955 -0.295
vn -0.003 -0.982 -0.187
vn 0.071 -0.950 -0.305
vn -0.983 -0.185 0.010
vn -0.899 -0.434 -0.062
vn -0.960 -0.077 -0.270
vn -0.434 0.898 -0.072
vn -0.890 -0.235 0.391
vn -0.990 -0.105 0.094
vn -0.934 0.026 0.358
vn -0.395 -0.452 -0.800
vn 0.006 -0.353 -0.936
vn 0.171 0.092 -0.981
vn -0.593 -0.050 0.804
vn -0.807 -0.538 -0.244
vn -0.459 0.043 -0.887
vn -0.463 -0.104 -0.880
vn -0.561 0.462 0.687
vn -0.879 0.314 0.360
vn -0.125 -0.511 0.850
vn -0.046 -0.617 0.786
vn -0.215 -0.614 0.759
vn -0.845 -0.384 0.371
vn -0.938 -0.247 0.241
vn -0.069 -0.790 0.609
vn -0.092 -0.912 -0.400
vn -0.213 -0.559 0.802
vn -0.079 -0.413 -0.907
vn 0.377 -0.548 0.747
vn -0.947 -0.312 -0.079
vn 0.382 -0.525 0.760
vn 0.472 -0.868 0.152
vn 0.670 -0.561 0.487
vn -0.946 -0.321 -0.047
vn -0.983 -0.149 -0.104
vn -0.333 -0.858 0.392
vn -0.275 -0.016 -0.961
vn -0.282 -0.957 0.067
vn -0.270 -0.489 -0.829
vn -0.385 -0.511 -0.768
vn 0.496 0.610 0.618
vn 0.569 0.164 0.806
vn -0.253 -0.398 0.882
vn 0.923 0.330 0.199
vn 0.959 -0.282 0.018
vn 0.949 0.231 0.213
vn -0.531 0.203 -0.823
vn -0.867 -0.489 0.098
vn -0.745 -0.529 -0.407
vn 0.188 -0.694 -0.695
vn -0.736 -0.234 -0.635
vn -0.660 -0.657 -0.363
vn -0.833 -0.405 -0.378
vn 0.097 -0.932 0.349
vn 0.104 -0.978 -0.182
vn 0.222 -0.970 -0.103
vn -0.366 0.018 -0.930
vn -0.315 -0.344 -0.884
vn -0.341 -0.506 -0.792
vn -0.798 -0.599 0.069
vn -0.559 -0.018 -0.829
vn -0.689 0.173 -0.704
vn -0.684 0.507 0.524
vn -0.129 -0.460 0.879
vn -0.334 -0.248 0.909
vn 0.318 -0.889 -0.329
vn -0.654 -0.663 -0.364
vn -0.539 -0.813 -0.219
vn -0.870 -0.489 0.062
vn -0.769 -0.449 0.455
vn 0.381 -0.915 0.134
vn -0.494 0.173 0.852
vn -0.130 -0.642 -0.756
vn -0.540 -0.819 0.192
vn -0.677 -0.735 0.019
vn -0.817 -0.536 0.212
vn -0.998 0.007 -0.060
vn -0.771 -0.619 0.151
vn -0.725 -0.535 0.433
vn -0.667 -0.406 0.625
vn -0.860 -0.510 -0.022
vn -0.509 -0.566 0.648
vn -0.502 -0.637 0.585
vn -0.104 -0.304 0.947
vn -0.449 -0.761 -0.469
vn -0.731 -0.594 0.336
vn -0.498 0.333 -0.801
vn 0.082 -0.512 0.855
vn -0.248 -0.904 -0.349
vn 0.141 -0.936 -0.323
vn -0.817 -0.542 -0.196
vn -0.761 -0.553 -0.340
vn 0.181 -0.853 -0.490
vn -0.021 -0.121 -0.992
vn -0.068 -0.094 -0.993
vn 0.075 0.052 -0.996
vn -0.609 -0.778 0.155
vn -0.753 -0.297 0.588
vn -0.639 -0.280 0.717
vn -0.393 -0.843 -0.367
vn -0.427 -0.851 0.304
vn -0.826 -0.367 0.428
vn -0.625 -0.116 0.772
vn -0.599 -0.303 0.742
vn 0.456 -0.186 0.870
vn -0.815 -0.572 0.091
vn 0.008 0.543 0.840
vn -0.455 -0.884 -0.110
vn -0.498 -0.847 0.186
vn -0.735 -0.631 0.247
vn -0.430 -0.828 0.361
vn -0.313 -0.872 -0.377
vn -0.477 -0.789 -0.387
vn -0.175 -0.911 -0.372
vn -0.322 -0.194 0.927
vn -0.062 -0.998 -0.020
vn 0.007 -0.813 -0.582
vn -0.559 -0.807 0.191
vn -0.525 -0.844 0.110
vn -0.182 -0.965 0.191
vn 0.110 -0.634 0.766
vn 0.329 -0.516 0.791
vn 0.041 -0.456 0.889
vn -0.385 -0.759 -0.525
vn 0.114 -0.807 -0.579
vn -0.809 -0.084 0.582
vn -0.896 0.172 0.410
vn -0.979 -0.054 0.199
vn -0.943 0.036 0.330
vn -0.107 -0.409 -0.906
vn 0.447 -0.219 -0.867
vn -0.221 -0.970 -0.102
vn -0.263 -0.965 -0.021
vn -0.552 -0.829 -0.091
vn 0.158 0.929 0.334
vn 0.618 0.711 0.336
vn 0.325 0.868 0.376
vn -0.912 -0.158 0.378
vn -0.411 -0.299 0.861
vn -0.614 -0.784 0.086
vn 0.063 -0.061 0.996
vn 0.237 -0.716 0.656
vn -0.894 -0.403 -0.195
vn -0.831 -0.305 -0.465
vn -0.789 -0.389 -0.476
vn -0.745 -0.275 -0.608
vn 0.095 0.481 -0.872
vn -0.878 -0.337 -0.340
vn -0.869 -0.493 -0.048
vn 0.075 -0.591 0.803
vn 0.180 -0.463 0.868
vn 0.161 -0.541 0.825
vn -0.000 -0.570 0.822
vn -0.285 -0.759 0.586
vn -0.848 -0.381 -0.368
vn -0.784 -0.481 -0.392
vn 0.625 -0.178 0.760
vn 0.592 -0.200 0.780
vn 0.734 -0.173 0.656
vn 0.119 -0.527 0.841
vn -0.175 -0.707 0.685
vn 0.547 0.148 0.824
vn 0.370 -0.166 0.914
vn -1.000 0.028 -0.006
vn -0.976 0.006 0.220
vn -0.998 0.042 0.042
vn -0.948 -0.045 -0.315
vn -0.905 -0.027 -0.425
vn -0.222 -0.843 0.490
vn -0.830 -0.426 0.361
vn -0.102 -0.850 0.517
vn 0.225 -0.904 0.363
vn -0.222 -0.501 0.836
vn -0.430 -0.662 0.613
vn -0.810 0.542 -0.224
vn -0.888 -0.346 -0.302
vn -0.226 0.181 -0.957
vn -0.217 0.008 -0.976
vn -0.129 -0.045 -0.991
vn -0.990 -0.062 -0.129
vn -0.418 -0.724 0.549
vn -0.171 -0.781 0.601
vn -0.400 -0.663 0.633
vn 0.422 -0.451 0.787
vn 0.672 -0.738 -0.062
vn -0.490 -0.206 0.847
vn -0.195 -0.881 0.430
vn 0.773 0.408 0.485
vn -0.910 -0.409 0.060
vn -0.820 -0.154 0.552
vn -0.938 -0.342 -0.049
vn -0.608 -0.519 0.601
vn -0.661 -0.643 0.387
vn -0.599 0.073 -0.797
vn -0.063 -0.101 0.993
vn 0.075 -0.348 0.934
vn -0.835 -0.416 -0.361
vn -0.718 0.357 -0.598
vn -0.575 -0.480 -0.663
vn -0.715 -0.495 -0.494
vn -0.638 -0.258 -0.726
vn -0.979 -0.122 -0.161
vn -0.980 -0.023 0.197
vn -0.971 -0.215 0.102
vn -0.330 -0.498 -0.802
vn -0.403 -0.585 -0.704
vn -0.624 0.494 -0.605
vn -0.423 0.535 -0.732
vn -0.525 0.577 -0.626
vn -0.714 -0.602 -0.358
vn -0.773 -0.586 -0.242
vn -0.646 -0.331 -0.688
vn -0.603 0.088 0.793
vn -0.396 -0.231 0.889
vn -0.592 -0.427 -0.683
vn -0.673 -0.709 -0.209
vn -0.891 -0.430 -0.144
vn -0.053 -0.190 -0.980
vn -0.184 -0.270 -0.945
vn -0.179 -0.213 -0.961
vn -0.184 -0.976 0.113
vn -0.095 -0.948 -0.305
vn 0.020 -0.990 -0.142
vn -0.328 -0.728 0.602
vn -0.598 -0.534 0.598
vn -0.659 -0.671 0.339
vn -0.552 -0.832 0.058
vn -0.155 -0.039 0.987
vn -0.913 0.217 0.345
vn -0.855 -0.304 0.419
vn -0.613 -0.600 0.514
vn -0.664 -0.714 -0.223
vn 0.053 -0.349 0.935
vn 0.088 -0.325 0.942
vn -0.687 0.338 -0.644
vn -0.524 0.246 -0.815
vn -0.678 -0.014 -0.735
vn 0.456 -0.685 -0.568
vn 0.156 -0.923 0.352
vn 0.190 -0.661 0.726
vn -0.840 -0.533 0.099
vn -0.815 -0.514 0.267
vn -0.879 -0.444 0.172
vn -0.404 -0.826 0.392
vn -0.777 -0.611 0.154
vn -0.808 -0.577 0.120
vn -0.832 -0.524 0.180
vn -0.803 -0.554 0.219
vn -0.849 -0.489 0.200
vn -0.150 -0.736 0.660
vn -0.502 -0.795 0.340
vn 0.177 -0.923 0.342
vn 0.119 -0.984 -0.130
vn -0.029 -0.395 -0.918
vn -0.456 -0.792 -0.405
vn -0.882 0.181 -0.435
vn -0.774 0.219 -0.595
vn 0.382 -0.886 -0.264
vn -0.113 0.029 -0.993
vn -0.620 -0.784 -0.023
vn -0.796 -0.598 -0.087
vn -0.798 -0.601 -0.053
vn -0.481 0.410 -0.775
vn -0.194 0.456 -0.869
vn 0.163 -0.270 -0.949
vn -0.074 -0.318 -0.945
vn -0.763 -0.487 0.425
vn -0.861 -0.385 0.332
vn -0.181 -0.977 0.108
vn -0.153 -0.146 -0.977
vn -0.264 -0.723 -0.638
vn -0.677 -0.634 0.372
vn -0.997 0.066 -0.024
vn -0.834 -0.002 -0.551
vn -0.884 -0.015 -0.467
vn 0.714 0.584 -0.386
vn 0.722 0.569 -0.394
vn 0.363 0.832 -0.420
vn -0.067 0.881 -0.468
vn -0.411 0.828 -0.381
vn 0.009 0.992 -0.127
vn -0.883 -0.448 0.139
vn -0.793 -0.066 0.606
vn -0.686 -0.200 0.699
vn -0.560 -0.271 0.783
vn -0.524 -0.090 -0.847
vn -0.541 -0.289 -0.790
vn -0.606 -0.197 -0.771
vn -0.970 -0.238 0.041
vn -0.494 -0.684 0.537
vn -0.313 -0.315 -0.896
vn -0.823 -0.038 0.567
vn -0.755 0.526 0.392
vn -0.498 0.484 -0.719
vn -0.436 0.540 -0.720
vn -0.576 0.078 0.814
vn -0.570 0.054 0.820
vn -0.926 -0.371 -0.067
vn -0.961 -0.020 0.274
vn -0.873 -0.156 0.462
vn 0.865 -0.237 0.442
vn 0.964 -0.015 0.266
vn 0.986 0.023 0.166
vn 0.913 0.344 -0.219
vn 0.768 0.402 -0.498
vn 0.773 -0.604 0.194
vn 0.928 -0.337 -0.160
vn 0.912 -0.399 0.095
vn -0.615 0.063 -0.786
vn -0.735 -0.675 -0.064
vn -0.383 -0.922 -0.053
vn -0.588 -0.809 0.007
vn -0.489 0.092 -0.867
vn -0.926 -0.367 0.089
vn -0.850 -0.500 0.169
vn -0.331 -0.692 0.642
vn -0.330 -0.671 0.664
vn -0.285 -0.706 0.648
vn 0.725 -0.094 -0.682
vn -0.687 -0.482 -0.543
vn 0.362 -0.539 0.760
vn -0.987 -0.079 -0.140
vn -0.807 0.336 -0.486
vn -0.123 0.307 -0.944
vn 0.149 -0.981 0.126
vn -0.617 -0.766 -0.183
vn -0.333 0.224 -0.916
vn -0.582 -0.723 0.372
vn -0.457 -0.679 0.575
vn 0.361 -0.414 0.835
vn -0.044 -0.664 0.746
vn -0.185 -0.214 -0.959
vn -0.486 -0.873 -0.048
vn -0.456 -0.670 0.585
vn -0.629 -0.590 0.506
vn -0.897 -0.256 -0.361
vn -0.714 -0.689 0.122
vn -0.820 -0.034 -0.571
vn -0.688 -0.177 -0.703
vn -0.269 -0.094 -0.959
vn -0.549 -0.036 -0.835
vn 0.052 0.343 -0.938
vn 0.227 -0.505 -0.833
vn 0.157 -0.362 0.919
vn -0.563 -0.053 -0.825
vn 0.133 0.095 0.987
vn -0.917 0.186 -0.354
vn -0.794 -0.584 -0.172
vn 0.436 -0.426 -0.793
vn -0.233 -0.726 -0.647
vn -0.613 -0.169 -0.772
vn -0.046 -0.194 -0.980
vn -0.808 0.118 -0.578
vn -0.891 0.380 -0.248
vn -0.247 -0.949 0.196
vn 0.178 -0.580 0.795
vn -0.501 -0.227 -0.835
vn -0.754 0.360 -0.549
vn -0.853 -0.389 0.347
vn -0.405 -0.732 0.548
vn -0.834 -0.528 0.162
vn -0.917 -0.299 0.266
vn -0.891 -0.395 0.223
vn -0.919 0.006 0.395
vn -0.138 -0.491 -0.860
vn -0.292 0.361 -0.886
vn -0.342 0.382 -0.859
vn -0.676 0.234 -0.699
vn -0.465 -0.502 0.729
vn -0.830 -0.538 -0.145
vn -0.797 -0.554 -0.242
vn -0.552 -0.771 -0.318
vn -0.711 -0.244 -0.660
vn 0.540 -0.025 0.842
vn -0.815 0.193 0.547
vn -0.880 -0.461 0.113
vn -0.871 -0.390 0.299
vn -0.865 -0.394 0.311
vn -0.201 -0.548 -0.812
vn 0.754 -0.089 0.651
vn -0.321 -0.286 -0.903
vn -0.661 -0.147 -0.736
vn 0.712 -0.154 0.685
vn 0.211 -0.620 0.756
vn 0.675 -0.065 0.735
vn -0.583 0.423 -0.693
vn -0.420 0.137 -0.897
vn -0.801 -0.546 0.244
vn -0.471 -0.685 -0.556
vn 0.053 -0.288 -0.956
vn -0.500 -0.504 -0.705
vn -0.739 0.162 -0.654
vn -0.377 -0.467 -0.800
vn 0.514 -0.734 0.443
vn -0.183 -0.058 0.981
vn -0.089 -0.170 0.981
vn -0.849 -0.512 0.129
vn -0.983 -0.103 -0.154
vn -0.980 -0.182 0.078
vn -0.217 0.174 -0.961
vn -0.268 0.193 -0.944
vn -0.613 -0.770 0.178
vn -0.390 -0.728 0.565
vn 0.459 -0.226 -0.859
vn 0.275 -0.438 -0.856
vn -0.446 0.861 -0.246
vn 0.088 -0.936 0.341
vn 0.019 -0.722 0.692
vn -0.996 0.026 -0.087
vn 0.021 -0.685 0.728
vn 0.040 -0.675 0.737
vn -0.023 -0.448 0.894
vn 0.257 -0.586 0.768
vn -0.657 -0.454 0.602
vn -0.616 -0.624 -0.480
vn -0.154 0.235 0.960
vn -0.765 -0.525 0.373
vn 0.426 -0.826 0.368
vn 0.251 -0.420 0.872
vn -0.250 -0.252 0.935
vn -0.879 0.099 -0.466
vn -0.841 -0.506 -0.189
vn 0.422 -0.878 0.225
vn -0.954 0.221 -0.205
vn 0.441 -0.891 0.109
vn 0.370 -0.924 -0.091
vn -0.885 -0.276 -0.376
vn 0.446 -0.158 -0.881
vn 0.396 -0.504 0.768
vn 0.397 -0.886 0.240
vn 0.033 0.325 -0.945
vn -0.172 0.523 -0.835
vn -0.360 -0.302 -0.883
vn -0.771 -0.624 0.125
vn -0.124 -0.194 -0.973
vn 0.695 0.083 0.714
vn -0.244 0.707 -0.664
vn -0.041 0.653 -0.756
vn -0.160 0.708 -0.688
vn 0.148 -0.790 -0.595
vn -0.994 0.059 0.096
vn -0.995 -0.005 0.103
vn -0.965 0.183 0.190
vn -0.864 -0.332 -0.380
vn -0.560 -0.824 -0.082
vn -0.799 -0.267 0.539
vn -0.598 -0.707 -0.379
vn -0.503 -0.749 0.431
vn -0.935 -0.244 0.255
vn -0.693 -0.684 0.227
vn -0.782 -0.601 -0.166
vn 0.157 -0.831 0.534
vn 0.127 0.784 -0.608
vn 0.280 0.843 -0.459
vn -0.018 0.957 -0.289
vn -0.991 -0.104 0.090
vn -0.932 0.348 0.105
vn -0.986 0.014 -0.164
vn -0.840 -0.384 0.383
vn -0.695 -0.275 0.665
vn 0.686 -0.152 0.712
vn -0.592 -0.692 0.413
vn -0.651 -0.643 0.403
vn -0.384 -0.670 0.635
vn -0.365 -0.702 0.611
vn -0.344 -0.702 0.623
vn -0.773 -0.630 0.077
vn -0.681 -0.713 0.166
vn -0.524 -0.831 0.187
vn -0.822 -0.222 0.524
vn -0.771 -0.321 0.550
vn -0.711 -0.703 -0.002
vn -0.490 -0.870 -0.051
vn -0.187 0.759 -0.624
vn 0.209 0.593 -0.777
vn 0.366 0.508 -0.780
vn -0.126 -0.025 0.992
vn -0.537 -0.434 0.723
vn -0.568 -0.317 0.759
vn 0.326 0.873 -0.363
vn -0.858 0.375 -0.351
vn -0.748 0.616 -0.247
vn -0.560 0.586 -0.585
vn -0.748 -0.601 0.281
vn -0.509 -0.698 -0.504
vn -0.387 -0.795 -0.467
vn -0.877 0.167 0.451
vn -0.668 0.497 -0.554
vn -0.534 0.791 -0.300
vn -0.819 0.564 -0.105
vn -0.348 -0.551 0.759
vn -0.529 -0.564 0.634
vn -0.525 -0.527 0.669
vn -0.473 -0.719 0.510
vn -0.597 -0.747 0.294
vn -0.338 -0.739 0.582
vn -0.357 -0.710 0.607
vn -0.795 0.499 -0.344
vn -0.867 -0.410 0.283
vn -0.594 0.222 0.774
vn -0.849 -0.452 0.273
vn -0.565 -0.700 0.436
vn -0.320 -0.660 0.680
vn -0.980 -0.129 0.152
vn -0.763 -0.071 0.643
vn -0.248 -0.939 -0.240
vn 0.419 0.274 -0.865
vn 0.736 0.159 -0.658
vn -0.034 -0.984 -0.178
vn -0.446 -0.886 -0.129
vn -0.171 -0.984 0.053
vn -0.410 -0.652 -0.637
vn -0.563 0.569 -0.599
vn -0.009 0.488 -0.873
vn -0.920 -0.294 0.260
vn -0.724 -0.630 -0.281
vn 0.509 -0.850 -0.136
vn -0.364 -0.928 -0.075
vn -0.945 0.282 -0.163
vn 0.158 0.467 -0.870
vn 0.277 0.576 -0.769
vn -0.686 -0.338 0.644
vn -0.925 0.167 0.342
vn -0.395 -0.461 0.794
vn -0.026 -0.860 0.509
vn -0.009 -0.819 0.573
vn 0.481 -0.781 0.398
vn 0.759 -0.583 0.288
vn -0.897 -0.421 0.133
vn -0.870 -0.425 0.248
vn -0.985 -0.167 0.051
vn -0.981 0.036 -0.192
vn -0.994 -0.105 0.015
vn -0.847 -0.026 0.530
vn -0.828 -0.529 -0.187
vn -0.920 -0.160 -0.357
vn -0.767 -0.457 -0.450
vn 0.752 0.297 -0.588
vn -0.692 0.230 0.684
vn -0.594 0.314 0.740
vn -0.756 0.357 0.549
vn 0.997 -0.020 0.069
vn -0.300 0.166 -0.940
vn -0.464 0.420 -0.780
vn 0.648 0.214 -0.731
vn -0.693 0.719 0.055
vn 0.762 0.398 -0.511
vn 0.913 0.353 -0.202
vn 0.608 0.637 -0.474
vn -0.430 -0.781 -0.453
vn 0.765 0.208 -0.610
vn 0.574 0.346 -0.742
vn 0.898 -0.426 0.114
vn -0.708 -0.619 0.339
vn -0.163 -0.948 -0.274
vn -0.577 -0.637 -0.511
vn 0.453 -0.461 -0.763
vn 0.575 -0.181 -0.798
vn -0.599 -0.631 -0.493
vn 0.156 -0.986 0.059
vn 0.339 -0.826 0.450
vn -0.734 -0.674 0.079
vn -0.935 0.330 -0.127
vn -0.457 -0.373 0.808
vn -0.600 -0.164 0.783
vn -0.333 -0.630 0.701
vn -0.899 -0.434 -0.055
vn -0.973 -0.183 0.137
vn 0.527 -0.818 0.231
vn 0.237 -0.859 0.454
vn -0.138 -0.796 0.590
vn 0.759 -0.611 -0.224
vn 0.631 -0.744 -0.221
vn 0.673 -0.736 -0.077
vn -0.740 -0.395 0.545
vn -0.916 -0.398 -0.055
vn -0.858 -0.512 -0.045
vn 0.918 -0.260 -0.300
vn 0.766 -0.379 -0.520
vn -0.501 -0.635 0.587
vn -0.076 -0.822 0.564
vn -0.906 -0.230 0.355
vn -0.923 -0.384 0.019
vn -0.897 -0.380 0.224
vn -0.483 -0.624 0.615
vn -0.378 -0.696 0.611
vn 0.884 -0.438 0.163
vn -0.262 -0.965 -0.019
vn -0.699 -0.361 -0.617
vn -0.655 -0.391 -0.647
vn -0.479 -0.353 -0.804
vn 0.722 -0.398 0.566
vn 0.468 -0.634 0.615
vn 0.689 -0.611 0.391
vn -0.364 -0.783 0.504
vn -0.781 -0.600 0.171
vn -0.595 -0.420 -0.686
vn -0.505 -0.275 -0.818
vn -0.770 -0.469 0.433
vn 0.777 0.147 -0.613
vn -0.979 0.104 0.177
vn -0.054 -0.365 0.930
vn -0.036 -0.582 0.812
vn -0.614 0.082 0.785
vn -0.545 -0.147 -0.825
vn 0.063 -0.751 0.657
vn -0.910 0.004 0.415
vn -0.082 -0.692 0.717
vn -0.456 -0.302 0.838
vn -0.772 -0.253 0.583
vn -0.511 -0.242 0.825
vn -0.745 -0.666 0.035
vn 0.743 0.602 0.292
vn 0.318 0.863 0.392
vn -0.272 0.879 0.392
vn -0.919 -0.034 0.393
vn -0.787 -0.249 0.564
vn -0.242 -0.689 0.684
vn -0.492 -0.079 -0.867
vn -0.490 0.331 -0.806
vn -0.787 0.052 -0.614
vn -0.745 0.225 0.628
vn -0.797 0.152 0.584
vn -0.752 0.264 0.604
vn -0.956 0.126 0.265
vn -0.980 0.164 0.109
vn 0.350 -0.098 -0.932
vn 0.251 0.839 0.484
vn -0.086 0.961 0.264
vn -0.746 0.062 0.663
vn 0.979 -0.201 0.036
vn -0.935 -0.336 0.112
vn 0.750 -0.660 -0.039
vn -0.319 -0.717 0.620
vn -0.119 -0.982 -0.144
vn 0.189 -0.976 -0.108
vn 0.171 -0.038 0.985
vn 0.979 0.200 0.045
vn -0.500 0.170 0.849
vn -0.416 -0.698 0.583
vn -0.331 -0.941 0.063
vn -0.074 0.139 -0.988
vn 0.395 -0.862 0.317
vn 0.021 -0.981 0.194
vn 0.819 0.549 0.166
vn 0.701 -0.086 -0.708
vn 0.995 0.068 0.068
vn 0.976 -0.165 0.141
vn 0.966 0.041 0.255
vn 0.875 -0.327 0.356
vn 0.632 -0.661 0.404
vn 0.342 -0.888 -0.308
vn 0.127 -0.973 -0.195
vn 0.226 -0.926 -0.302
vn -0.018 -0.840 0.542
vn 0.442 -0.451 0.776
vn 0.201 -0.473 0.858
vn 0.059 -0.607 0.792
vn 0.949 0.234 0.210
vn -0.824 -0.480 -0.303
vn -0.768 -0.467 -0.438
vn -0.777 -0.622 -0.099
vn 0.783 0.622 0.037
vn 0.846 0.516 0.134
vn 0.881 -0.068 0.468
vn 0.849 -0.124 0.513
vn -0.568 0.046 -0.822
vn -0.879 0.469 0.088
vn -0.669 0.646 0.368
vn -0.756 0.470 0.455
vn -0.280 0.509 -0.814
vn -0.255 0.170 -0.952
vn 0.233 0.216 -0.948
vn -0.082 -0.460 0.884
vn -0.139 -0.416 0.898
vn 0.104 -0.404 -0.909
vn 0.112 -0.409 -0.906
vn -0.089 -0.421 -0.903
vn -0.092 -0.993 0.070
vn -0.346 -0.544 0.765
vn -0.635 -0.212 0.743
vn 0.911 0.170 0.376
vn -0.783 -0.619 0.059
vn 0.969 0.089 -0.229
vn 0.491 -0.515 0.703
vn 0.740 -0.362 0.567
vn 0.567 -0.479 0.671
vn -0.739 -0.604 -0.297
vn -0.843 -0.407 -0.352
vn -0.852 -0.523 0.009
vn 0.142 -0.572 -0.808
vn 0.408 -0.626 -0.665
vn 0.138 -0.512 0.848
vn -0.289 -0.402 0.869
vn -0.457 -0.532 0.713
vn -0.390 -0.178 0.903
vn 0.655 0.604 -0.455
vn -0.789 0.568 -0.234
vn -0.610 0.729 0.310
vn -0.316 0.948 0.024
vn -0.572 0.801 0.177
vn -0.230 0.972 0.043
vn -0.297 -0.405 -0.865
vn -0.558 0.130 0.820
vn 0.462 -0.390 0.797
vn -0.053 -0.992 -0.117
vn 0.062 -0.956 0.288
vn -0.257 -0.373 -0.892
vn -0.159 0.018 -0.987
vn 0.163 -0.414 -0.895
vn 0.670 -0.296 0.681
vn -0.189 -0.982 -0.021
vn 0.274 0.562 0.781
vn 0.274 0.562 0.781
vn 0.274 0.562 0.781
vn 0.712 -0.025 -0.701
vn 0.778 -0.066 -0.625
vn -0.204 -0.694 0.690
vn 0.711 -0.543 0.447
vn 0.956 -0.283 0.076
vn 0.909 -0.101 -0.404
vn 0.924 -0.138 -0.357
vn -0.769 -0.011 -0.639
vn -0.877 0.420 0.234
vn 0.990 -0.112 -0.089
vn 0.984 -0.178 0.010
vn 0.927 -0.025 -0.374
vn 0.928 0.155 -0.338
vn -0.399 0.539 -0.742
vn 0.643 -0.749 0.160
vn -0.643 -0.443 0.624
vn -0.272 -0.543 0.795
vn 0.138 0.460 -0.877
vn 0.109 0.790 -0.603
vn -0.336 -0.774 -0.537
vn 0.299 0.340 -0.892
vn 0.240 -0.762 0.602
vn -0.963 0.269 -0.005
vn -0.568 -0.728 -0.383
vn 0.780 -0.625 0.029
vn 0.954 -0.088 0.287
vn -0.416 -0.903 -0.106
vn -0.652 0.426 -0.627
vn -0.741 0.649 -0.175
vn 0.008 -0.306 -0.952
vn -0.259 0.253 -0.932
vn -0.933 0.172 -0.317
vn -0.635 -0.462 -0.619
vn -0.885 0.104 -0.453
vn -0.540 0.537 -0.648
vn -0.557 -0.637 -0.533
vn -0.214 -0.080 -0.974
vn -0.825 0.352 -0.442
vn -0.409 -0.487 -0.772
vn -0.686 0.303 -0.662
vn -0.723 0.454 -0.521
vn -0.399 0.662 -0.634
vn -0.966 -0.257 0.017
vn -0.882 0.067 0.466
vn 0.696 -0.644 -0.319
vn -0.937 -0.122 0.326
vn -0.971 -0.011 0.240
vn -0.991 0.067 -0.120
vn -0.936 0.327 0.133
vn -0.927 0.338 0.161
vn -0.962 0.116 -0.248
vn -0.919 0.220 -0.326
vn -0.017 -0.835 0.550
vn -0.337 -0.921 -0.196
vn 0.688 -0.674 -0.269
vn 0.823 -0.284 -0.492
vn 0.941 -0.201 -0.271
vn 0.659 0.111 -0.744
vn -0.715 0.001 -0.699
vn 0.723 -0.080 -0.686
vn -0.644 -0.514 -0.566
vn -0.794 -0.364 -0.487
vn 0.737 -0.463 -0.493
vn -0.516 -0.047 -0.855
vn -0.814 0.229 -0.533
vn -0.667 0.174 0.724
vn -0.548 0.614 -0.568
vn -0.192 -0.366 -0.910
vn -0.493 0.364 -0.791
vn -0.625 -0.556 0.547
vn -0.669 -0.126 -0.732
vn 0.782 0.062 -0.620
vn 0.071 0.387 -0.919
vn -0.636 -0.772 0.009
vn -0.726 -0.285 -0.625
vn -0.805 0.457 0.379
vn -0.862 0.454 0.224
vn -0.864 0.304 0.401
vn 0.958 0.171 -0.230
vn -0.881 -0.156 0.446
vn -0.911 -0.321 0.259
vn -0.928 0.253 -0.272
vn -0.702 -0.432 0.566
vn 0.968 0.184 -0.172
vn 0.990 0.142 0.028
vn -0.037 -0.145 0.989
vn -0.936 0.326 0.129
vn -0.932 0.003 0.361
vn -0.930 0.342 0.135
vn -0.578 -0.094 0.811
vn -0.563 -0.137 0.815
vn -0.785 -0.212 0.583
vn -0.011 0.444 -0.896
vn -0.648 -0.501 0.574
vn -0.871 -0.210 0.445
vn 0.724 -0.684 -0.092
vn 0.969 -0.204 0.135
vn 0.645 -0.763 -0.045
vn -0.304 -0.490 0.817
vn 0.550 -0.813 0.191
vn 0.250 -0.869 0.427
vn -0.449 -0.337 0.827
vn -0.738 -0.674 0.039
vn -0.707 -0.700 -0.103
vn -0.387 -0.003 0.922
vn -0.330 0.031 0.943
vn -0.901 -0.405 -0.157
vn -0.961 0.081 -0.263
vn -0.523 -0.449 0.725
vn -0.293 -0.212 -0.932
vn -0.504 -0.595 -0.626
vn -0.203 -0.948 0.244
vn -0.821 -0.490 0.294
vn -0.428 -0.404 0.808
vn -0.160 0.179 -0.971
vn -0.609 0.187 -0.770
vn -0.710 0.360 -0.606
vn -0.221 0.357 -0.908
vn -0.877 -0.247 -0.413
vn -0.324 0.177 -0.929
vn -0.401 -0.246 -0.882
vn -0.852 -0.380 0.361
vn -0.755 -0.492 -0.434
vn -0.236 -0.667 0.707
vn -0.625 0.648 0.435
vn 0.906 0.370 -0.204
vn 0.906 0.370 -0.204
vn 0.906 0.370 -0.204
vn -0.842 -0.477 0.250
vn 0.487 0.696 0.527
vn -0.862 -0.432 0.265
vn -0.939 -0.344 -0.007
vn -0.951 -0.286 0.116
vn -0.148 -0.902 -0.405
vn 0.361 0.651 -0.668
vn -0.206 0.917 -0.341
vn -0.738 0.627 -0.248
vn -0.888 0.299 0.348
vn -0.986 0.054 0.160
vn -0.895 -0.446 0.007
vn -0.530 -0.846 -0.066
vn -0.574 -0.818 -0.037
vn -0.335 0.797 -0.502
vn -0.990 -0.116 0.077
vn -0.107 -0.928 -0.357
vn -0.534 -0.732 -0.423
vn -0.701 0.605 0.377
vn -0.107 0.692 -0.714
vn 0.884 0.433 0.175
vn 0.926 0.372 -0.059
vn -0.655 -0.743 -0.136
vn 0.526 -0.466 -0.712
vn 0.805 -0.376 0.459
vn 0.047 -0.505 0.862
vn 0.243 -0.588 0.772
vn -0.717 0.374 0.588
vn -0.666 0.341 0.663
vn -0.203 -0.398 0.895
vn 0.957 -0.164 0.239
vn -0.807 -0.291 0.513
vn 0.998 -0.036 0.057
vn -0.828 0.424 0.366
vn -0.684 -0.245 0.687
vn -0.663 -0.439 0.606
vn -0.968 0.142 0.209
vn 0.370 0.817 -0.442
vn -0.221 -0.522 0.824
vn -0.934 0.255 0.251
vn -0.843 0.200 0.499
vn 0.398 0.515 -0.759
vn -0.899 -0.095 -0.428
vn -0.346 0.924 -0.164
vn -0.096 0.877 -0.471
vn 0.956 0.127 0.264
vn -0.697 -0.581 -0.420
vn 0.022 -0.084 0.996
vn 0.445 -0.260 -0.857
vn -0.812 -0.148 0.564
vn -0.975 0.214 -0.066
vn -0.763 0.405 0.503
vn 0.023 -0.928 -0.371
vn 0.053 -0.140 -0.989
vn -0.506 -0.804 -0.314
vn 0.289 0.771 -0.567
vn 0.278 0.431 -0.858
vn 0.568 -0.783 -0.252
vn 0.347 -0.636 -0.690
vn -0.838 -0.368 -0.403
vn -0.739 -0.561 -0.372
vn -0.977 0.020 0.212
vn -0.070 0.995 -0.072
vn -0.402 0.894 -0.198
vn -0.473 0.872 -0.128
vn -0.020 0.293 -0.956
vn -0.642 0.708 -0.295
vn -0.643 0.662 -0.385
vn 0.818 0.523 -0.239
vn 0.565 0.328 -0.757
vn -0.098 0.612 -0.785
vn 0.090 0.444 -0.892
vn 0.276 -0.500 0.821
vn 0.410 -0.901 0.140
vn 0.002 0.063 -0.998
vn -0.315 -0.470 -0.825
vn -0.345 -0.468 -0.814
vn -0.362 -0.504 -0.784
vn 0.541 -0.091 -0.836
vn -0.316 -0.510 -0.800
vn 0.437 0.077 -0.896
vn 0.370 0.621 -0.691
vn 0.527 -0.275 -0.804
vn 0.673 0.734 -0.089
vn -0.806 0.313 -0.503
vn 0.954 0.277 -0.112
vn 0.996 0.078 -0.043
vn -0.735 0.437 0.518
vn 0.200 -0.707 0.679
vn 0.686 -0.034 0.727
vn 0.900 -0.173 0.400
vn 0.550 0.051 0.833
vn -0.191 -0.083 0.978
vn -0.574 -0.052 0.817
vn -0.324 0.032 0.946
vn 0.625 -0.668 0.403
vn -0.626 -0.105 0.772
vn 0.713 -0.441 0.545
vn -0.575 -0.154 0.803
vn -0.837 -0.102 0.538
vn 0.887 0.156 -0.435
vn -0.973 0.097 0.208
vn -0.795 0.327 -0.511
vn -0.895 0.213 -0.393
vn 0.930 0.178 -0.321
vn -0.188 -0.093 0.978
vn -0.245 -0.015 0.969
vn -0.702 0.444 -0.558
vn 0.763 0.342 -0.549
vn -0.953 -0.171 0.248
vn 0.217 0.961 -0.173
vn 0.310 0.919 -0.244
vn 0.686 0.719 -0.109
vn 0.015 -0.628 -0.778
vn 0.221 0.966 -0.134
vn -0.995 -0.011 0.096
vn -0.955 0.290 0.065
vn -0.152 0.967 -0.205
vn -0.344 0.939 -0.021
vn 0.049 0.975 -0.217
vn -0.772 -0.615 0.163
vn 0.280 0.036 -0.959
vn 0.233 0.010 0.972
vn 0.853 -0.504 -0.135
vn 0.974 -0.207 0.087
vn -0.492 -0.746 -0.449
vn -0.996 -0.082 -0.038
vn 0.619 -0.349 -0.703
vn 0.654 -0.081 -0.752
vn 0.953 0.294 -0.068
vn 0.020 0.049 -0.999
vn -0.721 -0.664 -0.201
vn 0.183 -0.768 -0.613
vn -0.728 -0.663 -0.175
vn 0.310 -0.810 0.498
vn 0.779 -0.352 -0.519
vn 0.569 -0.131 0.812
vn 0.239 0.005 -0.971
vn 0.976 0.191 0.104
vn 0.099 -0.527 0.844
vn -0.167 -0.487 -0.857
vn 0.038 0.236 -0.971
vn 0.914 0.204 0.350
vn -0.890 0.378 0.255
vn -0.734 -0.631 -0.250
vn -0.763 0.405 0.503
vn 0.309 -0.523 -0.794
vn -0.760 -0.064 -0.647
vn -0.130 -0.693 0.709
vn 0.919 0.265 -0.291
vn 0.890 0.348 0.296
vn 0.896 0.129 -0.425
vn -0.519 -0.105 0.848
vn -0.533 -0.846 0.030
vn -0.955 -0.296 -0.015
vn -0.212 0.166 -0.963
vn -0.913 -0.407 -0.023
vn -0.799 -0.393 0.456
vn 0.534 -0.268 -0.802
vn 0.903 0.429 0.001
vn 0.991 0.133 -0.015
vn 0.229 -0.551 0.802
vn 0.518 -0.511 0.686
vn 0.167 0.292 0.942
vn 0.243 0.101 0.965
vn -0.208 -0.802 0.560
vn 0.000 0.000 1.000
vn 0.000 0.000 1.000
vn 0.000 0.000 1.000
vn 0.000 0.000 1.000
f 1//1 2//2 3//3
f 2//2 1//1 4//4
f 5//5 6//6 7//7
f 8//8 9//9 10//10
f 11//11 12//12 13//13
f 14//14 15//15 16//16
f 4//4 8//8 17//17
f 18//18 19//19 20//20
f 2//2 21//21 3//3
f 22//22 23//23 5//5
f 24//24 25//25 26//26
f 27//27 28//28 29//29
f 30//30 31//31 32//32
f 33//33 34//34 35//35
f 36//36 37//37 38//38
f 39//39 10//10 9//9
f 40//40 9//9 4//4
f 41//41 42//42 43//43
f 29//29 28//28 39//39
f 10//10 39//39 36//36
f 20//20 44//44 45//45
f 18//18 46//46 22//22
f 47//47 48//48 49//49
f 50//50 29//29 39//39
f 51//51 52//52 53//53
f 54//54 55//55 56//56
f 57//57 58//58 59//59
f 60//60 61//61 62//62
f 63//63 60//60 62//62
f 64//64 65//65 66//66
f 67//67 68//68 69//69
f 70//70 71//71 72//72
f 73//73 65//65 59//59
f 74//74 75//75 70//70
f 76//76 77//77 78//78
f 79//79 80//80 81//81
f 82//82 83//83 84//84
f 85//85 86//86 87//87
f 88//88 89//89 90//90
f 91//91 92//92 93//93
f 76//76 94//94 95//95
f 96//96 97//97 98//98
f 99//99 98//98 97//97
f 94//94 100//100 95//95
f 101//101 102//102 103//103
f 104//104 105//105 106//106
f 100//100 107//107 95//95
f 108//108 109//109 110//110
f 101//101 103//103 111//111
f 101//101 111//111 112//112
f 113//113 91//91 93//93
f 114//114 115//115 116//116
f 117//117 118//118 119//119
f 115//115 114//114 120//120
f 58//58 57//57 55//55
f 121//121 122//122 123//123
f 124//124 125//125 126//126
f 127//127 128//128 129//129
f 130//130 129//129 131//131
f 132//132 133//133 134//134
f 135//135 136//136 137//137
f 138//138 139//139 140//140
f 141//141 142//142 143//143
f 64//64 66//66 144//144
f 145//145 146//146 147//147
f 148//148 149//149 150//150
f 151//151 152//152 153//153
f 119//119 118//118 99//99
f 154//154 155//155 156//156
f 157//157 158//158 159//159
f 149//149 75//75 160//160
f 161//161 162//162 163//163
f 164//164 135//135 137//137
f 165//165 166//166 167//167
f 168//168 169//169 170//170
f 171//171 169//169 172//172
f 171//171 173//173 169//169
f 174//174 135//135 164//164
f 175//175 176//176 177//177
f 172//172 178//178 171//171
f 72//72 179//179 180//180
f 181//181 182//182 183//183
f 184//184 185//185 178//178
f 186//186 187//187 188//188
f 178//178 189//189 190//190
f 191//191 192//192 193//193
f 194//194 195//195 196//196
f 197//197 198//198 189//189
f 193//193 199//199 200//200
f 200//200 199//199 201//201
f 202//202 203//203 197//197
f 203//203 204//204 205//205
f 206//206 207//207 208//208
f 209//209 192//192 182//182
f 204//204 210//210 205//205
f 210//210 204//204 211//211
f 212//212 213//213 214//214
f 213//213 215//215 200//200
f 216//216 211//211 217//217
f 218//218 219//219 195//195
f 220//220 221//221 222//222
f 223//223 173//173 224//224
f 195//195 219//219 196//196
f 225//225 226//226 227//227
f 90//90 89//89 228//228
f 229//229 230//230 197//197
f 231//231 232//232 233//233
f 234//234 235//235 236//236
f 237//237 238//238 239//239
f 73//73 240//240 65//65
f 241//241 242//242 97//97
f 243//243 244//244 245//245
f 246//246 247//247 248//248
f 221//221 249//249 250//250
f 228//228 251//251 146//146
f 184//184 190//190 252//252
f 253//253 249//249 254//254
f 175//175 253//253 254//254
f 165//165 167//167 255//255
f 256//256 257//257 258//258
f 259//259 260//260 261//261
f 262//262 263//263 264//264
f 265//265 266//266 267//267
f 268//268 269//269 270//270
f 271//271 272//272 273//273
f 274//274 275//275 276//276
f 277//277 278//278 279//279
f 280//280 277//277 279//279
f 281//281 282//282 283//283
f 277//277 284//284 285//285
f 286//286 287//287 288//288
f 289//289 290//290 291//291
f 292//292 293//293 294//294
f 295//295 296//296 267//267
f 297//297 298//298 266//266
f 299//299 300//300 301//301
f 302//302 303//303 304//304
f 305//305 306//306 307//307
f 302//302 304//304 308//308
f 309//309 310//310 311//311
f 312//312 313//313 314//314
f 315//315 316//316 317//317
f 303//303 318//318 304//304
f 319//319 320//320 321//321
f 322//322 323//323 324//324
f 325//325 326//326 327//327
f 328//328 329//329 330//330
f 331//331 332//332 333//333
f 334//334 335//335 333//333
f 336//336 337//337 338//338
f 339//339 338//338 340//340
f 339//339 341//341 342//342
f 343//343 344//344 283//283
f 322//322 340//340 338//338
f 345//345 283//283 346//346
f 347//347 346//346 348//348
f 346//346 349//349 345//345
f 350//350 351//351 352//352
f 303//303 353//353 354//354
f 355//355 356//356 357//357
f 358//358 359//359 360//360
f 361//361 362//362 363//363
f 361//361 364//364 362//362
f 365//365 366//366 367//367
f 368//368 369//369 324//324
f 370//370 371//371 372//372
f 373//373 341//341 339//339
f 374//374 258//258 314//314
f 340//340 373//373 339//339
f 346//346 347//347 349//349
f 375//375 376//376 377//377
f 347//347 348//348 378//378
f 379//379 347//347 378//378
f 380//380 381//381 382//382
f 265//265 383//383 384//384
f 385//385 386//386 387//387
f 388//388 389//389 390//390
f 339//339 342//342 343//343
f 391//391 392//392 280//280
f 328//328 393//393 394//394
f 395//395 264//264 396//396
f 389//389 397//397 398//398
f 399//399 400//400 401//401
f 402//402 403//403 404//404
f 320//320 405//405 406//406
f 383//383 265//265 407//407
f 408//408 388//388 390//390
f 409//409 410//410 411//411
f 412//412 261//261 413//413
f 414//414 415//415 416//416
f 417//417 327//327 418//418
f 419//419 420//420 421//421
f 422//422 423//423 424//424
f 425//425 426//426 427//427
f 428//428 429//429 430//430
f 431//431 432//432 433//433
f 434//434 435//435 409//409
f 378//378 436//436 379//379
f 437//437 438//438 439//439
f 440//440 441//441 442//442
f 428//428 414//414 443//443
f 444//444 445//445 446//446
f 447//447 448//448 449//449
f 428//428 450//450 298//298
f 373//373 409//409 451//451
f 437//437 407//407 267//267
f 452//452 453//453 454//454
f 305//305 455//455 306//306
f 296//296 450//450 399//399
f 456//456 457//457 443//443
f 404//404 403//403 458//458
f 377//377 459//459 375//375
f 460//460 449//449 426//426
f 382//382 461//461 394//394
f 459//459 462//462 375//375
f 463//463 464//464 465//465
f 466//466 467//467 468//468
f 469//469 376//376 297//297
f 470//470 471//471 472//472
f 376//376 469//469 435//435
f 473//473 362//362 474//474
f 410//410 369//369 368//368
f 475//475 476//476 477//477
f 458//458 403//403 478//478
f 361//361 363//363 479//479
f 338//338 339//339 343//343
f 344//344 346//346 283//283
f 403//403 480//480 481//481
f 480//480 482//482 481//481
f 479//479 363//363 324//324
f 473//473 474//474 483//483
f 484//484 441//441 440//440
f 447//447 449//449 460//460
f 382//382 485//485 461//461
f 403//403 486//486 478//478
f 334//334 333//333 306//306
f 474//474 362//362 487//487
f 435//435 434//434 376//376
f 324//324 323//323 479//479
f 426//426 425//425 398//398
f 477//477 334//334 488//488
f 489//489 490//490 491//491
f 492//492 476//476 493//493
f 487//487 362//362 364//364
f 494//494 495//495 496//496
f 497//497 498//498 499//499
f 345//345 349//349 500//500
f 311//311 493//493 309//309
f 354//354 501//501 502//502
f 503//503 463//463 504//504
f 504//504 497//497 454//454
f 497//497 463//463 498//498
f 287//287 286//286 505//505
f 256//256 258//258 506//506
f 507//507 508//508 509//509
f 510//510 511//511 512//512
f 513//513 514//514 327//327
f 457//457 515//515 429//429
f 516//516 517//517 518//518
f 519//519 451//451 384//384
f 486//486 403//403 481//481
f 520//520 492//492 505//505
f 521//521 522//522 523//523
f 445//445 524//524 525//525
f 526//526 527//527 465//465
f 528//528 529//529 475//475
f 475//475 488//488 528//528
f 499//499 530//530 497//497
f 370//370 531//531 371//371
f 432//432 532//532 533//533
f 534//534 535//535 536//536
f 287//287 537//537 538//538
f 539//539 379//379 540//540
f 298//298 297//297 415//415
f 436//436 407//407 437//437
f 363//363 362//362 473//473
f 312//312 356//356 541//541
f 492//492 493//493 542//542
f 356//356 312//312 258//258
f 542//542 505//505 492//492
f 337//337 323//323 338//338
f 390//390 487//487 408//408
f 402//402 480//480 403//403
f 543//543 518//518 544//544
f 545//545 546//546 459//459
f 327//327 417//417 547//547
f 548//548 549//549 550//550
f 551//551 552//552 553//553
f 550//550 554//554 512//512
f 555//555 556//556 557//557
f 558//558 559//559 560//560
f 561//561 562//562 293//293
f 457//457 429//429 443//443
f 526//526 518//518 527//527
f 563//563 512//512 511//511
f 394//394 393//393 380//380
f 503//503 504//504 522//522
f 537//537 564//564 565//565
f 442//442 517//517 478//478
f 566//566 532//532 431//431
f 543//543 544//544 525//525
f 567//567 568//568 569//569
f 549//549 554//554 550//550
f 479//479 323//323 570//570
f 458//458 478//478 517//517
f 457//457 456//456 571//571
f 511//511 572//572 563//563
f 520//520 505//505 286//286
f 456//456 568//568 571//571
f 573//573 290//290 574//574
f 563//563 550//550 512//512
f 522//522 521//521 575//575
f 412//412 313//313 576//576
f 440//440 442//442 486//486
f 486//486 481//481 440//440
f 515//515 457//457 571//571
f 444//444 573//573 574//574
f 288//288 572//572 511//511
f 478//478 486//486 442//442
f 548//548 550//550 563//563
f 398//398 425//425 459//459
f 517//517 442//442 527//527
f 542//542 493//493 577//577
f 578//578 574//574 549//549
f 392//392 391//391 579//579
f 580//580 581//581 582//582
f 498//498 463//463 465//465
f 343//343 283//283 282//282
f 525//525 544//544 583//583
f 224//224 173//173 185//185
f 328//328 394//394 461//461
f 504//504 463//463 497//497
f 578//578 549//549 524//524
f 481//481 482//482 484//484
f 532//532 432//432 431//431
f 584//584 530//530 499//499
f 585//585 568//568 567//567
f 482//482 480//480 586//586
f 295//295 450//450 296//296
f 587//587 441//441 484//484
f 127//127 246//246 116//116
f 410//410 368//368 473//473
f 588//588 589//589 590//590
f 572//572 516//516 518//518
f 577//577 493//493 311//311
f 591//591 508//508 329//329
f 337//337 570//570 323//323
f 592//592 533//533 593//593
f 537//537 287//287 505//505
f 402//402 586//586 480//480
f 510//510 288//288 511//511
f 594//594 595//595 596//596
f 517//517 527//527 518//518
f 597//597 598//598 599//599
f 569//569 416//416 567//567
f 549//549 548//548 524//524
f 600//600 601//601 500//500
f 602//602 468//468 467//467
f 547//547 603//603 509//509
f 604//604 564//564 310//310
f 409//409 373//373 369//369
f 338//338 343//343 336//336
f 605//605 554//554 606//606
f 576//576 607//607 259//259
f 477//477 335//335 334//334
f 317//317 608//608 609//609
f 427//427 449//449 448//448
f 610//610 611//611 612//612
f 613//613 485//485 381//381
f 598//598 180//180 599//599
f 614//614 134//134 133//133
f 615//615 574//574 290//290
f 315//315 616//616 387//387
f 503//503 522//522 583//583
f 416//416 448//448 567//567
f 510//510 331//331 335//335
f 591//591 461//461 513//513
f 369//369 373//373 340//340
f 463//463 503//503 464//464
f 446//446 617//617 573//573
f 591//591 329//329 328//328
f 568//568 456//456 569//569
f 344//344 343//343 342//342
f 520//520 335//335 492//492
f 618//618 251//251 89//89
f 493//493 476//476 619//619
f 324//324 369//369 340//340
f 573//573 617//617 290//290
f 590//590 589//589 620//620
f 322//322 324//324 340//340
f 615//615 549//549 574//574
f 621//621 306//306 333//333
f 427//427 426//426 449//449
f 261//261 622//622 623//623
f 578//578 445//445 444//444
f 554//554 605//605 512//512
f 446//446 573//573 444//444
f 492//492 477//477 476//476
f 624//624 587//587 482//482
f 482//482 587//587 484//484
f 586//586 625//625 624//624
f 485//485 382//382 381//381
f 465//465 566//566 498//498
f 482//482 586//586 624//624
f 361//361 408//408 364//364
f 626//626 290//290 617//617
f 431//431 433//433 499//499
f 322//322 338//338 323//323
f 415//415 297//297 375//375
f 627//627 628//628 372//372
f 431//431 499//499 566//566
f 519//519 383//383 378//378
f 585//585 567//567 448//448
f 578//578 524//524 445//445
f 592//592 593//593 629//629
f 630//630 553//553 552//552
f 288//288 516//516 572//572
f 631//631 501//501 271//271
f 632//632 633//633 553//553
f 543//543 525//525 524//524
f 335//335 520//520 510//510
f 425//425 462//462 459//459
f 575//575 525//525 583//583
f 634//634 635//635 636//636
f 344//344 348//348 346//346
f 637//637 638//638 639//639
f 516//516 287//287 640//640
f 404//404 537//537 565//565
f 348//348 344//344 342//342
f 641//641 632//632 553//553
f 390//390 546//546 487//487
f 307//307 621//621 642//642
f 551//551 633//633 643//643
f 644//644 629//629 593//593
f 441//441 587//587 593//593
f 645//645 452//452 454//454
f 455//455 488//488 306//306
f 563//563 518//518 543//543
f 513//513 509//509 508//508
f 525//525 575//575 445//445
f 540//540 379//379 436//436
f 515//515 400//400 430//430
f 646//646 647//647 648//648
f 604//604 402//402 564//564
f 473//473 368//368 324//324
f 559//559 649//649 507//507
f 400//400 399//399 430//430
f 650//650 541//541 651//651
f 448//448 462//462 427//427
f 428//428 298//298 414//414
f 652//652 653//653 317//317
f 639//639 654//654 655//655
f 474//474 487//487 483//483
f 416//416 569//569 456//456
f 656//656 657//657 401//401
f 418//418 630//630 417//417
f 542//542 537//537 505//505
f 495//495 658//658 627//627
f 310//310 564//564 577//577
f 613//613 659//659 660//660
f 287//287 538//538 640//640
f 379//379 349//349 347//347
f 661//661 662//662 663//663
f 406//406 664//664 665//665
f 666//666 606//606 615//615
f 349//349 379//379 600//600
f 499//499 498//498 566//566
f 527//527 532//532 566//566
f 581//581 330//330 582//582
f 552//552 551//551 603//603
f 297//297 376//376 375//375
f 399//399 401//401 438//438
f 426//426 397//397 460//460
f 543//543 548//548 563//563
f 603//603 551//551 560//560
f 397//397 426//426 398//398
f 379//379 539//539 600//600
f 425//425 427//427 462//462
f 551//551 643//643 558//558
f 430//430 429//429 515//515
f 450//450 430//430 399//399
f 282//282 336//336 343//343
f 667//667 668//668 418//418
f 439//439 669//669 670//670
f 671//671 669//669 596//596
f 336//336 672//672 337//337
f 458//458 640//640 538//538
f 483//483 411//411 410//410
f 410//410 473//473 483//483
f 477//477 488//488 475//475
f 399//399 438//438 296//296
f 645//645 673//673 452//452
f 440//440 481//481 484//484
f 458//458 538//538 404//404
f 670//670 669//669 671//671
f 613//613 660//660 485//485
f 400//400 515//515 656//656
f 674//674 513//513 461//461
f 560//560 559//559 507//507
f 656//656 675//675 657//657
f 669//669 676//676 594//594
f 438//438 401//401 669//669
f 674//674 514//514 513//513
f 485//485 674//674 461//461
f 677//677 678//678 679//679
f 563//563 572//572 518//518
f 564//564 402//402 565//565
f 537//537 404//404 538//538
f 593//593 587//587 644//644
f 444//444 574//574 578//578
f 547//547 552//552 603//603
f 459//459 377//377 434//434
f 349//349 600//600 500//500
f 603//603 560//560 509//509
f 643//643 633//633 680//680
f 465//465 527//527 566//566
f 439//439 438//438 669//669
f 417//417 630//630 552//552
f 327//327 648//648 647//647
f 648//648 327//327 514//514
f 268//268 681//681 682//682
f 594//594 596//596 669//669
f 648//648 683//683 646//646
f 684//684 685//685 395//395
f 686//686 687//687 392//392
f 606//606 666//666 332//332
f 638//638 688//688 654//654
f 350//350 689//689 690//690
f 577//577 564//564 537//537
f 401//401 657//657 676//676
f 691//691 692//692 638//638
f 693//693 561//561 292//292
f 448//448 416//416 462//462
f 694//694 341//341 519//519
f 291//291 290//290 626//626
f 497//497 530//530 454//454
f 546//546 545//545 487//487
f 695//695 624//624 696//696
f 276//276 472//472 697//697
f 351//351 698//698 623//623
f 308//308 318//318 699//699
f 541//541 650//650 700//700
f 683//683 660//660 646//646
f 466//466 701//701 702//702
f 292//292 703//703 693//693
f 704//704 639//639 705//705
f 533//533 532//532 593//593
f 261//261 412//412 259//259
f 623//623 698//698 413//413
f 703//703 292//292 706//706
f 272//272 501//501 588//588
f 707//707 688//688 708//708
f 413//413 698//698 294//294
f 698//698 706//706 294//294
f 284//284 280//280 709//709
f 220//220 222//222 710//710
f 627//627 658//658 711//711
f 413//413 261//261 623//623
f 712//712 313//313 713//713
f 515//515 571//571 675//675
f 697//697 714//714 704//704
f 348//348 342//342 694//694
f 715//715 716//716 717//717
f 315//315 609//609 616//616
f 718//718 387//387 702//702
f 719//719 720//720 721//721
f 609//609 628//628 722//722
f 605//605 331//331 510//510
f 723//723 724//724 725//725
f 372//372 609//609 608//608
f 631//631 726//726 555//555
f 705//705 701//701 274//274
f 378//378 383//383 407//407
f 727//727 262//262 728//728
f 504//504 453//453 522//522
f 707//707 729//729 688//688
f 386//386 316//316 387//387
f 608//608 720//720 370//370
f 637//637 639//639 704//704
f 357//357 257//257 730//730
f 316//316 315//315 387//387
f 718//718 729//729 385//385
f 704//704 535//535 637//637
f 655//655 701//701 639//639
f 731//731 163//163 679//679
f 698//698 351//351 732//732
f 316//316 386//386 652//652
f 701//701 655//655 702//702
f 274//274 701//701 466//466
f 733//733 734//734 712//712
f 672//672 336//336 282//282
f 703//703 264//264 693//693
f 735//735 736//736 737//737
f 684//684 395//395 366//366
f 738//738 299//299 739//739
f 396//396 703//703 740//740
f 688//688 718//718 654//654
f 602//602 722//722 628//628
f 384//384 451//451 435//435
f 699//699 318//318 557//557
f 741//741 634//634 742//742
f 636//636 635//635 743//743
f 520//520 286//286 288//288
f 293//293 744//744 712//712
f 489//489 745//745 262//262
f 746//746 405//405 320//320
f 733//733 742//742 636//636
f 628//628 747//747 739//739
f 734//734 733//733 636//636
f 712//712 744//744 733//733
f 466//466 616//616 467//467
f 602//602 748//748 301//301
f 556//556 555//555 749//749
f 750//750 751//751 752//752
f 753//753 717//717 754//754
f 755//755 269//269 729//729
f 756//756 742//742 744//744
f 738//738 757//757 299//299
f 587//587 624//624 695//695
f 308//308 679//679 302//302
f 300//300 299//299 757//757
f 758//758 759//759 271//271
f 747//747 628//628 627//627
f 275//275 274//274 466//466
f 561//561 293//293 292//292
f 163//163 162//162 679//679
f 760//760 761//761 762//762
f 763//763 665//665 764//764
f 464//464 503//503 583//583
f 301//301 468//468 602//602
f 612//612 725//725 751//751
f 556//556 765//765 557//557
f 766//766 767//767 161//161
f 768//768 762//762 761//761
f 321//321 320//320 769//769
f 674//674 485//485 660//660
f 770//770 720//720 608//608
f 746//746 319//319 684//684
f 348//348 694//694 378//378
f 711//711 739//739 747//747
f 693//693 263//263 561//561
f 697//697 705//705 274//274
f 771//771 772//772 773//773
f 535//535 714//714 472//472
f 385//385 269//269 682//682
f 562//562 756//756 744//744
f 360//360 359//359 774//774
f 319//319 490//490 685//685
f 775//775 776//776 359//359
f 456//456 443//443 414//414
f 555//555 777//777 631//631
f 734//734 636//636 736//736
f 299//299 748//748 739//739
f 640//640 458//458 517//517
f 759//759 631//631 271//271
f 610//610 778//778 663//663
f 726//726 631//631 759//759
f 580//580 582//582 649//649
f 779//779 727//727 728//728
f 699//699 557//557 765//765
f 162//162 161//161 677//677
f 687//687 709//709 280//280
f 761//761 758//758 273//273
f 728//728 780//780 779//779
f 161//161 717//717 677//677
f 273//273 758//758 271//271
f 754//754 717//717 161//161
f 754//754 161//161 767//767
f 781//781 275//275 300//300
f 674//674 683//683 648//648
f 318//318 354//354 502//502
f 273//273 768//768 761//761
f 623//623 420//420 351//351
f 412//412 782//782 313//313
f 736//736 636//636 743//743
f 742//742 756//756 741//741
f 704//704 714//714 535//535
f 678//678 677//677 783//783
f 783//783 686//686 392//392
f 561//561 263//263 562//562
f 321//321 491//491 490//490
f 535//535 534//534 784//784
f 785//785 709//709 786//786
f 717//717 753//753 715//715
f 277//277 280//280 284//284
f 686//686 783//783 717//717
f 687//687 686//686 716//716
f 590//590 768//768 273//273
f 786//786 709//709 687//687
f 545//545 434//434 483//483
f 475//475 529//529 787//787
f 266//266 265//265 469//469
f 608//608 370//370 372//372
f 607//607 576//576 541//541
f 788//788 650//650 651//651
f 653//653 789//789 721//721
f 679//679 678//678 790//790
f 396//396 740//740 690//690
f 562//562 263//263 727//727
f 630//630 418//418 668//668
f 549//549 615//615 606//606
f 791//791 792//792 793//793
f 651//651 356//356 355//355
f 720//720 794//794 795//795
f 796//796 797//797 111//111
f 795//795 798//798 531//531
f 358//358 799//799 800//800
f 493//493 619//619 801//801
f 802//802 472//472 471//471
f 803//803 689//689 350//350
f 804//804 805//805 800//800
f 584//584 673//673 645//645
f 609//609 722//722 467//467
f 703//703 706//706 740//740
f 805//805 784//784 800//800
f 396//396 690//690 366//366
f 806//806 684//684 366//366
f 619//619 787//787 807//807
f 491//491 780//780 745//745
f 808//808 809//809 803//803
f 805//805 691//691 638//638
f 810//810 811//811 746//746
f 812//812 775//775 358//358
f 320//320 319//319 746//746
f 607//607 700//700 260//260
f 813//813 799//799 358//358
f 508//508 507//507 582//582
f 495//495 371//371 814//814
f 332//332 331//331 605//605
f 800//800 784//784 534//534
f 442//442 441//441 532//532
f 296//296 438//438 437//437
f 352//352 351//351 808//808
f 729//729 269//269 385//385
f 713//713 782//782 413//413
f 470//470 276//276 781//781
f 354//354 353//353 501//501
f 800//800 534//534 358//358
f 746//746 684//684 806//806
f 445//445 575//575 521//521
f 370//370 795//795 531//531
f 632//632 815//815 633//633
f 356//356 258//258 257//257
f 812//812 536//536 611//611
f 502//502 777//777 555//555
f 398//398 546//546 389//389
f 306//306 621//621 307//307
f 304//304 318//318 308//308
f 631//631 777//777 501//501
f 318//318 502//502 557//557
f 506//506 735//735 737//737
f 802//802 536//536 535//535
f 579//579 816//816 678//678
f 658//658 495//495 494//494
f 518//518 526//526 544//544
f 275//275 468//468 300//300
f 575//575 583//583 522//522
f 735//735 374//374 734//734
f 374//374 735//735 258//258
f 817//817 818//818 819//819
f 820//820 821//821 822//822
f 823//823 824//824 825//825
f 826//826 827//827 828//828
f 829//829 830//830 831//831
f 821//821 832//832 833//833
f 834//834 835//835 836//836
f 837//837 838//838 839//839
f 840//840 841//841 834//834
f 842//842 843//843 830//830
f 844//844 845//845 846//846
f 847//847 835//835 848//848
f 849//849 850//850 851//851
f 852//852 853//853 854//854
f 822//822 821//821 855//855
f 856//856 857//857 858//858
f 859//859 860//860 861//861
f 835//835 834//834 843//843
f 862//862 863//863 864//864
f 848//848 865//865 847//847
f 863//863 862//862 853//853
f 864//864 866//866 867//867
f 868//868 866//866 869//869
f 870//870 863//863 828//828
f 863//863 853//853 852//852
f 871//871 872//872 873//873
f 874//874 875//875 876//876
f 877//877 878//878 879//879
f 880//880 881//881 882//882
f 883//883 884//884 885//885
f 886//886 887//887 888//888
f 889//889 890//890 891//891
f 892//892 893//893 894//894
f 423//423 895//895 424//424
f 896//896 897//897 898//898
f 899//899 900//900 901//901
f 902//902 903//903 904//904
f 905//905 906//906 907//907
f 908//908 909//909 910//910
f 891//891 890//890 911//911
f 911//911 912//912 891//891
f 913//913 829//829 914//914
f 915//915 916//916 917//917
f 918//918 919//919 920//920
f 911//911 921//921 922//922
f 911//911 923//923 921//921
f 924//924 925//925 926//926
f 927//927 928//928 929//929
f 930//930 931//931 932//932
f 933//933 921//921 934//934
f 935//935 936//936 937//937
f 922//922 829//829 913//913
f 938//938 939//939 940//940
f 941//941 942//942 943//943
f 944//944 945//945 946//946
f 947//947 948//948 949//949
f 950//950 951//951 952//952
f 953//953 910//910 954//954
f 908//908 955//955 909//909
f 956//956 957//957 958//958
f 959//959 960//960 961//961
f 962//962 963//963 964//964
f 965//965 966//966 967//967
f 968//968 969//969 966//966
f 970//970 971//971 972//972
f 973//973 974//974 975//975
f 976//976 940//940 939//939
f 977//977 978//978 979//979
f 980//980 981//981 982//982
f 926//926 925//925 928//928
f 983//983 984//984 985//985
f 908//908 986//986 987//987
f 988//988 989//989 990//990
f 988//988 991//991 992//992
f 891//891 912//912 993//993
f 994//994 218//218 995//995
f 996//996 997//997 998//998
f 913//913 999//999 922//922
f 902//902 933//933 934//934
f 1000//1000 1001//1001 1002//1002
f 928//928 987//987 1003//1003
f 891//891 960//960 1004//1004
f 1005//1005 1006//1006 1007//1007
f 1006//1006 1008//1008 1009//1009
f 1010//1010 1011//1011 1012//1012
f 1013//1013 1014//1014 1015//1015
f 1014//1014 1013//1013 1016//1016
f 1017//1017 1018//1018 1019//1019
f 965//965 1005//1005 1020//1020
f 1021//1021 1015//1015 1022//1022
f 1023//1023 1024//1024 1025//1025
f 1020//1020 966//966 965//965
f 1012//1012 1011//1011 1026//1026
f 1027//1027 155//155 1028//1028
f 1029//1029 1030//1030 1031//1031
f 940//940 1032//1032 1018//1018
f 1033//1033 1034//1034 967//967
f 987//987 986//986 1003//1003
f 1034//1034 1035//1035 1036//1036
f 1037//1037 1038//1038 1039//1039
f 1040//1040 1041//1041 1042//1042
f 1043//1043 1026//1026 1036//1036
f 1044//1044 1045//1045 1046//1046
f 1047//1047 1048//1048 1049//1049
f 1049//1049 1050//1050 1051//1051
f 1042//1042 1041//1041 1014//1014
f 1052//1052 1031//1031 1053//1053
f 1052//1052 977//977 1031//1031
f 1054//1054 1055//1055 1056//1056
f 929//929 1057//1057 927//927
f 1058//1058 999//999 423//423
f 1057//1057 1059//1059 1060//1060
f 1061//1061 999//999 1058//1058
f 1062//1062 1063//1063 1064//1064
f 1065//1065 1066//1066 1067//1067
f 1068//1068 980//980 1069//1069
f 923//923 911//911 890//890
f 961//961 912//912 1061//1061
f 1070//1070 1071//1071 1049//1049
f 1000//1000 1072//1072 1001//1001
f 1057//1057 1073//1073 1074//1074
f 1075//1075 1076//1076 1077//1077
f 959//959 1078//1078 1079//1079
f 1080//1080 1081//1081 1048//1048
f 986//986 1007//1007 1082//1082
f 1073//1073 929//929 1003//1003
f 1074//1074 1083//1083 1084//1084
f 1085//1085 1016//1016 1086//1086
f 1087//1087 1088//1088 1089//1089
f 1090//1090 1084//1084 1088//1088
f 1086//1086 1091//1091 1085//1085
f 1085//1085 959//959 1079//1079
f 1092//1092 1093//1093 1094//1094
f 1095//1095 1096//1096 1097//1097
f 1098//1098 1099//1099 1100//1100
f 1101//1101 1102//1102 1100//1100
f 1103//1103 1091//1091 1086//1086
f 1104//1104 1105//1105 1106//1106
f 1107//1107 1108//1108 950//950
f 1109//1109 1110//1110 1111//1111
f 999//999 1061//1061 912//912
f 422//422 885//885 1112//1112
f 1113//1113 1114//1114 1115//1115
f 1101//1101 1116//1116 1117//1117
f 1042//1042 1118//1118 1119//1119
f 1120//1120 1121//1121 1122//1122
f 1123//1123 1085//1085 1079//1079
f 1124//1124 1125//1125 1126//1126
f 1127//1127 1128//1128 1129//1129
f 1130//1130 1131//1131 1132//1132
f 1065//1065 1133//1133 1066//1066
f 255//255 1134//1134 208//208
f 1035//1035 1135//1135 1081//1081
f 1113//1113 1136//1136 1001//1001
f 1137//1137 1138//1138 1139//1139
f 1140//1140 1141//1141 1142//1142
f 1141//1141 1140//1140 1143//1143
f 1144//1144 135//135 238//238
f 1145//1145 1146//1146 1025//1025
f 1146//1146 1145//1145 1147//1147
f 1148//1148 1146//1146 1140//1140
f 1071//1071 1067//1067 1047//1047
f 837//837 1149//1149 1069//1069
f 1150//1150 1151//1151 821//821
f 1152//1152 1153//1153 1154//1154
f 1155//1155 1156//1156 136//136
f 1157//1157 1158//1158 1159//1159
f 1018//1018 1021//1021 1160//1160
f 1161//1161 1147//1147 1145//1145
f 1162//1162 1163//1163 1164//1164
f 1060//1060 1165//1165 1057//1057
f 889//889 891//891 1166//1166
f 1167//1167 1168//1168 1169//1169
f 1059//1059 1164//1164 1060//1060
f 1170//1170 423//423 999//999
f 1171//1171 1172//1172 1173//1173
f 980//980 982//982 1135//1135
f 1174//1174 1101//1101 1099//1099
f 1085//1085 1123//1123 1016//1016
f 1175//1175 1176//1176 1177//1177
f 1178//1178 1179//1179 1180//1180
f 1181//1181 1129//1129 1116//1116
f 1001//1001 1136//1136 1066//1066
f 1025//1025 1129//1129 1181//1181
f 1182//1182 1141//1141 1143//1143
f 1183//1183 1184//1184 1185//1185
f 1186//1186 1187//1187 1065//1065
f 1188//1188 1189//1189 1190//1190
f 1187//1187 1191//1191 1133//1133
f 1192//1192 1193//1193 1194//1194
f 1181//1181 1116//1116 1174//1174
f 1195//1195 1196//1196 1197//1197
f 1198//1198 254//254 618//618
f 955//955 908//908 1199//1199
f 1200//1200 925//925 924//924
f 930//930 1201//1201 931//931
f 1202//1202 1203//1203 1204//1204
f 1014//1014 1016//1016 1118//1118
f 106//106 105//105 1205//1205
f 1206//1206 1207//1207 1208//1208
f 1209//1209 1210//1210 1211//1211
f 1212//1212 1213//1213 1214//1214
f 1213//1213 1215//1215 1214//1214
f 1216//1216 1217//1217 1218//1218
f 1219//1219 1220//1220 1221//1221
f 1222//1222 1213//1213 1223//1223
f 1224//1224 1217//1217 1216//1216
f 1182//1182 1225//1225 1226//1226
f 1227//1227 1228//1228 1212//1212
f 1229//1229 1213//1213 1222//1222
f 1230//1230 1217//1217 1224//1224
f 1231//1231 1232//1232 1233//1233
f 1229//1229 1234//1234 1235//1235
f 1236//1236 1237//1237 1238//1238
f 1239//1239 1240//1240 1241//1241
f 1242//1242 1243//1243 1244//1244
f 1217//1217 1230//1230 1245//1245
f 1246//1246 1247//1247 1248//1248
f 1220//1220 1249//1249 1250//1250
f 1251//1251 1252//1252 1253//1253
f 1254//1254 1024//1024 1255//1255
f 922//922 1150//1150 1256//1256
f 1257//1257 1258//1258 1259//1259
f 1260//1260 1261//1261 1262//1262
f 1263//1263 1264//1264 1265//1265
f 1266//1266 1267//1267 1268//1268
f 1134//1134 255//255 167//167
f 681//681 1269//1269 1234//1234
f 1061//1061 1270//1270 1075//1075
f 1171//1171 1245//1245 1271//1271
f 1272//1272 1273//1273 1274//1274
f 422//422 1112//1112 1275//1275
f 1276//1276 1277//1277 1278//1278
f 1279//1279 1205//1205 1280//1280
f 1281//1281 1211//1211 1282//1282
f 1283//1283 1266//1266 1284//1284
f 1285//1285 419//419 421//421
f 1286//1286 1287//1287 1288//1288
f 1289//1289 1012//1012 1026//1026
f 1290//1290 1291//1291 1292//1292
f 1293//1293 1294//1294 1295//1295
f 1296//1296 1297//1297 1298//1298
f 1299//1299 1300//1300 1301//1301
f 951//951 1273//1273 1272//1272
f 1302//1302 1271//1271 1303//1303
f 1213//1213 1229//1229 1280//1280
f 1304//1304 1305//1305 1276//1276
f 1295//1295 1294//1294 1306//1306
f 1307//1307 1308//1308 1309//1309
f 1310//1310 1311//1311 1312//1312
f 1258//1258 1257//1257 1313//1313
f 1314//1314 1315//1315 1182//1182
f 1316//1316 1274//1274 1294//1294
f 1293//1293 1317//1317 1294//1294
f 1273//1273 1220//1220 1318//1318
f 1221//1221 1273//1273 1319//1319
f 1272//1272 1316//1316 952//952
f 1320//1320 1266//1266 1268//1268
f 1064//1064 1063//1063 1321//1321
f 1322//1322 1258//1258 1313//1313
f 1284//1284 1320//1320 1323//1323
f 1324//1324 1211//1211 1325//1325
f 1326//1326 1327//1327 1328//1328
f 1329//1329 1313//1313 1257//1257
f 1271//1271 1245//1245 1330//1330
f 1010//1010 1012//1012 1005//1005
f 1173//1173 1244//1244 1243//1243
f 1229//1229 1235//1235 1331//1331
f 1235//1235 1332//1332 270//270
f 1280//1280 1229//1229 1331//1331
f 1326//1326 1333//1333 1304//1304
f 1334//1334 1335//1335 1336//1336
f 1337//1337 1338//1338 243//243
f 1285//1285 1171//1171 1173//1173
f 1285//1285 1173//1173 419//419
f 1234//1234 1269//1269 1332//1332
f 1339//1339 1340//1340 1283//1283
f 1273//1273 951//951 1341//1341
f 1342//1342 1343//1343 1344//1344
f 1345//1345 1346//1346 1347//1347
f 1348//1348 1349//1349 1350//1350
f 1349//1349 1348//1348 1351//1351
f 8//8 4//4 9//9
f 827//827 1352//1352 1353//1353
f 1354//1354 1351//1351 1355//1355
f 1356//1356 1357//1357 1358//1358
f 1358//1358 1359//1359 1360//1360
f 1361//1361 1362//1362 1363//1363
f 1364//1364 1365//1365 1347//1347
f 1366//1366 1367//1367 1368//1368
f 1369//1369 1370//1370 1371//1371
f 1354//1354 1355//1355 1372//1372
f 1373//1373 1374//1374 1372//1372
f 1375//1375 1340//1340 1376//1376
f 1356//1356 1377//1377 1378//1378
f 1379//1379 1380//1380 1381//1381
f 1382//1382 1383//1383 1384//1384
f 1385//1385 1386//1386 355//355
f 1372//1372 1387//1387 1362//1362
f 1377//1377 1360//1360 1388//1388
f 1389//1389 1390//1390 1391//1391
f 1381//1381 1363//1363 1379//1379
f 1392//1392 1367//1367 1378//1378
f 1393//1393 1374//1374 1394//1394
f 1395//1395 1301//1301 1396//1396
f 1388//1388 1397//1397 1398//1398
f 1398//1398 1399//1399 1400//1400
f 1368//1368 1401//1401 1346//1346
f 1402//1402 1403//1403 1404//1404
f 1362//1362 1387//1387 1396//1396
f 1367//1367 1392//1392 1368//1368
f 1405//1405 1399//1399 1253//1253
f 1406//1406 1407//1407 1299//1299
f 1408//1408 1409//1409 1410//1410
f 1395//1395 1396//1396 1387//1387
f 1411//1411 214//214 1412//1412
f 1251//1251 1413//1413 1414//1414
f 1400//1400 1415//1415 1398//1398
f 1416//1416 1417//1417 1402//1402
f 1253//1253 1418//1418 1419//1419
f 1414//1414 1252//1252 1251//1251
f 1395//1395 1420//1420 1301//1301
f 1421//1421 1422//1422 1423//1423
f 241//241 97//97 96//96
f 200//200 1424//1424 213//213
f 1425//1425 1252//1252 1414//1414
f 1426//1426 1427//1427 1428//1428
f 1429//1429 1430//1430 1431//1431
f 1403//1403 1402//1402 1417//1417
f 1432//1432 1433//1433 1434//1434
f 1392//1392 1378//1378 1415//1415
f 250//250 249//249 1435//1435
f 1399//1399 1405//1405 1436//1436
f 1437//1437 1420//1420 1395//1395
f 1438//1438 1392//1392 1436//1436
f 1439//1439 1396//1396 1301//1301
f 1440//1440 1441//1441 1442//1442
f 1443//1443 1444//1444 1445//1445
f 1391//1391 1357//1357 1446//1446
f 1447//1447 1448//1448 1449//1449
f 1450//1450 1451//1451 1452//1452
f 1453//1453 1454//1454 1455//1455
f 1456//1456 1457//1457 1458//1458
f 1361//1361 1459//1459 1457//1457
f 1460//1460 1461//1461 1462//1462
f 1463//1463 1461//1461 1460//1460
f 1464//1464 1465//1465 1459//1459
f 1444//1444 1456//1456 1458//1458
f 1457//1457 1459//1459 1465//1465
f 1466//1466 1467//1467 1468//1468
f 1456//1456 1444//1444 1448//1448
f 1469//1469 1470//1470 1443//1443
f 1471//1471 1472//1472 1473//1473
f 1474//1474 1448//1448 1443//1443
f 1473//1473 1461//1461 1475//1475
f 1471//1471 1475//1475 1476//1476
f 1477//1477 1478//1478 1479//1479
f 1471//1471 1480//1480 1472//1472
f 1481//1481 1482//1482 1483//1483
f 1484//1484 1485//1485 1486//1486
f 1486//1486 1485//1485 1487//1487
f 1476//1476 1488//1488 1471//1471
f 1489//1489 1397//1397 1482//1482
f 1490//1490 1491//1491 1486//1486
f 1492//1492 1493//1493 1494//1494
f 1445//1445 1444//1444 1458//1458
f 1495//1495 1496//1496 1497//1497
f 1497//1497 1498//1498 1495//1495
f 1487//1487 1482//1482 1490//1490
f 1464//1464 1499//1499 1497//1497
f 1500//1500 1501//1501 1502//1502
f 1482//1482 1481//1481 1489//1489
f 1480//1480 1488//1488 1482//1482
f 1503//1503 1504//1504 1505//1505
f 1501//1501 1125//1125 1506//1506
f 1507//1507 1508//1508 1233//1233
f 1183//1183 1509//1509 1510//1510
f 1255//1255 1511//1511 1512//1512
f 1496//1496 1445//1445 1513//1513
f 1514//1514 1515//1515 1516//1516
f 1517//1517 1516//1516 1515//1515
f 1260//1260 1518//1518 1519//1519
f 1520//1520 1521//1521 1522//1522
f 1523//1523 1524//1524 1525//1525
f 1526//1526 1518//1518 1527//1527
f 1528//1528 1529//1529 1530//1530
f 1531//1531 1532//1532 1533//1533
f 1534//1534 1535//1535 1536//1536
f 1537//1537 1538//1538 1539//1539
f 1540//1540 1541//1541 1514//1514
f 1542//1542 1543//1543 1317//1317
f 1525//1525 1524//1524 1544//1544
f 829//829 922//922 1256//1256
f 1545//1545 1546//1546 1530//1530
f 1547//1547 1521//1521 1520//1520
f 1548//1548 1549//1549 1550//1550
f 1519//1519 1522//1522 1551//1551
f 1290//1290 1552//1552 1291//1291
f 1553//1553 1554//1554 1555//1555
f 1556//1556 1557//1557 1558//1558
f 1557//1557 1559//1559 876//876
f 1560//1560 1561//1561 1562//1562
f 1552//1552 1563//1563 1554//1554
f 77//77 1564//1564 1565//1565
f 1566//1566 1567//1567 1568//1568
f 1568//1568 1567//1567 1569//1569
f 1570//1570 1571//1571 1572//1572
f 1538//1538 1573//1573 1574//1574
f 1575//1575 867//867 1576//1576
f 1577//1577 1578//1578 1579//1579
f 1580//1580 1581//1581 1582//1582
f 865//865 836//836 847//847
f 27//27 23//23 1583//1583
f 1584//1584 1585//1585 1586//1586
f 1587//1587 1588//1588 1589//1589
f 1590//1590 1591//1591 1457//1457
f 1592//1592 1593//1593 1594//1594
f 1595//1595 1596//1596 1597//1597
f 1598//1598 1599//1599 1600//1600
f 1601//1601 1602//1602 1603//1603
f 1604//1604 1605//1605 1376//1376
f 1606//1606 1607//1607 1608//1608
f 1609//1609 1610//1610 1611//1611
f 1612//1612 1406//1406 1613//1613
f 1614//1614 1615//1615 1616//1616
f 1617//1617 1618//1618 1619//1619
f 1620//1620 1621//1621 1622//1622
f 1351//1351 1623//1623 1355//1355
f 1624//1624 1625//1625 1626//1626
f 1627//1627 1628//1628 1629//1629
f 1630//1630 1631//1631 1404//1404
f 1632//1632 1633//1633 1634//1634
f 1635//1635 1636//1636 1637//1637
f 1611//1611 1610//1610 1638//1638
f 1639//1639 1640//1640 1641//1641
f 1642//1642 1643//1643 1644//1644
f 1252//1252 1645//1645 1405//1405
f 1646//1646 1647//1647 1648//1648
f 1374//1374 1393//1393 1387//1387
f 1649//1649 1650//1650 1651//1651
f 1584//1584 1586//1586 1652//1652
f 1653//1653 1592//1592 1654//1654
f 1651//1651 1655//1655 1656//1656
f 1657//1657 1658//1658 1659//1659
f 1592//1592 1653//1653 1593//1593
f 1625//1625 1660//1660 1612//1612
f 1370//1370 1661//1661 1371//1371
f 1662//1662 1663//1663 1664//1664
f 1665//1665 1666//1666 1667//1667
f 1668//1668 1669//1669 1611//1611
f 1670//1670 1671//1671 1672//1672
f 1670//1670 1672//1672 1645//1645
f 1673//1673 1674//1674 1675//1675
f 1676//1676 1677//1677 1678//1678
f 1646//1646 1679//1679 1680//1680
f 1681//1681 1682//1682 1672//1672
f 1683//1683 1684//1684 1685//1685
f 1603//1603 1602//1602 1686//1686
f 1687//1687 1688//1688 1689//1689
f 1681//1681 1690//1690 1691//1691
f 1585//1585 1692//1692 1693//1693
f 1617//1617 1694//1694 1618//1618
f 1695//1695 1604//1604 1696//1696
f 1649//1649 1697//1697 1650//1650
f 958//958 1698//1698 1699//1699
f 1589//1589 1700//1700 1701//1701
f 1702//1702 1703//1703 1596//1596
f 1691//1691 1682//1682 1681//1681
f 1689//1689 1690//1690 1681//1681
f 1704//1704 1705//1705 1689//1689
f 1466//1466 1626//1626 1706//1706
f 1696//1696 1707//1707 1708//1708
f 1709//1709 1710//1710 1711//1711
f 1040//1040 1712//1712 1713//1713
f 1669//1669 1668//1668 1714//1714
f 1715//1715 1716//1716 1717//1717
f 1718//1718 1710//1710 1719//1719
f 1720//1720 1721//1721 1722//1722
f 1723//1723 1724//1724 1467//1467
f 1681//1681 1704//1704 1689//1689
f 1672//1672 1682//1682 1725//1725
f 1726//1726 1347//1347 1727//1727
f 1728//1728 1666//1666 1665//1665
f 1729//1729 1730//1730 1731//1731
f 797//797 796//796 1732//1732
f 1477//1477 1733//1733 1734//1734
f 1459//1459 1361//1361 1381//1381
f 1735//1735 1650//1650 1736//1736
f 1637//1637 1737//1737 1635//1635
f 1738//1738 1739//1739 1740//1740
f 1741//1741 1742//1742 1743//1743
f 1744//1744 1745//1745 1737//1737
f 1746//1746 1747//1747 1748//1748
f 1221//1221 1749//1749 1750//1750
f 1426//1426 1751//1751 1427//1427
f 1645//1645 1252//1252 1425//1425
f 1752//1752 1598//1598 1600//1600
f 1357//1357 1356//1356 1366//1366
f 1753//1753 1754//1754 1755//1755
f 1756//1756 1757//1757 1758//1758
f 1759//1759 1760//1760 1761//1761
f 1662//1662 1762//1762 1663//1663
f 1744//1744 1737//1737 1763//1763
f 1613//1613 1764//1764 1706//1706
f 1613//1613 1706//1706 1626//1626
f 1420//1420 1765//1765 1301//1301
f 1437//1437 1764//1764 1420//1420
f 1749//1749 1766//1766 1750//1750
f 1767//1767 1768//1768 1505//1505
f 1710//1710 1718//1718 1769//1769
f 1417//1417 1770//1770 1771//1771
f 1772//1772 1723//1723 1773//1773
f 1774//1774 1775//1775 1776//1776
f 1777//1777 1778//1778 1779//1779
f 980//980 1780//1780 1069//1069
f 1588//1588 1587//1587 1781//1781
f 1782//1782 1783//1783 1784//1784
f 1785//1785 1786//1786 1714//1714
f 1787//1787 1788//1788 1789//1789
f 1790//1790 1404//1404 1631//1631
f 1467//1467 1791//1791 1723//1723
f 1792//1792 1793//1793 1794//1794
f 1795//1795 1772//1772 1796//1796
f 1088//1088 1000//1000 1089//1089
f 1797//1797 1798//1798 1799//1799
f 1800//1800 1801//1801 1802//1802
f 1314//1314 1143//1143 1147//1147
f 1803//1803 1090//1090 1087//1087
f 1401//1401 1438//1438 1804//1804
f 1805//1805 1510//1510 1806//1806
f 1791//1791 1467//1467 1807//1807
f 1299//1299 1765//1765 1406//1406
f 1457//1457 1465//1465 1458//1458
f 1437//1437 1393//1393 1394//1394
f 1090//1090 1074//1074 1084//1084
f 1610//1610 1808//1808 1638//1638
f 1464//1464 1513//1513 1465//1465
f 1457//1457 1456//1456 1590//1590
f 1613//1613 1626//1626 1612//1612
f 1809//1809 1810//1810 1451//1451
f 1427//1427 1811//1811 1428//1428
f 1812//1812 1813//1813 1814//1814
f 1815//1815 1816//1816 1817//1817
f 1818//1818 1819//1819 1820//1820
f 1821//1821 824//824 823//823
f 1822//1822 956//956 1699//1699
f 1823//1823 1824//1824 1677//1677
f 1825//1825 367//367 1826//1826
f 1827//1827 1702//1702 1828//1828
f 1822//1822 1829//1829 1636//1636
f 1658//1658 1434//1434 1659//1659
f 1743//1743 1830//1830 1831//1831
f 1334//1334 1832//1832 1287//1287
f 1434//1434 1658//1658 1498//1498
f 1740//1740 1833//1833 1834//1834
f 1835//1835 1836//1836 1837//1837
f 1838//1838 1121//1121 1820//1820
f 1839//1839 989//989 1840//1840
f 989//989 1839//1839 1841//1841
f 1842//1842 1689//1689 1688//1688
f 1599//1599 1843//1843 1844//1844
f 1845//1845 1846//1846 1847//1847
f 1848//1848 1698//1698 1849//1849
f 1850//1850 1677//1677 1851//1851
f 1852//1852 1853//1853 1854//1854
f 1855//1855 810//810 1856//1856
f 1630//1630 1848//1848 1631//1631
f 1857//1857 1858//1858 1859//1859
f 1860//1860 1861//1861 991//991
f 1862//1862 1863//1863 1353//1353
f 992//992 1864//1864 1865//1865
f 866//866 868//868 1866//1866
f 1840//1840 1837//1837 1867//1867
f 988//988 1868//1868 989//989
f 1869//1869 1735//1735 1815//1815
f 1836//1836 1870//1870 1837//1837
f 1242//1242 1871//1871 1243//1243
f 1663//1663 1762//1762 1802//1802
f 1872//1872 1873//1873 1874//1874
f 1875//1875 1876//1876 1877//1877
f 1352//1352 1862//1862 1353//1353
f 1878//1878 1879//1879 1880//1880
f 1881//1881 1882//1882 1883//1883
f 1884//1884 1885//1885 1886//1886
f 1759//1759 1887//1887 1888//1888
f 1889//1889 1890//1890 1891//1891
f 1892//1892 1893//1893 1894//1894
f 1895//1895 1880//1880 1896//1896
f 1897//1897 1898//1898 1899//1899
f 1900//1900 1901//1901 1902//1902
f 1903//1903 1904//1904 1905//1905
f 1906//1906 1882//1882 1881//1881
f 1907//1907 692//692 1908//1908
f 1909//1909 1893//1893 1910//1910
f 1911//1911 1905//1905 1912//1912
f 1913//1913 1402//1402 1790//1790
f 1883//1883 1892//1892 1911//1911
f 1914//1914 1915//1915 1916//1916
f 1909//1909 1917//1917 1894//1894
f 1918//1918 11//11 1919//1919
f 1920//1920 1921//1921 1912//1912
f 1402//1402 1913//1913 1416//1416
f 1878//1878 1880//1880 1922//1922
f 1923//1923 1924//1924 1925//1925
f 1921//1921 1926//1926 1912//1912
f 1927//1927 1928//1928 1920//1920
f 1929//1929 1759//1759 1930//1930
f 1931//1931 1932//1932 1933//1933
f 1892//1892 1934//1934 1893//1893
f 1892//1892 1935//1935 1934//1934
f 1936//1936 1937//1937 1938//1938
f 1939//1939 1940//1940 1941//1941
f 1942//1942 1943//1943 1944//1944
f 1893//1893 1934//1934 1910//1910
f 1920//1920 1912//1912 1945//1945
f 1946//1946 1928//1928 1927//1927
f 1922//1922 1894//1894 1947//1947
f 1948//1948 1949//1949 1950//1950
f 1951//1951 1952//1952 1953//1953
f 1833//1833 1954//1954 1792//1792
f 1955//1955 1956//1956 1957//1957
f 1771//1771 1958//1958 1959//1959
f 1960//1960 1961//1961 1962//1962
f 1221//1221 1963//1963 1749//1749
f 1964//1964 1850//1850 1965//1965
f 1966//1966 1967//1967 1968//1968
f 1969//1969 1826//1826 367//367
f 1970//1970 1971//1971 1972//1972
f 1973//1973 1974//1974 1975//1975
f 1497//1497 1496//1496 1513//1513
f 1773//1773 1791//1791 1394//1394
f 1883//1883 1882//1882 1935//1935
f 1714//1714 1976//1976 1502//1502
f 1977//1977 1978//1978 1973//1973
f 1979//1979 1045//1045 1980//1980
f 1770//1770 1972//1972 1958//1958
f 1981//1981 1390//1390 1389//1389
f 1982//1982 1983//1983 1949//1949
f 1984//1984 1985//1985 1945//1945
f 1954//1954 1833//1833 1724//1724
f 1796//1796 1986//1986 1977//1977
f 1987//1987 1988//1988 1963//1963
f 1049//1049 1048//1048 982//982
f 1989//1989 1990//1990 1991//1991
f 1992//1992 1993//1993 1994//1994
f 1995//1995 1996//1996 1997//1997
f 1998//1998 1585//1585 1999//1999
f 1903//1903 1905//1905 1898//1898
f 2000//2000 2001//2001 2002//2002
f 2003//2003 2004//2004 2005//2005
f 1887//1887 1759//1759 1929//1929
f 2006//2006 2007//2007 1989//1989
f 1956//1956 2008//2008 2009//2009
f 2004//2004 2003//2003 1995//1995
f 2010//2010 2011//2011 2012//2012
f 2013//2013 2014//2014 2015//2015
f 2003//2003 2005//2005 1944//1944
f 2016//2016 1901//1901 2017//2017
f 2018//2018 2019//2019 2020//2020
f 2021//2021 2010//2010 2022//2022
f 2023//2023 1943//1943 2024//2024
f 2025//2025 1982//1982 2026//2026
f 2027//2027 2028//2028 2023//2023
f 1914//1914 1916//1916 2029//2029
f 2030//2030 2031//2031 2032//2032
f 2033//2033 1996//1996 2003//2003
f 2034//2034 2008//2008 1990//1990
f 2021//2021 2022//2022 2035//2035
f 1914//1914 2036//2036 2037//2037
f 248//248 247//247 896//896
f 2038//2038 1731//1731 1730//1730
f 2039//2039 2001//2001 1925//1925
f 2037//2037 1885//1885 2040//2040
f 2041//2041 1962//1962 2042//2042
f 2021//2021 2011//2011 2010//2010
f 2035//2035 2040//2040 1885//1885
f 1354//1354 1591//1591 1351//1351
f 2043//2043 1963//1963 2044//2044
f 1984//1984 1946//1946 1985//1985
f 1996//1996 1995//1995 2003//2003
f 2045//2045 2046//2046 2010//2010
f 1730//1730 2047//2047 2048//2048
f 2006//2006 1989//1989 2049//2049
f 2014//2014 2013//2013 2023//2023
f 2050//2050 2006//2006 2028//2028
f 1986//1986 1623//1623 2051//2051
f 2017//2017 1901//1901 2015//2015
f 1944//1944 1943//1943 2052//2052
f 2053//2053 2054//2054 2055//2055
f 1973//1973 1948//1948 1993//1993
f 2056//2056 2057//2057 1996//1996
f 2058//2058 2059//2059 2060//2060
f 2061//2061 2056//2056 2033//2033
f 2062//2062 2063//2063 2064//2064
f 1943//1943 1942//1942 2024//2024
f 2020//2020 2065//2065 2055//2055
f 1991//1991 2017//2017 2066//2066
f 2039//2039 2067//2067 2002//2002
f 2068//2068 2064//2064 2069//2069
f 1996//1996 2057//2057 1997//1997
f 2070//2070 1968//1968 2071//2071
f 1391//1391 1462//1462 1358//1358
f 2072//2072 2073//2073 2074//2074
f 1994//1994 2075//2075 2076//2076
f 1761//1761 1891//1891 1915//1915
f 1885//1885 2021//2021 2035//2035
f 2023//2023 2006//2006 2049//2049
f 2077//2077 2022//2022 2010//2010
f 2006//2006 2050//2050 1930//1930
f 2078//2078 2079//2079 2077//2077
f 2033//2033 2056//2056 1996//1996
f 1900//1900 2061//2061 2033//2033
f 1891//1891 1890//1890 2080//2080
f 2081//2081 2058//2058 1731//1731
f 2049//2049 1989//1989 2066//2066
f 1761//1761 1957//1957 2009//2009
f 2029//2029 1886//1886 2036//2036
f 2082//2082 164//164 137//137
f 2014//2014 2066//2066 2017//2017
f 2065//2065 2083//2083 2055//2055
f 2059//2059 2058//2058 2084//2084
f 1632//1632 2085//2085 2086//2086
f 2052//2052 2013//2013 2015//2015
f 1956//1956 2087//2087 2008//2008
f 2087//2087 2088//2088 2089//2089
f 2090//2090 2091//2091 2092//2092
f 2054//2054 2018//2018 2055//2055
f 2060//2060 2059//2059 2083//2083
f 2093//2093 1955//1955 1957//1957
f 2094//2094 1825//1825 1781//1781
f 2061//2061 2095//2095 2056//2056
f 2096//2096 1960//1960 2097//2097
f 1958//1958 1771//1771 1770//1770
f 1635//1635 2098//2098 2099//2099
f 2100//2100 1953//1953 2101//2101
f 1901//1901 1900//1900 2052//2052
f 2102//2102 2103//2103 2104//2104
f 1506//1506 2105//2105 1501//1501
f 1470//1470 2106//2106 2107//2107
f 1433//1433 1659//1659 1434//1434
f 1793//1793 1792//1792 1795//1795
f 1469//1469 1657//1657 2106//2106
f 1599//1599 2108//2108 2109//2109
f 1378//1378 1377//1377 1415//1415
f 2092//2092 1661//1661 1370//1370
f 2110//2110 2111//2111 1855//1855
f 1590//1590 2112//2112 1349//1349
f 1794//1794 1834//1834 1833//1833
f 1657//1657 2113//2113 1661//1661
f 1590//1590 1447//1447 2112//2112
f 1807//1807 1394//1394 1791//1791
f 1774//1774 2114//2114 2115//2115
f 1796//1796 1977//1977 1975//1975
f 1442//1442 1981//1981 2116//2116
f 2117//2117 1964//1964 1965//1965
f 1447//1447 1590//1590 1456//1456
f 1973//1973 1978//1978 1948//1948
f 1992//1992 1975//1975 1974//1974
f 948//948 1004//1004 1103//1103
f 2118//2118 2119//2119 1826//1826
f 958//958 2120//2120 1766//1766
f 1449//1449 2060//2060 2112//2112
f 1467//1467 1739//1739 1738//1738
f 2087//2087 1991//1991 1990//1990
f 2105//2105 1506//1506 2121//2121
f 1662//1662 2122//2122 2123//2123
f 1658//1658 1495//1495 1498//1498
f 1349//1349 2112//2112 2083//2083
f 1447//1447 1456//1456 1448//1448
f 1723//1723 1954//1954 1724//1724
f 2112//2112 2060//2060 2083//2083
f 1972//1972 1770//1770 2124//2124
f 1955//1955 2093//2093 2037//2037
f 1350//1350 2125//2125 1348//1348
f 1986//1986 1796//1796 1772//1772
f 2008//2008 2034//2034 1759//1759
f 1406//1406 1765//1765 1613//1613
f 1374//1374 1387//1387 1372//1372
f 1978//1978 2126//2126 2026//2026
f 1978//1978 2026//2026 1948//1948
f 2051//2051 2126//2126 1978//1978
f 1394//1394 1374//1374 1373//1373
f 2124//2124 1970//1970 1972//1972
f 2127//2127 1568//1568 1569//1569
f 2128//2128 2129//2129 1208//1208
f 2130//2130 1971//1971 1970//1970
f 2131//2131 2132//2132 2133//2133
f 2134//2134 2135//2135 2136//2136
f 1811//1811 1427//1427 2137//2137
f 2020//2020 2138//2138 2025//2025
f 1957//1957 1956//1956 2009//2009
f 2139//2139 2140//2140 1185//1185
f 1974//1974 1993//1993 1992//1992
f 1725//1725 1645//1645 1672//1672
f 2141//2141 1956//1956 1955//1955
f 1445//1445 1496//1496 1469//1469
f 1985//1985 1946//1946 1927//1927
f 2142//2142 2143//2143 2144//2144
f 1065//1065 1071//1071 1186//1186
f 1037//1037 1039//1039 2145//2145
f 2146//2146 1138//1138 2147//2147
f 2148//2148 2149//2149 2150//2150
f 1068//1068 2151//2151 980//980
f 2152//2152 1831//1831 2153//2153
f 2154//2154 978//978 2155//2155
f 2156//2156 2157//2157 2158//2158
f 1632//1632 1628//1628 1627//1627
f 2159//2159 2160//2160 2161//2161
f 2162//2162 963//963 2163//2163
f 1307//1307 2164//2164 2165//2165
f 2166//2166 2167//2167 2168//2168
f 367//367 1825//1825 365//365
f 1437//1437 1706//1706 1764//1764
f 2169//2169 2170//2170 2171//2171
f 650//650 788//788 2172//2172
f 2034//2034 2007//2007 1759//1759
f 1729//1729 2060//2060 1449//1449
f 1801//1801 1800//1800 2173//2173
f 2174//2174 2126//2126 2125//2125
f 2026//2026 2126//2126 2174//2174
f 1881//1881 1912//1912 1926//1926
f 2175//2175 2176//2176 884//884
f 2059//2059 2084//2084 2053//2053
f 2047//2047 1730//1730 2091//2091
f 870//870 2177//2177 864//864
f 2178//2178 2179//2179 2180//2180
f 1289//1289 1026//1026 1114//1114
f 1905//1905 2181//2181 1984//1984
f 2182//2182 2183//2183 2184//2184
f 1770//1770 1417//1417 1416//1416
f 2185//2185 2186//2186 2187//2187
f 1307//1307 2188//2188 2135//2135
f 2189//2189 1786//1786 1785//1785
f 2190//2190 2191//2191 1965//1965
f 2192//2192 2193//2193 2194//2194
f 1344//1344 1343//1343 2108//2108
f 2091//2091 2195//2195 2107//2107
f 1317//1317 952//952 1316//1316
f 1879//1879 1899//1899 1898//1898
f 2196//2196 2197//2197 2198//2198
f 1950//1950 1993//1993 1948//1948
f 1849//1849 1631//1631 1848//1848
f 1612//1612 1660//1660 1406//1406
f 1506//1506 1125//1125 1124//1124
f 1987//1987 2130//2130 1988//1988
f 1904//1904 2181//2181 1905//1905
f 1327//1327 1326//1326 1304//1304
f 1894//1894 1917//1917 1947//1947
f 2123//2123 2199//2199 1822//1822
f 1371//1371 2113//2113 1433//1433
f 1779//1779 2200//2200 1678//1678
f 1341//1341 1972//1972 1971//1971
f 1956//1956 2141//2141 2088//2088
f 1701//1701 1700//1700 1751//1751
f 1895//1895 1894//1894 1922//1922
f 1502//1502 1976//1976 2201//2201
f 2202//2202 2203//2203 2204//2204
f 2025//2025 2138//2138 2205//2205
f 980//980 2206//2206 1748//1748
f 2207//2207 2208//2208 2096//2096
f 2209//2209 2076//2076 2075//2075
f 1640//1640 1637//1637 1641//1641
f 2210//2210 2120//2120 2211//2211
f 2065//2065 2020//2020 2174//2174
f 945//945 2212//2212 2213//2213
f 1972//1972 1715//1715 1124//1124
f 1976//1976 1714//1714 1638//1638
f 2205//2205 2209//2209 1983//1983
f 2049//2049 2066//2066 2014//2014
f 2214//2214 1994//1994 2215//2215
f 2216//2216 1923//1923 2217//2217
f 2038//2038 2218//2218 1731//1731
f 2025//2025 1983//1983 1982//1982
f 2062//2062 2207//2207 2096//2096
f 2068//2068 2062//2062 2064//2064
f 2219//2219 1962//1962 1961//1961
f 2022//2022 2077//2077 2035//2035
f 2021//2021 1885//1885 1884//1884
f 2097//2097 2063//2063 2096//2096
f 1884//1884 2011//2011 2021//2021
f 2037//2037 2036//2036 1885//1885
f 2093//2093 1915//1915 1914//1914
f 2041//2041 2097//2097 1962//1962
f 1990//1990 1989//1989 2034//2034
f 2037//2037 2093//2093 1914//1914
f 2016//2016 1902//1902 1901//1901
f 1591//1591 1354//1354 1361//1361
f 1790//1790 2044//2044 1988//1988
f 1993//1993 1950//1950 1994//1994
f 1968//1968 2070//2070 2047//2047
f 2090//2090 1967//1967 1966//1966
f 2195//2195 2091//2091 1730//1730
f 2002//2002 2067//2067 2100//2100
f 2219//2219 1951//1951 2042//2042
f 2220//2220 1779//1779 1824//1824
f 2002//2002 2100//2100 2221//2221
f 1500//1500 1126//1126 1501//1501
f 1729//1729 1474//1474 2195//2195
f 1967//1967 2090//2090 1369//1369
f 2075//2075 1994//1994 1950//1950
f 2060//2060 1729//1729 1731//1731
f 2071//2071 2222//2222 2223//2223
f 1822//1822 1699//1699 1829//1829
f 2215//2215 1994//1994 2076//2076
f 2224//2224 2225//2225 1385//1385
f 1635//1635 1737//1737 1745//1745
f 1749//1749 1963//1963 2043//2043
f 2044//2044 1631//1631 1849//1849
f 1779//1779 2220//2220 1777//1777
f 1474//1474 2107//2107 2195//2195
f 2026//2026 2174//2174 2025//2025
f 2071//2071 1968//1968 2222//2222
f 1966//1966 2047//2047 2090//2090
f 2226//2226 2227//2227 1054//1054
f 2228//2228 2229//2229 2230//2230
f 1972//1972 1341//1341 1716//1716
f 2231//2231 2232//2232 2233//2233
f 2234//2234 1107//1107 950//950
f 2235//2235 2236//2236 2237//2237
f 2238//2238 2239//2239 2240//2240
f 1715//1715 1717//1717 1506//1506
f 1987//1987 1971//1971 2130//2130
f 1960//1960 2096//2096 2208//2208
f 1913//1913 1988//1988 2130//2130
f 1499//1499 1464//1464 1381//1381
f 1108//1108 1107//1107 2241//2241
f 2200//2200 1779//1779 2242//2242
f 1306//1306 1294//1294 1318//1318
f 2121//2121 2241//2241 2136//2136
f 1273//1273 1318//1318 1274//1274
f 2243//2243 202//202 2244//2244
f 1067//1067 1136//1136 1115//1115
f 2245//2245 2246//2246 2247//2247
f 1519//1519 1261//1261 1260//1260
f 135//135 2248//2248 136//136
f 2249//2249 2250//2250 2251//2251
f 1535//1535 2252//2252 2253//2253
f 2254//2254 2237//2237 2255//2255
f 2179//2179 2256//2256 2257//2257
f 2258//2258 2259//2259 2260//2260
f 2261//2261 2262//2262 2263//2263
f 2264//2264 2265//2265 2266//2266
f 2267//2267 2268//2268 1531//1531
f 2269//2269 2270//2270 2271//2271
f 1980//1980 1045//1045 2272//2272
f 2273//2273 2274//2274 2275//2275
f 2276//2276 2277//2277 2278//2278
f 2279//2279 2280//2280 2281//2281
f 2282//2282 2283//2283 1980//1980
f 2284//2284 2285//2285 2286//2286
f 2287//2287 2288//2288 2275//2275
f 2289//2289 2290//2290 2291//2291
f 2292//2292 2293//2293 2294//2294
f 2274//2274 2295//2295 2296//2296
f 2297//2297 2298//2298 2299//2299
f 2300//2300 2268//2268 2301//2301
f 2275//2275 2274//2274 2302//2302
f 2303//2303 1980//1980 2304//2304
f 2305//2305 2306//2306 2307//2307
f 2308//2308 2309//2309 2310//2310
f 2311//2311 2312//2312 882//882
f 2313//2313 1130//1130 2314//2314
f 2315//2315 2316//2316 2317//2317
f 2275//2275 2288//2288 2318//2318
f 2319//2319 2251//2251 2250//2250
f 2320//2320 2299//2299 2321//2321
f 2322//2322 1531//1531 2268//2268
f 2185//2185 2322//2322 2323//2323
f 2324//2324 1852//1852 2325//2325
f 2244//2244 2326//2326 1979//1979
f 2327//2327 2328//2328 2329//2329
f 2330//2330 2301//2301 2319//2319
f 2268//2268 2300//2300 2323//2323
f 2249//2249 2251//2251 2331//2331
f 1241//1241 2332//2332 2333//2333
f 2334//2334 2335//2335 2336//2336
f 1980//1980 2285//2285 2282//2282
f 2124//2124 1913//1913 1970//1970
f 2337//2337 2338//2338 2339//2339
f 2322//2322 2268//2268 2323//2323
f 2340//2340 1096//1096 2290//2290
f 2341//2341 2342//2342 2343//2343
f 2344//2344 2345//2345 2346//2346
f 2347//2347 2348//2348 2349//2349
f 2347//2347 2349//2349 2350//2350
f 81//81 2351//2351 2344//2344
f 2352//2352 2353//2353 2354//2354
f 423//423 422//422 1275//1275
f 2355//2355 2356//2356 2357//2357
f 2358//2358 2359//2359 2360//2360
f 2361//2361 2146//2146 2362//2362
f 2183//2183 2363//2363 2364//2364
f 1106//1106 1105//1105 2365//2365
f 1095//1095 2366//2366 2290//2290
f 2367//2367 2368//2368 2369//2369
f 2370//2370 2371//2371 2372//2372
f 2361//2361 2373//2373 2374//2374
f 2327//2327 1755//1755 1754//1754
f 2291//2291 2375//2375 2376//2376
f 2377//2377 2378//2378 2331//2331
f 2268//2268 2251//2251 2319//2319
f 2379//2379 2366//2366 2380//2380
f 2302//2302 2381//2381 2382//2382
f 2366//2366 2379//2379 2290//2290
f 1289//1289 1008//1008 1012//1012
f 1138//1138 2383//2383 2384//2384
f 2385//2385 2386//2386 2153//2153
f 2387//2387 2388//2388 2389//2389
f 2350//2350 2390//2390 2391//2391
f 1515//1515 1514//1514 2392//2392
f 2393//2393 2394//2394 2395//2395
f 1036//1036 1026//1026 1011//1011
f 2396//2396 2397//2397 2398//2398
f 2399//2399 2400//2400 2401//2401
f 2400//2400 2402//2402 2401//2401
f 2403//2403 2404//2404 2402//2402
f 2401//2401 2405//2405 2406//2406
f 2407//2407 2408//2408 2409//2409
f 2410//2410 2411//2411 2412//2412
f 2413//2413 2414//2414 2415//2415
f 2416//2416 2417//2417 2418//2418
f 2419//2419 2420//2420 2421//2421
f 2422//2422 2423//2423 2424//2424
f 2425//2425 2426//2426 2427//2427
f 2428//2428 2429//2429 2430//2430
f 2405//2405 2401//2401 2431//2431
f 2422//2422 2424//2424 2432//2432
f 2433//2433 2434//2434 2435//2435
f 2315//2315 2436//2436 2316//2316
f 2437//2437 2438//2438 2402//2402
f 2439//2439 2437//2437 2413//2413
f 2404//2404 2437//2437 2402//2402
f 2440//2440 2441//2441 2435//2435
f 2274//2274 2296//2296 2302//2302
f 2442//2442 2439//2439 2443//2443
f 2403//2403 2444//2444 2404//2404
f 2430//2430 2445//2445 2438//2438
f 2446//2446 2414//2414 2413//2413
f 1027//1027 2447//2447 2448//2448
f 2449//2449 2450//2450 2451//2451
f 2404//2404 2446//2446 2413//2413
f 2408//2408 2407//2407 2452//2452
f 2450//2450 2449//2449 2453//2453
f 2454//2454 2430//2430 2429//2429
f 2455//2455 2456//2456 2194//2194
f 2457//2457 2458//2458 2459//2459
f 2450//2450 2453//2453 2460//2460
f 2406//2406 2399//2399 2401//2401
f 2311//2311 2461//2461 2462//2462
f 2463//2463 2407//2407 2409//2409
f 2444//2444 2414//2414 2446//2446
f 2464//2464 1180//1180 2465//2465
f 2440//2440 2435//2435 2410//2410
f 2466//2466 1656//1656 1655//1655
f 235//235 2467//2467 2387//2387
f 2428//2428 2437//2437 2468//2468
f 2469//2469 2443//2443 2439//2439
f 2398//2398 2463//2463 2470//2470
f 2446//2446 2404//2404 2444//2444
f 2471//2471 2431//2431 2401//2401
f 2472//2472 2192//2192 2473//2473
f 2460//2460 2194//2194 2456//2456
f 2437//2437 2428//2428 2438//2438
f 2424//2424 2423//2423 2474//2474
f 2419//2419 2475//2475 2420//2420
f 2402//2402 2400//2400 2403//2403
f 2476//2476 2477//2477 2451//2451
f 2478//2478 2421//2421 2474//2474
f 2421//2421 2478//2478 2419//2419
f 2450//2450 2460//2460 2456//2456
f 2438//2438 2471//2471 2401//2401
f 2348//2348 2347//2347 2479//2479
f 65//65 211//211 66//66
f 2351//2351 2480//2480 2344//2344
f 2342//2342 2481//2481 2482//2482
f 2483//2483 2158//2158 2484//2484
f 2485//2485 2317//2317 2486//2486
f 2279//2279 2487//2487 2158//2158
f 2488//2488 2489//2489 2490//2490
f 2491//2491 2492//2492 2493//2493
f 2494//2494 2495//2495 2496//2496
f 2497//2497 2498//2498 2499//2499
f 948//948 1103//1103 1013//1013
f 2500//2500 2501//2501 67//67
f 132//132 994//994 2502//2502
f 2503//2503 2501//2501 2504//2504
f 2505//2505 2506//2506 2507//2507
f 2503//2503 67//67 2501//2501
f 159//159 158//158 2508//2508
f 2509//2509 2510//2510 2511//2511
f 835//835 842//842 848//848
f 2461//2461 2512//2512 2462//2462
f 2513//2513 842//842 832//832
f 2514//2514 2515//2515 1531//1531
f 2516//2516 2517//2517 2518//2518
f 2519//2519 2520//2520 2521//2521
f 2505//2505 2522//2522 2523//2523
f 2524//2524 2525//2525 2526//2526
f 2527//2527 2528//2528 2529//2529
f 1657//1657 1469//1469 1658//1658
f 2530//2530 2531//2531 2532//2532
f 2518//2518 2533//2533 2516//2516
f 1151//1151 1150//1150 904//904
f 1858//1858 1862//1862 2534//2534
f 2535//2535 2536//2536 2537//2537
f 2538//2538 2539//2539 2540//2540
f 2541//2541 2542//2542 1642//1642
f 2543//2543 2530//2530 2544//2544
f 139//139 1195//1195 2545//2545
f 2546//2546 2547//2547 138//138
f 1133//1133 2548//2548 1066//1066
f 1074//1074 1090//1090 1803//1803
f 2494//2494 2549//2549 2550//2550
f 1862//1862 1352//1352 2534//2534
f 2464//2464 836//836 1180//1180
f 2551//2551 2552//2552 840//840
f 2545//2545 2496//2496 2553//2553
f 139//139 2545//2545 2553//2553
f 2554//2554 2555//2555 2436//2436
f 2556//2556 2557//2557 2558//2558
f 831//831 830//830 843//843
f 2559//2559 2560//2560 2561//2561
f 2562//2562 1429//1429 828//828
f 2160//2160 2563//2563 2161//2161
f 831//831 843//843 834//834
f 1352//1352 827//827 826//826
f 113//113 2564//2564 91//91
f 2565//2565 2529//2529 918//918
f 2566//2566 1132//1132 2567//2567
f 845//845 2568//2568 2569//2569
f 2494//2494 2550//2550 2495//2495
f 80//80 2570//2570 81//81
f 2144//2144 2389//2389 2388//2388
f 2571//2571 2572//2572 64//64
f 2573//2573 2281//2281 2574//2574
f 2575//2575 2576//2576 2577//2577
f 2578//2578 2545//2545 1195//1195
f 828//828 2579//2579 2562//2562
f 2547//2547 1195//1195 139//139
f 845//845 844//844 2568//2568
f 2465//2465 2580//2580 2551//2551
f 836//836 2464//2464 834//834
f 2581//2581 2582//2582 2583//2583
f 2584//2584 140//140 2553//2553
f 2543//2543 2536//2536 2585//2585
f 2586//2586 2544//2544 2587//2587
f 68//68 67//67 2586//2586
f 2588//2588 2589//2589 2590//2590
f 2531//2531 2591//2591 2592//2592
f 2495//2495 2553//2553 2496//2496
f 2593//2593 2594//2594 2595//2595
f 2530//2530 2596//2596 2544//2544
f 2543//2543 2544//2544 2503//2503
f 1574//1574 2597//2597 2598//2598
f 895//895 423//423 1170//1170
f 2599//2599 2293//2293 2600//2600
f 2601//2601 2602//2602 2603//2603
f 2604//2604 2605//2605 2606//2606
f 2596//2596 2607//2607 2587//2587
f 925//925 2608//2608 928//928
f 884//884 2176//2176 1098//1098
f 87//87 2609//2609 2610//2610
f 2596//2596 2587//2587 2544//2544
f 889//889 931//931 890//890
f 2492//2492 2491//2491 2611//2611
f 2612//2612 2613//2613 2614//2614
f 2615//2615 2616//2616 2617//2617
f 2618//2618 2619//2619 2620//2620
f 809//809 1173//1173 1243//1243
f 2537//2537 2621//2621 2535//2535
f 2510//2510 2622//2622 2623//2623
f 1195//1195 2547//2547 2624//2624
f 2625//2625 2626//2626 2523//2523
f 2591//2591 2582//2582 2592//2592
f 771//771 2627//2627 2628//2628
f 2629//2629 2436//2436 2351//2351
f 2630//2630 68//68 2586//2586
f 1363//1363 1362//1362 1396//1396
f 2631//2631 2632//2632 2633//2633
f 599//599 1412//1412 597//597
f 176//176 175//175 254//254
f 119//119 2634//2634 117//117
f 2635//2635 2636//2636 1310//1310
f 2637//2637 2638//2638 1424//1424
f 2639//2639 103//103 2564//2564
f 2140//2140 2139//2139 2640//2640
f 70//70 72//72 598//598
f 2641//2641 2642//2642 2643//2643
f 2644//2644 2645//2645 2646//2646
f 2555//2555 2554//2554 2647//2647
f 2648//2648 2649//2649 2650//2650
f 2651//2651 2652//2652 2653//2653
f 2654//2654 2265//2265 2655//2655
f 2656//2656 2657//2657 2658//2658
f 2659//2659 2660//2660 2661//2661
f 2662//2662 2663//2663 2664//2664
f 2665//2665 2666//2666 2667//2667
f 2668//2668 1155//1155 2248//2248
f 2669//2669 83//83 82//82
f 2670//2670 2671//2671 2672//2672
f 2673//2673 2674//2674 2675//2675
f 2654//2654 2655//2655 2676//2676
f 2263//2263 2677//2677 2678//2678
f 2679//2679 899//899 2680//2680
f 2660//2660 2681//2681 2682//2682
f 1684//1684 1512//1512 1511//1511
f 2683//2683 2684//2684 2685//2685
f 2686//2686 2687//2687 2631//2631
f 1643//1643 2688//2688 2689//2689
f 2690//2690 2691//2691 2692//2692
f 2265//2265 2654//2654 1548//1548
f 2693//2693 2684//2684 2694//2694
f 2695//2695 2363//2363 2696//2696
f 88//88 2697//2697 176//176
f 46//46 18//18 1583//1583
f 2572//2572 2571//2571 2698//2698
f 2699//2699 2700//2700 2701//2701
f 2663//2663 2676//2676 2702//2702
f 2531//2531 2530//2530 2585//2585
f 2703//2703 2704//2704 2705//2705
f 2517//2517 2706//2706 2707//2707
f 2708//2708 2709//2709 2710//2710
f 1941//1941 2711//2711 2712//2712
f 2706//2706 2517//2517 2713//2713
f 2287//2287 2275//2275 2382//2382
f 2714//2714 2715//2715 2716//2716
f 2717//2717 2718//2718 145//145
f 2719//2719 2720//2720 2721//2721
f 2722//2722 2723//2723 2724//2724
f 2645//2645 2725//2725 2726//2726
f 2183//2183 2727//2727 2184//2184
f 2728//2728 2657//2657 2656//2656
f 948//948 1013//1013 949//949
f 2729//2729 2619//2619 2618//2618
f 2730//2730 2286//2286 2285//2285
f 2731//2731 2732//2732 2511//2511
f 2733//2733 2395//2395 2734//2734
f 2735//2735 2736//2736 2737//2737
f 2363//2363 2183//2183 2182//2182
f 2738//2738 2739//2739 2740//2740
f 82//82 2741//2741 2656//2656
f 2742//2742 2743//2743 2744//2744
f 1030//1030 1041//1041 1713//1713
f 1137//1137 2745//2745 1063//1063
f 2746//2746 2747//2747 2748//2748
f 2646//2646 2645//2645 2733//2733
f 2696//2696 2652//2652 2695//2695
f 2731//2731 2749//2749 2732//2732
f 1548//1548 2750//2750 1549//1549
f 773//773 2751//2751 2752//2752
f 203//203 202//202 2243//2243
f 2753//2753 2754//2754 2273//2273
f 2736//2736 2755//2755 2756//2756
f 2737//2737 2736//2736 2657//2657
f 2757//2757 2758//2758 2671//2671
f 2759//2759 2760//2760 2761//2761
f 2689//2689 2688//2688 2703//2703
f 2741//2741 2728//2728 2656//2656
f 2272//2272 2762//2762 2285//2285
f 2763//2763 2674//2674 2764//2764
f 2381//2381 2765//2765 2766//2766
f 2767//2767 2768//2768 2769//2769
f 2770//2770 2771//2771 2772//2772
f 245//245 2773//2773 243//243
f 2770//2770 178//178 2771//2771
f 2659//2659 2318//2318 2288//2288
f 2674//2674 2774//2774 2675//2675
f 2381//2381 2302//2302 2765//2765
f 2481//2481 2775//2775 2672//2672
f 2370//2370 2776//2776 2777//2777
f 2778//2778 2265//2265 2779//2779
f 2296//2296 2295//2295 2780//2780
f 2781//2781 2244//2244 2303//2303
f 2619//2619 2782//2782 2620//2620
f 2783//2783 2784//2784 2785//2785
f 186//186 2786//2786 2787//2787
f 2788//2788 2789//2789 2790//2790
f 2298//2298 857//857 2791//2791
f 2792//2792 2493//2493 2793//2793
f 2784//2784 2794//2794 2769//2769
f 2795//2795 2651//2651 2796//2796
f 2382//2382 2797//2797 2377//2377
f 2798//2798 2799//2799 2800//2800
f 995//995 1571//1571 1570//1570
f 2801//2801 49//49 2716//2716
f 2802//2802 2803//2803 2296//2296
f 2693//2693 2694//2694 1044//1044
f 2268//2268 2267//2267 2251//2251
f 1306//1306 2804//2804 2805//2805
f 2499//2499 2358//2358 2806//2806
f 2633//2633 2807//2807 2808//2808
f 2717//2717 2809//2809 2610//2610
f 2810//2810 2811//2811 2812//2812
f 2348//2348 2813//2813 2814//2814
f 2815//2815 2816//2816 1131//1131
f 2817//2817 2818//2818 2819//2819
f 2820//2820 2645//2645 2726//2726
f 2821//2821 2822//2822 2751//2751
f 2751//2751 2818//2818 2821//2821
f 2818//2818 2817//2817 2821//2821
f 2823//2823 2824//2824 78//78
f 2825//2825 2826//2826 2526//2526
f 2827//2827 2751//2751 772//772
f 2828//2828 2829//2829 2830//2830
f 2819//2819 2831//2831 2817//2817
f 2818//2818 2751//2751 2827//2827
f 2780//2780 2832//2832 2833//2833
f 2318//2318 2659//2659 2661//2661
f 2834//2834 2835//2835 771//771
f 2682//2682 2836//2836 2753//2753
f 2837//2837 2838//2838 2740//2740
f 2774//2774 2674//2674 2839//2839
f 2839//2839 2833//2833 2832//2832
f 2802//2802 2780//2780 2840//2840
f 2627//2627 2819//2819 2628//2628
f 2841//2841 2839//2839 2832//2832
f 2842//2842 2843//2843 2589//2589
f 2377//2377 2331//2331 2515//2515
f 1328//1328 1832//1832 1334//1334
f 2752//2752 2751//2751 2822//2822
f 2754//2754 2841//2841 2844//2844
f 2731//2731 2510//2510 84//84
f 2845//2845 2836//2836 2682//2682
f 2839//2839 2846//2846 2774//2774
f 2661//2661 2682//2682 2753//2753
f 1148//1148 1140//1140 1142//1142
f 2803//2803 2847//2847 2296//2296
f 2293//2293 1564//1564 2848//2848
f 2831//2831 2819//2819 2627//2627
f 2378//2378 2849//2849 2850//2850
f 2851//2851 2723//2723 2852//2852
f 2628//2628 2827//2827 772//772
f 2489//2489 2798//2798 2660//2660
f 2632//2632 2651//2651 2795//2795
f 2853//2853 2854//2854 2855//2855
f 2849//2849 2378//2378 2797//2797
f 2681//2681 2856//2856 2682//2682
f 1225//1225 1182//1182 2857//2857
f 2858//2858 2856//2856 2675//2675
f 2859//2859 1872//1872 2860//2860
f 2395//2395 2861//2861 2862//2862
f 204//204 203//203 2863//2863
f 2864//2864 2865//2865 2866//2866
f 2867//2867 2697//2697 2868//2868
f 166//166 165//165 2869//2869
f 2870//2870 2365//2365 2871//2871
f 2697//2697 88//88 2872//2872
f 614//614 2873//2873 134//134
f 2273//2273 2754//2754 2295//2295
f 1322//1322 1313//1313 1329//1329
f 2874//2874 2875//2875 2876//2876
f 2390//2390 2350//2350 2877//2877
f 1156//1156 2878//2878 2082//2082
f 2879//2879 2880//2880 2881//2881
f 2882//2882 2843//2843 2883//2883
f 1800//1800 1762//1762 1662//1662
f 2639//2639 85//85 87//87
f 2393//2393 2820//2820 2771//2771
f 2884//2884 2697//2697 2278//2278
f 203//203 2243//2243 2863//2863
f 2647//2647 2885//2885 2611//2611
f 2697//2697 2867//2867 2278//2278
f 2886//2886 2668//2668 2248//2248
f 2887//2887 2793//2793 2493//2493
f 2841//2841 2754//2754 2836//2836
f 2363//2363 2695//2695 2888//2888
f 1142//1142 1141//1141 2889//2889
f 2673//2673 2675//2675 2800//2800
f 2868//2868 86//86 85//85
f 2890//2890 2891//2891 131//131
f 2892//2892 2704//2704 2688//2688
f 2893//2893 2894//2894 2240//2240
f 2099//2099 2098//2098 2123//2123
f 2895//2895 2741//2741 2622//2622
f 2854//2854 2896//2896 2897//2897
f 1134//1134 1027//1027 208//208
f 2497//2497 2499//2499 2898//2898
f 2393//2393 2733//2733 2820//2820
f 2899//2899 2900//2900 2901//2901
f 1603//1603 1686//1686 2902//2902
f 2496//2496 2545//2545 2903//2903
f 2820//2820 2733//2733 2645//2645
f 2674//2674 2904//2904 2764//2764
f 79//79 2905//2905 2906//2906
f 1700//1700 2907//2907 1751//1751
f 2673//2673 2908//2908 2904//2904
f 2247//2247 1262//1262 2245//2245
f 2909//2909 2486//2486 2570//2570
f 2910//2910 1298//1298 1568//1568
f 2911//2911 2912//2912 2882//2882
f 2913//2913 2914//2914 2915//2915
f 2916//2916 2917//2917 2918//2918
f 89//89 176//176 1198//1198
f 2734//2734 2395//2395 2862//2862
f 31//31 2919//2919 32//32
f 2674//2674 2673//2673 2904//2904
f 2920//2920 2698//2698 2271//2271
f 2921//2921 2372//2372 2922//2922
f 1568//1568 2923//2923 1566//1566
f 2924//2924 2904//2904 2908//2908
f 2825//2825 2505//2505 2925//2925
f 2754//2754 2753//2753 2836//2836
f 2895//2895 2926//2926 2927//2927
f 1524//1524 1523//1523 2654//2654
f 216//216 217//217 2250//2250
f 2928//2928 1537//1537 2929//2929
f 1286//1286 1320//1320 1268//1268
f 2436//2436 2555//2555 2351//2351
f 2930//2930 906//906 905//905
f 86//86 2872//2872 90//90
f 1564//1564 77//77 2848//2848
f 2886//2886 1144//1144 2879//2879
f 2881//2881 2880//2880 1732//1732
f 1732//1732 2809//2809 2881//2881
f 87//87 2610//2610 796//796
f 107//107 123//123 95//95
f 126//126 2880//2880 2879//2879
f 2849//2849 2269//2269 2698//2698
f 2849//2849 2698//2698 2571//2571
f 111//111 2639//2639 796//796
f 155//155 154//154 1028//1028
f 1732//1732 796//796 2610//2610
f 2809//2809 2668//2668 2881//2881
f 2931//2931 43//43 2932//2932
f 797//797 1732//1732 2880//2880
f 2717//2717 2668//2668 2809//2809
f 1198//1198 176//176 254//254
f 126//126 125//125 2880//2880
f 2933//2933 2934//2934 2935//2935
f 77//77 2936//2936 2823//2823
f 1156//1156 137//137 136//136
f 2868//2868 85//85 113//113
f 103//103 2639//2639 111//111
f 1179//1179 2465//2465 1180//1180
f 113//113 2867//2867 2868//2868
f 2379//2379 888//888 2375//2375
f 198//198 252//252 190//190
f 60//60 63//63 2879//2879
f 2937//2937 1931//1931 2938//2938
f 23//23 27//27 2612//2612
f 2939//2939 2919//2919 2940//2940
f 2941//2941 2942//2942 888//888
f 2939//2939 2943//2943 906//906
f 2944//2944 2945//2945 2946//2946
f 1421//1421 2947//2947 1386//1386
f 2945//2945 2940//2940 2948//2948
f 2614//2614 1720//1720 2949//2949
f 1721//1721 1720//1720 2950//2950
f 29//29 50//50 2951//2951
f 2614//2614 2952//2952 1720//1720
f 2953//2953 2944//2944 2719//2719
f 2954//2954 2955//2955 2956//2956
f 921//921 904//904 922//922
f 2957//2957 2958//2958 2959//2959
f 2960//2960 2749//2749 84//84
f 143//143 2961//2961 2258//2258
f 2962//2962 2963//2963 838//838
f 2964//2964 2965//2965 2966//2966
f 2688//2688 2687//2687 2892//2892
f 2832//2832 2295//2295 2844//2844
f 2272//2272 2967//2967 2762//2762
f 2611//2611 2885//2885 2492//2492
f 2777//2777 2968//2968 2969//2969
f 2381//2381 2766//2766 2970//2970
f 2883//2883 2971//2971 2972//2972
f 2810//2810 2973//2973 2811//2811
f 2974//2974 2923//2923 1568//1568
f 2603//2603 2713//2713 2601//2601
f 2601//2601 2517//2517 2516//2516
f 78//78 77//77 2823//2823
f 2975//2975 2550//2550 2549//2549
f 2739//2739 2738//2738 2509//2509
f 44//44 1583//1583 45//45
f 2629//2629 2316//2316 2436//2436
f 2976//2976 2912//2912 2977//2977
f 2666//2666 2665//2665 2978//2978
f 2668//2668 2717//2717 147//147
f 2508//2508 2979//2979 2384//2384
f 2980//2980 2981//2981 2722//2722
f 2574//2574 2600//2600 2271//2271
f 2982//2982 2983//2983 2666//2666
f 2493//2493 2492//2492 2984//2984
f 2985//2985 2978//2978 2665//2665
f 2986//2986 178//178 2770//2770
f 2770//2770 202//202 2986//2986
f 1115//1115 2987//2987 1043//1043
f 2988//2988 2989//2989 2310//2310
f 838//838 1206//1206 839//839
f 2990//2990 2264//2264 2991//2991
f 2143//2143 2992//2992 235//235
f 2368//2368 2723//2723 2722//2722
f 689//689 1871//1871 1242//1242
f 910//910 953//953 1007//1007
f 1242//1242 2993//2993 689//689
f 2377//2377 2515//2515 2287//2287
f 2745//2745 2238//2238 2894//2894
f 2994//2994 79//79 2995//2995
f 235//235 2389//2389 2143//2143
f 2996//2996 2997//2997 2998//2998
f 1544//1544 2664//2664 2999//2999
f 2969//2969 3000//3000 3001//3001
f 2970//2970 2269//2269 2797//2797
f 2770//2770 2772//2772 3002//3002
f 2280//2280 2483//2483 2887//2887
f 2295//2295 2274//2274 2273//2273
f 3003//3003 3004//3004 2600//2600
f 2625//2625 2517//2517 2707//2707
f 2564//2564 113//113 85//85
f 3005//3005 2779//2779 2990//2990
f 2797//2797 2382//2382 2381//2381
f 1467//1467 1466//1466 3006//3006
f 2186//2186 2300//2300 3007//3007
f 2294//2294 123//123 2292//2292
f 2687//2687 2364//2364 2888//2888
f 2619//2619 3008//3008 2782//2782
f 2729//2729 2617//2617 2619//2619
f 2647//2647 2554//2554 2391//2391
f 2700//2700 2699//2699 1521//1521
f 3009//3009 3010//3010 2376//2376
f 2895//2895 3011//3011 3012//3012
f 3013//3013 2929//2929 1539//1539
f 2684//2684 3014//3014 2967//2967
f 1918//1918 3015//3015 30//30
f 3016//3016 1602//1602 1601//1601
f 3017//3017 3018//3018 3019//3019
f 2714//2714 3020//3020 3021//3021
f 2952//2952 3022//3022 2950//2950
f 3023//3023 3024//3024 2811//2811
f 2310//2310 2989//2989 2776//2776
f 3025//3025 3026//3026 2997//2997
f 7//7 22//22 5//5
f 3027//3027 2961//2961 143//143
f 1694//1694 3028//3028 3029//3029
f 2165//2165 3030//3030 1785//1785
f 35//35 3031//3031 3032//3032
f 3033//3033 2612//2612 27//27
f 3001//3001 3034//3034 2969//2969
f 168//168 2394//2394 169//169
f 2166//2166 2168//2168 1038//1038
f 3035//3035 2360//2360 3036//3036
f 2374//2374 1139//1139 2146//2146
f 3037//3037 2715//2715 3021//3021
f 113//113 2866//2866 2867//2867
f 2991//2991 3008//3008 2617//2617
f 2490//2490 3038//3038 3039//3039
f 2908//2908 2673//2673 2799//2799
f 3040//3040 3041//3041 3033//3033
f 2269//2269 2970//2970 2270//2270
f 947//947 3042//3042 948//948
f 3043//3043 2842//2842 3036//3036
f 3044//3044 3045//3045 3046//3046
f 2280//2280 3003//3003 2281//2281
f 2656//2656 2658//2658 3047//3047
f 146//146 145//145 228//228
f 3048//3048 7//7 6//6
f 34//34 33//33 3049//3049
f 2259//2259 3050//3050 2260//2260
f 2231//2231 2650//2650 3051//3051
f 2945//2945 2948//2948 2946//2946
f 3052//3052 2231//2231 3053//3053
f 2958//2958 3050//3050 3054//3054
f 155//155 1027//1027 3055//3055
f 3056//3056 37//37 20//20
f 3057//3057 3058//3058 3059//3059
f 3060//3060 2642//2642 2641//2641
f 2370//2370 2921//2921 2776//2776
f 3061//3061 1297//1297 1296//1296
f 2245//2245 2699//2699 3062//3062
f 2226//2226 3063//3063 3064//3064
f 3065//3065 3066//3066 3067//3067
f 3054//3054 2959//2959 2958//2958
f 3068//3068 1766//1766 2210//2210
f 2315//2315 2347//2347 2391//2391
f 18//18 22//22 19//19
f 3069//3069 2309//2309 3070//3070
f 3071//3071 3072//3072 3073//3073
f 3074//3074 2383//2383 1062//1062
f 3075//3075 3076//3076 3077//3077
f 3078//3078 3079//3079 3080//3080
f 3081//3081 3082//3082 3083//3083
f 3084//3084 3085//3085 3086//3086
f 3087//3087 2260//2260 3050//3050
f 3088//3088 3089//3089 2309//2309
f 3090//3090 3091//3091 3092//3092
f 3093//3093 3077//3077 3094//3094
f 3095//3095 3096//3096 3079//3079
f 3050//3050 2958//2958 3087//3087
f 2576//2576 2811//2811 2973//2973
f 3097//3097 3077//3077 3076//3076
f 3098//3098 3099//3099 3100//3100
f 3090//3090 3101//3101 3091//3091
f 2555//2555 2480//2480 2351//2351
f 3102//3102 3103//3103 1298//1298
f 3104//3104 3105//3105 3024//3024
f 1991//1991 2089//2089 2017//2017
f 2084//2084 2058//2058 2081//2081
f 3106//3106 2345//2345 2792//2792
f 153//153 3107//3107 151//151
f 3108//3108 1964//1964 3109//3109
f 90//90 228//228 145//145
f 2498//2498 2359//2359 2358//2358
f 3093//3093 3110//3110 3111//3111
f 3112//3112 2942//2942 2830//2830
f 2943//2943 2956//2956 2955//2955
f 2763//2763 2833//2833 2839//2839
f 17//17 2//2 4//4
f 2221//2221 2000//2000 2002//2002
f 3113//3113 2614//2614 2949//2949
f 2801//2801 2715//2715 3114//3114
f 3115//3115 3116//3116 3117//3117
f 1261//1261 1519//1519 1551//1551
f 1423//1423 1422//1422 3118//3118
f 3119//3119 3120//3120 2161//2161
f 3121//3121 2812//2812 3122//3122
f 2629//2629 2486//2486 2316//2316
f 1894//1894 1895//1895 1911//1911
f 2309//2309 2308//2308 3070//3070
f 2590//2590 3123//3123 2806//2806
f 2959//2959 3054//3054 3124//3124
f 2911//2911 2883//2883 2972//2972
f 1534//1534 3125//3125 3126//3126
f 61//61 60//60 1144//1144
f 2351//2351 2570//2570 2629//2629
f 3127//3127 3128//3128 2549//2549
f 5//5 3129//3129 6//6
f 3130//3130 27//27 29//29
f 3036//3036 2589//2589 3035//3035
f 38//38 17//17 8//8
f 2589//2589 2843//2843 2882//2882
f 2828//2828 3131//3131 3132//3132
f 2573//2573 2970//2970 2766//2766
f 2977//2977 2911//2911 2972//2972
f 3133//3133 3134//3134 3135//3135
f 2233//2233 2232//2232 2667//2667
f 2965//2965 3136//3136 2966//2966
f 2394//2394 2393//2393 169//169
f 2780//2780 2295//2295 2832//2832
f 23//23 46//46 1583//1583
f 2812//2812 3121//3121 3137//3137
f 3138//3138 152//152 151//151
f 2253//2253 1536//1536 1535//1535
f 3139//3139 2877//2877 2814//2814
f 2318//2318 2753//2753 2273//2273
f 3140//3140 3141//3141 3142//3142
f 35//35 34//34 3031//3031
f 3143//3143 3144//3144 1536//1536
f 3145//3145 3146//3146 3069//3069
f 2589//2589 2588//2588 3035//3035
f 3147//3147 35//35 3032//3032
f 3148//3148 2830//2830 2380//2380
f 3149//3149 3124//3124 3150//3150
f 3151//3151 3152//3152 3153//3153
f 3144//3144 3143//3143 3136//3136
f 2575//2575 2811//2811 2576//2576
f 3146//3146 3088//3088 3154//3154
f 2811//2811 2575//2575 3023//3023
f 3155//3155 3156//3156 2550//2550
f 3157//3157 3158//3158 2630//2630
f 3159//3159 3133//3133 3160//3160
f 2261//2261 2263//2263 2678//2678
f 2279//2279 2158//2158 2280//2280
f 3161//3161 2677//2677 3162//3162
f 3163//3163 2917//2917 3164//3164
f 2964//2964 3165//3165 3166//3166
f 3167//3167 3168//3168 2390//2390
f 3023//3023 3169//3169 3170//3170
f 2932//2932 3171//3171 2931//2931
f 2998//2998 3172//3172 2996//2996
f 3173//3173 3174//3174 2917//2917
f 3013//3013 2598//2598 3175//3175
f 2681//2681 2800//2800 2856//2856
f 2301//2301 1265//1265 3176//3176
f 2127//2127 2910//2910 1568//1568
f 247//247 1338//1338 1337//1337
f 3177//3177 2891//2891 3178//3178
f 2954//2954 2965//2965 2955//2955
f 109//109 108//108 3179//3179
f 1264//1264 2244//2244 2781//2781
f 3180//3180 2937//2937 2938//2938
f 3181//3181 3182//3182 3032//3032
f 2659//2659 2489//2489 2660//2660
f 110//110 2938//2938 1933//1933
f 3183//3183 3184//3184 1812//1812
f 2938//2938 110//110 114//114
f 2866//2866 2865//2865 2278//2278
f 3157//3157 2587//2587 3185//3185
f 3186//3186 111//111 797//797
f 2535//2535 3187//3187 2536//2536
f 3188//3188 152//152 1197//1197
f 3189//3189 3178//3178 2891//2891
f 3041//3041 3190//3190 3022//3022
f 898//898 3180//3180 248//248
f 3107//3107 3128//3128 151//151
f 3191//3191 1572//1572 1571//1571
f 995//995 195//195 1571//1571
f 797//797 2880//2880 125//125
f 1570//1570 3192//3192 3193//3193
f 1263//1263 2319//2319 217//217
f 246//246 2938//2938 114//114
f 2936//2936 1565//1565 3194//3194
f 3195//3195 3041//3041 3040//3040
f 2489//2489 2659//2659 2288//2288
f 2952//2952 2614//2614 2613//2613
f 1539//1539 1538//1538 1574//1574
f 2362//2362 2151//2151 2361//2361
f 164//164 2082//2082 220//220
f 2613//2613 3041//3041 3022//3022
f 2488//2488 2490//2490 3039//3039
f 3196//3196 3197//3197 3198//3198
f 3199//3199 3164//3164 3200//3200
f 21//21 2//2 3201//3201
f 3174//3174 3164//3164 2917//2917
f 2326//2326 202//202 3002//3002
f 3027//3027 143//143 142//142
f 3164//3164 3202//3202 3200//3200
f 1722//1722 1721//1721 3203//3203
f 3204//3204 3087//3087 2958//2958
f 3202//3202 3164//3164 3205//3205
f 3203//3203 1721//1721 3206//3206
f 3174//3174 3205//3205 3164//3164
f 3207//3207 3208//3208 3200//3200
f 3208//3208 3207//3207 3209//3209
f 2939//2939 32//32 2919//2919
f 3164//3164 3199//3199 3163//3163
f 3209//3209 3210//3210 3181//3181
f 199//199 193//193 192//192
f 3211//3211 3017//3017 3019//3019
f 3212//3212 1728//1728 1665//1665
f 3105//3105 3213//3213 3122//3122
f 2908//2908 3214//3214 2924//2924
f 3154//3154 2309//2309 3069//3069
f 3206//3206 1721//1721 2950//2950
f 2307//2307 194//194 154//154
f 2936//2936 3215//3215 2876//2876
f 2549//2549 2494//2494 3127//3127
f 2309//2309 3089//3089 2310//2310
f 2370//2370 3216//3216 2371//2371
f 1296//1296 3069//3069 3061//3061
f 3181//3181 3210//3210 3182//3182
f 3047//3047 3217//3217 2337//2337
f 3218//3218 3219//3219 3220//3220
f 1196//1196 1195//1195 2624//2624
f 2908//2908 2799//2799 3214//3214
f 6//6 3129//3129 3048//3048
f 3221//3221 3190//3190 3041//3041
f 2943//2943 2940//2940 2945//2945
f 2394//2394 2861//2861 2395//2395
f 86//86 2868//2868 2872//2872
f 81//81 2344//2344 2346//2346
f 2586//2586 67//67 2503//2503
f 2866//2866 2278//2278 2867//2867
f 2986//2986 189//189 178//178
f 59//59 64//64 57//57
f 2897//2897 2896//2896 3222//3222
f 2514//2514 2490//2490 2515//2515
f 2773//2773 245//245 3192//3192
f 2772//2772 2326//2326 3002//3002
f 1137//1137 1139//1139 3223//3223
f 3224//3224 2643//2643 2980//2980
f 3225//3225 3167//3167 2599//2599
f 2300//2300 2301//2301 3176//3176
f 2518//2518 2625//2625 3226//3226
f 3227//3227 3228//3228 3229//3229
f 1319//1319 1971//1971 1221//1221
f 2319//2319 1263//1263 2330//2330
f 2225//2225 2224//2224 3230//3230
f 2516//2516 140//140 2584//2584
f 2300//2300 3176//3176 3007//3007
f 2319//2319 2250//2250 217//217
f 2840//2840 2780//2780 2833//2833
f 2792//2792 2491//2491 2493//2493
f 2532//2532 3231//3231 3232//3232
f 1813//1813 3233//3233 3234//3234
f 2485//2485 2486//2486 3235//3235
f 1819//1819 1818//1818 979//979
f 3236//3236 3237//3237 3238//3238
f 2249//2249 216//216 2250//2250
f 3183//3183 1814//1814 3239//3239
f 1119//1119 1116//1116 1129//1129
f 839//839 3240//3240 3241//3241
f 2967//2967 1044//1044 2694//2694
f 2282//2282 2285//2285 3242//3242
f 531//531 1281//1281 2691//2691
f 2283//2283 2187//2187 2186//2186
f 2326//2326 2772//2772 1046//1046
f 2322//2322 2185//2185 3243//3243
f 2304//2304 1980//1980 2283//2283
f 2508//2508 3071//3071 3073//3073
f 1189//1189 3244//3244 3245//3245
f 1919//1919 3246//3246 3247//3247
f 3248//3248 2939//2939 906//906
f 2948//2948 2940//2940 2919//2919
f 2945//2945 2953//2953 2956//2956
f 3249//3249 2169//2169 3250//3250
f 3022//3022 3190//3190 2950//2950
f 3251//3251 1166//1166 3042//3042
f 3252//3252 3253//3253 3254//3254
f 3206//3206 2950//2950 3190//3190
f 31//31 2948//2948 2919//2919
f 2110//2110 1751//1751 3255//3255
f 3256//3256 2246//2246 3257//3257
f 3139//3139 3258//3258 3194//3194
f 3231//3231 2532//2532 2531//2531
f 1262//1262 3259//3259 2724//2724
f 2518//2518 3226//3226 2546//2546
f 2781//2781 2303//2303 2304//2304
f 208//208 1027//1027 196//196
f 2601//2601 2516//2516 2708//2708
f 2814//2814 2813//2813 3139//3139
f 2480//2480 2491//2491 2344//2344
f 2825//2825 2526//2526 2522//2522
f 49//49 3260//3260 3261//3261
f 2622//2622 2510//2510 3262//3262
f 2825//2825 2925//2925 2826//2826
f 2596//2596 2530//2530 2607//2607
f 3263//3263 3264//3264 2624//2624
f 2826//2826 2925//2925 3265//3265
f 139//139 2553//2553 140//140
f 2625//2625 2707//2707 2626//2626
f 3266//3266 3267//3267 3268//3268
f 220//220 2082//2082 221//221
f 2525//2525 2524//2524 3269//3269
f 2785//2785 2705//2705 2783//2783
f 3270//3270 3265//3265 2925//2925
f 2526//2526 2826//2826 3265//3265
f 2506//2506 2505//2505 2523//2523
f 1635//1635 1745//1745 2098//2098
f 2537//2537 2503//2503 2504//2504
f 3263//3263 69//69 3264//3264
f 3269//3269 2524//2524 3265//3265
f 3270//3270 2925//2925 2500//2500
f 111//111 3186//3186 112//112
f 2716//2716 49//49 3261//3261
f 2349//2349 2877//2877 2350//2350
f 3252//3252 3254//3254 3248//3248
f 2920//2920 122//122 56//56
f 3271//3271 2709//2709 3156//3156
f 2651//2651 2632//2632 2695//2695
f 2876//2876 3272//3272 2874//2874
f 3156//3156 2709//2709 2495//2495
f 3273//3273 2582//2582 2581//2581
f 2709//2709 2584//2584 2495//2495
f 597//597 74//74 70//70
f 3274//3274 2249//2249 144//144
f 2844//2844 2841//2841 2832//2832
f 2925//2925 2504//2504 2501//2501
f 3275//3275 2761//2761 2760//2760
f 2856//2856 2858//2858 2682//2682
f 3276//3276 3067//3067 3277//3277
f 3265//3265 3270//3270 3269//3269
f 3269//3269 3263//3263 2547//2547
f 2591//2591 2585//2585 3187//3187
f 3278//3278 2799//2799 2798//2798
f 2500//2500 2925//2925 2501//2501
f 597//597 70//70 598//598
f 3226//3226 2526//2526 2525//2525
f 2995//2995 2346//2346 3279//3279
f 2808//2808 2481//2481 3280//3280
f 138//138 2533//2533 2546//2546
f 249//249 253//253 1435//1435
f 3168//3168 2885//2885 2647//2647
f 198//198 230//230 252//252
f 2522//2522 2526//2526 3226//3226
f 2602//2602 2601//2601 2710//2710
f 95//95 2848//2848 77//77
f 3281//3281 3282//3282 3283//3283
f 2994//2994 2905//2905 79//79
f 3284//3284 3273//3273 2581//2581
f 2584//2584 2709//2709 2708//2708
f 3134//3134 3150//3150 3124//3124
f 2982//2982 3285//3285 2983//2983
f 2650//2650 3060//3060 2641//2641
f 2603//2603 2706//2706 2713//2713
f 2505//2505 2825//2825 2522//2522
f 3286//3286 1876//1876 3287//3287
f 147//147 1155//1155 2668//2668
f 2713//2713 2517//2517 2601//2601
f 2506//2506 2523//2523 2626//2626
f 2697//2697 2884//2884 176//176
f 2243//2243 1264//1264 1263//1263
f 3041//3041 2613//2613 3033//3033
f 3122//3122 2812//2812 3105//3105
f 3017//3017 3000//3000 2969//2969
f 2781//2781 1265//1265 1264//1264
f 3049//3049 3151//3151 34//34
f 3288//3288 3175//3175 3289//3289
f 3169//3169 3221//3221 3041//3041
f 1979//1979 2326//2326 1046//1046
f 3000//3000 3017//3017 2360//2360
f 2498//2498 2358//2358 2499//2499
f 3195//3195 3169//3169 3041//3041
f 3001//3001 2360//2360 2359//2359
f 3036//3036 3290//3290 3211//3211
f 3291//3291 3292//3292 3131//3131
f 3293//3293 2884//2884 2277//2277
f 1081//1081 1080//1080 1043//1043
f 2846//2846 2839//2839 2841//2841
f 1130//1130 2915//2915 3294//3294
f 3295//3295 3264//3264 3296//3296
f 2984//2984 3004//3004 2887//2887
f 2895//2895 2927//2927 3011//3011
f 907//907 3166//3166 3165//3165
f 3297//3297 2597//2597 3298//3298
f 3299//3299 2232//2232 3051//3051
f 854//854 2579//2579 852//852
f 1196//1196 3300//3300 3188//3188
f 3205//3205 3174//3174 3301//3301
f 3302//3302 3303//3303 83//83
f 2877//2877 2349//2349 2814//2814
f 2094//2094 1781//1781 1856//1856
f 3097//3097 3304//3304 3305//3305
f 3300//3300 1196//1196 3295//3295
f 3123//3123 2499//2499 2806//2806
f 3306//3306 3257//3257 2701//2701
f 2232//2232 3299//3299 3307//3307
f 3308//3308 3306//3306 3309//3309
f 2997//2997 2996//2996 49//49
f 1565//1565 1564//1564 3310//3310
f 48//48 3311//3311 937//937
f 3312//3312 2730//2730 2762//2762
f 2996//2996 3260//3260 49//49
f 2997//2997 48//48 937//937
f 2842//2842 3043//3043 2971//2971
f 3313//3313 884//884 883//883
f 2648//2648 3308//3308 3314//3314
f 2587//2587 2607//2607 3315//3315
f 2107//2107 1474//1474 1470//1470
f 3316//3316 3317//3317 3318//3318
f 3211//3211 3043//3043 3036//3036
f 3319//3319 3320//3320 3321//3321
f 933//933 902//902 904//904
f 3322//3322 3323//3323 3324//3324
f 3263//3263 3270//3270 2500//2500
f 925//925 1200//1200 3325//3325
f 2532//2532 3315//3315 2607//2607
f 3175//3175 2598//2598 2976//2976
f 3326//3326 3116//3116 3115//3115
f 2985//2985 3299//3299 2649//2649
f 3327//3327 3328//3328 3329//3329
f 3330//3330 3331//3331 3332//3332
f 2588//2588 2590//2590 2806//2806
f 1303//1303 1330//1330 3333//3333
f 2322//2322 3243//3243 1531//1531
f 68//68 2630//2630 3296//3296
f 3296//3296 3264//3264 69//69
f 3308//3308 3334//3334 3306//3306
f 3056//3056 20//20 19//19
f 3332//3332 3331//3331 3335//3335
f 2978//2978 2985//2985 3336//3336
f 3337//3337 3338//3338 2762//2762
f 2649//2649 3051//3051 2650//2650
f 2885//2885 3225//3225 2492//2492
f 3339//3339 2701//2701 2700//2700
f 2783//2783 2704//2704 2892//2892
f 2648//2648 3334//3334 3308//3308
f 3331//3331 3305//3305 3319//3319
f 1577//1577 1579//1579 3340//3340
f 85//85 2639//2639 2564//2564
f 229//229 203//203 205//205
f 2884//2884 177//177 176//176
f 3341//3341 2157//2157 2156//2156
f 1264//1264 2243//2243 2244//2244
f 3342//3342 3343//3343 3344//3344
f 984//984 1056//1056 3345//3345
f 3116//3116 3326//3326 3346//3346
f 1564//1564 2293//2293 3310//3310
f 3017//3017 2968//2968 3018//3018
f 2909//2909 2570//2570 80//80
f 3176//3176 2304//2304 3007//3007
f 2365//2365 3347//3347 2871//2871
f 3348//3348 3289//3289 2977//2977
f 2912//2912 2911//2911 2977//2977
f 3063//3063 2226//2226 1054//1054
f 2249//2249 2850//2850 144//144
f 2227//2227 3349//3349 1055//1055
f 3008//3008 2266//2266 3350//3350
f 2246//2246 3256//3256 2641//2641
f 3340//3340 3351//3351 2995//2995
f 3352//3352 152//152 3188//3188
f 3353//3353 3354//3354 3355//3355
f 2906//2906 3356//3356 80//80
f 2615//2615 2617//2617 2729//2729
f 3192//3192 245//245 3193//3193
f 3008//3008 2991//2991 2266//2266
f 2818//2818 2628//2628 2819//2819
f 1525//1525 1544//1544 3357//3357
f 1298//1298 2974//2974 1568//1568
f 86//86 90//90 2609//2609
f 2669//2669 3302//3302 83//83
f 3070//3070 2308//2308 3358//3358
f 3359//3359 3360//3360 3361//3361
f 2776//2776 2989//2989 2968//2968
f 2287//2287 2515//2515 2288//2288
f 3362//3362 2606//2606 3363//3363
f 2681//2681 2660//2660 2798//2798
f 3364//3364 2135//2135 2134//2134
f 2675//2675 2774//2774 3365//3365
f 3366//3366 3090//3090 3367//3367
f 3368//3368 3083//3083 3369//3369
f 2797//2797 2269//2269 2849//2849
f 147//147 2878//2878 1155//1155
f 169//169 2393//2393 172//172
f 2327//2327 2815//2815 3370//3370
f 3371//3371 1260//1260 2724//2724
f 3335//3335 3283//3283 3372//3372
f 3373//3373 2489//2489 2488//2488
f 1329//1329 1832//1832 1327//1327
f 3374//3374 3305//3305 3375//3375
f 3376//3376 2851//2851 2852//2852
f 1260//1260 3371//3371 1527//1527
f 3377//3377 3378//3378 3379//3379
f 1576//1576 1866//1866 1575//1575
f 1507//1507 1866//1866 868//868
f 3380//3380 2604//2604 3116//3116
f 3381//3381 3287//3287 3382//3382
f 3383//3383 3384//3384 2757//2757
f 3385//3385 3386//3386 3387//3387
f 1072//1072 1000//1000 1088//1088
f 3127//3127 151//151 3128//3128
f 2669//2669 2339//2339 2338//2338
f 3388//3388 3326//3326 3092//3092
f 1466//1466 1468//1468 1626//1626
f 2758//2758 3389//3389 2671//2671
f 123//123 107//107 3390//3390
f 3391//3391 3277//3277 2748//2748
f 3392//3392 3393//3393 2677//2677
f 3369//3369 3082//3082 3394//3394
f 3065//3065 3395//3395 2775//2775
f 3396//3396 3397//3397 3398//3398
f 3399//3399 1168//1168 3282//3282
f 3400//3400 2145//2145 2198//2198
f 3401//3401 3287//3287 3381//3381
f 3347//3347 3381//3381 3382//3382
f 3402//3402 3403//3403 3404//3404
f 2227//2227 2226//2226 3161//3161
f 1060//1060 1163//1163 1165//1165
f 3286//3286 3329//3329 1877//1877
f 2616//2616 3405//3405 2990//2990
f 1761//1761 1760//1760 1889//1889
f 3327//3327 3329//3329 3286//3286
f 808//808 419//419 1173//1173
f 1778//1778 1777//1777 2166//2166
f 2838//2838 2341//2341 3406//3406
f 3345//3345 3407//3407 3408//3408
f 3101//3101 3366//3366 3394//3394
f 2735//2735 3409//3409 3397//3397
f 3369//3369 3083//3083 3082//3082
f 2622//2622 3406//3406 2926//2926
f 2736//2736 2756//2756 3410//3410
f 3411//3411 3412//3412 3380//3380
f 2837//2837 3280//3280 3413//3413
f 3414//3414 3415//3415 3416//3416
f 3417//3417 3418//3418 1104//1104
f 1168//1168 3419//3419 3420//3420
f 3421//3421 3415//3415 3422//3422
f 3152//3152 3151//3151 3049//3049
f 3423//3423 3424//3424 1865//1865
f 3425//3425 3426//3426 3239//3239
f 3415//3415 3414//3414 3427//3427
f 3428//3428 3429//3429 1853//1853
f 3403//3403 3430//3430 3431//3431
f 2876//2876 2733//2733 2734//2734
f 2390//2390 3310//3310 2599//2599
f 3432//3432 3433//3433 1873//1873
f 3434//3434 3435//3435 3436//3436
f 3437//3437 3438//3438 3439//3439
f 2677//2677 3161//3161 3392//3392
f 937//937 936//936 3025//3025
f 3025//3025 3005//3005 3440//3440
f 3314//3314 3441//3441 2649//2649
f 2662//2662 2676//2676 2663//2663
f 3442//3442 2898//2898 3044//3044
f 3443//3443 3444//3444 3445//3445
f 2509//2509 2738//2738 3262//3262
f 1527//1527 1518//1518 1260//1260
f 3446//3446 3447//3447 3448//3448
f 3062//3062 3257//3257 2246//2246
f 3449//3449 3065//3065 2481//2481
f 2671//2671 2670//2670 2757//2757
f 2779//2779 3005//3005 3025//3025
f 3369//3369 3367//3367 3450//3450
f 3358//3358 2308//2308 2922//2922
f 1548//1548 3451//3451 2266//2266
f 935//935 2702//2702 936//936
f 3442//3442 3044//3044 3452//3452
f 3048//3048 19//19 22//22
f 2990//2990 2779//2779 2264//2264
f 2644//2644 3453//3453 2725//2725
f 953//953 954//954 1020//1020
f 2824//2824 2823//2823 2734//2734
f 1864//1864 3454//3454 3455//3455
f 3103//3103 3069//3069 1296//1296
f 3456//3456 3457//3457 3372//3372
f 2993//2993 3458//3458 1826//1826
f 1716//1716 1341//1341 951//951
f 3145//3145 3069//3069 3103//3103
f 1004//1004 3042//3042 1166//1166
f 3251//3251 947//947 3459//3459
f 2197//2197 3460//3460 3461//3461
f 3241//3241 2235//2235 2254//2254
f 3406//3406 3262//3262 2838//2838
f 2960//2960 84//84 3303//3303
f 2684//2684 2683//2683 3014//3014
f 144//144 2850//2850 2571//2571
f 55//55 2572//2572 2920//2920
f 2783//2783 2740//2740 2739//2739
f 1548//1548 1550//1550 3451//3451
f 2927//2927 2926//2926 2343//2343
f 2662//2662 1524//1524 2676//2676
f 1160//1160 1022//1022 1041//1041
f 3393//3393 3443//3443 3132//3132
f 2831//2831 2627//2627 771//771
f 2979//2979 158//158 3462//3462
f 1172//1172 1171//1171 1302//1302
f 2655//2655 2778//2778 936//936
f 2183//2183 1642//1642 2727//2727
f 2794//2794 2784//2784 2783//2783
f 3340//3340 2995//2995 3279//3279
f 1421//1421 3463//3463 1422//1422
f 3322//3322 3464//3464 3323//3323
f 1135//1135 1034//1034 2206//2206
f 3465//3465 3101//3101 3466//3466
f 3467//3467 3468//3468 2963//2963
f 1641//1641 1829//1829 1698//1698
f 967//967 1036//1036 1010//1010
f 2702//2702 2999//2999 2663//2663
f 1208//1208 1216//1216 3469//3469
f 2886//2886 2248//2248 1144//1144
f 2999//2999 2702//2702 3470//3470
f 3291//3291 3131//3131 3471//3471
f 1224//1224 1207//1207 3472//3472
f 2736//2736 3410//3410 2657//2657
f 3197//3197 3072//3072 1064//1064
f 3403//3403 3473//3473 3430//3430
f 2343//2343 3389//3389 2927//2927
f 1093//1093 3474//3474 3364//3364
f 3371//3371 2723//2723 1527//1527
f 3017//3017 3211//3211 3290//3290
f 3240//3240 2172//2172 3475//3475
f 1149//1149 2254//2254 2255//2255
f 3306//3306 2701//2701 3339//3339
f 3103//3103 1296//1296 1298//1298
f 3476//3476 3444//3444 3477//3477
f 937//937 3311//3311 3478//3478
f 3349//3349 2227//2227 3162//3162
f 2129//2129 2128//2128 3240//3240
f 935//935 3478//3478 3470//3470
f 839//839 2129//2129 3240//3240
f 3311//3311 3479//3479 3478//3478
f 3480//3480 3481//3481 3482//3482
f 3483//3483 1976//1976 1638//1638
f 3480//3480 3482//3482 856//856
f 2611//2611 2491//2491 2480//2480
f 2147//2147 2384//2384 3484//3484
f 2837//2837 2892//2892 2686//2686
f 3066//3066 3065//3065 3449//3449
f 3485//3485 3046//3046 3045//3045
f 1064//1064 3072//3072 3074//3074
f 2967//2967 2272//2272 1044//1044
f 3240//3240 3475//3475 3228//3228
f 2788//2788 2790//2790 2927//2927
f 2459//2459 3486//3486 3487//3487
f 3129//3129 5//5 2949//2949
f 1524//1524 2662//2662 1544//1544
f 2662//2662 2664//2664 1544//1544
f 1206//1206 3472//3472 1207//1207
f 3434//3434 3345//3345 3349//3349
f 2345//2345 3106//3106 3488//3488
f 3436//3436 3407//3407 3345//3345
f 2677//2677 3393//3393 3489//3489
f 3490//3490 3407//3407 3491//3491
f 3034//3034 2777//2777 2969//2969
f 2777//2777 2776//2776 2968//2968
f 3492//3492 3493//3493 3165//3165
f 2157//2157 3341//3341 1577//1577
f 3494//3494 74//74 3495//3495
f 1039//1039 1939//1939 2198//2198
f 3188//3188 1197//1197 1196//1196
f 189//189 2986//2986 197//197
f 2864//2864 3496//3496 2865//2865
f 2878//2878 146//146 2082//2082
f 3394//3394 3366//3366 3367//3367
f 2411//2411 2472//2472 2473//2473
f 2422//2422 2477//2477 2423//2423
f 2194//2194 3497//3497 2455//2455
f 3498//3498 2417//2417 3499//3499
f 3500//3500 3501//3501 3502//3502
f 2478//2478 2474//2474 2423//2423
f 2413//2413 2415//2415 2439//2439
f 3503//3503 3504//3504 3505//3505
f 3506//3506 3507//3507 3498//3498
f 3508//3508 3509//3509 3510//3510
f 2423//2423 3511//3511 2478//2478
f 2440//2440 2410//2410 2412//2412
f 2193//2193 2192//2192 2472//2472
f 3506//3506 2476//2476 3512//3512
f 3448//3448 3513//3513 3514//3514
f 3515//3515 2470//2470 2409//2409
f 2449//2449 2422//2422 2432//2432
f 3516//3516 3517//3517 3518//3518
f 3519//3519 3520//3520 3521//3521
f 2456//2456 3512//3512 2451//2451
f 2439//2439 2442//2442 2437//2437
f 3522//3522 3523//3523 2477//2477
f 3524//3524 3509//3509 3525//3525
f 3110//3110 3093//3093 3094//3094
f 3517//3517 3526//3526 3527//3527
f 3528//3528 3500//3500 3529//3529
f 2398//2398 2470//2470 2396//2396
f 2410//2410 3530//3530 2411//2411
f 3515//3515 2409//2409 3531//3531
f 3532//3532 3508//3508 3533//3533
f 3502//3502 3501//3501 3534//3534
f 3502//3502 3534//3534 3535//3535
f 3536//3536 3537//3537 3538//3538
f 3539//3539 2397//2397 2433//2433
f 3526//3526 3517//3517 3540//3540
f 2419//2419 3516//3516 2475//2475
f 2717//2717 2610//2610 2718//2718
f 3541//3541 3542//3542 3543//3543
f 3541//3541 3507//3507 3542//3542
f 2477//2477 2422//2422 2449//2449
f 3512//3512 2476//2476 2451//2451
f 3511//3511 2423//2423 3523//3523
f 3530//3530 3544//3544 3543//3543
f 3545//3545 3546//3546 3503//3503
f 3547//3547 3548//3548 3446//3446
f 3549//3549 3085//3085 3550//3550
f 2416//2416 3551//3551 3540//3540
f 3552//3552 3553//3553 2434//2434
f 3543//3543 3542//3542 2411//2411
f 3541//3541 3544//3544 3554//3554
f 2193//2193 3507//3507 3497//3497
f 3555//3555 3546//3546 3545//3545
f 3446//3446 3529//3529 3447//3447
f 3556//3556 3523//3523 3522//3522
f 3320//3320 3362//3362 3557//3557
f 2449//2449 2432//2432 2453//2453
f 3558//3558 2418//2418 2417//2417
f 3099//3099 3098//3098 3559//3559
f 3560//3560 3561//3561 3562//3562
f 2478//2478 3511//3511 3516//3516
f 3546//3546 3563//3563 3564//3564
f 3565//3565 3532//3532 3566//3566
f 3498//3498 3554//3554 3558//3558
f 3100//3100 3567//3567 3568//3568
f 2410//2410 2435//2435 3569//3569
f 2433//2433 2441//2441 3570//3570
f 3569//3569 2435//2435 2434//2434
f 3571//3571 2433//2433 2397//2397
f 2434//2434 2433//2433 3552//3552
f 3499//3499 2417//2417 2416//2416
f 3572//3572 2615//2615 3338//3338
f 3556//3556 3517//3517 3516//3516
f 3521//3521 3555//3555 3519//3519
f 3573//3573 3521//3521 3574//3574
f 2417//2417 3498//3498 3558//3558
f 2433//2433 3571//3571 3552//3552
f 3363//3363 3324//3324 3323//3323
f 3543//3543 3544//3544 3541//3541
f 3545//3545 3575//3575 3555//3555
f 3511//3511 3523//3523 3556//3556
f 3529//3529 3502//3502 3535//3535
f 3530//3530 2410//2410 3569//3569
f 3525//3525 3514//3514 3576//3576
f 3529//3529 3446//3446 3528//3528
f 3540//3540 3551//3551 3526//3526
f 2397//2397 2396//2396 3571//3571
f 3525//3525 3547//3547 3448//3448
f 2434//2434 3553//3553 3569//3569
f 3569//3569 3553//3553 3530//3530
f 3577//3577 2179//2179 3578//3578
f 1107//1107 2234//2234 1094//1094
f 3450//3450 3367//3367 3326//3326
f 2606//2606 3362//3362 3115//3115
f 3579//3579 3580//3580 2859//2859
f 3182//3182 3581//3581 3032//3032
f 3557//3557 3363//3363 3323//3323
f 3582//3582 3583//3583 3584//3584
f 2455//2455 3497//3497 3512//3512
f 3283//3283 3282//3282 3456//3456
f 2767//2767 2511//2511 2732//2732
f 3584//3584 3368//3368 3369//3369
f 3585//3585 3561//3561 3564//3564
f 3586//3586 3587//3587 3450//3450
f 3326//3326 3388//3388 3346//3346
f 2178//2178 2180//2180 3588//3588
f 3584//3584 3374//3374 3582//3582
f 3332//3332 3335//3335 3372//3372
f 3321//3321 3320//3320 3557//3557
f 1167//1167 3589//3589 3590//3590
f 3591//3591 3592//3592 3593//3593
f 3465//3465 3594//3594 3091//3091
f 1508//1508 861//861 3595//3595
f 3079//3079 3354//3354 3466//3466
f 3593//3593 3592//3592 3596//3596
f 3354//3354 3079//3079 3078//3078
f 1167//1167 3590//3590 3282//3282
f 1643//1643 2364//2364 2688//2688
f 3331//3331 3319//3319 3321//3321
f 3003//3003 2600//2600 2574//2574
f 3380//3380 3116//3116 3411//3411
f 3597//3597 3598//3598 3599//3599
f 1200//1200 3600//3600 1678//1678
f 1094//1094 2134//2134 2241//2241
f 2341//2341 3413//3413 2342//2342
f 3599//3599 3601//3601 3602//3602
f 3603//3603 3604//3604 3605//3605
f 3606//3606 3607//3607 3608//3608
f 1522//1522 1521//1521 2699//2699
f 3609//3609 1242//1242 1244//1244
f 3610//3610 1561//1561 1560//1560
f 2962//2962 838//838 837//837
f 2196//2196 3467//3467 2962//2962
f 2203//2203 3606//3606 3611//3611
f 3611//3611 3612//3612 3602//3602
f 1574//1574 1573//1573 2597//2597
f 3613//3613 3614//3614 2108//2108
f 3615//3615 878//878 3611//3611
f 1430//1430 1429//1429 975//975
f 2976//2976 2597//2597 2912//2912
f 3616//3616 3617//3617 3618//3618
f 2796//2796 3619//3619 2807//2807
f 3620//3620 879//879 3615//3615
f 2633//2633 2808//2808 3280//3280
f 2102//2102 2072//2072 3028//3028
f 3621//3621 2204//2204 3622//3622
f 1859//1859 1165//1165 3623//3623
f 3599//3599 3612//3612 3597//3597
f 2343//2343 2342//2342 2482//2482
f 3602//3602 3615//3615 3611//3611
f 3624//3624 1825//1825 2119//2119
f 3597//3597 3612//3612 3606//3606
f 3598//3598 1430//1430 975//975
f 2200//2200 3120//3120 1678//1678
f 3325//3325 3120//3120 3119//3119
f 3625//3625 3626//3626 3627//3627
f 3325//3325 1200//1200 3120//3120
f 3611//3611 878//878 2203//2203
f 2220//2220 3628//3628 2167//2167
f 2490//2490 2514//2514 3038//3038
f 974//974 3601//3601 3599//3599
f 3600//3600 1200//1200 924//924
f 1676//1676 1678//1678 3608//3608
f 2203//2203 878//878 3622//3622
f 3406//3406 2343//2343 2926//2926
f 3600//3600 3598//3598 3597//3597
f 2712//2712 2963//2963 3468//3468
f 2383//2383 1138//1138 1062//1062
f 3607//3607 2203//2203 2202//2202
f 254//254 221//221 618//618
f 1076//1076 1270//1270 1112//1112
f 3629//3629 2712//2712 3333//3333
f 878//878 877//877 3622//3622
f 1199//1199 2608//2608 3325//3325
f 931//931 934//934 923//923
f 887//887 3630//3630 3473//3473
f 1854//1854 3430//3430 2325//2325
f 2829//2829 3476//3476 3631//3631
f 3162//3162 2262//2262 3434//3434
f 3632//3632 3437//3437 3421//3421
f 3445//3445 3444//3444 3476//3476
f 3445//3445 3476//3476 2829//2829
f 3289//3289 3175//3175 2976//2976
f 3633//3633 3634//3634 3635//3635
f 1249//1249 1219//1219 1750//1750
f 3636//3636 3637//3637 3402//3402
f 3588//3588 3638//3638 887//887
f 3373//3373 3639//3639 2798//2798
f 2942//2942 3112//3112 886//886
f 886//886 2324//2324 887//887
f 1558//1558 1557//1557 3640//3640
f 1853//1853 1852//1852 3477//3477
f 3082//3082 3079//3079 3466//3466
f 2180//2180 3009//3009 3638//3638
f 3641//3641 3642//3642 3596//3596
f 3112//3112 3631//3631 886//886
f 3399//3399 3282//3282 3281//3281
f 3643//3643 3433//3433 3644//3644
f 2809//2809 1732//1732 2610//2610
f 1876//1876 1054//1054 983//983
f 3645//3645 3641//3641 3646//3646
f 1508//1508 1507//1507 861//861
f 3647//3647 3648//3648 3328//3328
f 866//866 1576//1576 867//867
f 833//833 1256//1256 1150//1150
f 3642//3642 3091//3091 3594//3594
f 3327//3327 3418//3418 3417//3417
f 1866//1866 1507//1507 1233//1233
f 1874//1874 1873//1873 917//917
f 3649//3649 1231//1231 3344//3344
f 3650//3650 3651//3651 3652//3652
f 3653//3653 3654//3654 1836//1836
f 3402//3402 3588//3588 3473//3473
f 3427//3427 3655//3655 916//916
f 1151//1151 903//903 855//855
f 1936//1936 3656//3656 3376//3376
f 3657//3657 860//860 859//859
f 1873//1873 3433//3433 3643//3643
f 3184//3184 3183//3183 3426//3426
f 869//869 859//859 868//868
f 3658//3658 3589//3589 1169//1169
f 1852//1852 2324//2324 3631//3631
f 3659//3659 1841//1841 1839//1839
f 1226//1226 3660//3660 2889//2889
f 3401//3401 3347//3347 1105//1105
f 1857//1857 1863//1863 1862//1862
f 3461//3461 3661//3661 3662//3662
f 3091//3091 3642//3642 3092//3092
f 3663//3663 3664//3664 3650//3650
f 3657//3657 859//859 3665//3665
f 1870//1870 3641//3641 3645//3645
f 3666//3666 1865//1865 3455//3455
f 112//112 3186//3186 125//125
f 2177//2177 1353//1353 869//869
f 1870//1870 1836//1836 3654//3654
f 3596//3596 3667//3667 3668//3668
f 3669//3669 3665//3665 1857//1857
f 3327//3327 3670//3670 3328//3328
f 827//827 2177//2177 870//870
f 828//828 863//863 2579//2579
f 3663//3663 3650//3650 3652//3652
f 3063//3063 1875//1875 3064//3064
f 3671//3671 2871//2871 3347//3347
f 3490//3490 3672//3672 3673//3673
f 830//830 829//829 833//833
f 2375//2375 887//887 3638//3638
f 3426//3426 873//873 1163//1163
f 1163//1163 1162//1162 3426//3426
f 3674//3674 2179//2179 2257//2257
f 1868//1868 3675//3675 1835//1835
f 105//105 3676//3676 1214//1214
f 3652//3652 3677//3677 3678//3678
f 3327//3327 3401//3401 3418//3418
f 2485//2485 3679//3679 2317//2317
f 3414//3414 3680//3680 3427//3427
f 859//859 869//869 1863//1863
f 3681//3681 1860//1860 990//990
f 2234//2234 950//950 1543//1543
f 916//916 3632//3632 3421//3421
f 3682//3682 2256//2256 3637//3637
f 1870//1870 3645//3645 1837//1837
f 1836//1836 1835//1835 3653//3653
f 3677//3677 3652//3652 3659//3659
f 989//989 1868//1868 1840//1840
f 3683//3683 3658//3658 3684//3684
f 3275//3275 2760//2760 3619//3619
f 3424//3424 3423//3423 3685//3685
f 2631//2631 2633//2633 2837//2837
f 176//176 89//89 88//88
f 3413//3413 2341//2341 2838//2838
f 3646//3646 3686//3686 3645//3645
f 3684//3684 3687//3687 3683//3683
f 1840//1840 1867//1867 1839//1839
f 3688//3688 3689//3689 3690//3690
f 1837//1837 3678//3678 3677//3677
f 1033//1033 969//969 1746//1746
f 3691//3691 181//181 186//186
f 3679//3679 3692//3692 2317//2317
f 1105//1105 1104//1104 3418//3418
f 1864//1864 3634//3634 3454//3454
f 1858//1858 1857//1857 1862//1862
f 3693//3693 3694//3694 3648//3648
f 3695//3695 3666//3666 3696//3696
f 3580//3580 3697//3697 3432//3432
f 3698//3698 3686//3686 3646//3646
f 3424//3424 992//992 1865//1865
f 3327//3327 3286//3286 3401//3401
f 3699//3699 3423//3423 3666//3666
f 3675//3675 3346//3346 3653//3653
f 3419//3419 1168//1168 3399//3399
f 988//988 992//992 3412//3412
f 1868//1868 988//988 3675//3675
f 3297//3297 2912//2912 2597//2597
f 3596//3596 3668//3668 3641//3641
f 3412//3412 3411//3411 3675//3675
f 3324//3324 2605//2605 3700//3700
f 3587//3587 3374//3374 3584//3584
f 3192//3192 1570//1570 1572//1572
f 3086//3086 3565//3565 3084//3084
f 3701//3701 3623//3623 872//872
f 3354//3354 3353//3353 3465//3465
f 3702//3702 3680//3680 3414//3414
f 3458//3458 2993//2993 1242//1242
f 3495//3495 74//74 597//597
f 3324//3324 3416//3416 3322//3322
f 3281//3281 3419//3419 3399//3399
f 3416//3416 3281//3281 3322//3322
f 3416//3416 3415//3415 3281//3281
f 809//809 1243//1243 1871//1871
f 3338//3338 2618//2618 2762//2762
f 2604//2604 3380//3380 3685//3685
f 3116//3116 3346//3346 3411//3411
f 3415//3415 3419//3419 3281//3281
f 2245//2245 3703//3703 2699//2699
f 3702//3702 3414//3414 3416//3416
f 2133//2133 2132//2132 3704//3704
f 3092//3092 3653//3653 3388//3388
f 3388//3388 3653//3653 3346//3346
f 3324//3324 3363//3363 2605//2605
f 3644//3644 3433//3433 3432//3432
f 3699//3699 3695//3695 2860//2860
f 2604//2604 3685//3685 3423//3423
f 3415//3415 3421//3421 3419//3419
f 3701//3701 3705//3705 3706//3706
f 1864//1864 991//991 3634//3634
f 3700//3700 3702//3702 3416//3416
f 2860//2860 3695//3695 2859//2859
f 3702//3702 2860//2860 3680//3680
f 2605//2605 3699//3699 3700//3700
f 3404//3404 3403//3403 3431//3431
f 859//859 1863//1863 3665//3665
f 3707//3707 3578//3578 3674//3674
f 833//833 832//832 830//830
f 3708//3708 3439//3439 3684//3684
f 3709//3709 3250//3250 3710//3710
f 1853//1853 3477//3477 3428//3428
f 1431//1431 3711//3711 826//826
f 2534//2534 927//927 1165//1165
f 3655//3655 3427//3427 3680//3680
f 3712//3712 3034//3034 3001//3001
f 3422//3422 916//916 3421//3421
f 3368//3368 3584//3584 3583//3583
f 3432//3432 1872//1872 2859//2859
f 3422//3422 3427//3427 916//916
f 3702//3702 3700//3700 2860//2860
f 1852//1852 3631//3631 3476//3476
f 1169//1169 3708//3708 3658//3658
f 3010//3010 3713//3713 3577//3577
f 3328//3328 3714//3714 3647//3647
f 3602//3602 3601//3601 3620//3620
f 3401//3401 3381//3381 3347//3347
f 990//990 989//989 3681//3681
f 3307//3307 2665//2665 2667//2667
f 1867//1867 3659//3659 1839//1839
f 2980//2980 2643//2643 2981//2981
f 194//194 2307//2307 3191//3191
f 2722//2722 3259//3259 2980//2980
f 2692//2692 2334//2334 3715//3715
f 1262//1262 2247//2247 3224//3224
f 3699//3699 2860//2860 3700//3700
f 157//157 1754//1754 3716//3716
f 3677//3677 1867//1867 1837//1837
f 3648//3648 3694//3694 3329//3329
f 3641//3641 1870//1870 3642//3642
f 3438//3438 3684//3684 3439//3439
f 3668//3668 3646//3646 3641//3641
f 2348//2348 3021//3021 2813//2813
f 3491//3491 3407//3407 3436//3436
f 3667//3667 3596//3596 3592//3592
f 1859//1859 3706//3706 1857//1857
f 2604//2604 3423//3423 2605//2605
f 3717//3717 3718//3718 2336//2336
f 1867//1867 3677//3677 3659//3659
f 3438//3438 3437//3437 3719//3719
f 3092//3092 3654//3654 3653//3653
f 3331//3331 3321//3321 3335//3335
f 3421//3421 3439//3439 3420//3420
f 3720//3720 2913//2913 2915//2915
f 3721//3721 3722//3722 3396//3396
f 3422//3422 3415//3415 3427//3427
f 2955//2955 3166//3166 907//907
f 3723//3723 3724//3724 3725//3725
f 3488//3488 1577//1577 3279//3279
f 2945//2945 2944//2944 2953//2953
f 3166//3166 2955//2955 2965//2965
f 3045//3045 3297//3297 3298//3298
f 3629//3629 1330//1330 1230//1230
f 2947//2947 3227//3227 1386//1386
f 2943//2943 2945//2945 2956//2956
f 3113//3113 2949//2949 5//5
f 1006//1006 1009//1009 1007//1007
f 3297//3297 3123//3123 2590//2590
f 3144//3144 3136//3136 3125//3125
f 2691//2691 2690//2690 3726//3726
f 3221//3221 2577//2577 3190//3190
f 2942//2942 886//886 888//888
f 2954//2954 2719//2719 3727//3727
f 3040//3040 3033//3033 3728//3728
f 2379//2379 2380//2380 2941//2941
f 3126//3126 3125//3125 2721//2721
f 1536//1536 3144//3144 3125//3125
f 3073//3073 3729//3729 2566//2566
f 3727//3727 2721//2721 3730//3730
f 3727//3727 3730//3730 2965//2965
f 3731//3731 1072//1072 3732//3732
f 2956//2956 2719//2719 2954//2954
f 3477//3477 3392//3392 2226//2226
f 2965//2965 3730//3730 3136//3136
f 2886//2886 2881//2881 2668//2668
f 618//618 89//89 1198//1198
f 2952//2952 2613//2613 3022//3022
f 2719//2719 2956//2956 2953//2953
f 3024//3024 2812//2812 2811//2811
f 2599//2599 3167//3167 2390//2390
f 2959//2959 3124//3124 3149//3149
f 2693//2693 1044//1044 2772//2772
f 2597//2597 3733//3733 3298//3298
f 2359//2359 2498//2498 3734//3734
f 3198//3198 1936//1936 3196//3196
f 3103//3103 3102//3102 3145//3145
f 2391//2391 2554//2554 2315//2315
f 1320//1320 1288//1288 1323//1323
f 3034//3034 3216//3216 2777//2777
f 202//202 197//197 2986//2986
f 3405//3405 3440//3440 3005//3005
f 225//225 3735//3735 3736//3736
f 3737//3737 1385//1385 3463//3463
f 994//994 995//995 2502//2502
f 3629//3629 1224//1224 3472//3472
f 1249//1249 1220//1220 1219//1219
f 1323//1323 1257//1257 3738//3738
f 1197//1197 152//152 3138//3138
f 210//210 211//211 240//240
f 3001//3001 3000//3000 2360//2360
f 3257//3257 3334//3334 3256//3256
f 2330//2330 1265//1265 2301//2301
f 3033//3033 3130//3130 3739//3739
f 2338//2338 2337//2337 3217//3217
f 3734//3734 3001//3001 2359//2359
f 1359//1359 1358//1358 1462//1462
f 2315//2315 2554//2554 2436//2436
f 2542//2542 2184//2184 2727//2727
f 3720//3720 2915//2915 1130//1130
f 1156//1156 2082//2082 137//137
f 3334//3334 2650//2650 3256//3256
f 3632//3632 916//916 915//915
f 65//65 64//64 59//59
f 3443//3443 3393//3393 3740//3740
f 1131//1131 3294//3294 2815//2815
f 2479//2479 2317//2317 3037//3037
f 2262//2262 2261//2261 3435//3435
f 2677//2677 3489//3489 2678//2678
f 1082//1082 1009//1009 1083//1083
f 3318//3318 3741//3741 3316//3316
f 2496//2496 2903//2903 2494//2494
f 3741//3741 3318//3318 2582//2582
f 240//240 3742//3742 210//210
f 2495//2495 2550//2550 3156//3156
f 3271//3271 2710//2710 2709//2709
f 2991//2991 2616//2616 2990//2990
f 2601//2601 2708//2708 2710//2710
f 3217//3217 3047//3047 3219//3219
f 3317//3317 3231//3231 3318//3318
f 2494//2494 2903//2903 3127//3127
f 3128//3128 3142//3142 2549//2549
f 3743//3743 3140//3140 3142//3142
f 3352//3352 3744//3744 152//152
f 1161//1161 1742//1742 1314//1314
f 2796//2796 2807//2807 2795//2795
f 3745//3745 2202//2202 3746//3746
f 2543//2543 2503//2503 2536//2536
f 3672//3672 3490//3490 3491//3491
f 2525//2525 2546//2546 3226//3226
f 69//69 3263//3263 2500//2500
f 87//87 796//796 2639//2639
f 1026//1026 2987//2987 1114//1114
f 2572//2572 55//55 57//57
f 1475//1475 1463//1463 1476//1476
f 1482//1482 1487//1487 1483//1483
f 3107//3107 3747//3747 3128//3128
f 1471//1471 1473//1473 1475//1475
f 2578//2578 1197//1197 3138//3138
f 3743//3743 3142//3142 3128//3128
f 2947//2947 3748//3748 3228//3228
f 151//151 2903//2903 3138//3138
f 3218//3218 3217//3217 3219//3219
f 2578//2578 3138//3138 2903//2903
f 1350//1350 1349//1349 2065//2065
f 3274//3274 144//144 66//66
f 3272//3272 2876//2876 3215//3215
f 3749//3749 1809//1809 3750//3750
f 1826//1826 1969//1969 2993//2993
f 3751//3751 3107//3107 153//153
f 3752//3752 3140//3140 3743//3743
f 2044//2044 1849//1849 1766//1766
f 1486//1486 1487//1487 1490//1490
f 2813//2813 3258//3258 3139//3139
f 2816//2816 2815//2815 2327//2327
f 1352//1352 926//926 2534//2534
f 3184//3184 1087//1087 1812//1812
f 2791//2791 1192//1192 2298//2298
f 1146//1146 1127//1127 1025//1025
f 2793//2793 2483//2483 3106//3106
f 3310//3310 3139//3139 1565//1565
f 981//981 1050//1050 982//982
f 2205//2205 2138//2138 2019//2019
f 3753//3753 3754//3754 3755//3755
f 3231//3231 3317//3317 3232//3232
f 3317//3317 3756//3756 3232//3232
f 3260//3260 3757//3757 3261//3261
f 3297//3297 2590//2590 2882//2882
f 3296//3296 2630//2630 3158//3158
f 3758//3758 3296//3296 3158//3158
f 3300//3300 3295//3295 3758//3758
f 3172//3172 3757//3757 3260//3260
f 2624//2624 3264//3264 3295//3295
f 1636//1636 2099//2099 1822//1822
f 959//959 1091//1091 960//960
f 1639//1639 1698//1698 1848//1848
f 2587//2587 2630//2630 2586//2586
f 1623//1623 1351//1351 1348//1348
f 239//239 238//238 135//135
f 3270//3270 3263//3263 3269//3269
f 2688//2688 2704//2704 2703//2703
f 3087//3087 3204//3204 141//141
f 3173//3173 3759//3759 3760//3760
f 3727//3727 2719//2719 2721//2721
f 3397//3397 3722//3722 3761//3761
f 2643//2643 2642//2642 3762//3762
f 1446//1446 1357//1357 1366//1366
f 2632//2632 2631//2631 2687//2687
f 2755//2755 2736//2736 2735//2735
f 2271//2271 122//122 2920//2920
f 2314//2314 1130//1130 1132//1132
f 1105//1105 3347//3347 2365//2365
f 3342//3342 3344//3344 1508//1508
f 3018//3018 2968//2968 2989//2989
f 3292//3292 2678//2678 3489//3489
f 2294//2294 2848//2848 123//123
f 3125//3125 3730//3730 2721//2721
f 2364//2364 1643//1643 1642//1642
f 3608//3608 3600//3600 3606//3606
f 3763//3763 3764//3764 2758//2758
f 3765//3765 3766//3766 3767//3767
f 3434//3434 2262//2262 3435//3435
f 2271//2271 2292//2292 123//123
f 2670//2670 2672//2672 2775//2775
f 3453//3453 2684//2684 2693//2693
f 2769//2769 2739//2739 2767//2767
f 3338//3338 3337//3337 3572//3572
f 2741//2741 2895//2895 2728//2728
f 2632//2632 2888//2888 2695//2695
f 2631//2631 2837//2837 2686//2686
f 82//82 2623//2623 2741//2741
f 2757//2757 2670//2670 3383//3383
f 2994//2994 2995//2995 3351//3351
f 2281//2281 2573//2573 3768//3768
f 3632//3632 3719//3719 3437//3437
f 3769//3769 1502//1502 2105//2105
f 3410//3410 3770//3770 3047//3047
f 3764//3764 3389//3389 2758//2758
f 3453//3453 2644//2644 2685//2685
f 2644//2644 2725//2725 2645//2645
f 2790//2790 2789//2789 3721//3721
f 2740//2740 2892//2892 2837//2837
f 2739//2739 2794//2794 2783//2783
f 2725//2725 3453//3453 2693//2693
f 2756//2756 3770//3770 3410//3410
f 1927//1927 1945//1945 1985//1985
f 2511//2511 2510//2510 2731//2731
f 966//966 1020//1020 968//968
f 82//82 2656//2656 2339//2339
f 3763//3763 2789//2789 3764//3764
f 1781//1781 3624//3624 1588//1588
f 2758//2758 2757//2757 3763//3763
f 3771//3771 3761//3761 3721//3721
f 2739//2739 2769//2769 2794//2794
f 3572//3572 3337//3337 3014//3014
f 3262//3262 3406//3406 2622//2622
f 3132//3132 3489//3489 3393//3393
f 3771//3771 3721//3721 2789//2789
f 2828//2828 3132//3132 2829//2829
f 2788//2788 3764//3764 2789//2789
f 2871//2871 3671//3671 3490//3490
f 3384//3384 3383//3383 3391//3391
f 2747//2747 3391//3391 2748//2748
f 3398//3398 2790//2790 3396//3396
f 3396//3396 3722//3722 3397//3397
f 919//919 918//918 3772//3772
f 3773//3773 1451//1451 1810//1810
f 3395//3395 3276//3276 3391//3391
f 2481//2481 2342//2342 3413//3413
f 3012//3012 2790//2790 3398//3398
f 3383//3383 3395//3395 3391//3391
f 2388//2388 2828//2828 3148//3148
f 2737//2737 3012//3012 3409//3409
f 2390//2390 2877//2877 3139//3139
f 2808//2808 3066//3066 3449//3449
f 1304//1304 1276//1276 1322//1322
f 1253//1253 3774//3774 1418//1418
f 2775//2775 2481//2481 3065//3065
f 1479//1479 1478//1478 1390//1390
f 3383//3383 2775//2775 3395//3395
f 3775//3775 1436//1436 1725//1725
f 2179//2179 2178//2178 2256//2256
f 2927//2927 3764//3764 2788//2788
f 3776//3776 2851//2851 3777//3777
f 3778//3778 3779//3779 2031//2031
f 1133//1133 3233//3233 2548//2548
f 2927//2927 3389//3389 3764//3764
f 3066//3066 2808//2808 2759//2759
f 1185//1185 2140//2140 3780//3780
f 2790//2790 3012//3012 3011//3011
f 2746//2746 3763//3763 2757//2757
f 2653//2653 3275//3275 2796//2796
f 2807//2807 3619//3619 2808//2808
f 2737//2737 2657//2657 3012//3012
f 1142//1142 3781//3781 1148//1148
f 3132//3132 3131//3131 3489//3489
f 2179//2179 3577//3577 3713//3713
f 2481//2481 2808//2808 3449//3449
f 3619//3619 2760//2760 2759//2759
f 3389//3389 2343//2343 2482//2482
f 3228//3228 3782//3782 3241//3241
f 2909//2909 80//80 3356//3356
f 3023//3023 2575//2575 3169//3169
f 3067//3067 2759//2759 2761//2761
f 1875//1875 3063//3063 1054//1054
f 3783//3783 2313//2313 2369//2369
f 3763//3763 2746//2746 3784//3784
f 3771//3771 2789//2789 3784//3784
f 3761//3761 3722//3722 3721//3721
f 2947//2947 1421//1421 3785//3785
f 3052//3052 3060//3060 2231//2231
f 2789//2789 3763//3763 3784//3784
f 985//985 3408//3408 3671//3671
f 984//984 3345//3345 985//985
f 1861//1861 1860//1860 3786//3786
f 2830//2830 3148//3148 2828//2828
f 3783//3783 2369//2369 2722//2722
f 3408//3408 3407//3407 3490//3490
f 2482//2482 2671//2671 3389//3389
f 3392//3392 3477//3477 3740//3740
f 3393//3393 3392//3392 3740//3740
f 3408//3408 3490//3490 3671//3671
f 1166//1166 3251//3251 3787//3787
f 3429//3429 3428//3428 2226//2226
f 3228//3228 3475//3475 788//788
f 3788//3788 3292//3292 3291//3291
f 3334//3334 2648//2648 2650//2650
f 2521//2521 920//920 3789//3789
f 3311//3311 48//48 3479//3479
f 3740//3740 3444//3444 3443//3443
f 2256//2256 2178//2178 3402//3402
f 3428//3428 3477//3477 2226//2226
f 2649//2649 3441//3441 2985//2985
f 3402//3402 2178//2178 3588//3588
f 1108//1108 1717//1717 1716//1716
f 2801//2801 47//47 49//49
f 3648//3648 3790//3790 3693//3693
f 2380//2380 2366//2366 2388//2388
f 1308//1308 3364//3364 3474//3474
f 3791//3791 3076//3076 3792//3792
f 1092//1092 2234//2234 1543//1543
f 3391//3391 3276//3276 3277//3277
f 3430//3430 3630//3630 2325//2325
f 809//809 1871//1871 803//803
f 1785//1785 2188//2188 2165//2165
f 3622//3622 2204//2204 2203//2203
f 3491//3491 3436//3436 3435//3435
f 3131//3131 2828//2828 2388//2388
f 3345//3345 3434//3434 3436//3436
f 2380//2380 2388//2388 3148//3148
f 3793//3793 3234//3234 3794//3794
f 3795//3795 885//885 3796//3796
f 2746//2746 3384//3384 2747//2747
f 254//254 249//249 221//221
f 3797//3797 2074//2074 3798//3798
f 3799//3799 1008//1008 3732//3732
f 2249//2249 3274//3274 216//216
f 2710//2710 3271//3271 2602//2602
f 2606//2606 3117//3117 2604//2604
f 2120//2120 958//958 957//957
f 65//65 240//240 211//211
f 2092//2092 2107//2107 2106//2106
f 1284//1284 1323//1323 3738//3738
f 216//216 3274//3274 211//211
f 3333//3333 1330//1330 3629//3629
f 64//64 144//144 2571//2571
f 3800//3800 3801//3801 3387//3387
f 1165//1165 1859//1859 1858//1858
f 1585//1585 1998//1998 1692//1692
f 3802//3802 3803//3803 3804//3804
f 1965//1965 2191//2191 3805//3805
f 1728//1728 3212//3212 3806//3806
f 2012//2012 3807//3807 2045//2045
f 3472//3472 1206//1206 2963//2963
f 3003//3003 2280//2280 2887//2887
f 3808//3808 3809//3809 3582//3582
f 3075//3075 3792//3792 3076//3076
f 3810//3810 3546//3546 3564//3564
f 3514//3514 3513//3513 3576//3576
f 3662//3662 3400//3400 2197//2197
f 2106//2106 1661//1661 2092//2092
f 2484//2484 2158//2158 2157//2157
f 3593//3593 3596//3596 3594//3594
f 3809//3809 3573//3573 3574//3574
f 3368//3368 3505//3505 3504//3504
f 3504//3504 3811//3811 3081//3081
f 3083//3083 3368//3368 3504//3504
f 3488//3488 2484//2484 2157//2157
f 3081//3081 3083//3083 3504//3504
f 3447//3447 3529//3529 3535//3535
f 3464//3464 3321//3321 3557//3557
f 1551//1551 1522//1522 2699//2699
f 3305//3305 3374//3374 3319//3319
f 178//178 185//185 171//171
f 3564//3564 3095//3095 3811//3811
f 3575//3575 3545//3545 3503//3503
f 3471//3471 2387//2387 2467//2467
f 2198//2198 1941//1941 2196//2196
f 3656//3656 1936//1936 3812//3812
f 3439//3439 3708//3708 1169//1169
f 1262//1262 3224//3224 3259//3259
f 1095//1095 2142//2142 2366//2366
f 1386//1386 1385//1385 3737//3737
f 3811//3811 3504//3504 3810//3810
f 3095//3095 3564//3564 3096//3096
f 3813//3813 3814//3814 3815//3815
f 2157//2157 1577//1577 3488//3488
f 3816//3816 3792//3792 3075//3075
f 3004//3004 2984//2984 3225//3225
f 3590//3590 3817//3817 3456//3456
f 3094//3094 3331//3331 3330//3330
f 3079//3079 3082//3082 3095//3095
f 3593//3593 3353//3353 3591//3591
f 3457//3457 3559//3559 3818//3818
f 3310//3310 2390//2390 3139//3139
f 3602//3602 3612//3612 3599//3599
f 3608//3608 1678//1678 3600//3600
f 3304//3304 3791//3791 3305//3305
f 3819//3819 3806//3806 3212//3212
f 3341//3341 1578//1578 1577//1577
f 3582//3582 3374//3374 3375//3375
f 3813//3813 3077//3077 3093//3093
f 3369//3369 3394//3394 3367//3367
f 3097//3097 3094//3094 3077//3077
f 3446//3446 3548//3548 3528//3528
f 3820//3820 3821//3821 1932//1932
f 3115//3115 3362//3362 3586//3586
f 3111//3111 3814//3814 3813//3813
f 3810//3810 3564//3564 3811//3811
f 3563//3563 3585//3585 3564//3564
f 3762//3762 2913//2913 2981//2981
f 3320//3320 3319//3319 3586//3586
f 1541//1541 3822//3822 1514//1514
f 3823//3823 2608//2608 908//908
f 945//945 962//962 964//964
f 3824//3824 3825//3825 3801//3801
f 1208//1208 3469//3469 2128//2128
f 2779//2779 3025//3025 2778//2778
f 2165//2165 2188//2188 1307//1307
f 3826//3826 3827//3827 3828//3828
f 3080//3080 3096//3096 3561//3561
f 3464//3464 3322//3322 3281//3281
f 1069//1069 3829//3829 3830//3830
f 2746//2746 2757//2757 3384//3384
f 3585//3585 3563//3563 3561//3561
f 3813//3813 3093//3093 3111//3111
f 3067//3067 3395//3395 3065//3065
f 3067//3067 3276//3276 3395//3395
f 1759//1759 1888//1888 1760//1760
f 3098//3098 3100//3100 3110//3110
f 1998//1998 1607//1607 3831//3831
f 3366//3366 3101//3101 3090//3090
f 228//228 89//89 251//251
f 1603//1603 2902//2902 1601//1601
f 3832//3832 1429//1429 2562//2562
f 3091//3091 3101//3101 3465//3465
f 2305//2305 156//156 3833//3833
f 3809//3809 3834//3834 3573//3573
f 3331//3331 3094//3094 3097//3097
f 3520//3520 3574//3574 3521//3521
f 1504//1504 3800//3800 3386//3386
f 3835//3835 3583//3583 3582//3582
f 3808//3808 3791//3791 3792//3792
f 3520//3520 3505//3505 3583//3583
f 3520//3520 3583//3583 3835//3835
f 3519//3519 3575//3575 3505//3505
f 3037//3037 3692//3692 3114//3114
f 3809//3809 3835//3835 3582//3582
f 3081//3081 3811//3811 3095//3095
f 3791//3791 3808//3808 3375//3375
f 3304//3304 3076//3076 3791//3791
f 3818//3818 3098//3098 3330//3330
f 3104//3104 3024//3024 3023//3023
f 3372//3372 3818//3818 3332//3332
f 2981//2981 3720//3720 3836//3836
f 3575//3575 3519//3519 3555//3555
f 3505//3505 3520//3520 3519//3519
f 2476//2476 3506//3506 3499//3499
f 3834//3834 3809//3809 3808//3808
f 3792//3792 3816//3816 3834//3834
f 3371//3371 2724//2724 2723//2723
f 2937//2937 3837//3837 3838//3838
f 3045//3045 3044//3044 3123//3123
f 3839//3839 3840//3840 3841//3841
f 2852//2852 2367//2367 3842//3842
f 3167//3167 3225//3225 2885//2885
f 2723//2723 2851//2851 1527//1527
f 2210//2210 3843//3843 3844//3844
f 3845//3845 1614//1614 3846//3846
f 1808//1808 3847//3847 3483//3483
f 2099//2099 2123//2123 1822//1822
f 2137//2137 1751//1751 2907//2907
f 3812//3812 3198//3198 3848//3848
f 2389//2389 2144//2144 2143//2143
f 2290//2290 1096//1096 1095//1095
f 1963//1963 1221//1221 1987//1987
f 1749//1749 2043//2043 1766//1766
f 3029//3029 3028//3028 2072//2072
f 1781//1781 1825//1825 3624//3624
f 1739//1739 1724//1724 1740//1740
f 229//229 205//205 3849//3849
f 1915//1915 2093//2093 1957//1957
f 3850//3850 3851//3851 1158//1158
f 1693//1693 1614//1614 1616//1616
f 2459//2459 1194//1194 2457//2457
f 866//866 864//864 869//869
f 365//365 1825//1825 2094//2094
f 2981//2981 3836//3836 3783//3783
f 2289//2289 2340//2340 2290//2290
f 1964//1964 2117//2117 3109//3109
f 3294//3294 2915//2915 3852//3852
f 1191//1191 2140//2140 3853//3853
f 1584//1584 3854//3854 1999//1999
f 2172//2172 3240//3240 2128//2128
f 3016//3016 3855//3855 1602//1602
f 2110//2110 1855//1855 1701//1701
f 1606//1606 3831//3831 1607//1607
f 1655//1655 3856//3856 3857//3857
f 2136//2136 2188//2188 3769//3769
f 3858//3858 1308//1308 3474//3474
f 2712//2712 3468//3468 3467//3467
f 1895//1895 1896//1896 1898//1898
f 3859//3859 3860//3860 1844//1844
f 3861//3861 3862//3862 3863//3863
f 3864//3864 3628//3628 1824//1824
f 2121//2121 1717//1717 1108//1108
f 2220//2220 2167//2167 1777//1777
f 1308//1308 1307//1307 2135//2135
f 3802//3802 3804//3804 3865//3865
f 3483//3483 3847//3847 1976//1976
f 1706//1706 1437//1437 3006//3006
f 1823//1823 1850//1850 1964//1964
f 1092//1092 1543//1543 1542//1542
f 3364//3364 1094//1094 1093//1093
f 2712//2712 2711//2711 3333//3333
f 1940//1940 2711//2711 1941//1941
f 1308//1308 2135//2135 3364//3364
f 2963//2963 2962//2962 3467//3467
f 1824//1824 1779//1779 1677//1677
f 1851//1851 3607//3607 2202//2202
f 3866//3866 2080//2080 1916//1916
f 2136//2136 3769//3769 2105//2105
f 1776//1776 2191//2191 2190//2190
f 3030//3030 2165//2165 2164//2164
f 3030//3030 2189//2189 1785//1785
f 3867//3867 3868//3868 3869//3869
f 3870//3870 3871//3871 3872//3872
f 3873//3873 1916//1916 2080//2080
f 3807//3807 2012//2012 1884//1884
f 3873//3873 2029//2029 1916//1916
f 3360//3360 3874//3874 3875//3875
f 3876//3876 3875//3875 3877//3877
f 3807//3807 1884//1884 1886//1886
f 1903//1903 1897//1897 1904//1904
f 1611//1611 1669//1669 3878//3878
f 3879//3879 1346//1346 1804//1804
f 3385//3385 3880//3880 3881//3881
f 1514//1514 3882//3882 3883//3883
f 3614//3614 3613//3613 3884//3884
f 1023//1023 1511//1511 1255//1255
f 3824//3824 3885//3885 3825//3825
f 3886//3886 3755//3755 3754//3754
f 3887//3887 1696//1696 1604//1604
f 1814//1814 3793//3793 3794//3794
f 1695//1695 1605//1605 1604//1604
f 1842//1842 1688//1688 3888//3888
f 3889//3889 1711//1711 1595//1595
f 3118//3118 3890//3890 3223//3223
f 2230//2230 2229//2229 236//236
f 1898//1898 1897//1897 1903//1903
f 3718//3718 3891//3891 3892//3892
f 1225//1225 2857//2857 2155//2155
f 1493//1493 3893//3893 3894//3894
f 3895//3895 3896//3896 3897//3897
f 1438//1438 3775//3775 3898//3898
f 1707//1707 3899//3899 3627//3627
f 2010//2010 2012//2012 2045//2045
f 1115//1115 1080//1080 1047//1047
f 3879//3879 1842//1842 1727//1727
f 3900//3900 1428//1428 3901//3901
f 3902//3902 1711//1711 1710//1710
f 1880//1880 1895//1895 1922//1922
f 1896//1896 1880//1880 1879//1879
f 3903//3903 1194//1194 3904//3904
f 2297//2297 857//857 2298//2298
f 3905//3905 3906//3906 1726//1726
f 3907//3907 1486//1486 1491//1491
f 3908//3908 818//818 3909//3909
f 2680//2680 3862//3862 3910//3910
f 3911//3911 3907//3907 3912//3912
f 1397//1397 1489//1489 1418//1418
f 245//245 244//244 133//133
f 3480//3480 3913//3913 3914//3914
f 3915//3915 3916//3916 3917//3917
f 3918//3918 3919//3919 3920//3920
f 3921//3921 1376//1376 3922//3922
f 1595//1595 1711//1711 3902//3902
f 1365//1365 3923//3923 3924//3924
f 3925//3925 1799//1799 3926//3926
f 3775//3775 3927//3927 3898//3898
f 1690//1690 3898//3898 1691//1691
f 1398//1398 1415//1415 1388//1388
f 3927//3927 3775//3775 1725//1725
f 1504//1504 1503//1503 3800//3800
f 1653//1653 1654//1654 3928//3928
f 2108//2108 1599//1599 3617//3617
f 1473//1473 1360//1360 1359//1359
f 3929//3929 3930//3930 3931//3931
f 3932//3932 3933//3933 3934//3934
f 3934//3934 3935//3935 3936//3936
f 1654//1654 899//899 2679//2679
f 3937//3937 3938//3938 3939//3939
f 3940//3940 3941//3941 3942//3942
f 3943//3943 3944//3944 3941//3941
f 1798//1798 1491//1491 1810//1810
f 3945//3945 3946//3946 3947//3947
f 3948//3948 846//846 3949//3949
f 3950//3950 3951//3951 3952//3952
f 3772//3772 918//918 2528//2528
f 3953//3953 3954//3954 3947//3947
f 3789//3789 3955//3955 3952//3952
f 3947//3947 3954//3954 3956//3956
f 3957//3957 3955//3955 3958//3958
f 3959//3959 3960//3960 2521//2521
f 3961//3961 3962//3962 914//914
f 3963//3963 3947//3947 3946//3946
f 3964//3964 3948//3948 3965//3965
f 1707//1707 3887//3887 3966//3966
f 1438//1438 1401//1401 1392//1392
f 1491//1491 1490//1490 3773//3773
f 1869//1869 1606//1606 3967//3967
f 3941//3941 3944//3944 3968//3968
f 3969//3969 3970//3970 3971//3971
f 3972//3972 3973//3973 3974//3974
f 3975//3975 3976//3976 3977//3977
f 3978//3978 3979//3979 3980//3980
f 3981//3981 3982//3982 3983//3983
f 3984//3984 3985//3985 3986//3986
f 3987//3987 3988//3988 3989//3989
f 3990//3990 3991//3991 2935//2935
f 3992//3992 3993//3993 3994//3994
f 3941//3941 3968//3968 3995//3995
f 3996//3996 1633//1633 3997//3997
f 3924//3924 1347//1347 1365//1365
f 3998//3998 3999//3999 3943//3943
f 1618//1618 4000//4000 4001//4001
f 4002//4002 4003//4003 3939//3939
f 3989//3989 3982//3982 4004//4004
f 1483//1483 4005//4005 1481//1481
f 3016//3016 3875//3875 3855//3855
f 4006//4006 3938//3938 3937//3937
f 1668//1668 1611//1611 1638//1638
f 2073//2073 3798//3798 2074//2074
f 4006//4006 3937//3937 3932//3932
f 3989//3989 3983//3983 3982//3982
f 4007//4007 4008//4008 4009//4009
f 3989//3989 3935//3935 3987//3987
f 4010//4010 4011//4011 3993//3993
f 4012//4012 2115//2115 4013//4013
f 1798//1798 1810//1810 3926//3926
f 4014//4014 4015//4015 3999//3999
f 4016//4016 3985//3985 3988//3988
f 4017//4017 4018//4018 4009//4009
f 1691//1691 3898//3898 3927//3927
f 3988//3988 3985//3985 3984//3984
f 4019//4019 3977//3977 4020//4020
f 4000//4000 4021//4021 1621//1621
f 3993//3993 3979//3979 4022//4022
f 3969//3969 3936//3936 3935//3935
f 4019//4019 3973//3973 4023//4023
f 4024//4024 3994//3994 4025//4025
f 4026//4026 4027//4027 4028//4028
f 4029//4029 4030//4030 4023//4023
f 3987//3987 3935//3935 3933//3933
f 3971//3971 3970//3970 4004//4004
f 3987//3987 4009//4009 3988//3988
f 4016//4016 4031//4031 3985//3985
f 4032//4032 4017//4017 4003//4003
f 4017//4017 4009//4009 3987//3987
f 4022//4022 3979//3979 3978//3978
f 3995//3995 3968//3968 3980//3980
f 4016//4016 3988//3988 4033//4033
f 4034//4034 4035//4035 4036//4036
f 4017//4017 3987//3987 4003//4003
f 4011//4011 4037//4037 3994//3994
f 3987//3987 3933//3933 3937//3937
f 3934//3934 3936//3936 3932//3932
f 4032//4032 4038//4038 4017//4017
f 3984//3984 3983//3983 3988//3988
f 1127//1127 1148//1148 1712//1712
f 2213//2213 4039//4039 962//962
f 4040//4040 4041//4041 4028//4028
f 4038//4038 4018//4018 4017//4017
f 3986//3986 3983//3983 3984//3984
f 3986//3986 3985//3985 4031//4031
f 4042//4042 4043//4043 4044//4044
f 3828//3828 3827//3827 1817//1817
f 3625//3625 3627//3627 2901//2901
f 4045//4045 4046//4046 4047//4047
f 4048//4048 4049//4049 4050//4050
f 3805//3805 2191//2191 1775//1775
f 1767//1767 3386//3386 1667//1667
f 4051//4051 4048//4048 4052//4052
f 4053//4053 3870//3870 3872//3872
f 1346//1346 1401//1401 1804//1804
f 4005//4005 1418//1418 1481//1481
f 4054//4054 1799//1799 3925//3925
f 4055//4055 1455//1455 1454//1454
f 3924//3924 3923//3923 1453//1453
f 4056//4056 4057//4057 4058//4058
f 4059//4059 4060//4060 4061//4061
f 1375//1375 1383//1383 1283//1283
f 4062//4062 4063//4063 4064//4064
f 3879//3879 1347//1347 1346//1346
f 1342//1342 4065//4065 4066//4066
f 1454//1454 4067//4067 3916//3916
f 4068//4068 4069//4069 1452//1452
f 1451//1451 1463//1463 1460//1460
f 1454//1454 1492//1492 4055//4055
f 4008//4008 4033//4033 4009//4009
f 4070//4070 3926//3926 1809//1809
f 4071//4071 3916//3916 4067//4067
f 4072//4072 4073//4073 4074//4074
f 4075//4075 4076//4076 3897//3897
f 4077//4077 4078//4078 4079//4079
f 4073//4073 4072//4072 4080//4080
f 4081//4081 4068//4068 4082//4082
f 4043//4043 4042//4042 4083//4083
f 3977//3977 3976//3976 4020//4020
f 4084//4084 4028//4028 4083//4083
f 4015//4015 3943//3943 3999//3999
f 4085//4085 4086//4086 4087//4087
f 4040//4040 4028//4028 4084//4084
f 4088//4088 4050//4050 4089//4089
f 3999//3999 4090//4090 4014//4014
f 3979//3979 4091//4091 3980//3980
f 4092//4092 4023//4023 3973//3973
f 4093//4093 4094//4094 3896//3896
f 4092//4092 3972//3972 4093//4093
f 4064//4064 4095//4095 4062//4062
f 3942//3942 4096//4096 3940//3940
f 1462//1462 1478//1478 1460//1460
f 3993//3993 3992//3992 3979//3979
f 4097//4097 4098//4098 4027//4027
f 4099//4099 3872//3872 4024//4024
f 4100//4100 4101//4101 4102//4102
f 4103//4103 4104//4104 4105//4105
f 4099//4099 4106//4106 3872//3872
f 4091//4091 4101//4101 3995//3995
f 4002//4002 4032//4032 4003//4003
f 4107//4107 4108//4108 4109//4109
f 4110//4110 4092//4092 4026//4026
f 3869//3869 4111//4111 3867//3867
f 4112//4112 4113//4113 4114//4114
f 4115//4115 4116//4116 1733//1733
f 4030//4030 3977//3977 4019//4019
f 4027//4027 4026//4026 4097//4097
f 4117//4117 4098//4098 3895//3895
f 3981//3981 3983//3983 3986//3986
f 4004//4004 3970//3970 3989//3989
f 4118//4118 4048//4048 4119//4119
f 3895//3895 4053//4053 4117//4117
f 4025//4025 4044//4044 4024//4024
f 4117//4117 4043//4043 4083//4083
f 3750//3750 1450//1450 1452//1452
f 4100//4100 3995//3995 4101//4101
f 2935//2935 4020//4020 4120//4120
f 1389//1389 4055//4055 4121//4121
f 4019//4019 4020//4020 3973//3973
f 4075//4075 2934//2934 2933//2933
f 3973//3973 4020//4020 3974//3974
f 4094//4094 4075//4075 3896//3896
f 4122//4122 4123//4123 4124//4124
f 4106//4106 4099//4099 4117//4117
f 4090//4090 3940//3940 4096//4096
f 4125//4125 3912//3912 4126//4126
f 4098//4098 4097//4097 4093//4093
f 4122//4122 4107//4107 4127//4127
f 4094//4094 3972//3972 2934//2934
f 3972//3972 4094//4094 4093//4093
f 4080//4080 4128//4128 3867//3867
f 3970//3970 3969//3969 3935//3935
f 3872//3872 3871//3871 3992//3992
f 4128//4128 4080//4080 4072//4072
f 4097//4097 4026//4026 4093//4093
f 4129//4129 4102//4102 4101//4101
f 3998//3998 3940//3940 3999//3999
f 3871//3871 4130//4130 4131//4131
f 2935//2935 3991//3991 2933//2933
f 4043//4043 4099//4099 4024//4024
f 4027//4027 4098//4098 4117//4117
f 4047//4047 4046//4046 4087//4087
f 4094//4094 2934//2934 4075//4075
f 1733//1733 4116//4116 4082//4082
f 3998//3998 3941//3941 3940//3940
f 3940//3940 4090//4090 3999//3999
f 4132//4132 4101//4101 4091//4091
f 3871//3871 4091//4091 3992//3992
f 1375//1375 3921//3921 1383//1383
f 4100//4100 3942//3942 3995//3995
f 4133//4133 4134//4134 4135//4135
f 3387//3387 3825//3825 1680//1680
f 4024//4024 3872//3872 3994//3994
f 4136//4136 4113//4113 4112//4112
f 4134//4134 4052//4052 4135//4135
f 4130//4130 3871//3871 3870//3870
f 4137//4137 4138//4138 4139//4139
f 4012//4012 4140//4140 1775//1775
f 4028//4028 4027//4027 4083//4083
f 3749//3749 4070//4070 1809//1809
f 1360//1360 1473//1473 1472//1472
f 4141//4141 4142//4142 1364//1364
f 1439//1439 1300//1300 1379//1379
f 1797//1797 3907//3907 1491//1491
f 4143//4143 4144//4144 2149//2149
f 4145//4145 2679//2679 4146//4146
f 3773//3773 1490//1490 1488//1488
f 4147//4147 4148//4148 4149//4149
f 3925//3925 4070//4070 3749//3749
f 1667//1667 3881//3881 1665//1665
f 3923//3923 1365//1365 4067//4067
f 1726//1726 1727//1727 1842//1842
f 4150//4150 4126//4126 1797//1797
f 3925//3925 3749//3749 4054//4054
f 3626//3626 3625//3625 2900//2900
f 1377//1377 1356//1356 1358//1358
f 1455//1455 4151//4151 1446//1446
f 1365//1365 1364//1364 4142//4142
f 1345//1345 1453//1453 4152//4152
f 4053//4053 4106//4106 4117//4117
f 4091//4091 4131//4131 4132//4132
f 3915//3915 4064//4064 3893//3893
f 3996//3996 1634//1634 1633//1633
f 4153//4153 1586//1586 1693//1693
f 1347//1347 1726//1726 3906//3906
f 1494//1494 4154//4154 4155//4155
f 1479//1479 4156//4156 4157//4157
f 4131//4131 4129//4129 4132//4132
f 3887//3887 1707//1707 1696//1696
f 1798//1798 3926//3926 1799//1799
f 4068//4068 1734//1734 4082//4082
f 928//928 927//927 2534//2534
f 1492//1492 4121//4121 4055//4055
f 1798//1798 1797//1797 1491//1491
f 4121//4121 2116//2116 1981//1981
f 3749//3749 4158//4158 4086//4086
f 4128//4128 3868//3868 3867//3867
f 1345//1345 4152//4152 1368//1368
f 3917//3917 3916//3916 4159//4159
f 4052//4052 4048//4048 4118//4118
f 1461//1461 1463//1463 1475//1475
f 1597//1597 4160//4160 3889//3889
f 1452//1452 1460//1460 1734//1734
f 1451//1451 1450//1450 1809//1809
f 4046//4046 4045//4045 4081//4081
f 1419//1419 1413//1413 1251//1251
f 4161//4161 1830//1830 1254//1254
f 1742//1742 4162//4162 1315//1315
f 1186//1186 4163//4163 4164//4164
f 1238//1238 4165//4165 4166//4166
f 1100//1100 4167//4167 3796//3796
f 4168//4168 4169//4169 4170//4170
f 1236//1236 4171//4171 4172//4172
f 3060//3060 3057//3057 2642//2642
f 2213//2213 4173//4173 4039//4039
f 2213//2213 2212//2212 3379//3379
f 357//357 730//730 2224//2224
f 4156//4156 4174//4174 4157//4157
f 4005//4005 1419//1419 1418//1418
f 1481//1481 1418//1418 1489//1489
f 3916//3916 3915//3915 1492//1492
f 1455//1455 4055//4055 4151//4151
f 4175//4175 4138//4138 4137//4137
f 1479//1479 4157//4157 4115//4115
f 4176//4176 4177//4177 1816//1816
f 1202//1202 1204//1204 1120//1120
f 855//855 4178//4178 4179//4179
f 4125//4125 4126//4126 4150//4150
f 4180//4180 3863//3863 901//901
f 3856//3856 1999//1999 3857//3857
f 4126//4126 3907//3907 1797//1797
f 4175//4175 3861//3861 4181//4181
f 1954//1954 1723//1723 1772//1772
f 1382//1382 4182//4182 1383//1383
f 3118//3118 3223//3223 1139//1139
f 4183//4183 4184//4184 941//941
f 4185//4185 2114//2114 1774//1774
f 4186//4186 1708//1708 1707//1707
f 1689//1689 1842//1842 1690//1690
f 1399//1399 1398//1398 3774//3774
f 4187//4187 4188//4188 1649//1649
f 1596//1596 1595//1595 1828//1828
f 2899//2899 2901//2901 4189//4189
f 1766//1766 2120//2120 2210//2210
f 4160//4160 1707//1707 3627//3627
f 1340//1340 1339//1339 4190//4190
f 2901//2901 4148//4148 4189//4189
f 4160//4160 3627//3627 4191//4191
f 3966//3966 3887//3887 4190//4190
f 4166//4166 4077//4077 4192//4192
f 1681//1681 1672//1672 4193//4193
f 4077//4077 4194//4194 4078//4078
f 1804//1804 3898//3898 1690//1690
f 977//977 979//979 4195//4195
f 4193//4193 1704//1704 1681//1681
f 3775//3775 1438//1438 1436//1436
f 4196//4196 4147//4147 1259//1259
f 1711//1711 3889//3889 1709//1709
f 4147//4147 4197//4197 4148//4148
f 4198//4198 4199//4199 4200//4200
f 4053//4053 4201//4201 3870//3870
f 4202//4202 4201//4201 3895//3895
f 1486//1486 3907//3907 1484//1484
f 3869//3869 3868//3868 4133//4133
f 1342//1342 4194//4194 4065//4065
f 1339//1339 3966//3966 4190//4190
f 3893//3893 1493//1493 1492//1492
f 1378//1378 1367//1367 1356//1356
f 3912//3912 4125//4125 4203//4203
f 2116//2116 4121//4121 1494//1494
f 4154//4154 1494//1494 1493//1493
f 4155//4155 4154//4154 3894//3894
f 1493//1493 3894//3894 4154//4154
f 4107//4107 4122//4122 4124//4124
f 1981//1981 1442//1442 4156//4156
f 4109//4109 4204//4204 4107//4107
f 4073//4073 4205//4205 4074//4074
f 1440//1440 2116//2116 4155//4155
f 3942//3942 4100//4100 4206//4206
f 4101//4101 4132//4132 4129//4129
f 1476//1476 1463//1463 1451//1451
f 4141//4141 1364//1364 3906//3906
f 1384//1384 3753//3753 3755//3755
f 1702//1702 1827//1827 1703//1703
f 4064//4064 3915//3915 3917//3917
f 4207//4207 4208//4208 4209//4209
f 4045//4045 4047//4047 4210//4210
f 4211//4211 4170//4170 4212//4212
f 1704//1704 4193//4193 1705//1705
f 2190//2190 1850//1850 3745//3745
f 3871//3871 4131//4131 4091//4091
f 3749//3749 4210//4210 4158//4158
f 4213//4213 4085//4085 4087//4087
f 4029//4029 4023//4023 4092//4092
f 4072//4072 4074//4074 4214//4214
f 3917//3917 4159//4159 4095//4095
f 4045//4045 4069//4069 4068//4068
f 4215//4215 1343//1343 1342//1342
f 1390//1390 1478//1478 1462//1462
f 4046//4046 4213//4213 4087//4087
f 4216//4216 1223//1223 1228//1228
f 1211//1211 1281//1281 4217//4217
f 2513//2513 4218//4218 848//848
f 4219//4219 4220//4220 4221//4221
f 707//707 708//708 755//755
f 1410//1410 1335//1335 1334//1334
f 1283//1283 1340//1340 1375//1375
f 3738//3738 1259//1259 4222//4222
f 4223//4223 1227//1227 3676//3676
f 4224//4224 4225//4225 4226//4226
f 1287//1287 1286//1286 1408//1408
f 1120//1120 1204//1204 1121//1121
f 4227//4227 4228//4228 4229//4229
f 1552//1552 1290//1290 4230//4230
f 4231//4231 4232//4232 1282//1282
f 692//692 4233//4233 708//708
f 4234//4234 4235//4235 4236//4236
f 4058//4058 2356//2356 2355//2355
f 4237//4237 4238//4238 4239//4239
f 4240//4240 4241//4241 4242//4242
f 4243//4243 4244//4244 4245//4245
f 4246//4246 4144//4144 4143//4143
f 4247//4247 4248//4248 3848//3848
f 4249//4249 4250//4250 3267//3267
f 4251//4251 4252//4252 4253//4253
f 4250//4250 4249//4249 4254//4254
f 4255//4255 4254//4254 4256//4256
f 4257//4257 2951//2951 4258//4258
f 4259//4259 3059//3059 4260//4260
f 4261//4261 4262//4262 4263//4263
f 4250//4250 4264//4264 4265//4265
f 4266//4266 1063//1063 2894//2894
f 2457//2457 4267//4267 2458//2458
f 4268//4268 2427//2427 4269//4269
f 3909//3909 818//818 4270//4270
f 1157//1157 1159//1159 4271//4271
f 4272//4272 1758//1758 4273//4273
f 187//187 186//186 183//183
f 1204//1204 2171//2171 4274//4274
f 4275//4275 1408//1408 1286//1286
f 4276//4276 4144//4144 4246//4246
f 1258//1258 1322//1322 1276//1276
f 1258//1258 4277//4277 4196//4196
f 4278//4278 4279//4279 4280//4280
f 2392//2392 4281//4281 4282//4282
f 4282//4282 4279//4279 2392//2392
f 4283//4283 4284//4284 4285//4285
f 4286//4286 4287//4287 4288//4288
f 2352//2352 4056//4056 4289//4289
f 1558//1558 2148//2148 2150//2150
f 4290//4290 4291//4291 2357//2357
f 3492//3492 4292//4292 3493//3493
f 4293//4293 4294//4294 4295//4295
f 4296//4296 4297//4297 4298//4298
f 4299//4299 4249//4249 3267//3267
f 2150//2150 4300//4300 3882//3882
f 4301//4301 4302//4302 4303//4303
f 2850//2850 2249//2249 2331//2331
f 4304//4304 4305//4305 4303//4303
f 4306//4306 3266//3266 4307//4307
f 4308//4308 4309//4309 4310//4310
f 4311//4311 4312//4312 4313//4313
f 3914//3914 4314//4314 4315//4315
f 4316//4316 4317//4317 4318//4318
f 4319//4319 4320//4320 4251//4251
f 4321//4321 4290//4290 2357//2357
f 4144//4144 4276//4276 4322//4322
f 4323//4323 4324//4324 4325//4325
f 3268//3268 4326//4326 4307//4307
f 1845//1845 4327//4327 4328//4328
f 4329//4329 4330//4330 4319//4319
f 1222//1222 789//789 4331//4331
f 1685//1685 1511//1511 1174//1174
f 4332//4332 4333//4333 2225//2225
f 4334//4334 2155//2155 4335//4335
f 4336//4336 4337//4337 4249//4249
f 4338//4338 4339//4339 4340//4340
f 4341//4341 4342//4342 1675//1675
f 1227//1227 4343//4343 1228//1228
f 2358//2358 3035//3035 2806//2806
f 1812//1812 1089//1089 1002//1002
f 3851//3851 1248//1248 1247//1247
f 2356//2356 4058//4058 4344//4344
f 3487//3487 4345//4345 3904//3904
f 4346//4346 3718//3718 4347//4347
f 4348//4348 3223//3223 3890//3890
f 4349//4349 4350//4350 4296//4296
f 4351//4351 4352//4352 4353//4353
f 4354//4354 4355//4355 4356//4356
f 4357//4357 4358//4358 4359//4359
f 4359//4359 4360//4360 4357//4357
f 4361//4361 4362//4362 4363//4363
f 4364//4364 4365//4365 4366//4366
f 4363//4363 4362//4362 4367//4367
f 4368//4368 4369//4369 4370//4370
f 4371//4371 4372//4372 4373//4373
f 4362//4362 4371//4371 4367//4367
f 1628//1628 4374//4374 1629//1629
f 4375//4375 2354//2354 4376//4376
f 4377//4377 4378//4378 4379//4379
f 4380//4380 4381//4381 4382//4382
f 4383//4383 4384//4384 4385//4385
f 4365//4365 4386//4386 4366//4366
f 4387//4387 4388//4388 4379//4379
f 4389//4389 4390//4390 4391//4391
f 4385//4385 4362//4362 4392//4392
f 4391//4391 4366//4366 4386//4386
f 4390//4390 4385//4385 4392//4392
f 4367//4367 4373//4373 4393//4393
f 4394//4394 2356//2356 4344//4344
f 4373//4373 4395//4395 4393//4393
f 4396//4396 4397//4397 4398//4398
f 4384//4384 4383//4383 4399//4399
f 4369//4369 4400//4400 4401//4401
f 4402//4402 4403//4403 4404//4404
f 4368//4368 4403//4403 4402//4402
f 4364//4364 4405//4405 4406//4406
f 4407//4407 4404//4404 4403//4403
f 4407//4407 4408//4408 4396//4396
f 4399//4399 4383//4383 4409//4409
f 4410//4410 4401//4401 4411//4411
f 4404//4404 4407//4407 4412//4412
f 4392//4392 4366//4366 4391//4391
f 4357//4357 4362//4362 4358//4358
f 4387//4387 4379//4379 4378//4378
f 4385//4385 4384//4384 4413//4413
f 4354//4354 4414//4414 4415//4415
f 4413//4413 4384//4384 4416//4416
f 4399//4399 4417//4417 4384//4384
f 4418//4418 4397//4397 4354//4354
f 4416//4416 4384//4384 4417//4417
f 4419//4419 4420//4420 4421//4421
f 4405//4405 4360//4360 4406//4406
f 4392//4392 4405//4405 4366//4366
f 4367//4367 4361//4361 4363//4363
f 4362//4362 4361//4361 4358//4358
f 4422//4422 4370//4370 4369//4369
f 4388//4388 4387//4387 4423//4423
f 4383//4383 4424//4424 4409//4409
f 4389//4389 4425//4425 4390//4390
f 4426//4426 4427//4427 4428//4428
f 3774//3774 1397//1397 1418//1418
f 4373//4373 4372//4372 4395//4395
f 4424//4424 4383//4383 4390//4390
f 4429//4429 4283//4283 4430//4430
f 4431//4431 215//215 4432//4432
f 4433//4433 4434//4434 4435//4435
f 75//75 149//149 71//71
f 3482//3482 3481//3481 2791//2791
f 4436//4436 4437//4437 4438//4438
f 4429//4429 2354//2354 2353//2353
f 4439//4439 4440//4440 3736//3736
f 4240//4240 4335//4335 2857//2857
f 4436//4436 4441//4441 4442//4442
f 4443//4443 4299//4299 3266//3266
f 4444//4444 4445//4445 4446//4446
f 4447//4447 4448//4448 4449//4449
f 4450//4450 4451//4451 4452//4452
f 3735//3735 225//225 4453//4453
f 4454//4454 4453//4453 4455//4455
f 4454//4454 3735//3735 4453//4453
f 4456//4456 3735//3735 4454//4454
f 4457//4457 4458//4458 4459//4459
f 1338//1338 247//247 127//127
f 3780//3780 1187//1187 2329//2329
f 4460//4460 4461//4461 4456//4456
f 4462//4462 4463//4463 4464//4464
f 4465//4465 3736//3736 4440//4440
f 4466//4466 4467//4467 4445//4445
f 4467//4467 4468//4468 4469//4469
f 4470//4470 4471//4471 4472//4472
f 4473//4473 4474//4474 4475//4475
f 4476//4476 4477//4477 4435//4435
f 4439//4439 4478//4478 4479//4479
f 4478//4478 4439//4439 4461//4461
f 4480//4480 4481//4481 4482//4482
f 4476//4476 4467//4467 4483//4483
f 4475//4475 4468//4468 4467//4467
f 4484//4484 4470//4470 4479//4479
f 4473//4473 4475//4475 4476//4476
f 4479//4479 4478//4478 4485//4485
f 4461//4461 4460//4460 4486//4486
f 4487//4487 4488//4488 4489//4489
f 4490//4490 4456//4456 4454//4454
f 4491//4491 4492//4492 4434//4434
f 4299//4299 4493//4493 4494//4494
f 4484//4484 4495//4495 4471//4471
f 4496//4496 1383//1383 3921//3921
f 4497//4497 4498//4498 4477//4477
f 4499//4499 2426//2426 2425//2425
f 4500//4500 4501//4501 4502//4502
f 4503//4503 4499//4499 2425//2425
f 4470//4470 4440//4440 4479//4479
f 4482//4482 4504//4504 4505//4505
f 4471//4471 4470//4470 4484//4484
f 3736//3736 4461//4461 4439//4439
f 4506//4506 4478//4478 4507//4507
f 4508//4508 4507//4507 4486//4486
f 4442//4442 4441//4441 2426//2426
f 4486//4486 4460//4460 4509//4509
f 4510//4510 4511//4511 4512//4512
f 2354//2354 4513//4513 4514//4514
f 4515//4515 4516//4516 4517//4517
f 248//248 3180//3180 2938//2938
f 4518//4518 4514//4514 4519//4519
f 4441//4441 4298//4298 4297//4297
f 4520//4520 1176//1176 4521//4521
f 4522//4522 4523//4523 4524//4524
f 4525//4525 4526//4526 4527//4527
f 2425//2425 4525//4525 4527//4527
f 2153//2153 2386//2386 1190//1190
f 4528//4528 4529//4529 4530//4530
f 4531//4531 4376//4376 4514//4514
f 4532//4532 4533//4533 4534//4534
f 4375//4375 4376//4376 4489//4489
f 1223//1223 4216//4216 789//789
f 4319//4319 4251//4251 4329//4329
f 4249//4249 4337//4337 4535//4535
f 4320//4320 4536//4536 4252//4252
f 4537//4537 4538//4538 4539//4539
f 3610//3610 4540//4540 4541//4541
f 4542//4542 242//242 4538//4538
f 4543//4543 4544//4544 4545//4545
f 4546//4546 4547//4547 4548//4548
f 4549//4549 4550//4550 4551//4551
f 4552//4552 4553//4553 4554//4554
f 4381//4381 4555//4555 1111//1111
f 237//237 61//61 1144//1144
f 4556//4556 1515//1515 4557//4557
f 4558//4558 850//850 4559//4559
f 1411//1411 4560//4560 212//212
f 4561//4561 4562//4562 4243//4243
f 4546//4546 4563//4563 4564//4564
f 4565//4565 4566//4566 4567//4567
f 4568//4568 4288//4288 4551//4551
f 4345//4345 4241//4241 4240//4240
f 851//851 4569//4569 4570//4570
f 3254//3254 1918//1918 30//30
f 1824//1824 1823//1823 3864//3864
f 4431//4431 4143//4143 215//215
f 4571//4571 4572//4572 4573//4573
f 4574//4574 4575//4575 4576//4576
f 3804//3804 4577//4577 3901//3901
f 4533//4533 4532//4532 4578//4578
f 4579//4579 4569//4569 850//850
f 4580//4580 1582//1582 4569//4569
f 4581//4581 4582//4582 4583//4583
f 1246//1246 4584//4584 4585//4585
f 4586//4586 4382//4382 4587//4587
f 4588//4588 1239//1239 4589//4589
f 4590//4590 4591//4591 4561//4561
f 4592//4592 4593//4593 1311//1311
f 4594//4594 971//971 1109//1109
f 4265//4265 4557//4557 3267//3267
f 4595//4595 4596//4596 4278//4278
f 4349//4349 4438//4438 4235//4235
f 4597//4597 4575//4575 4540//4540
f 4598//4598 4599//4599 4600//4600
f 4601//4601 4602//4602 4256//4256
f 970//970 4287//4287 971//971
f 4541//4541 4575//4575 4574//4574
f 4603//4603 4573//4573 4604//4604
f 4605//4605 4606//4606 4601//4601
f 30//30 3248//3248 3254//3254
f 4607//4607 4550//4550 4608//4608
f 4609//4609 4590//4590 4607//4607
f 4591//4591 4610//4610 4561//4561
f 4611//4611 4612//4612 4613//4613
f 4614//4614 4615//4615 4616//4616
f 4617//4617 4618//4618 1310//1310
f 4619//4619 1109//1109 1111//1111
f 4382//4382 1312//1312 4587//4587
f 4324//4324 4620//4620 4325//4325
f 3252//3252 4621//4621 3253//3253
f 970//970 4228//4228 4551//4551
f 4562//4562 4561//4561 4610//4610
f 4622//4622 4623//4623 4624//4624
f 4625//4625 4626//4626 4627//4627
f 4628//4628 4629//4629 4324//4324
f 4593//4593 4630//4630 4631//4631
f 4632//4632 4633//4633 4634//4634
f 4635//4635 4636//4636 4637//4637
f 1918//1918 3254//3254 3253//3253
f 4638//4638 4243//4243 4245//4245
f 4639//4639 4640//4640 4268//4268
f 4609//4609 4641//4641 4590//4590
f 4642//4642 4643//4643 4644//4644
f 4645//4645 4608//4608 4227//4227
f 21//21 4646//4646 3//3
f 1311//1311 1310//1310 2636//2636
f 4643//4643 3728//3728 3739//3739
f 4518//4518 4647//4647 4648//4648
f 4550//4550 4549//4549 4608//4608
f 2306//2306 2305//2305 897//897
f 4522//4522 4649//4649 4650//4650
f 4651//4651 4652//4652 4653//4653
f 4321//4321 4654//4654 4655//4655
f 130//130 2891//2891 3177//3177
f 4656//4656 4657//4657 4613//4613
f 4649//4649 4522//4522 4524//4524
f 4658//4658 4060//4060 4604//4604
f 4382//4382 4659//4659 4380//4380
f 4623//4623 4618//4618 4660//4660
f 4342//4342 4661//4661 1675//1675
f 4662//4662 4663//4663 4664//4664
f 4665//4665 3690//3690 4666//4666
f 4582//4582 4667//4667 4625//4625
f 1324//1324 1325//1325 719//719
f 4308//4308 4648//4648 4668//4668
f 971//971 4286//4286 4618//4618
f 4669//4669 4583//4583 4582//4582
f 4670//4670 4671//4671 4324//4324
f 4672//4672 4673//4673 4568//4568
f 4674//4674 4229//4229 4228//4228
f 4675//4675 4676//4676 4677//4677
f 4322//4322 4300//4300 2150//2150
f 106//106 1205//1205 1279//1279
f 789//789 1222//1222 1223//1223
f 3055//3055 2448//2448 3838//3838
f 2853//2853 4678//4678 2854//2854
f 1845//1845 1847//1847 4327//4327
f 4545//4545 4679//4679 4543//4543
f 1674//1674 1673//1673 4680//4680
f 4615//4615 4568//4568 4616//4616
f 242//242 4567//4567 4539//4539
f 4587//4587 4681//4681 4631//4631
f 4682//4682 4683//4683 4684//4684
f 4685//4685 4686//4686 4687//4687
f 4279//4279 4282//4282 4280//4280
f 4688//4688 4689//4689 4690//4690
f 4287//4287 4551//4551 4288//4288
f 4565//4565 4691//4691 4325//4325
f 4539//4539 4567//4567 4566//4566
f 4611//4611 4649//4649 4612//4612
f 4447//4447 4692//4692 4693//4693
f 4612//4612 4524//4524 4694//4694
f 4695//4695 4696//4696 4602//4602
f 2773//2773 1572//1572 3191//3191
f 4657//4657 4697//4697 4613//4613
f 4698//4698 4699//4699 4700//4700
f 4700//4700 4699//4699 4701//4701
f 4225//4225 4224//4224 1563//1563
f 4613//4613 4697//4697 4702//4702
f 4703//4703 4650//4650 4649//4649
f 4649//4649 4524//4524 4612//4612
f 4633//4633 4632//4632 1562//1562
f 4523//4523 4522//4522 4704//4704
f 4523//4523 4657//4657 4705//4705
f 4296//4296 4350//4350 4706//4706
f 200//200 201//201 2637//2637
f 4707//4707 4708//4708 4700//4700
f 4709//4709 4710//4710 4711//4711
f 4712//4712 4324//4324 4671//4671
f 4707//4707 4700//4700 4713//4713
f 4617//4617 1312//1312 4381//4381
f 4701//4701 4699//4699 4576//4576
f 4597//4597 4695//4695 4714//4714
f 4611//4611 4703//4703 4649//4649
f 4694//4694 4705//4705 4612//4612
f 4715//4715 4696//4696 4695//4695
f 4716//4716 4717//4717 4602//4602
f 4718//4718 4503//4503 4376//4376
f 4719//4719 4652//4652 4651//4651
f 4720//4720 4716//4716 4602//4602
f 4547//4547 4564//4564 4548//4548
f 4657//4657 4656//4656 4705//4705
f 4605//4605 4707//4707 4606//4606
f 44//44 20//20 37//37
f 4721//4721 4574//4574 4699//4699
f 4722//4722 4723//4723 4058//4058
f 4394//4394 4639//4639 4321//4321
f 4724//4724 2924//2924 3214//3214
f 2353//2353 4284//4284 4429//4429
f 4725//4725 4726//4726 3759//3759
f 4644//4644 4727//4727 4257//4257
f 3266//3266 4306//4306 4728//4728
f 3820//3820 4729//4729 4730//4730
f 4566//4566 4565//4565 4325//4325
f 3910//3910 3886//3886 4731//4731
f 4620//4620 4566//4566 4325//4325
f 3613//3613 4215//4215 3884//3884
f 4211//4211 1237//1237 4170//4170
f 4566//4566 4620//4620 4539//4539
f 2448//2448 4732//4732 1931//1931
f 4733//4733 4734//4734 4735//4735
f 4736//4736 4732//4732 2448//2448
f 3837//3837 2305//2305 3833//3833
f 4737//4737 191//191 193//193
f 193//193 215//215 4328//4328
f 3610//3610 4652//4652 4719//4719
f 3838//3838 3833//3833 3055//3055
f 4319//4319 2357//2357 4291//4291
f 241//241 4567//4567 242//242
f 3837//3837 898//898 897//897
f 191//191 4679//4679 188//188
f 4324//4324 4629//4629 4670//4670
f 4738//4738 4551//4551 4550//4550
f 2447//2447 166//166 2448//2448
f 2448//2448 166//166 4736//4736
f 4739//4739 4306//4306 4740//4740
f 4596//4596 4740//4740 4307//4307
f 4261//4261 4741//4741 4742//4742
f 4628//4628 4323//4323 4679//4679
f 972//972 971//971 4594//4594
f 4432//4432 213//213 212//212
f 824//824 4743//4743 4744//4744
f 191//191 4737//4737 4679//4679
f 4698//4698 4745//4745 4699//4699
f 4557//4557 1515//1515 2392//2392
f 4476//4476 4483//4483 4502//4502
f 4598//4598 4600//4600 4746//4746
f 4347//4347 3718//3718 3717//3717
f 4686//4686 4747//4747 4748//4748
f 3177//3177 1338//1338 127//127
f 4699//4699 4745//4745 4634//4634
f 4749//4749 4750//4750 4751//4751
f 4633//4633 4541//4541 4634//4634
f 4540//4540 4575//4575 4541//4541
f 4324//4324 4323//4323 4628//4628
f 4752//4752 4753//4753 4754//4754
f 4747//4747 4751//4751 4755//4755
f 4748//4748 4756//4756 4686//4686
f 4757//4757 4758//4758 4315//4315
f 4759//4759 4760//4760 4464//4464
f 4575//4575 4597//4597 4714//4714
f 4712//4712 4620//4620 4324//4324
f 4637//4637 4636//4636 4433//4433
f 4671//4671 4670//4670 4761//4761
f 4446//4446 4762//4762 4444//4444
f 4763//4763 4764//4764 4765//4765
f 4466//4466 4483//4483 4467//4467
f 4766//4766 4767//4767 4768//4768
f 2299//2299 2320//2320 4769//4769
f 4240//4240 2320//2320 4770//4770
f 4306//4306 4739//4739 4728//4728
f 4318//4318 2133//2133 4771//4771
f 1337//1337 897//897 896//896
f 1187//1187 3780//3780 1191//1191
f 130//130 3177//3177 127//127
f 4751//4751 4747//4747 4685//4685
f 4772//4772 2239//2239 4348//4348
f 4713//4713 4606//4606 4707//4707
f 3610//3610 4773//4773 1528//1528
f 4550//4550 4607//4607 4616//4616
f 1931//1931 4732//4732 4736//4736
f 614//614 3189//3189 2891//2891
f 4774//4774 4775//4775 4776//4776
f 1932//1932 1931//1931 4736//4736
f 4302//4302 148//148 119//119
f 2891//2891 2890//2890 2873//2873
f 1338//1338 3177//3177 3178//3178
f 205//205 210//210 3849//3849
f 4777//4777 4778//4778 4258//4258
f 4779//4779 4777//4777 4780//4780
f 4781//4781 4782//4782 4783//4783
f 4294//4294 4293//4293 4784//4784
f 4785//4785 4774//4774 4776//4776
f 4786//4786 4779//4779 4787//4787
f 4788//4788 4789//4789 4790//4790
f 4784//4784 4791//4791 4792//4792
f 4790//4790 4793//4793 4794//4794
f 4795//4795 4796//4796 4797//4797
f 4786//4786 4798//4798 4799//4799
f 4800//4800 4792//4792 4752//4752
f 4654//4654 4801//4801 4655//4655
f 4292//4292 4802//4802 4803//4803
f 4580//4580 4804//4804 4805//4805
f 4278//4278 4280//4280 212//212
f 4806//4806 4807//4807 226//226
f 4481//4481 4807//4807 4515//4515
f 4808//4808 4809//4809 4810//4810
f 1122//1122 4223//4223 3676//3676
f 4535//4535 4337//4337 4811//4811
f 4646//4646 4787//4787 4780//4780
f 4792//4792 4812//4812 4294//4294
f 4517//4517 4468//4468 4504//4504
f 4813//4813 4814//4814 4815//4815
f 4663//4663 4816//4816 4664//4664
f 4721//4721 4634//4634 4541//4541
f 3820//3820 4730//4730 3821//3821
f 3914//3914 2559//2559 4817//4817
f 1528//1528 1530//1530 4652//4652
f 4818//4818 1558//1558 3640//3640
f 4608//4608 4549//4549 4227//4227
f 4768//4768 4819//4819 4672//4672
f 4317//4317 4316//4316 4820//4820
f 4734//4734 4821//4821 4512//4512
f 4612//4612 4705//4705 4656//4656
f 4822//4822 4823//4823 4824//4824
f 4693//4693 4825//4825 4678//4678
f 213//213 1424//1424 214//214
f 4826//4826 4599//4599 4827//4827
f 4828//4828 4516//4516 4829//4829
f 4830//4830 4831//4831 4832//4832
f 4833//4833 4834//4834 4835//4835
f 4494//4494 4336//4336 4249//4249
f 4513//4513 2354//2354 4429//4429
f 2170//2170 2169//2169 3249//3249
f 1390//1390 1981//1981 4156//4156
f 4836//4836 4837//4837 1179//1179
f 4343//4343 4216//4216 1228//1228
f 4838//4838 4839//4839 4840//4840
f 4841//4841 4842//4842 4843//4843
f 2154//2154 2155//2155 4844//4844
f 3787//3787 931//931 1166//1166
f 4845//4845 4579//4579 4558//4558
f 4375//4375 4488//4488 4058//4058
f 4438//4438 4441//4441 4436//4436
f 4846//4846 4847//4847 4709//4709
f 4061//4061 4060//4060 4658//4658
f 4848//4848 4510//4510 4313//4313
f 4849//4849 4850//4850 4851//4851
f 4852//4852 4853//4853 4854//4854
f 1514//1514 1516//1516 1540//1540
f 4855//4855 4856//4856 4857//4857
f 4858//4858 227//227 4807//4807
f 4826//4826 4859//4859 4599//4599
f 1193//1193 4860//4860 1194//1194
f 2385//2385 4161//4161 4861//4861
f 4862//4862 4511//4511 4848//4848
f 4556//4556 1546//1546 1515//1515
f 4236//4236 4863//4863 4234//4234
f 9//9 40//40 39//39
f 4863//4863 4493//4493 4443//4443
f 4864//4864 4865//4865 4754//4754
f 4866//4866 4867//4867 4868//4868
f 4497//4497 4869//4869 4870//4870
f 4791//4791 4753//4753 4752//4752
f 1545//1545 4871//4871 1546//1546
f 4872//4872 4873//4873 4874//4874
f 4875//4875 4792//4792 4800//4800
f 4876//4876 4877//4877 4878//4878
f 4877//4877 4879//4879 4880//4880
f 4881//4881 4295//4295 4882//4882
f 4699//4699 4634//4634 4721//4721
f 4338//4338 4340//4340 4282//4282
f 1530//1530 1546//1546 4653//4653
f 4883//4883 4884//4884 4663//4663
f 4503//4503 2425//2425 4527//4527
f 4885//4885 4659//4659 4382//4382
f 2742//2742 14//14 4886//4886
f 4316//4316 4734//4734 4733//4733
f 1382//1382 3755//3755 4182//4182
f 4887//4887 4888//4888 4798//4798
f 4889//4889 4663//4663 4884//4884
f 4853//4853 4852//4852 4690//4690
f 4890//4890 4529//4529 4528//4528
f 4891//4891 25//25 24//24
f 4892//4892 4893//4893 52//52
f 4894//4894 4895//4895 4528//4528
f 4350//4350 4349//4349 4235//4235
f 1288//1288 1287//1287 1832//1832
f 4529//4529 4896//4896 4897//4897
f 4625//4625 4818//4818 3640//3640
f 4898//4898 4874//4874 4899//4899
f 4280//4280 4340//4340 4900//4900
f 4529//4529 4890//4890 4901//4901
f 4437//4437 4436//4436 4309//4309
f 2552//2552 2551//2551 4902//4902
f 4872//4872 4903//4903 4873//4873
f 4603//4603 3640//3640 875//875
f 892//892 4904//4904 893//893
f 4822//4822 4905//4905 4906//4906
f 1179//1179 4837//4837 2465//2465
f 4907//4907 4908//4908 4909//4909
f 4910//4910 4911//4911 4912//4912
f 996//996 4913//4913 4788//4788
f 4914//4914 4915//4915 4916//4916
f 4917//4917 4918//4918 4919//4919
f 4788//4788 4913//4913 4774//4774
f 4857//4857 4920//4920 4921//4921
f 4918//4918 4917//4917 4922//4922
f 4914//4914 4923//4923 4924//4924
f 4894//4894 4925//4925 4926//4926
f 4755//4755 4750//4750 4847//4847
f 4927//4927 2335//2335 4928//4928
f 2425//2425 2427//2427 4929//4929
f 3739//3739 3130//3130 4727//4727
f 4725//4725 3301//3301 4726//4726
f 4914//4914 4930//4930 4931//4931
f 4932//4932 4933//4933 4934//4934
f 4908//4908 4935//4935 4936//4936
f 4937//4937 4938//4938 4939//4939
f 4048//4048 4051//4051 4049//4049
f 2896//2896 4940//4940 3222//3222
f 4941//4941 4942//4942 4943//4943
f 4775//4775 4774//4774 998//998
f 4678//4678 2853//2853 4944//4944
f 4945//4945 4946//4946 4536//4536
f 2133//2133 4318//4318 4317//4317
f 2131//2131 4317//4317 4448//4448
f 4947//4947 4948//4948 4949//4949
f 31//31 4950//4950 2948//2948
f 4951//4951 2743//2743 4886//4886
f 4905//4905 4822//4822 4848//4848
f 4803//4803 4802//4802 4952//4952
f 4953//4953 4708//4708 4811//4811
f 4746//4746 4845//4845 4059//4059
f 4954//4954 4955//4955 4887//4887
f 4339//4339 4338//4338 4276//4276
f 4709//4709 4847//4847 4749//4749
f 4305//4305 4269//4269 4296//4296
f 4956//4956 3201//3201 17//17
f 39//39 40//40 50//50
f 24//24 4957//4957 4891//4891
f 4688//4688 4958//4958 2855//2855
f 4959//4959 4960//4960 4497//4497
f 4865//4865 4961//4961 4962//4962
f 4963//4963 4809//4809 4964//4964
f 1193//1193 3481//3481 4315//4315
f 851//851 4965//4965 4966//4966
f 3704//3704 4967//4967 4968//4968
f 4234//4234 4728//4728 4301//4301
f 4969//4969 4822//4822 4906//4906
f 4970//4970 4905//4905 4848//4848
f 4955//4955 4954//4954 4971//4971
f 4967//4967 4868//4868 4842//4842
f 4958//4958 2853//2853 2855//2855
f 4825//4825 4972//4972 4940//4940
f 4316//4316 4733//4733 4820//4820
f 4714//4714 4717//4717 4576//4576
f 1846//1846 2148//2148 4667//4667
f 4779//4779 4973//4973 4778//4778
f 4897//4897 4896//4896 4974//4974
f 3760//3760 3759//3759 4726//4726
f 1503//1503 4104//4104 3801//3801
f 4975//4975 4864//4864 4754//4754
f 4976//4976 4958//4958 4688//4688
f 4729//4729 4977//4977 166//166
f 4978//4978 4831//4831 4979//4979
f 4896//4896 4901//4901 4980//4980
f 4974//4974 4981//4981 4897//4897
f 4787//4787 4646//4646 4982//4982
f 4963//4963 4964//4964 4983//4983
f 4984//4984 4978//4978 4985//4985
f 3704//3704 4986//4986 4771//4771
f 4987//4987 4815//4815 4814//4814
f 2773//2773 3191//3191 2306//2306
f 4690//4690 4683//4683 4988//4988
f 4873//4873 4903//4903 4554//4554
f 4263//4263 4239//4239 4238//4238
f 2132//2132 4989//4989 3704//3704
f 993//993 961//961 960//960
f 997//997 996//996 4990//4990
f 4787//4787 4982//4982 4786//4786
f 24//24 4987//4987 4991//4991
f 4790//4790 4789//4789 4793//4793
f 4312//4312 4311//4311 4771//4771
f 4539//4539 4712//4712 4992//4992
f 4585//4585 4993//4993 4994//4994
f 3130//3130 2951//2951 4727//4727
f 4896//4896 4980//4980 4974//4974
f 188//188 187//187 191//191
f 2385//2385 4861//4861 4995//4995
f 4887//4887 4955//4955 4888//4888
f 1179//1179 1178//1178 4996//4996
f 2786//2786 188//188 4691//4691
f 4812//4812 4882//4882 4294//4294
f 4978//4978 4979//4979 4954//4954
f 4633//4633 1561//1561 4541//4541
f 4978//4978 4954//4954 4985//4985
f 4997//4997 4808//4808 4998//4998
f 4973//4973 4257//4257 4778//4778
f 4971//4971 4642//4642 4644//4644
f 4265//4265 4653//4653 4556//4556
f 4865//4865 4962//4962 4754//4754
f 4925//4925 4894//4894 4999//4999
f 793//793 4959//4959 791//791
f 4735//4735 4512//4512 5000//5000
f 885//885 884//884 3796//3796
f 4960//4960 793//793 4433//4433
f 5001//5001 5002//5002 5003//5003
f 3197//3197 3729//3729 3072//3072
f 5004//5004 4682//4682 4684//4684
f 5005//5005 4789//4789 4785//4785
f 4956//4956 17//17 37//37
f 2457//2457 1194//1194 5006//5006
f 1412//1412 599//599 1411//1411
f 5007//5007 5008//5008 5009//5009
f 4793//4793 5005//5005 16//16
f 14//14 16//16 4886//4886
f 4847//4847 4846//4846 4755//4755
f 44//44 36//36 39//39
f 4683//4683 4690//4690 4852//4852
f 4882//4882 4295//4295 4294//4294
f 4984//4984 4832//4832 4831//4831
f 4854//4854 4853//4853 5010//5010
f 2147//2147 3484//3484 5011//5011
f 5010//5010 4690//4690 4689//4689
f 4864//4864 4662//4662 4865//4865
f 4846//4846 5012//5012 4755//4755
f 4983//4983 4851//4851 4963//4963
f 4434//4434 4433//4433 4636//4636
f 4988//4988 4683//4683 4682//4682
f 5013//5013 5012//5012 4846//4846
f 4815//4815 4987//4987 5014//5014
f 4982//4982 4798//4798 4786//4786
f 40//40 1//1 4258//4258
f 4790//4790 5015//5015 5016//5016
f 4853//4853 4690//4690 5010//5010
f 4829//4829 5017//5017 4457//4457
f 4963//4963 4810//4810 4809//4809
f 4434//4434 4636//4636 4491//4491
f 793//793 4637//4637 4433//4433
f 5018//5018 4442//4442 4499//4499
f 5019//5019 4801//4801 4537//4537
f 4719//4719 4597//4597 4540//4540
f 4255//4255 4256//4256 4696//4696
f 5020//5020 5021//5021 5022//5022
f 3171//3171 4783//4783 4782//4782
f 4506//4506 5023//5023 4485//4485
f 2869//2869 5024//5024 166//166
f 166//166 2447//2447 167//167
f 183//183 192//192 191//191
f 243//243 2773//2773 2306//2306
f 4977//4977 4736//4736 166//166
f 996//996 4788//4788 5016//5016
f 3820//3820 4736//4736 4977//4977
f 5025//5025 4322//4322 4338//4338
f 4986//4986 4312//4312 4771//4771
f 4282//4282 4281//4281 3883//3883
f 4338//4338 4282//4282 5025//5025
f 3487//3487 5026//5026 5027//5027
f 2347//2347 2315//2315 2317//2317
f 5028//5028 1409//1409 4275//4275
f 4326//4326 2392//2392 4278//4278
f 2148//2148 1558//1558 4818//4818
f 4574//4574 4576//4576 4699//4699
f 4719//4719 4651//4651 4715//4715
f 4246//4246 4339//4339 4276//4276
f 5029//5029 4507//4507 5030//5030
f 4595//4595 4278//4278 212//212
f 4538//4538 4537//4537 4542//4542
f 1838//1838 4343//4343 4223//4223
f 4431//4431 4246//4246 4143//4143
f 4432//4432 212//212 4900//4900
f 4503//4503 4718//4718 4499//4499
f 4900//4900 212//212 4280//4280
f 4504//4504 4474//4474 4505//4505
f 4430//4430 5031//5031 5032//5032
f 4714//4714 4695//4695 4717//4717
f 4801//4801 5019//5019 4945//4945
f 4818//4818 4625//4625 4667//4667
f 1267//1267 4182//4182 5002//5002
f 4841//4841 5033//5033 4842//4842
f 4945//4945 4655//4655 4801//4801
f 4718//4718 5018//5018 4499//4499
f 4596//4596 4595//4595 4560//4560
f 1029//1029 4195//4195 1017//1017
f 1555//1555 4947//4947 5034//5034
f 4061//4061 4658//4658 4598//4598
f 4869//4869 5035//5035 5036//5036
f 1509//1509 1183//1183 2328//2328
f 1908//1908 4105//4105 5037//5037
f 3//3 4777//4777 4258//4258
f 1918//1918 1919//1919 3015//3015
f 5038//5038 5039//5039 2742//2742
f 4621//4621 5039//5039 5038//5038
f 14//14 2742//2742 5039//5039
f 3015//3015 31//31 30//30
f 31//31 3015//3015 3247//3247
f 16//16 4785//4785 4886//4886
f 3253//3253 4621//4621 5038//5038
f 13//13 12//12 2744//2744
f 5038//5038 11//11 3253//3253
f 5040//5040 4797//4797 3778//3778
f 4295//4295 5041//5041 5042//5042
f 4536//4536 4320//4320 4945//4945
f 4375//4375 4489//4489 4488//4488
f 5029//5029 5023//5023 4506//4506
f 4491//4491 5043//5043 5044//5044
f 5045//5045 4491//4491 4635//4635
f 4654//4654 4268//4268 4542//4542
f 4491//4491 5045//5045 5043//5043
f 4694//4694 4523//4523 4705//4705
f 5020//5020 5022//5022 5046//5046
f 4946//4946 5019//5019 4992//4992
f 5047//5047 4509//4509 4460//4460
f 4977//4977 4729//4729 3820//3820
f 4477//4477 4498//4498 4435//4435
f 4330//4330 4329//4329 4879//4879
f 849//849 4966//4966 5048//5048
f 4066//4066 4065//4065 4211//4211
f 251//251 618//618 146//146
f 5049//5049 5050//5050 4480//4480
f 4328//4328 4327//4327 4737//4737
f 5051//5051 227//227 4858//4858
f 3735//3735 4456//4456 4461//4461
f 4516//4516 4515//4515 5052//5052
f 4291//4291 4945//4945 4320//4320
f 4455//4455 4453//4453 5050//5050
f 4458//4458 5053//5053 4445//4445
f 4453//4453 5051//5051 5050//5050
f 4504//4504 4468//4468 4475//4475
f 226//226 4465//4465 4806//4806
f 5045//5045 5047//5047 5043//5043
f 247//247 1337//1337 896//896
f 4445//4445 5054//5054 4466//4466
f 5052//5052 4829//4829 4516//4516
f 4734//4734 4512//4512 4735//4735
f 5055//5055 4704//4704 4522//4522
f 4481//4481 4480//4480 4858//4858
f 4444//4444 4500//4500 4466//4466
f 4458//4458 4457//4457 5017//5017
f 4455//4455 5050//5050 5049//5049
f 5056//5056 5057//5057 4764//4764
f 5058//5058 4495//4495 5023//5023
f 4828//4828 4829//4829 4457//4457
f 4921//4921 5000//5000 4862//4862
f 4500//4500 4762//4762 5059//5059
f 4481//4481 4858//4858 4807//4807
f 4465//4465 226//226 3736//3736
f 1332//1332 1269//1269 268//268
f 5051//5051 4453//4453 227//227
f 5049//5049 5060//5060 4455//4455
f 155//155 3055//3055 3833//3833
f 4517//4517 4482//4482 4481//4481
f 4708//4708 4707//4707 4535//4535
f 5060//5060 5061//5061 5044//5044
f 4344//4344 4058//4058 4488//4488
f 4472//4472 5062//5062 5063//5063
f 5064//5064 2353//2353 2352//2352
f 5065//5065 4903//4903 4872//4872
f 5066//5066 4284//4284 5064//5064
f 1938//1938 3842//3842 5067//5067
f 5063//5063 5068//5068 4472//4472
f 4466//4466 5054//5054 4444//4444
f 4723//4723 4289//4289 4056//4056
f 4291//4291 4290//4290 4945//4945
f 4445//4445 4469//4469 4459//4459
f 1193//1193 1192//1192 2791//2791
f 1411//1411 599//599 180//180
f 4413//4413 4371//4371 4362//4362
f 4472//4472 5069//5069 5062//5062
f 4500//4500 4502//4502 4483//4483
f 4471//4471 5070//5070 5069//5069
f 4502//4502 4501//4501 4869//4869
f 4303//4303 119//119 4304//4304
f 4869//4869 5071//5071 4870//4870
f 4889//4889 4816//4816 4663//4663
f 4997//4997 4998//4998 4925//4925
f 5072//5072 5073//5073 5074//5074
f 4856//4856 4920//4920 4857//4857
f 4394//4394 4344//4344 4640//4640
f 4866//4866 4678//4678 4867//4867
f 4824//4824 4862//4862 4848//4848
f 4862//4862 4512//4512 4511//4511
f 4459//4459 4469//4469 4457//4457
f 4776//4776 4886//4886 4785//4785
f 4946//4946 4945//4945 5019//5019
f 4968//4968 4842//4842 5033//5033
f 4313//4313 4970//4970 4848//4848
f 5013//5013 4846//4846 5075//5075
f 4848//4848 4822//4822 4824//4824
f 4749//4749 4710//4710 4709//4709
f 4906//4906 4905//4905 4969//4969
f 4979//4979 4831//4831 5076//5076
f 5072//5072 2032//2032 3779//3779
f 5047//5047 5077//5077 4509//4509
f 5076//5076 4831//4831 5078//5078
f 3704//3704 4968//4968 5079//5079
f 4968//4968 5033//5033 5079//5079
f 166//166 5024//5024 4729//4729
f 5080//5080 5030//5030 4507//4507
f 4263//4263 4262//4262 5081//5081
f 4526//4526 4640//4640 4344//4344
f 822//822 855//855 4179//4179
f 4893//4893 4892//4892 5082//5082
f 4543//4543 4737//4737 4327//4327
f 4253//4253 4199//4199 4198//4198
f 3882//3882 5083//5083 2150//2150
f 5084//5084 5085//5085 5086//5086
f 5087//5087 5088//5088 5089//5089
f 4899//4899 5090//5090 5091//5091
f 4755//4755 4748//4748 4747//4747
f 4952//4952 4815//4815 5092//5092
f 4638//4638 4614//4614 4607//4607
f 5093//5093 5094//5094 4965//4965
f 5048//5048 4966//4966 4878//4878
f 5095//5095 5096//5096 5097//5097
f 5094//5094 4876//4876 4878//4878
f 53//53 5098//5098 51//51
f 4848//4848 4511//4511 4510//4510
f 4739//4739 148//148 4302//4302
f 4880//4880 4200//4200 4878//4878
f 5099//5099 4262//4262 5100//5100
f 1083//1083 1073//1073 1082//1082
f 5101//5101 5102//5102 4219//4219
f 5103//5103 5104//5104 4548//4548
f 4319//4319 4330//4330 2355//2355
f 4491//4491 4636//4636 4635//4635
f 5105//5105 5106//5106 5107//5107
f 5108//5108 4346//4346 5026//5026
f 5109//5109 5110//5110 5090//5090
f 4960//4960 4433//4433 4498//4498
f 5086//5086 4909//4909 5111//5111
f 4223//4223 1122//1122 1838//1838
f 5112//5112 5113//5113 5114//5114
f 5051//5051 4858//4858 4480//4480
f 4394//4394 4321//4321 2357//2357
f 4239//4239 4263//4263 5115//5115
f 5116//5116 5117//5117 1674//1674
f 5118//5118 4758//4758 4757//4757
f 4224//4224 4948//4948 4947//4947
f 4947//4947 1555//1555 4224//4224
f 5119//5119 5120//5120 5121//5121
f 5122//5122 5123//5123 5124//5124
f 5125//5125 5126//5126 5127//5127
f 4802//4802 4813//4813 4952//4952
f 4948//4948 4552//4552 5128//5128
f 4657//4657 4523//4523 4704//4704
f 5065//5065 5125//5125 4903//4903
f 4876//4876 5094//5094 5093//5093
f 4490//4490 5060//5060 5044//5044
f 4868//4868 4967//4967 4989//4989
f 5127//5127 5128//5128 5125//5125
f 5113//5113 5112//5112 5088//5088
f 4986//4986 3704//3704 5079//5079
f 4519//4519 4430//4430 4647//4647
f 800//800 799//799 804//804
f 5020//5020 5071//5071 5036//5036
f 4647//4647 5032//5032 4668//4668
f 4317//4317 4820//4820 4448//4448
f 2447//2447 1027//1027 1134//1134
f 4691//4691 188//188 4323//4323
f 4870//4870 4959//4959 4497//4497
f 4309//4309 4436//4436 4310//4310
f 2538//2538 5129//5129 5113//5113
f 4855//4855 4857//4857 4921//4921
f 5130//5130 4269//4269 4305//4305
f 5018//5018 4518//4518 4442//4442
f 4668//4668 3723//3723 4308//4308
f 4736//4736 3820//3820 1932//1932
f 4653//4653 1546//1546 4556//4556
f 4888//4888 4973//4973 4799//4799
f 4518//4518 4531//4531 4514//4514
f 5131//5131 1333//1333 1326//1326
f 4702//4702 4611//4611 4613//4613
f 5132//5132 5133//5133 5134//5134
f 5087//5087 5089//5089 5135//5135
f 1559//1559 1556//1556 5083//5083
f 5088//5088 5087//5087 5136//5136
f 4606//4606 4720//4720 4601//4601
f 824//824 1821//1821 5137//5137
f 5138//5138 3945//3945 5139//5139
f 2448//2448 3055//3055 1027//1027
f 4542//4542 4801//4801 4654//4654
f 5140//5140 5141//5141 5142//5142
f 4349//4349 4298//4298 4438//4438
f 4902//4902 2580//2580 5143//5143
f 4510//4510 4821//4821 4311//4311
f 1311//1311 4593//4593 4631//4631
f 5105//5105 5144//5144 5145//5145
f 4256//4256 4605//4605 4601//4601
f 4628//4628 4545//4545 4629//4629
f 3908//3908 5146//5146 1152//1152
f 4514//4514 4513//4513 4519//4519
f 791//791 4959//4959 5147//5147
f 5104//5104 5148//5148 5149//5149
f 4827//4827 4599//4599 4572//4572
f 5061//5061 5060//5060 5049//5049
f 4635//4635 4637//4637 5150//5150
f 5119//5119 5151//5151 5152//5152
f 5049//5049 4505//4505 5061//5061
f 4503//4503 4527//4527 4376//4376
f 4267//4267 3237//3237 2458//2458
f 4692//4692 4825//4825 4693//4693
f 849//849 4451//4451 4559//4559
f 1688//1688 1687//1687 3888//3888
f 1847//1847 4544//4544 4543//4543
f 3882//3882 3822//3822 5083//5083
f 5136//5136 5153//5153 5154//5154
f 5155//5155 4553//4553 4226//4226
f 5133//5133 5156//5156 5157//5157
f 4599//4599 4598//4598 4572//4572
f 4517//4517 4516//4516 4469//4469
f 5158//5158 4937//4937 5159//5159
f 5160//5160 4994//4994 5161//5161
f 3010//3010 3009//3009 2180//2180
f 4661//4661 4342//4342 5162//5162
f 5112//5112 5114//5114 5119//5119
f 2311//2311 5163//5163 5164//5164
f 4641//4641 4609//4609 5165//5165
f 4088//4088 4119//4119 4050//4050
f 5166//5166 5167//5167 5168//5168
f 1207//1207 1224//1224 1208//1208
f 5124//5124 5153//5153 5122//5122
f 4035//4035 4034//4034 5169//5169
f 4204//4204 4109//4109 4136//4136
f 5170//5170 5171//5171 5172//5172
f 4563//4563 5173//5173 4564//4564
f 5174//5174 4578//4578 5175//5175
f 4742//4742 5100//5100 4262//4262
f 5106//5106 5176//5176 5107//5107
f 1241//1241 5177//5177 2332//2332
f 1199//1199 2161//2161 2563//2563
f 119//119 99//99 97//97
f 4623//4623 4622//4622 4618//4618
f 5178//5178 5179//5179 5180//5180
f 5181//5181 4592//4592 4763//4763
f 5182//5182 5178//5178 5183//5183
f 5159//5159 4939//4939 5184//5184
f 5107//5107 5183//5183 5151//5151
f 233//233 5185//5185 1290//1290
f 5186//5186 4743//4743 5137//5137
f 1674//1674 5187//5187 5116//5116
f 5137//5137 4743//4743 824//824
f 3928//3928 5188//5188 5189//5189
f 4089//4089 4050//4050 4049//4049
f 4680//4680 5190//5190 5187//5187
f 5191//5191 4622//4622 5056//5056
f 4244//4244 4243//4243 4532//4532
f 1284//1284 4222//4222 1339//1339
f 2333//2333 4589//4589 1241//1241
f 4673//4673 4672//4672 4819//4819
f 1388//1388 1472//1472 1480//1480
f 819//819 3908//3908 1152//1152
f 4937//4937 5158//5158 5192//5192
f 1283//1283 4182//4182 1266//1266
f 179//179 4740//4740 4596//4596
f 5065//5065 5193//5193 5125//5125
f 880//880 882//882 5194//5194
f 4797//4797 5040//5040 4795//4795
f 5195//5195 5196//5196 5197//5197
f 5198//5198 4220//4220 5199//5199
f 5200//5200 5201//5201 5202//5202
f 5203//5203 5204//5204 5205//5205
f 5206//5206 4898//4898 4899//4899
f 5207//5207 5208//5208 4993//4993
f 2557//2557 5209//5209 5210//5210
f 5211//5211 5201//5201 5212//5212
f 4326//4326 3268//3268 4557//4557
f 5213//5213 5102//5102 5101//5101
f 719//719 1209//1209 1324//1324
f 4665//4665 5214//5214 3688//3688
f 4742//4742 5142//5142 5100//5100
f 4955//4955 4644//4644 4973//4973
f 5215//5215 4994//4994 1154//1154
f 5216//5216 1580//1580 1582//1582
f 5217//5217 5096//5096 5095//5095
f 4662//4662 4883//4883 4663//4663
f 4618//4618 1110//1110 971//971
f 5218//5218 5219//5219 1673//1673
f 5220//5220 5221//5221 5222//5222
f 5223//5223 5224//5224 5225//5225
f 4421//4421 5226//5226 5227//5227
f 5228//5228 5078//5078 4830//4830
f 4448//4448 4820//4820 4449//4449
f 5228//5228 4830//4830 5229//5229
f 4812//4812 4792//4792 4875//4875
f 5230//5230 4822//4822 5075//5075
f 5176//5176 5231//5231 5182//5182
f 5230//5230 5075//5075 4709//4709
f 1311//1311 4681//4681 1312//1312
f 949//949 1015//1015 5232//5232
f 5173//5173 4563//4563 4676//4676
f 5233//5233 5234//5234 4804//4804
f 1289//1289 3731//3731 1008//1008
f 5233//5233 4600//4600 4859//4859
f 4856//4856 4855//4855 4823//4823
f 4855//4855 4824//4824 4823//4823
f 2634//2634 119//119 148//148
f 1515//1515 1546//1546 1517//1517
f 5230//5230 4823//4823 4822//4822
f 4845//4845 4600//4600 4579//4579
f 4604//4604 4626//4626 3640//3640
f 2538//2538 5088//5088 5154//5154
f 4856//4856 4823//4823 4711//4711
f 4976//4976 4682//4682 5004//5004
f 4678//4678 4825//4825 4940//4940
f 5235//5235 5170//5170 5196//5196
f 3725//3725 5236//5236 4308//4308
f 5134//5134 5157//5157 5237//5237
f 243//243 1338//1338 244//244
f 4734//4734 4316//4316 4821//4821
f 1846//1846 4667//4667 4581//4581
f 4551//4551 4738//4738 4568//4568
f 4254//4254 4535//4535 4605//4605
f 4682//4682 4976//4976 4988//4988
f 5148//5148 4676//4676 4563//4563
f 5238//5238 1818//1818 1820//1820
f 5239//5239 4804//4804 5234//5234
f 1778//1778 2166//2166 2159//2159
f 4216//4216 1209//1209 719//719
f 4927//4927 4844//4844 4242//4242
f 5240//5240 5241//5241 5242//5242
f 4552//4552 4948//4948 4553//4553
f 5243//5243 4741//4741 4270//4270
f 4580//4580 5216//5216 1582//1582
f 5244//5244 4767//4767 5245//5245
f 5175//5175 4532//4532 4562//4562
f 1685//1685 1098//1098 1683//1683
f 4463//4463 5245//5245 5246//5246
f 5247//5247 3676//3676 5248//5248
f 4570//4570 4569//4569 1582//1582
f 4579//4579 4804//4804 4580//4580
f 4768//4768 1240//1240 4766//4766
f 4335//4335 4240//4240 4242//4242
f 4474//4474 4473//4473 4492//4492
f 4805//4805 4804//4804 5249//5249
f 1580//1580 5216//5216 4805//4805
f 4520//4520 5250//5250 5251//5251
f 4534//4534 5168//5168 5252//5252
f 5253//5253 5254//5254 5255//5255
f 4804//4804 5239//5239 5249//5249
f 5256//5256 976//976 5257//5257
f 1907//1907 4233//4233 692//692
f 3293//3293 5258//5258 177//177
f 2333//2333 5167//5167 5166//5166
f 1581//1581 5217//5217 4570//4570
f 5259//5259 5260//5260 4768//4768
f 4711//4711 4920//4920 4856//4856
f 851//851 5095//5095 4965//4965
f 5095//5095 5097//5097 4965//4965
f 4725//4725 4849//4849 4983//4983
f 4831//4831 4830//4830 5078//5078
f 1819//1819 2154//2154 5261//5261
f 1247//1247 1246//1246 4585//4585
f 3731//3731 5262//5262 1001//1001
f 1158//1158 1247//1247 5263//5263
f 4345//4345 3487//3487 5027//5027
f 5205//5205 5264//5264 5203//5203
f 1632//1632 3255//3255 1633//1633
f 5217//5217 1581//1581 5265//5265
f 3904//3904 2459//2459 3487//3487
f 5266//5266 5057//5057 5267//5267
f 4348//4348 3890//3890 5268//5268
f 969//969 968//968 5269//5269
f 4564//4564 5270//5270 4548//4548
f 1580//1580 5271//5271 5265//5265
f 5249//5249 5271//5271 4805//4805
f 5229//5229 4830//4830 4832//4832
f 1227//1227 1212//1212 1214//1214
f 4237//4237 5215//5215 1153//1153
f 4742//4742 4741//4741 5272//5272
f 3890//3890 1422//1422 3463//3463
f 3918//3918 5074//5074 3919//3919
f 4868//4868 4867//4867 4944//4944
f 71//71 4740//4740 72//72
f 5273//5273 5031//5031 4283//4283
f 4596//4596 4307//4307 4326//4326
f 4285//4285 4284//4284 5066//5066
f 4264//4264 4651//4651 4653//4653
f 4715//4715 4651//4651 4264//4264
f 4479//4479 4485//4485 4484//4484
f 4369//4369 4410//4410 4353//4353
f 5274//5274 5275//5275 4377//4377
f 5276//5276 4415//4415 5277//5277
f 4423//4423 5278//5278 5279//5279
f 5280//5280 5281//5281 5279//5279
f 5282//5282 5237//5237 5157//5157
f 5283//5283 5284//5284 5285//5285
f 5275//5275 5274//5274 5286//5286
f 5287//5287 5288//5288 5289//5289
f 4420//4420 5275//5275 5286//5286
f 4371//4371 4413//4413 4372//4372
f 5278//5278 5290//5290 5280//5280
f 5291//5291 5292//5292 5220//5220
f 4351//4351 4353//4353 4410//4410
f 4941//4941 5293//5293 5291//5291
f 4355//4355 5294//5294 5295//5295
f 4379//4379 4388//4388 5225//5225
f 5296//5296 5297//5297 5223//5223
f 5298//5298 4408//4408 5299//5299
f 5299//5299 5300//5300 5301//5301
f 4370//4370 4422//4422 5301//5301
f 4403//4403 4370//4370 5300//5300
f 5283//5283 4427//4427 4426//4426
f 5302//5302 5303//5303 4414//4414
f 4415//4415 5304//5304 5277//5277
f 5281//5281 5280//5280 5296//5296
f 5288//5288 5305//5305 5306//5306
f 4390//4390 4425//4425 4424//4424
f 5281//5281 5225//5225 4388//4388
f 114//114 110//110 109//109
f 4388//4388 4423//4423 5279//5279
f 4420//4420 5226//5226 4421//4421
f 4400//4400 4369//4369 4368//4368
f 5307//5307 5308//5308 5309//5309
f 5275//5275 5310//5310 4377//4377
f 4352//4352 5311//5311 5312//5312
f 4396//4396 4398//4398 4412//4412
f 5274//5274 4379//4379 5225//5225
f 5296//5296 5280//5280 5313//5313
f 5286//5286 5289//5289 5226//5226
f 5225//5225 5224//5224 5274//5274
f 5298//5298 5302//5302 4408//4408
f 5227//5227 5314//5314 4421//4421
f 5315//5315 4936//4936 4935//4935
f 5223//5223 5281//5281 5296//5296
f 5286//5286 5226//5226 4420//4420
f 5310//5310 5275//5275 4420//4420
f 4396//4396 4414//4414 4397//4397
f 4351//4351 5227//5227 4352//4352
f 5316//5316 5317//5317 5318//5318
f 5298//5298 5303//5303 5302//5302
f 5286//5286 5274//5274 5224//5224
f 5297//5297 5296//5296 5313//5313
f 5319//5319 5320//5320 5321//5321
f 4354//4354 5294//5294 4355//4355
f 5322//5322 5323//5323 4428//4428
f 5324//5324 5325//5325 5326//5326
f 2563//2563 2160//2160 3377//3377
f 5327//5327 5312//5312 5306//5306
f 4352//4352 5226//5226 5311//5311
f 4407//4407 5300//5300 4408//4408
f 5111//5111 4908//4908 5328//5328
f 5302//5302 4414//4414 4396//4396
f 4408//4408 5302//5302 4396//4396
f 5329//5329 4911//4911 4910//4910
f 5329//5329 5330//5330 5331//5331
f 5330//5330 5332//5332 5333//5333
f 5334//5334 5222//5222 4922//4922
f 4615//4615 5260//5260 5259//5259
f 5312//5312 5327//5327 5335//5335
f 898//898 3837//3837 3180//3180
f 4911//4911 5331//5331 4912//4912
f 5224//5224 5287//5287 5289//5289
f 5226//5226 5289//5289 5311//5311
f 5305//5305 5327//5327 5306//5306
f 5288//5288 5287//5287 5336//5336
f 4422//4422 5312//5312 5335//5335
f 5293//5293 4941//4941 4943//4943
f 5337//5337 5285//5285 5284//5284
f 5288//5288 5336//5336 5338//5338
f 5339//5339 4922//4922 5340//5340
f 5340//5340 4922//4922 4917//4917
f 5309//5309 5339//5339 5307//5307
f 5308//5308 5307//5307 5341//5341
f 5336//5336 5287//5287 5342//5342
f 5314//5314 5227//5227 4411//4411
f 4922//4922 5339//5339 5334//5334
f 5304//5304 4414//4414 5303//5303
f 4414//4414 4354//4354 4397//4397
f 4942//4942 5343//5343 4943//4943
f 5305//5305 5335//5335 5327//5327
f 5344//5344 5345//5345 5346//5346
f 5335//5335 5301//5301 4422//4422
f 5224//5224 5223//5223 5287//5287
f 5288//5288 5338//5338 5305//5305
f 5312//5312 4422//4422 4353//4353
f 5347//5347 5348//5348 5176//5176
f 5349//5349 5156//5156 5133//5133
f 5153//5153 5136//5136 5122//5122
f 4937//4937 5350//5350 5351//5351
f 4938//4938 5352//5352 5353//5353
f 4969//4969 5354//5354 5075//5075
f 5176//5176 5182//5182 5183//5183
f 5355//5355 5121//5121 5332//5332
f 4938//4938 5356//5356 5352//5352
f 2557//2557 5357//5357 5209//5209
f 5151//5151 5114//5114 5107//5107
f 5353//5353 5352//5352 5358//5358
f 5192//5192 5158//5158 5156//5156
f 5136//5136 5087//5087 5132//5132
f 5182//5182 5359//5359 5178//5178
f 3950//3950 3952//3952 5360//5360
f 110//110 1933//1933 108//108
f 5121//5121 5355//5355 5135//5135
f 5184//5184 5361//5361 5282//5282
f 2558//2558 5184//5184 2556//2556
f 5362//5362 4916//4916 5363//5363
f 5276//5276 5295//5295 4415//4415
f 5132//5132 5134//5134 5136//5136
f 2556//2556 5357//5357 2557//2557
f 5176//5176 5106//5106 5364//5364
f 5114//5114 5105//5105 5365//5365
f 5366//5366 5117//5117 2569//2569
f 3837//3837 2937//2937 3180//3180
f 5282//5282 5158//5158 5159//5159
f 5176//5176 5367//5367 5347//5347
f 5145//5145 5364//5364 5106//5106
f 5156//5156 5349//5349 5368//5368
f 5364//5364 5367//5367 5176//5176
f 1820//1820 5261//5261 5254//5254
f 1559//1559 1557//1557 1556//1556
f 4817//4817 2559//2559 2561//2561
f 4274//4274 5369//5369 5257//5257
f 4622//4622 4624//4624 5056//5056
f 4658//4658 4604//4604 4573//4573
f 4305//4305 4706//4706 4301//4301
f 4067//4067 1365//1365 4142//4142
f 5131//5131 1326//1326 1328//1328
f 4182//4182 5370//5370 5002//5002
f 5371//5371 4624//4624 5372//5372
f 5267//5267 5373//5373 5266//5266
f 3860//3860 3603//3603 3618//3618
f 5370//5370 4139//4139 5002//5002
f 3603//3603 3605//3605 5374//5374
f 4374//4374 2086//2086 5375//5375
f 5374//5374 3616//3616 3603//3603
f 1554//1554 4224//4224 1555//1555
f 2169//2169 4168//4168 3250//3250
f 862//862 867//867 5376//5376
f 5253//5253 1210//1210 5254//5254
f 4079//4079 3616//3616 5374//5374
f 855//855 903//903 5377//5377
f 5378//5378 5379//5379 5380//5380
f 2154//2154 1819//1819 978//978
f 856//856 3245//3245 3913//3913
f 1201//1201 5381//5381 1177//1177
f 926//926 1352//1352 3711//3711
f 2593//2593 5378//5378 2594//2594
f 4976//4976 4944//4944 4958//4958
f 4622//4622 2636//2636 2635//2635
f 5382//5382 2593//2593 2595//2595
f 5383//5383 4178//4178 5377//5377
f 5250//5250 4520//4520 5380//5380
f 5379//5379 5378//5378 2593//2593
f 4520//4520 4521//4521 5380//5380
f 873//873 3426//3426 871//871
f 1238//1238 4192//4192 5381//5381
f 5380//5380 4521//4521 5378//5378
f 5384//5384 5374//5374 4838//4838
f 5378//5378 5384//5384 2594//2594
f 4521//4521 1175//1175 4079//4079
f 4527//4527 4526//4526 4489//4489
f 5383//5383 5250//5250 5385//5385
f 5386//5386 1175//1175 4192//4192
f 5384//5384 4840//4840 2594//2594
f 902//902 1177//1177 1176//1176
f 4171//4171 1236//1236 5387//5387
f 5251//5251 5377//5377 902//902
f 1176//1176 4520//4520 5251//5251
f 5250//5250 5379//5379 5385//5385
f 1201//1201 1177//1177 902//902
f 2594//2594 4840//4840 5388//5388
f 3385//3385 3819//3819 3880//3880
f 902//902 5377//5377 903//903
f 1820//1820 5254//5254 1838//1838
f 4221//4221 5207//5207 5389//5389
f 5390//5390 4834//4834 2312//2312
f 5374//5374 3605//3605 4839//4839
f 4221//4221 4220//4220 5198//5198
f 5204//5204 5203//5203 5391//5391
f 5041//5041 4295//4295 4881//4881
f 5392//5392 4993//4993 4584//4584
f 5390//5390 5101//5101 4834//4834
f 5101//5101 5390//5390 5393//5393
f 1673//1673 4661//4661 5394//5394
f 2367//2367 2314//2314 1132//1132
f 4795//4795 5392//5392 4796//4796
f 3960//3960 5395//5395 5396//5396
f 5200//5200 5264//5264 5205//5205
f 5207//5207 4993//4993 5389//5389
f 3690//3690 5397//5397 5398//5398
f 5393//5393 2311//2311 5164//5164
f 5208//5208 5198//5198 819//819
f 5392//5392 5389//5389 4993//4993
f 4795//4795 4833//4833 5389//5389
f 3951//3951 5395//5395 3789//3789
f 5399//5399 5197//5197 5212//5212
f 5235//5235 5196//5196 5195//5195
f 5116//5116 845//845 5117//5117
f 831//831 834//834 841//841
f 4568//4568 5259//5259 4672//4672
f 4226//4226 4553//4553 4948//4948
f 2556//2556 5184//5184 5357//5357
f 5261//5261 4232//4232 5255//5255
f 5186//5186 5140//5140 5400//5400
f 5119//5119 5152//5152 5084//5084
f 5401//5401 5402//5402 5403//5403
f 2311//2311 5393//5393 2312//2312
f 5138//5138 5404//5404 5367//5367
f 4342//4342 4341//4341 5243//5243
f 846//846 3948//3948 5405//5405
f 5272//5272 4741//4741 5243//5243
f 5191//5191 4763//4763 2636//2636
f 4162//4162 1742//1742 2297//2297
f 5406//5406 5348//5348 5347//5347
f 5187//5187 5190//5190 5407//5407
f 5190//5190 5408//5408 5407//5407
f 5210//5210 5409//5409 5391//5391
f 831//831 5410//5410 3961//3961
f 5405//5405 894//894 5411//5411
f 5412//5412 5171//5171 5235//5235
f 2512//2512 2461//2461 5413//5413
f 424//424 883//883 422//422
f 3840//3840 880//880 2031//2031
f 3762//3762 4259//4259 2913//2913
f 2131//2131 4866//4866 4989//4989
f 3947//3947 3963//3963 3955//3955
f 3949//3949 5414//5414 3965//3965
f 1292//1292 231//231 233//233
f 894//894 5405//5405 5415//5415
f 5211//5211 5212//5212 5416//5416
f 3965//3965 3948//3948 3949//3949
f 844//844 846//846 5417//5417
f 5409//5409 5401//5401 5391//5391
f 3789//3789 3958//3958 3955//3955
f 5418//5418 5404//5404 5139//5139
f 5401//5401 5409//5409 5402//5402
f 5419//5419 5360//5360 3946//3946
f 3964//3964 5405//5405 3948//3948
f 920//920 919//919 3958//3958
f 5408//5408 3949//3949 5407//5407
f 5142//5142 5420//5420 5100//5100
f 3623//3623 1163//1163 873//873
f 2521//2521 2520//2520 2565//2565
f 3955//3955 3963//3963 3952//3952
f 825//825 5117//5117 5366//5366
f 5187//5187 845//845 5116//5116
f 3361//3361 5421//5421 4001//4001
f 5422//5422 5423//5423 5424//5424
f 5425//5425 5418//5418 5139//5139
f 5395//5395 3960//3960 3959//3959
f 920//920 2521//2521 918//918
f 2539//2539 5154//5154 5426//5426
f 5427//5427 5263//5263 5160//5160
f 5129//5129 2540//2540 3951//3951
f 5129//5129 3951//3951 3950//3950
f 5144//5144 5105//5105 5113//5113
f 5423//5423 5396//5396 5424//5424
f 2540//2540 5129//5129 2538//2538
f 3950//3950 5360//5360 5144//5144
f 5404//5404 5418//5418 5406//5406
f 5176//5176 5348//5348 5231//5231
f 5428//5428 5121//5121 5135//5135
f 5153//5153 5429//5429 5426//5426
f 5179//5179 5430//5430 5431//5431
f 5180//5180 5084//5084 5178//5178
f 2225//2225 3230//3230 5432//5432
f 5396//5396 5433//5433 5434//5434
f 5435//5435 5395//5395 3951//3951
f 5416//5416 5429//5429 5211//5211
f 5151//5151 5183//5183 5152//5152
f 5264//5264 5200//5200 5361//5361
f 5135//5135 5133//5133 5132//5132
f 5433//5433 2539//2539 5434//5434
f 5200//5200 5237//5237 5361//5361
f 5237//5237 5200//5200 5202//5202
f 4350//4350 4234//4234 4706//4706
f 3494//3494 75//75 74//74
f 5396//5396 5395//5395 5433//5433
f 5436//5436 5437//5437 5412//5412
f 5122//5122 5237//5237 5202//5202
f 5434//5434 5438//5438 5424//5424
f 2539//2539 5433//5433 5435//5435
f 5360//5360 5419//5419 5439//5439
f 5123//5123 5202//5202 5211//5211
f 5170//5170 5172//5172 5422//5422
f 5429//5429 5416//5416 5440//5440
f 5426//5426 5429//5429 5434//5434
f 3238//3238 4757//4757 5441//5441
f 5198//5198 5208//5208 5207//5207
f 5361//5361 5184//5184 2558//2558
f 3789//3789 3959//3959 2521//2521
f 5439//5439 5419//5419 5138//5138
f 5442//5442 5443//5443 5444//5444
f 3689//3689 3688//3688 4904//4904
f 5405//5405 3964//3964 5415//5415
f 5429//5429 5153//5153 5124//5124
f 5416//5416 5212//5212 5440//5440
f 5195//5195 5445//5445 5436//5436
f 5444//5444 5204//5204 5401//5401
f 5444//5444 5446//5446 5205//5205
f 5429//5429 5124//5124 5123//5123
f 5201//5201 5446//5446 5447//5447
f 5120//5120 5332//5332 5121//5121
f 3883//3883 4300//4300 4322//4322
f 5196//5196 5438//5438 5440//5440
f 5434//5434 5429//5429 5438//5438
f 5155//5155 5448//5448 5109//5109
f 5197//5197 5196//5196 5440//5440
f 5447//5447 5212//5212 5201//5201
f 5444//5444 5205//5205 5204//5204
f 5201//5201 5211//5211 5202//5202
f 5424//5424 5438//5438 5170//5170
f 3778//3778 5194//5194 2312//2312
f 5440//5440 5212//5212 5197//5197
f 5201//5201 5200//5200 5446//5446
f 819//819 1152//1152 5208//5208
f 819//819 5198//5198 817//817
f 5391//5391 5203//5203 2557//2557
f 1674//1674 4744//4744 1675//1675
f 5235//5235 5171//5171 5170//5170
f 5449//5449 5100//5100 5420//5420
f 5141//5141 1821//1821 5450//5450
f 231//231 3238//3238 5441//5441
f 4938//4938 5351//5351 5356//5356
f 4834//4834 4833//4833 4795//4795
f 4595//4595 212//212 4560//4560
f 5144//5144 5439//5439 5145//5145
f 4525//4525 4929//4929 4526//4526
f 5110//5110 5109//5109 5448//5448
f 5399//5399 5445//5445 5195//5195
f 5451//5451 5452//5452 5026//5026
f 5409//5409 5210//5210 5402//5402
f 3957//3957 3953//3953 3955//3955
f 5219//5219 4680//4680 1673//1673
f 5453//5453 4700//4700 4953//4953
f 3223//3223 4348//4348 2745//2745
f 5144//5144 5360//5360 5439//5439
f 824//824 5117//5117 825//825
f 5016//5016 5015//5015 4952//4952
f 4887//4887 5454//5454 4985//4985
f 242//242 4542//4542 4304//4304
f 4779//4779 4799//4799 4973//4973
f 4796//4796 5073//5073 4797//4797
f 1267//1267 4275//4275 1268//1268
f 4779//4779 4778//4778 4777//4777
f 4785//4785 4789//4789 4774//4774
f 4799//4799 4779//4779 4786//4786
f 3//3 4780//4780 4777//4777
f 4754//4754 4962//4962 4752//4752
f 4796//4796 4584//4584 1246//1246
f 5455//5455 4987//4987 24//24
f 996//996 5092//5092 4990//4990
f 4791//4791 4752//4752 4792//4792
f 5092//5092 5014//5014 4990//4990
f 4568//4568 4673//4673 4288//4288
f 4268//4268 4929//4929 2427//2427
f 4952//4952 5015//5015 4803//4803
f 192//192 209//209 199//199
f 4955//4955 4973//4973 4888//4888
f 5455//5455 4990//4990 5014//5014
f 4798//4798 4888//4888 4799//4799
f 5092//5092 996//996 4952//4952
f 4800//4800 4962//4962 4875//4875
f 4999//4999 4894//4894 4530//4530
f 4955//4955 4971//4971 4644//4644
f 3882//3882 4300//4300 3883//3883
f 2951//2951 4257//4257 4727//4727
f 4336//4336 4811//4811 4337//4337
f 5456//5456 4587//4587 4631//4631
f 2638//2638 1412//1412 214//214
f 5023//5023 4495//4495 4485//4485
f 5181//5181 5457//5457 4592//4592
f 4234//4234 4443//4443 4728//4728
f 4535//4535 4811//4811 4708//4708
f 4862//4862 4824//4824 4921//4921
f 1931//1931 2937//2937 3838//3838
f 4864//4864 4883//4883 4662//4662
f 3266//3266 4299//4299 3267//3267
f 4969//4969 5075//5075 4822//4822
f 5005//5005 4785//4785 16//16
f 232//232 231//231 5241//5241
f 4237//4237 5161//5161 5215//5215
f 5458//5458 4669//4669 4625//4625
f 5459//5459 5161//5161 4239//4239
f 3484//3484 3462//3462 5011//5011
f 5460//5460 5155//5155 4226//4226
f 4762//4762 4500//4500 4444//4444
f 5021//5021 5020//5020 5036//5036
f 5063//5063 5062//5062 5461//5461
f 5035//5035 5021//5021 5036//5036
f 793//793 5462//5462 5463//5463
f 4501//4501 5059//5059 5035//5035
f 4155//4155 1441//1441 1440//1440
f 186//186 2787//2787 3691//3691
f 4960//4960 4959//4959 793//793
f 5464//5464 4495//4495 5465//5465
f 5398//5398 4666//4666 3690//3690
f 5175//5175 5466//5466 5174//5174
f 4959//4959 4870//4870 5071//5071
f 5071//5071 5020//5020 5147//5147
f 5071//5071 5147//5147 4959//4959
f 5058//5058 5465//5465 4495//4495
f 2354//2354 4057//4057 4056//4056
f 4620//4620 4712//4712 4539//4539
f 71//71 70//70 75//75
f 5054//5054 4445//4445 4444//4444
f 4246//4246 4431//4431 4339//4339
f 227//227 226//226 4807//4807
f 5070//5070 4471//4471 5464//5464
f 116//116 246//246 114//114
f 5059//5059 4501//4501 4500//4500
f 4472//4472 4471//4471 5069//5069
f 103//103 91//91 2564//2564
f 5060//5060 4454//4454 4455//4455
f 3962//3962 895//895 1170//1170
f 5047//5047 4490//4490 5044//5044
f 4490//4490 4454//4454 5060//5060
f 2169//2169 4169//4169 4168//4168
f 4492//4492 5044//5044 5061//5061
f 5242//5242 5091//5091 5110//5110
f 4944//4944 4867//4867 4678//4678
f 5043//5043 5047//5047 5044//5044
f 5467//5467 4630//4630 5457//5457
f 5080//5080 4508//4508 5468//5468
f 4506//4506 4507//4507 5029//5029
f 4508//4508 4509//4509 5077//5077
f 5077//5077 5047//5047 5045//5045
f 4274//4274 5257//5257 1204//1204
f 4614//4614 4245//4245 5260//5260
f 1382//1382 1384//1384 3755//3755
f 4492//4492 4491//4491 5044//5044
f 4508//4508 4486//4486 4509//4509
f 4460//4460 4490//4490 5047//5047
f 4490//4490 4460//4460 4456//4456
f 4288//4288 4673//4673 4623//4623
f 4549//4549 4228//4228 4227//4227
f 5004//5004 5469//5469 4841//4841
f 4626//4626 4604//4604 5470//5470
f 4819//4819 4623//4623 4673//4673
f 5246//5246 4588//4588 5471//5471
f 4609//4609 4608//4608 4645//4645
f 4873//4873 5090//5090 4874//4874
f 5146//5146 3909//3909 4261//4261
f 1846//1846 1845//1845 2149//2149
f 4622//4622 2635//2635 4618//4618
f 5248//5248 3676//3676 105//105
f 5472//5472 5473//5473 5474//5474
f 5459//5459 5475//5475 5161//5161
f 4245//4245 4614//4614 4638//4638
f 4676//4676 5148//5148 5371//5371
f 5167//5167 2332//2332 4244//4244
f 4462//4462 4464//4464 5476//5476
f 5270//5270 4564//4564 5476//5476
f 149//149 148//148 4739//4739
f 4302//4302 4301//4301 4728//4728
f 26//26 5477//5477 5455//5455
f 4810//4810 4963//4963 4850//4850
f 5477//5477 4990//4990 5455//5455
f 3841//3841 3840//3840 2031//2031
f 4759//4759 5478//5478 5479//5479
f 5444//5444 5443//5443 5446//5446
f 4631//4631 4630//4630 5467//5467
f 5252//5252 4244//4244 4532//4532
f 4709//4709 4711//4711 5230//5230
f 5259//5259 4568//4568 4615//4615
f 5240//5240 232//232 5241//5241
f 5175//5175 4578//4578 4532//4532
f 4545//4545 4544//4544 4583//4583
f 4555//4555 4381//4381 5480//5480
f 4581//4581 4583//4583 1847//1847
f 5481//5481 5482//5482 4104//4104
f 4225//4225 4230//4230 5185//5185
f 4228//4228 4549//4549 4551//4551
f 4618//4618 4617//4617 1110//1110
f 5463//5463 4637//4637 793//793
f 4590//4590 4561//4561 4638//4638
f 5480//5480 4381//4381 4380//4380
f 4344//4344 4488//4488 4487//4487
f 4267//4267 5118//5118 4757//4757
f 4243//4243 4638//4638 4561//4561
f 5260//5260 1240//1240 4768//4768
f 4586//4586 4587//4587 5456//5456
f 4593//4593 5457//5457 4630//4630
f 4245//4245 5483//5483 5177//5177
f 5191//5191 2636//2636 4622//4622
f 4759//4759 5484//5484 4588//4588
f 4286//4286 4660//4660 4618//4618
f 1209//1209 4216//4216 4343//4343
f 4676//4676 5371//5371 5372//5372
f 4760//4760 4759//4759 5479//5479
f 5146//5146 4261//4261 4238//4238
f 5400//5400 5243//5243 4341//4341
f 4843//4843 4944//4944 5004//5004
f 5232//5232 1032//1032 5485//5485
f 2333//2333 5486//5486 4589//4589
f 5244//5244 4675//4675 4677//4677
f 5371//5371 5267//5267 5057//5057
f 4464//4464 4760//4760 5270//5270
f 5266//5266 5487//5487 4764//4764
f 5245//5245 4463//4463 4462//4462
f 5057//5057 5056//5056 5371//5371
f 1239//1239 4588//4588 5246//5246
f 5148//5148 5104//5104 5267//5267
f 5371//5371 5056//5056 4624//4624
f 5244//5244 4462//4462 4675//4675
f 4623//4623 4819//4819 5372//5372
f 5244//5244 4677//4677 4767//4767
f 5200//5200 5205//5205 5446//5446
f 4589//4589 5478//5478 4759//4759
f 5372//5372 4624//4624 4623//4623
f 5173//5173 4675//4675 5476//5476
f 5177//5177 1240//1240 4245//4245
f 4819//4819 4767//4767 4677//4677
f 5484//5484 5471//5471 4588//4588
f 5372//5372 4819//4819 4677//4677
f 5173//5173 4676//4676 4675//4675
f 5488//5488 4764//4764 5487//5487
f 4763//4763 5191//5191 4764//4764
f 4244//4244 2332//2332 5483//5483
f 5181//5181 4763//4763 4765//4765
f 5191//5191 5056//5056 4764//4764
f 4607//4607 4614//4614 4616//4616
f 1815//1815 4176//4176 1816//1816
f 1240//1240 1239//1239 4766//4766
f 5448//5448 5155//5155 5460//5460
f 1283//1283 1383//1383 4182//4182
f 5450//5450 5420//5420 5141//5141
f 4743//4743 5400//5400 4341//4341
f 5140//5140 5186//5186 5141//5141
f 5073//5073 4796//4796 1246//1246
f 4554//4554 4903//4903 4552//4552
f 5487//5487 5266//5266 5373//5373
f 4057//4057 2354//2354 4375//4375
f 5160//5160 5263//5263 4585//4585
f 4462//4462 5476//5476 4675//4675
f 4470//4470 5068//5068 5489//5489
f 5272//5272 5400//5400 5140//5140
f 5260//5260 4615//4615 4614//4614
f 5267//5267 5371//5371 5148//5148
f 5487//5487 5373//5373 5103//5103
f 4866//4866 2131//2131 4693//4693
f 5103//5103 5373//5373 5104//5104
f 1153//1153 1152//1152 4237//4237
f 5142//5142 5272//5272 5140//5140
f 3877//3877 2104//2104 2103//2103
f 4564//4564 4547//4547 4546//4546
f 5160//5160 4585//4585 4994//4994
f 5149//5149 4548//4548 5104//5104
f 4743//4743 4341//4341 4744//4744
f 5240//5240 5460//5460 232//232
f 963//963 4039//4039 2163//2163
f 5490//5490 818//818 817//817
f 5206//5206 5091//5091 2561//2561
f 4834//4834 5040//5040 3778//3778
f 4840//4840 5384//5384 4838//4838
f 4188//4188 5491//5491 1697//1697
f 5492//5492 5320//5320 5319//5319
f 4878//4878 4966//4966 5094//5094
f 5490//5490 817//817 5199//5199
f 4268//4268 4654//4654 4639//4639
f 53//53 5193//5193 5098//5098
f 5194//5194 2031//2031 880//880
f 1693//1693 5493//5493 4153//4153
f 3997//3997 4577//4577 5494//5494
f 5272//5272 5142//5142 4742//4742
f 5495//5495 5496//5496 1728//1728
f 1623//1623 1986//1986 1373//1373
f 1411//1411 180//180 4560//4560
f 3495//3495 597//597 3494//3494
f 4560//4560 179//179 4596//4596
f 5154//5154 2539//2539 2538//2538
f 3189//3189 614//614 133//133
f 5449//5449 5420//5420 5450//5450
f 4740//4740 179//179 72//72
f 4560//4560 180//180 179//179
f 1170//1170 913//913 914//914
f 5028//5028 4275//4275 5001//5001
f 5497//5497 5319//5319 5028//5028
f 4464//4464 5471//5471 5484//5484
f 3028//3028 1694//1694 1617//1617
f 5186//5186 5137//5137 1821//1821
f 4937//4937 5192//5192 5350//5350
f 5089//5089 5112//5112 5428//5428
f 5237//5237 5282//5282 5361//5361
f 5498//5498 1650//1650 1735//1735
f 5499//5499 5318//5318 4932//4932
f 5199//5199 5162//5162 5490//5490
f 5085//5085 5084//5084 5180//5180
f 5476//5476 4564//4564 5173//5173
f 5500//5500 5501//5501 5363//5363
f 4908//4908 5111//5111 4909//4909
f 5269//5269 3661//3661 969//969
f 3854//3854 2466//2466 3857//3857
f 4462//4462 5244//5244 5245//5245
f 1210//1210 1209//1209 4343//4343
f 5502//5502 3850//3850 5503//5503
f 4916//4916 5504//5504 5363//5363
f 2561//2561 5091//5091 4817//4817
f 5439//5439 5367//5367 5145//5145
f 5500//5500 5504//5504 5325//5325
f 5304//5304 4415//4415 4414//4414
f 5505//5505 5351//5351 5350//5350
f 5505//5505 5350//5350 5499//5499
f 5318//5318 5350//5350 5501//5501
f 5119//5119 5114//5114 5151//5151
f 5355//5355 4923//4923 5135//5135
f 5506//5506 5362//5362 5133//5133
f 5430//5430 5179//5179 5178//5178
f 4879//4879 4329//4329 4880//4880
f 5379//5379 5250//5250 5380//5380
f 5505//5505 4932//4932 4934//4934
f 5358//5358 5357//5357 5353//5353
f 4935//4935 5431//5431 5315//5315
f 5356//5356 5351//5351 5507//5507
f 5357//5357 4939//4939 5353//5353
f 4916//4916 5362//5362 4923//4923
f 4907//4907 5180//5180 5179//5179
f 4935//4935 4908//4908 5179//5179
f 5350//5350 5192//5192 5368//5368
f 5316//5316 5318//5318 5324//5324
f 5135//5135 5089//5089 5428//5428
f 5337//5337 5284//5284 5343//5343
f 1838//1838 5254//5254 4343//4343
f 4597//4597 4719//4719 4695//4695
f 1563//1563 4224//4224 1554//1554
f 5086//5086 5085//5085 4909//4909
f 4912//4912 5333//5333 5086//5086
f 5120//5120 5086//5086 5333//5333
f 5120//5120 5333//5333 5332//5332
f 5325//5325 4916//4916 4915//4915
f 4297//4297 4269//4269 2427//2427
f 4930//4930 4914//4914 5508//5508
f 4923//4923 5506//5506 5135//5135
f 4919//4919 4918//4918 5221//5221
f 4392//4392 4357//4357 4405//4405
f 5509//5509 5326//5326 5325//5325
f 5206//5206 5510//5510 4898//4898
f 4931//4931 4930//4930 5511//5511
f 4924//4924 5355//5355 5332//5332
f 5111//5111 5512//5512 4910//4910
f 108//108 1933//1933 5513//5513
f 5513//5513 3179//3179 108//108
f 4264//4264 4250//4250 4255//4255
f 126//126 63//63 124//124
f 3193//3193 133//133 1570//1570
f 2502//2502 1570//1570 133//133
f 173//173 170//170 169//169
f 167//167 2447//2447 1134//1134
f 3900//3900 3901//3901 4577//4577
f 1267//1267 5002//5002 5001//5001
f 2679//2679 3910//3910 4146//4146
f 5514//5514 5515//5515 1121//1121
f 3626//3626 5516//5516 3889//3889
f 2548//2548 1002//1002 1001//1001
f 4212//4212 4170//4170 5517//5517
f 5253//5253 4231//4231 1210//1210
f 5460//5460 4225//4225 232//232
f 4139//4139 3862//3862 4137//4137
f 5027//5027 5026//5026 4347//4347
f 1683//1683 2176//2176 2175//2175
f 3899//3899 3966//3966 1339//1339
f 4797//4797 5073//5073 5072//5072
f 1707//1707 4160//4160 4186//4186
f 4193//4193 5518//5518 5519//5519
f 2032//2032 5074//5074 3918//3918
f 1596//1596 1828//1828 1702//1702
f 3797//3797 5520//5520 3029//3029
f 4103//4103 3824//3824 4104//4104
f 4148//4148 4197//4197 4189//4189
f 1484//1484 3907//3907 3911//3911
f 1671//1671 5518//5518 1672//1672
f 1203//1203 5517//5517 4169//4169
f 1691//1691 3927//3927 1725//1725
f 104//104 5247//5247 5248//5248
f 1446//1446 1366//1366 4152//4152
f 5319//5319 5497//5497 5492//5492
f 3616//3616 1344//1344 3617//3617
f 5517//5517 5521//5521 4212//4212
f 4145//4145 4146//4146 5188//5188
f 4332//4332 5432//5432 5522//5522
f 5523//5523 1653//1653 3928//3928
f 5009//5009 5524//5524 1409//1409
f 5321//5321 5007//5007 5009//5009
f 3676//3676 5247//5247 1122//1122
f 5003//5003 5497//5497 5001//5001
f 5370//5370 3755//3755 3886//3886
f 5321//5321 5009//5009 5028//5028
f 4165//4165 1237//1237 4211//4211
f 4139//4139 3886//3886 3862//3862
f 4180//4180 3861//3861 3863//3863
f 5525//5525 3827//3827 3826//3826
f 4137//4137 3861//3861 4175//4175
f 4181//4181 3861//3861 4180//4180
f 1278//1278 4277//4277 1258//1258
f 3930//3930 5526//5526 3931//3931
f 1998//1998 1999//1999 1607//1607
f 4345//4345 4770//4770 3904//3904
f 3029//3029 2074//2074 3797//3797
f 3876//3876 1619//1619 5421//5421
f 1728//1728 3806//3806 5495//5495
f 4272//4272 3361//3361 5527//5527
f 4013//4013 5528//5528 4012//4012
f 5491//5491 4177//4177 5529//5529
f 5529//5529 4176//4176 1736//1736
f 5530//5530 1719//1719 5531//5531
f 1666//1666 1728//1728 5496//5496
f 5532//5532 1756//1756 5527//5527
f 3877//3877 1619//1619 3876//3876
f 1620//1620 5533//5533 1621//1621
f 5498//5498 3967//3967 1608//1608
f 5498//5498 1655//1655 1651//1651
f 2902//2902 2073//2073 2072//2072
f 1693//1693 1692//1692 1614//1614
f 2902//2902 2072//2072 1601//1601
f 799//799 3885//3885 4103//4103
f 661//661 663//663 778//778
f 5534//5534 3359//3359 5535//5535
f 3016//3016 2104//2104 3877//3877
f 1616//1616 5536//5536 5493//5493
f 3828//3828 4177//4177 5491//5491
f 1756//1756 5532//5532 1757//1757
f 3874//3874 3360//3360 5534//5534
f 1617//1617 2103//2103 3028//3028
f 764//764 5537//5537 763//763
f 1756//1756 1758//1758 4272//4272
f 1617//1617 1619//1619 2103//2103
f 5529//5529 1697//1697 5491//5491
f 3359//3359 5534//5534 3360//3360
f 4272//4272 3359//3359 3361//3361
f 1608//1608 3856//3856 1655//1655
f 1654//1654 1592//1592 900//900
f 5009//5009 1409//1409 5028//5028
f 5538//5538 5539//5539 664//664
f 1606//1606 1869//1869 3846//3846
f 3876//3876 5421//5421 3360//3360
f 3875//3875 3876//3876 3360//3360
f 405//405 5375//5375 406//406
f 1619//1619 1618//1618 5421//5421
f 1692//1692 3831//3831 3846//3846
f 854//854 5540//5540 2579//2579
f 1816//1816 3828//3828 1817//1817
f 4001//4001 4000//4000 5533//5533
f 1735//1735 1869//1869 3967//3967
f 1735//1735 1736//1736 4176//4176
f 5529//5529 4177//4177 4176//4176
f 3967//3967 1606//1606 1608//1608
f 2111//2111 1629//1629 810//810
f 5541//5541 2086//2086 5542//5542
f 1427//1427 1751//1751 2137//2137
f 1647//1647 5543//5543 774//774
f 4034//4034 5544//5544 5169//5169
f 2174//2174 2125//2125 1350//1350
f 4035//4035 1680//1680 1679//1679
f 3803//3803 5494//5494 4577//4577
f 5494//5494 5545//5545 3997//3997
f 3746//3746 2204//2204 5546//5546
f 3997//3997 5545//5545 3996//3996
f 3881//3881 1667//1667 3386//3386
f 1948//1948 2026//2026 1982//1982
f 1783//1783 2173//2173 1744//1744
f 5542//5542 2086//2086 2085//2085
f 5543//5543 1647//1647 1680//1680
f 5547//5547 1775//1775 5548//5548
f 3800//3800 3387//3387 3386//3386
f 3618//3618 3617//3617 1844//1844
f 1503//1503 1505//1505 5481//5481
f 4079//4079 4078//4078 3616//3616
f 5384//5384 4521//4521 4079//4079
f 3829//3829 2197//2197 2196//2196
f 899//899 3863//3863 2680//2680
f 1594//1594 1593//1593 5549//5549
f 5544//5544 3385//3385 5169//5169
f 1654//1654 4145//4145 3928//3928
f 1598//1598 1843//1843 1599//1599
f 5138//5138 5419//5419 3946//3946
f 1764//1764 1613//1613 1420//1420
f 2190//2190 3745//3745 1776//1776
f 4225//4225 5185//5185 232//232
f 4230//4230 1563//1563 1552//1552
f 2111//2111 2110//2110 1627//1627
f 4192//4192 4077//4077 5386//5386
f 2202//2202 1850//1850 1851//1851
f 1762//1762 1800//1800 1802//1802
f 4047//4047 4087//4087 4158//4158
f 4577//4577 1428//1428 3900//3900
f 5550//5550 1600//1600 2109//2109
f 1843//1843 1598//1598 1752//1752
f 1856//1856 1587//1587 1855//1855
f 4190//4190 3887//3887 1340//1340
f 4149//4149 3899//3899 4222//4222
f 3889//3889 4191//4191 3626//3626
f 5551//5551 5552//5552 5550//5550
f 1784//1784 1783//1783 1744//1744
f 5549//5549 1593//1593 1653//1653
f 531//531 798//798 1281//1281
f 4078//4078 1344//1344 3616//3616
f 4140//4140 5548//5548 1775//1775
f 5523//5523 1787//1787 1789//1789
f 1823//1823 1964//1964 3108//3108
f 1632//1632 1627//1627 3255//3255
f 1811//1811 3865//3865 3901//3901
f 1664//1664 3929//3929 2122//2122
f 5238//5238 5514//5514 976//976
f 4035//4035 1679//1679 4036//4036
f 4153//4153 1652//1652 1586//1586
f 3874//3874 5534//5534 5535//5535
f 2513//2513 832//832 820//820
f 2052//2052 1900//1900 2033//2033
f 5531//5531 1710//1710 1709//1709
f 2123//2123 2098//2098 1800//1800
f 3621//3621 5546//5546 2204//2204
f 5188//5188 5553//5553 5189//5189
f 1592//1592 5554//5554 900//900
f 1697//1697 1649//1649 4188//4188
f 1908//1908 804//804 4105//4105
f 1666//1666 1768//1768 1667//1667
f 611//611 610//610 663//663
f 4035//4035 5169//5169 1680//1680
f 5533//5533 5527//5527 4001//4001
f 4185//4185 1776//1776 5555//5555
f 2173//2173 1745//1745 1744//1744
f 5556//5556 5545//5545 5494//5494
f 3929//3929 3931//3931 2122//2122
f 2203//2203 3607//3607 3606//3606
f 4069//4069 4045//4045 4210//4210
f 4215//4215 3613//3613 1343//1343
f 1680//1680 5169//5169 3387//3387
f 3860//3860 3604//3604 3603//3603
f 780//780 763//763 5537//5537
f 4104//4104 1503//1503 5481//5481
f 5557//5557 1609//1609 1611//1611
f 1664//1664 2122//2122 1662//1662
f 4166//4166 4194//4194 4077//4077
f 5551//5551 2109//2109 3614//3614
f 1851//1851 1676//1676 3607//3607
f 1719//1719 1710//1710 5531//5531
f 662//662 5558//5558 776//776
f 4577//4577 3997//3997 1428//1428
f 3880//3880 3212//3212 3881//3881
f 5494//5494 3803//3803 5556//5556
f 751//751 610//610 612//612
f 5169//5169 3385//3385 3387//3387
f 775//775 611//611 776//776
f 1620//1620 5527//5527 5533//5533
f 2162//2162 2163//2163 5269//5269
f 1068//1068 2255//2255 2373//2373
f 942//942 4184//4184 5559//5559
f 2197//2197 3829//3829 3460//3460
f 5560//5560 5561//5561 5269//5269
f 1053//1053 2889//2889 1052//1052
f 3795//3795 4167//4167 1076//1076
f 5499//5499 5350//5350 5318//5318
f 938//938 979//979 1818//1818
f 5269//5269 5561//5561 3661//3661
f 1215//1215 1213//1213 1280//1280
f 941//941 5256//5256 5369//5369
f 5242//5242 5448//5448 5240//5240
f 2030//2030 3841//3841 2031//2031
f 5501//5501 5350//5350 5368//5368
f 5514//5514 5238//5238 5515//5515
f 405//405 746//746 4374//4374
f 1146//1146 1148//1148 1127//1127
f 1071//1071 1070//1070 4163//4163
f 3781//3781 1712//1712 1148//1148
f 2328//2328 2327//2327 1509//1509
f 2329//2329 1185//1185 3780//3780
f 1753//1753 2329//2329 4164//4164
f 1183//1183 1510//1510 1805//1805
f 1142//1142 1053//1053 3781//3781
f 1171//1171 1285//1285 1218//1218
f 2852//2852 3842//3842 1937//1937
f 2992//2992 2143//2143 2142//2142
f 3903//3903 4770//4770 2321//2321
f 2992//2992 2142//2142 2230//2230
f 2329//2329 2328//2328 1185//1185
f 4718//4718 4531//4531 5018//5018
f 2283//2283 2282//2282 3242//3242
f 3462//3462 158//158 3716//3716
f 2992//2992 2230//2230 236//236
f 3370//3370 2815//2815 1510//1510
f 1097//1097 2228//2228 2142//2142
f 3184//3184 1162//1162 1087//1087
f 3853//3853 3234//3234 3233//3233
f 4995//4995 1512//1512 1684//1684
f 1024//1024 1023//1023 1255//1255
f 2327//2327 1754//1754 157//157
f 5074//5074 2032//2032 5072//5072
f 1090//1090 1088//1088 1087//1087
f 406//406 665//665 769//769
f 1190//1190 3245//3245 1741//1741
f 1077//1077 4167//4167 1102//1102
f 1803//1803 1164//1164 1059//1059
f 395//395 685//685 489//489
f 1685//1685 1099//1099 1098//1098
f 663//663 662//662 776//776
f 1174//1174 1023//1023 1181//1181
f 1067//1067 1071//1071 1065//1065
f 5562//5562 3920//3920 3919//3919
f 5492//5492 5497//5497 5003//5003
f 1831//1831 4161//4161 2153//2153
f 1745//1745 2173//2173 1800//1800
f 1831//1831 2152//2152 1743//1743
f 5502//5502 5562//5562 3850//3850
f 1099//1099 1685//1685 1174//1174
f 476//476 475//475 619//619
f 4571//4571 4573//4573 5563//5563
f 2236//2236 2235//2235 3748//3748
f 858//858 2297//2297 1741//1741
f 664//664 5539//5539 665//665
f 1830//1830 1743//1743 1742//1742
f 858//858 1741//1741 3245//3245
f 5027//5027 4347//4347 4241//4241
f 1421//1421 3737//3737 3463//3463
f 2323//2323 2300//2300 2185//2185
f 2329//2329 1753//1753 1755//1755
f 1318//1318 1220//1220 1306//1306
f 2155//2155 978//978 1226//1226
f 1754//1754 3462//3462 3716//3716
f 5564//5564 5067//5067 3729//3729
f 3836//3836 3720//3720 2313//2313
f 1161//1161 1024//1024 1254//1254
f 1314//1314 1147//1147 1161//1161
f 3851//3851 3850//3850 3919//3919
f 4332//4332 5522//5522 4772//4772
f 2299//2299 4769//4769 4162//4162
f 5241//5241 5441//5441 4314//4314
f 5564//5564 3729//3729 3197//3197
f 4927//4927 4928//4928 4232//4232
f 1385//1385 355//355 357//357
f 3923//3923 4067//4067 1454//1454
f 3716//3716 158//158 157//157
f 4163//4163 1070//1070 1753//1753
f 4163//4163 1753//1753 4164//4164
f 1023//1023 1025//1025 1181//1181
f 1754//1754 1753//1753 3462//3462
f 1070//1070 1051//1051 1753//1753
f 3233//3233 1813//1813 2548//2548
f 1830//1830 1161//1161 1254//1254
f 1119//1119 1128//1128 1042//1042
f 3748//3748 3785//3785 1423//1423
f 4267//4267 2457//2457 5006//5006
f 3118//3118 2374//2374 2236//2236
f 3463//3463 2225//2225 4333//4333
f 2362//2362 5011//5011 5565//5565
f 3836//3836 2313//2313 3783//3783
f 1509//1509 2327//2327 3370//3370
f 5268//5268 3890//3890 3463//3463
f 1070//1070 1049//1049 1051//1051
f 2692//2692 1282//1282 2334//2334
f 1012//1012 1008//1008 1005//1005
f 1314//1314 1742//1742 1315//1315
f 2843//2843 2842//2842 2971//2971
f 3374//3374 3587//3587 3586//3586
f 1806//1806 3852//3852 5566//5566
f 2889//2889 1141//1141 1226//1226
f 3717//3717 2336//2336 2335//2335
f 1753//1753 1051//1051 5565//5565
f 5118//5118 4860//4860 1193//1193
f 2519//2519 3960//3960 5423//5423
f 3729//3729 5067//5067 1132//1132
f 4333//4333 5268//5268 3463//3463
f 4769//4769 1315//1315 4162//4162
f 2816//2816 159//159 2567//2567
f 159//159 3073//3073 2566//2566
f 2857//2857 4335//4335 2155//2155
f 2367//2367 5067//5067 3842//3842
f 1386//1386 3227//3227 3229//3229
f 858//858 857//857 2297//2297
f 856//856 3913//3913 3480//3480
f 2816//2816 2567//2567 1131//1131
f 3726//3726 5567//5567 2691//2691
f 3482//3482 2791//2791 857//857
f 4772//4772 5522//5522 2239//2239
f 3717//3717 2335//2335 4242//4242
f 2369//2369 2313//2313 2314//2314
f 4844//4844 2155//2155 4334//4334
f 4332//4332 4772//4772 4333//4333
f 4927//4927 4242//4242 2335//2335
f 3480//3480 3914//3914 3481//3481
f 5317//5317 4933//4933 4932//4932
f 2368//2368 2367//2367 2852//2852
f 3238//3238 5568//5568 4757//4757
f 4266//4266 4247//4247 1321//1321
f 3197//3197 3196//3196 5564//5564
f 2894//2894 2893//2893 4266//4266
f 1936//1936 3376//3376 1937//1937
f 5026//5026 3487//3487 5451//5451
f 3198//3198 1321//1321 4247//4247
f 5569//5569 2458//2458 3237//3237
f 4267//4267 5568//5568 3237//3237
f 2238//2238 2745//2745 4348//4348
f 3812//3812 3777//3777 3656//3656
f 3891//3891 3718//3718 5108//5108
f 2297//2297 2299//2299 4162//4162
f 1937//1937 3842//3842 1938//1938
f 5569//5569 3486//3486 2458//2458
f 5118//5118 5006//5006 4860//4860
f 3291//3291 5570//5570 3788//3788
f 5499//5499 4932//4932 5505//5505
f 4375//4375 4058//4058 4057//4057
f 5332//5332 5330//5330 5508//5508
f 5504//5504 4916//4916 5325//5325
f 4909//4909 5085//5085 4907//4907
f 4914//4914 4931//4931 4915//4915
f 3914//3914 5241//5241 4314//4314
f 5508//5508 5330//5330 5511//5511
f 5337//5337 5343//5343 4942//4942
f 5508//5508 5511//5511 4930//4930
f 5501//5501 5368//5368 5349//5349
f 5329//5329 5331//5331 4911//4911
f 4914//4914 4924//4924 5508//5508
f 5571//5571 3245//3245 3244//3244
f 5503//5503 1157//1157 4271//4271
f 1510//1510 3852//3852 1806//1806
f 5572//5572 4259//4259 3762//3762
f 5572//5572 3057//3057 3059//3059
f 3291//3291 3471//3471 5570//5570
f 3057//3057 5572//5572 3762//3762
f 3057//3057 3060//3060 3052//3052
f 1423//1423 3118//3118 2236//2236
f 5571//5571 5573//5573 2560//2560
f 5091//5091 5206//5206 4899//4899
f 4928//4928 2334//2334 1282//1282
f 2154//2154 4927//4927 5261//5261
f 2947//2947 3785//3785 3748//3748
f 3748//3748 3782//3782 3228//3228
f 3241//3241 3782//3782 2235//2235
f 4231//4231 5255//5255 4232//4232
f 4231//4231 5253//5253 5255//5255
f 2151//2151 2362//2362 1050//1050
f 2373//2373 2361//2361 1068//1068
f 1226//1226 978//978 3660//3660
f 5262//5262 1114//1114 1113//1113
f 1051//1051 1050//1050 5565//5565
f 1040//1040 1042//1042 1712//1712
f 1289//1289 5262//5262 3731//3731
f 1119//1119 1117//1117 1116//1116
f 1102//1102 1117//1117 1123//1123
f 1116//1116 1101//1101 1174//1174
f 1100//1100 3796//3796 1098//1098
f 1076//1076 1112//1112 3795//3795
f 2712//2712 3629//3629 3472//3472
f 1076//1076 1075//1075 1270//1270
f 2772//2772 2726//2726 2693//2693
f 1047//1047 1080//1080 1048//1048
f 1053//1053 1713//1713 3781//3781
f 1081//1081 1135//1135 982//982
f 2987//2987 1026//1026 1043//1043
f 1041//1041 1040//1040 1713//1713
f 1160//1160 1030//1030 1019//1019
f 1033//1033 966//966 969//969
f 1034//1034 1135//1135 1035//1035
f 5574//5574 3660//3660 978//978
f 4195//4195 1029//1029 977//977
f 2206//2206 1033//1033 1746//1746
f 5485//5485 3459//3459 5232//5232
f 979//979 1017//1017 4195//4195
f 1032//1032 5232//5232 1018//1018
f 946//946 5575//5575 954//954
f 5576//5576 5485//5485 1032//1032
f 949//949 3459//3459 947//947
f 1103//1103 1004//1004 960//960
f 1007//1007 986//986 910//910
f 944//944 955//955 1199//1199
f 1430//1430 3598//3598 924//924
f 3662//3662 5561//5561 3400//3400
f 5577//5577 3787//3787 5578//5578
f 1747//1747 1746//1746 3661//3661
f 5576//5576 943//943 3459//3459
f 1747//1747 1780//1780 1748//1748
f 3661//3661 3461//3461 1747//1747
f 1653//1653 5523//5523 1789//1789
f 939//939 1818//1818 5238//5238
f 5576//5576 1032//1032 5256//5256
f 938//938 1017//1017 979//979
f 5269//5269 2163//2163 5560//5560
f 1020//1020 954//954 5579//5579
f 944//944 2563//2563 945//945
f 4603//4603 875//875 874//874
f 5580//5580 2690//2690 5581//5581
f 5579//5579 5575//5575 2162//2162
f 3459//3459 943//943 5578//5578
f 5575//5575 963//963 2162//2162
f 947//947 3251//3251 3042//3042
f 946//946 964//964 5575//5575
f 942//942 5578//5578 943//943
f 5582//5582 932//932 3710//3710
f 940//940 976//976 1032//1032
f 942//942 941//941 4184//4184
f 4173//4173 3379//3379 5583//5583
f 5583//5583 1037//1037 2145//2145
f 2145//2145 3400//3400 5560//5560
f 5560//5560 4173//4173 2145//2145
f 5559//5559 932//932 5577//5577
f 3250//3250 4172//4172 3710//3710
f 3378//3378 3377//3377 2159//2159
f 932//932 3787//3787 5577//5577
f 2893//2893 4248//4248 4266//4266
f 3710//3710 4171//4171 5582//5582
f 3120//3120 2242//2242 2159//2159
f 2159//2159 3377//3377 2160//2160
f 2242//2242 3120//3120 2200//2200
f 930//930 932//932 5582//5582
f 930//930 5387//5387 1201//1201
f 1199//1199 3119//3119 2161//2161
f 3233//3233 1133//1133 3853//3853
f 5238//5238 976//976 5584//5584
f 5369//5369 3249//3249 4183//4183
f 4184//4184 4183//4183 3709//3709
f 3709//3709 4183//4183 3249//3249
f 2166//2166 1038//1038 3378//3378
f 4172//4172 4168//4168 1237//1237
f 930//930 5582//5582 4171//4171
f 4165//4165 4211//4211 4065//4065
f 5387//5387 1236//1236 1238//1238
f 1023//1023 1174//1174 1511//1511
f 1058//1058 1275//1275 1270//1270
f 1908//1908 691//691 804//804
f 1282//1282 2692//2692 1281//1281
f 3443//3443 3445//3445 3132//3132
f 3852//3852 2914//2914 5566//5566
f 2815//2815 3852//3852 1510//1510
f 2384//2384 2383//2383 3074//3074
f 3913//3913 5571//5571 2559//2559
f 4259//4259 2914//2914 2913//2913
f 4260//4260 5566//5566 2914//2914
f 3852//3852 2815//2815 3294//3294
f 2560//2560 5573//5573 5510//5510
f 1780//1780 1747//1747 1069//1069
f 987//987 2608//2608 3823//3823
f 3460//3460 3829//3829 1069//1069
f 968//968 5579//5579 2162//2162
f 993//993 912//912 961//961
f 5584//5584 976//976 939//939
f 5577//5577 5578//5578 5559//5559
f 946//946 909//909 944//944
f 1083//1083 1074//1074 1073//1073
f 1009//1009 1008//1008 3799//3799
f 959//959 1085//1085 1091//1091
f 981//981 2151//2151 1050//1050
f 977//977 1052//1052 5574//5574
f 3249//3249 5369//5369 2170//2170
f 981//981 980//980 2151//2151
f 3461//3461 3460//3460 1747//1747
f 5238//5238 5584//5584 939//939
f 3379//3379 3378//3378 5583//5583
f 5583//5583 1038//1038 1037//1037
f 4331//4331 789//789 653//653
f 3469//3469 260//260 2172//2172
f 261//261 260//260 3469//3469
f 3238//3238 231//231 1292//1292
f 615//615 290//290 289//289
f 798//798 795//795 794//794
f 5585//5585 5586//5586 5587//5587
f 5543//5543 3885//3885 360//360
f 1057//1057 929//929 1073//1073
f 5588//5588 1180//1180 836//836
f 1908//1908 692//692 691//691
f 813//813 360//360 3885//3885
f 2086//2086 4374//4374 1628//1628
f 1575//1575 1866//1866 1232//1232
f 5382//5382 5385//5385 5379//5379
f 719//719 794//794 720//720
f 798//798 1325//1325 4217//4217
f 774//774 5586//5586 1648//1648
f 367//367 690//690 1969//1969
f 5567//5567 496//496 814//814
f 804//804 4103//4103 4105//4105
f 780//780 5589//5589 779//779
f 808//808 420//420 419//419
f 269//269 268//268 682//682
f 806//806 366//366 2094//2094
f 653//653 652//652 4331//4331
f 700//700 2172//2172 260//260
f 5590//5590 755//755 5591//5591
f 700//700 650//650 2172//2172
f 421//421 622//622 1216//1216
f 719//719 721//721 4216//4216
f 3229//3229 788//788 651//651
f 270//270 755//755 5590//5590
f 1856//1856 810//810 2094//2094
f 359//359 5587//5587 774//774
f 811//811 810//810 1629//1629
f 751//751 750//750 5592//5592
f 1269//1269 681//681 268//268
f 724//724 723//723 802//802
f 5593//5593 665//665 5539//5539
f 769//769 665//665 763//763
f 778//778 610//610 751//751
f 359//359 776//776 5558//5558
f 5538//5538 664//664 5375//5375
f 4331//4331 652//652 386//386
f 723//723 536//536 802//802
f 725//725 724//724 752//752
f 163//163 731//731 5594//5594
f 351//351 350//350 732//732
f 752//752 751//751 725//725
f 92//92 91//91 103//103
f 5375//5375 664//664 406//406
f 3189//3189 133//133 244//244
f 763//763 780//780 491//491
f 1932//1932 5513//5513 1933//1933
f 195//195 194//194 1571//1571
f 731//731 699//699 5594//5594
f 3191//3191 1571//1571 194//194
f 5592//5592 778//778 751//751
f 135//135 174//174 239//239
f 170//170 173//173 223//223
f 437//437 439//439 670//670
f 661//661 5585//5585 5558//5558
f 612//612 536//536 723//723
f 489//489 685//685 490//490
f 763//763 321//321 769//769
f 5541//5541 5538//5538 5375//5375
f 102//102 92//92 103//103
f 2086//2086 5541//5541 5375//5375
f 774//774 5587//5587 5586//5586
f 194//194 1028//1028 154//154
f 3760//3760 4726//4726 3301//3301
f 3301//3301 3174//3174 3760//3760
f 3056//3056 4956//4956 37//37
f 14//14 4621//4621 15//15
f 1919//1919 3247//3247 3015//3015
f 2743//2743 2742//2742 4886//4886
f 12//12 5038//5038 2742//2742
f 5039//5039 4621//4621 14//14
f 32//32 2939//2939 3248//3248
f 5038//5038 12//12 11//11
f 32//32 3248//3248 30//30
f 1918//1918 3253//3253 11//11
f 638//638 637//637 805//805
f 38//38 8//8 10//10
f 3246//3246 11//11 13//13
f 15//15 4793//4793 16//16
f 45//45 18//18 20//20
f 23//23 3113//3113 5//5
f 5455//5455 24//24 26//26
f 3147//3147 33//33 35//35
f 1//1 40//40 4//4
f 3027//3027 41//41 43//43
f 28//28 1583//1583 39//39
f 38//38 10//10 36//36
f 46//46 23//23 22//22
f 48//48 2997//2997 49//49
f 52//52 5595//5595 53//53
f 55//55 2920//2920 56//56
f 2500//2500 67//67 69//69
f 2346//2346 79//79 81//81
f 2623//2623 82//82 84//84
f 86//86 2609//2609 87//87
f 2872//2872 88//88 90//90
f 1409//1409 5524//5524 1335//1335
f 2864//2864 113//113 93//93
f 114//114 109//109 120//120
f 54//54 58//58 55//55
f 3390//3390 121//121 123//123
f 130//130 127//127 129//129
f 2533//2533 138//138 140//140
f 2260//2260 141//141 143//143
f 146//146 2878//2878 147//147
f 149//149 160//160 150//150
f 2481//2481 3413//3413 3280//3280
f 2307//2307 154//154 156//156
f 2816//2816 157//157 159//159
f 766//766 161//161 163//163
f 710//710 174//174 164//164
f 5258//5258 175//175 177//177
f 598//598 72//72 180//180
f 2786//2786 186//186 188//188
f 184//184 178//178 190//190
f 1028//1028 194//194 196//196
f 203//203 229//229 197//197
f 196//196 206//206 208//208
f 192//192 183//183 182//182
f 1411//1411 212//212 214//214
f 215//215 193//193 200//200
f 211//211 204//204 217//217
f 995//995 218//218 195//195
f 221//221 250//250 222//222
f 219//219 206//206 196//196
f 4453//4453 225//225 227//227
f 230//230 198//198 197//197
f 232//232 5185//5185 233//233
f 235//235 2992//2992 236//236
f 546//546 390//390 389//389
f 263//263 693//693 264//264
f 407//407 265//265 267//267
f 2579//2579 863//863 852//852
f 272//272 590//590 273//273
f 697//697 274//274 276//276
f 345//345 281//281 283//283
f 287//287 516//516 288//288
f 293//293 713//713 294//294
f 266//266 295//295 267//267
f 298//298 295//295 266//266
f 748//748 299//299 301//301
f 310//310 577//577 311//311
f 313//313 712//712 314//314
f 316//316 652//652 317//317
f 490//490 319//319 321//321
f 647//647 325//325 327//327
f 329//329 582//582 330//330
f 332//332 621//621 333//333
f 1265//1265 2304//2304 3176//3176
f 803//803 350//350 352//352
f 318//318 303//303 354//354
f 1087//1087 1089//1089 1812//1812
f 813//813 358//358 360//360
f 366//366 690//690 367//367
f 1211//1211 4217//4217 1325//1325
f 734//734 374//374 314//314
f 469//469 265//265 384//384
f 718//718 385//385 387//387
f 279//279 391//391 280//280
f 264//264 703//703 396//396
f 400//400 656//656 401//401
f 565//565 402//402 404//404
f 769//769 320//320 406//406
f 782//782 412//412 413//413
f 415//415 375//375 416//416
f 327//327 326//326 418//418
f 420//420 622//622 421//421
f 450//450 428//428 430//430
f 411//411 434//434 409//409
f 429//429 428//428 443//443
f 445//445 5596//5596 446//446
f 450//450 295//295 298//298
f 341//341 373//373 451//451
f 453//453 504//504 454//454
f 464//464 526//526 465//465
f 275//275 466//466 468//468
f 276//276 470//470 472//472
f 469//469 384//384 435//435
f 434//434 377//377 376//376
f 745//745 489//489 491//491
f 408//408 487//487 364//364
f 495//495 814//814 496//496
f 501//501 777//777 502//502
f 258//258 735//735 506//506
f 560//560 507//507 509//509
f 547//547 513//513 327//327
f 383//383 519//519 384//384
f 531//531 814//814 371//371
f 812//812 534//534 536//536
f 414//414 298//298 415//415
f 5597//5597 436//436 437//437
f 576//576 312//312 541//541
f 312//312 314//314 258//258
f 546//546 398//398 459//459
f 417//417 552//552 547//547
f 633//633 551//551 553//553
f 502//502 555//555 557//557
f 562//562 744//744 293//293
f 382//382 394//394 380//380
f 313//313 312//312 576//576
f 783//783 392//392 579//579
f 591//591 328//328 461//461
f 128//128 127//127 116//116
f 272//272 588//588 590//590
f 641//641 553//553 668//668
f 722//722 602//602 467//467
f 513//513 547//547 509//509
f 410//410 409//409 369//369
f 412//412 576//576 259//259
f 315//315 317//317 609//609
f 611//611 536//536 612//612
f 616//616 702//702 387//387
f 508//508 591//591 513//513
f 4764//4764 5488//5488 4765//4765
f 768//768 590//590 620//620
f 622//622 420//420 623//623
f 628//628 609//609 372//372
f 447//447 585//585 448//448
f 501//501 272//272 271//271
f 548//548 543//543 524//524
f 742//742 634//634 636//636
f 4232//4232 4928//4928 1282//1282
f 621//621 332//332 642//642
f 488//488 334//334 306//306
f 5597//5597 540//540 436//436
f 363//363 473//473 324//324
f 541//541 356//356 651//651
f 653//653 770//770 317//317
f 654//654 718//718 655//655
f 371//371 495//495 627//627
f 5598//5598 666//666 615//615
f 551//551 558//558 560//560
f 162//162 677//677 679//679
f 545//545 459//459 434//434
f 681//681 4331//4331 682//682
f 687//687 280//280 392//392
f 666//666 642//642 332//332
f 689//689 1969//1969 690//690
f 542//542 577//577 537//537
f 669//669 401//401 676//676
f 692//692 688//688 638//638
f 416//416 375//375 462//462
f 341//341 451//451 519//519
f 277//277 285//285 278//278
f 530//530 645//645 454//454
f 545//545 483//483 487//487
f 624//624 625//625 696//696
f 472//472 714//714 697//697
f 731//731 308//308 699//699
f 607//607 541//541 700//700
f 660//660 659//659 646//646
f 616//616 466//466 702//702
f 2503//2503 2537//2537 2536//2536
f 532//532 441//441 593//593
f 501//501 5599//5599 588//588
f 688//688 692//692 708//708
f 706//706 292//292 294//294
f 785//785 284//284 709//709
f 164//164 220//220 710//710
f 747//747 627//627 711//711
f 656//656 515//515 675//675
f 705//705 697//697 704//704
f 342//342 341//341 694//694
f 716//716 686//686 717//717
f 655//655 718//718 702//702
f 4371//4371 4373//4373 4367//4367
f 512//512 605//605 510//510
f 612//612 723//723 725//725
f 726//726 749//749 555//555
f 436//436 378//378 407//407
f 262//262 745//745 728//728
f 453//453 523//523 522//522
f 729//729 718//718 688//688
f 720//720 795//795 370//370
f 257//257 256//256 730//730
f 535//535 784//784 637//637
f 308//308 731//731 679//679
f 706//706 698//698 732//732
f 734//734 314//314 712//712
f 281//281 672//672 282//282
f 395//395 396//396 366//366
f 748//748 602//602 628//628
f 451//451 409//409 435//435
f 510//510 520//520 288//288
f 713//713 293//293 712//712
f 264//264 489//489 262//262
f 748//748 628//628 739//739
f 163//163 5594//5594 766//766
f 707//707 755//755 729//729
f 742//742 733//733 744//744
f 644//644 587//587 695//695
f 679//679 790//790 302//302
f 665//665 5593//5593 764//764
f 544//544 464//464 583//583
f 683//683 674//674 660//660
f 317//317 770//770 608//608
f 319//319 685//685 684//684
f 694//694 519//519 378//378
f 2752//2752 771//771 773//773
f 386//386 385//385 682//682
f 5543//5543 360//360 774//774
f 358//358 775//775 359//359
f 416//416 456//456 414//414
f 735//735 734//734 736//736
f 516//516 640//640 517//517
f 582//582 507//507 649//649
f 514//514 674//674 648//648
f 420//420 808//808 351//351
f 782//782 713//713 313//313
f 677//677 717//717 783//783
f 434//434 411//411 483//483
f 297//297 266//266 469//469
f 770//770 653//653 721//721
f 678//678 816//816 790//790
f 740//740 350//350 690//690
f 263//263 262//262 727//727
f 553//553 630//630 668//668
f 554//554 549//549 606//606
f 992//992 3424//3424 3412//3412
f 309//309 493//493 801//801
f 724//724 802//802 471//471
f 530//530 584//584 645//645
f 616//616 609//609 467//467
f 706//706 732//732 740//740
f 801//801 619//619 807//807
f 780//780 728//728 745//745
f 352//352 808//808 803//803
f 259//259 607//607 260//260
f 329//329 508//508 582//582
f 606//606 332//332 605//605
f 527//527 442//442 532//532
f 267//267 296//296 437//437
f 294//294 713//713 413//413
f 276//276 275//275 781//781
f 353//353 5599//5599 501//501
f 534//534 812//812 358//358
f 810//810 746//746 806//806
f 5596//5596 445//445 521//521
f 815//815 680//680 633//633
f 775//775 812//812 611//611
f 231//231 5441//5441 5241//5241
f 472//472 802//802 535//535
f 783//783 579//579 678//678
f 526//526 464//464 544//544
f 468//468 301//301 300//300
f 818//818 3908//3908 819//819
f 5600//5600 823//823 825//825
f 1431//1431 826//826 828//828
f 835//835 847//847 836//836
f 1149//1149 837//837 839//839
f 2464//2464 840//840 834//834
f 832//832 842//842 830//830
f 845//845 5407//5407 846//846
f 4966//4966 849//849 851//851
f 821//821 1151//1151 855//855
f 3245//3245 856//856 858//858
f 868//868 859//859 861//861
f 842//842 835//835 843//843
f 867//867 862//862 864//864
f 3493//3493 4803//4803 5015//5015
f 827//827 870//870 828//828
f 963//963 5575//5575 964//964
f 875//875 1557//1557 876//876
f 878//878 3615//3615 879//879
f 881//881 2461//2461 882//882
f 422//422 883//883 885//885
f 887//887 2375//2375 888//888
f 893//893 5411//5411 894//894
f 5601//5601 3688//3688 5214//5214
f 248//248 896//896 898//898
f 3863//3863 899//899 901//901
f 903//903 1151//1151 904//904
f 906//906 2955//2955 907//907
f 986//986 908//908 910//910
f 3231//3231 2592//2592 3318//3318
f 989//989 1841//1841 3681//3681
f 3711//3711 924//924 926//926
f 931//931 3787//3787 932//932
f 3478//3478 935//935 937//937
f 1017//1017 938//938 940//940
f 5576//5576 941//941 943//943
f 945//945 964//964 946//946
f 5404//5404 5347//5347 5367//5367
f 910//910 909//909 954//954
f 1699//1699 956//956 958//958
f 1078//1078 959//959 961//961
f 3953//3953 3947//3947 3955//3955
f 1010//1010 965//965 967//967
f 4674//4674 970//970 972//972
f 974//974 3599//3599 975//975
f 3382//3382 983//983 985//985
f 3823//3823 908//908 987//987
f 991//991 988//988 990//990
f 991//991 1864//1864 992//992
f 4913//4913 996//996 998//998
f 999//999 911//911 922//922
f 1201//1201 902//902 934//934
f 1089//1089 1000//1000 1002//1002
f 929//929 928//928 1003//1003
f 1166//1166 891//891 1004//1004
f 1014//1014 1022//1022 1015//1015
f 1013//1013 1086//1086 1016//1016
f 1005//1005 953//953 1020//1020
f 1160//1160 1021//1021 1022//1022
f 1024//1024 1145//1145 1025//1025
f 1017//1017 940//940 1018//1018
f 966//966 1033//1033 967//967
f 986//986 1082//1082 1003//1003
f 967//967 1034//1034 1036//1036
f 1091//1091 1103//1103 960//960
f 1035//1035 1043//1043 1036//1036
f 1045//1045 1979//1979 1046//1046
f 5387//5387 5381//5381 1201//1201
f 1031//1031 1713//1713 1053//1053
f 1876//1876 3286//3286 1877//1877
f 984//984 1054//1054 1056//1056
f 1270//1270 1061//1061 1058//1058
f 3074//3074 1062//1062 1064//1064
f 1066//1066 1136//1136 1067//1067
f 2255//2255 1068//1068 1069//1069
f 1078//1078 961//961 1061//1061
f 1071//1071 1047//1047 1049//1049
f 1059//1059 1057//1057 1074//1074
f 1079//1079 1075//1075 1077//1077
f 1078//1078 1075//1075 1079//1079
f 1081//1081 982//982 1048//1048
f 1083//1083 3799//3799 1084//1084
f 1084//1084 3732//3732 1088//1088
f 2234//2234 1092//1092 1094//1094
f 2142//2142 1095//1095 1097//1097
f 5222//5222 4918//4918 4922//4922
f 1102//1102 4167//4167 1100//1100
f 1013//1013 1103//1103 1086//1086
f 3342//3342 5602//5602 5603//5603
f 1108//1108 1716//1716 950//950
f 1110//1110 4617//4617 1111//1111
f 911//911 999//999 912//912
f 885//885 3795//3795 1112//1112
f 1114//1114 2987//2987 1115//1115
f 1102//1102 1101//1101 1117//1117
f 1118//1118 1117//1117 1119//1119
f 5247//5247 1120//1120 1122//1122
f 1077//1077 1123//1123 1079//1079
f 1959//1959 1124//1124 1126//1126
f 1025//1025 1127//1127 1129//1129
f 1131//1131 2567//2567 1132//1132
f 207//207 255//255 208//208
f 5262//5262 1113//1113 1001//1001
f 1138//1138 2146//2146 1139//1139
f 1143//1143 1146//1146 1147//1147
f 1146//1146 1143//1143 1140//1140
f 1149//1149 2255//2255 1069//1069
f 833//833 1150//1150 821//821
f 5208//5208 1152//1152 1154//1154
f 1158//1158 5427//5427 1159//1159
f 1019//1019 1018//1018 1160//1160
f 1024//1024 1161//1161 1145//1145
f 1165//1165 927//927 1057//1057
f 1168//1168 3420//3420 1169//1169
f 1164//1164 1163//1163 1060//1060
f 913//913 1170//1170 999//999
f 1172//1172 1244//1244 1173//1173
f 2206//2206 980//980 1135//1135
f 1123//1123 1118//1118 1016//1016
f 4192//4192 1175//1175 1177//1177
f 5588//5588 1178//1178 1180//1180
f 1314//1314 1182//1182 1143//1143
f 1187//1187 1133//1133 1065//1065
f 3903//3903 1192//1192 1194//1194
f 2578//2578 1195//1195 1197//1197
f 908//908 2608//2608 1199//1199
f 1201//1201 934//934 931//931
f 1054//1054 984//984 983//983
f 1042//1042 1014//1014 1118//1118
f 105//105 1215//1215 1205//1205
f 1324//1324 1209//1209 1211//1211
f 421//421 1216//1216 1218//1218
f 1220//1220 1273//1273 1221//1221
f 350//350 740//740 732//732
f 5527//5527 3361//3361 4001//4001
f 1234//1234 1229//1229 1222//1222
f 3344//3344 1231//1231 1233//1233
f 1234//1234 1332//1332 1235//1235
f 1237//1237 4165//4165 1238//1238
f 1240//1240 5177//5177 1241//1241
f 1218//1218 1217//1217 1245//1245
f 5073//5073 1246//1246 1248//1248
f 1252//1252 1405//1405 1253//1253
f 4861//4861 1254//1254 1255//1255
f 3738//3738 1257//1257 1259//1259
f 1261//1261 3703//3703 1262//1262
f 2330//2330 1263//1263 1265//1265
f 1222//1222 681//681 1234//1234
f 1078//1078 1061//1061 1075//1075
f 1316//1316 1272//1272 1274//1274
f 1331//1331 1279//1279 1280//1280
f 4055//4055 1389//1389 4151//4151
f 1266//1266 1320//1320 1284//1284
f 1218//1218 1285//1285 421//421
f 1320//1320 1286//1286 1288//1288
f 233//233 1290//1290 1292//1292
f 1297//1297 2974//2974 1298//1298
f 1765//1765 1299//1299 1301//1301
f 1271//1271 1330//1330 1303//1303
f 1305//1305 1277//1277 1276//1276
f 2805//2805 1295//1295 1306//1306
f 1308//1308 3858//3858 1309//1309
f 4617//4617 1310//1310 1312//1312
f 5475//5475 5160//5160 5161//5161
f 1317//1317 1316//1316 1294//1294
f 1063//1063 4266//4266 1321//1321
f 2684//2684 2967//2967 2694//2694
f 1288//1288 1329//1329 1257//1257
f 4298//4298 4441//4441 4438//4438
f 965//965 1010//1010 1005//1005
f 1304//1304 1333//1333 1305//1305
f 1328//1328 1334//1334 1336//1336
f 2306//2306 1337//1337 243//243
f 1284//1284 1339//1339 1283//1283
f 1319//1319 1273//1273 1341//1341
f 4194//4194 1342//1342 1344//1344
f 3924//3924 1345//1345 1347//1347
f 2177//2177 827//827 1353//1353
f 1381//1381 1361//1361 1363//1363
f 3906//3906 1364//1364 1347//1347
f 4152//4152 1366//1366 1368//1368
f 1795//1795 1975//1975 1793//1793
f 1355//1355 1373//1373 1372//1372
f 3921//3921 1375//1375 1376//1376
f 1383//1383 4496//4496 1384//1384
f 1386//1386 3229//3229 355//355
f 1354//1354 1372//1372 1362//1362
f 4151//4151 1389//1389 1391//1391
f 1363//1363 1439//1439 1379//1379
f 1397//1397 3774//3774 1398//1398
f 1345//1345 1368//1368 1346//1346
f 1392//1392 1401//1401 1368//1368
f 1630//1630 1404//1404 1403//1403
f 1409//1409 1335//1335 1410//1410
f 1393//1393 1395//1395 1387//1387
f 1251//1251 1253//1253 1419//1419
f 3785//3785 1421//1421 1423//1423
f 1633//1633 1426//1426 1428//1428
f 1430//1430 3711//3711 1431//1431
f 1300//1300 1299//1299 5604//5604
f 1976//1976 3847//3847 2201//2201
f 1400//1400 1392//1392 1415//1415
f 1400//1400 1399//1399 1436//1436
f 1393//1393 1437//1437 1395//1395
f 1392//1392 1400//1400 1436//1436
f 1300//1300 1439//1439 1301//1301
f 1441//1441 4174//4174 1442//1442
f 1469//1469 1443//1443 1445//1445
f 4151//4151 1391//1391 1446//1446
f 1448//1448 1474//1474 1449//1449
f 4152//4152 1453//1453 1455//1455
f 1461//1461 1359//1359 1462//1462
f 1381//1381 1464//1464 1459//1459
f 1467//1467 1738//1738 1468//1468
f 1448//1448 1444//1444 1443//1443
f 1733//1733 1477//1477 1479//1479
f 1488//1488 1480//1480 1471//1471
f 1397//1397 1480//1480 1482//1482
f 4121//4121 1492//1492 1494//1494
f 1465//1465 1445//1445 1458//1458
f 1482//1482 1488//1488 1490//1490
f 1513//1513 1464//1464 1497//1497
f 1099//1099 1101//1101 1100//1100
f 1508//1508 3344//3344 1233//1233
f 4707//4707 4605//4605 4535//4535
f 4861//4861 1255//1255 1512//1512
f 1445//1445 1465//1465 1513//1513
f 3776//3776 1526//1526 1527//1527
f 2514//2514 1531//1531 1533//1533
f 3125//3125 1534//1534 1536//1536
f 1543//1543 952//952 1317//1317
f 1529//1529 1545//1545 1530//1530
f 2150//2150 1556//1556 1558//1558
f 2936//2936 77//77 1565//1565
f 1581//1581 4570//4570 1582//1582
f 28//28 27//27 1583//1583
f 1701//1701 1587//1587 1589//1589
f 1591//1591 1361//1361 1457//1457
f 5554//5554 1592//1592 1594//1594
f 1687//1687 1689//1689 1705//1705
f 1599//1599 2109//2109 1600//1600
f 3887//3887 1604//1604 1376//1376
f 1607//1607 3856//3856 1608//1608
f 5532//5532 1620//1620 1622//1622
f 1623//1623 1373//1373 1355//1355
f 2111//2111 1627//1627 1629//1629
f 2085//2085 1632//1632 1634//1634
f 1698//1698 1639//1639 1641//1641
f 2541//2541 1642//1642 1644//1644
f 1645//1645 1725//1725 1405//1405
f 1647//1647 774//774 1648//1648
f 1650//1650 5498//5498 1651//1651
f 4187//4187 1651//1651 1656//1656
f 2113//2113 1657//1657 1659//1659
f 1661//1661 2113//2113 1371//1371
f 4661//4661 1673//1673 1675//1675
f 1677//1677 1779//1779 1678//1678
f 1647//1647 1646//1646 1680//1680
f 4021//4021 4000//4000 1618//1618
f 1697//1697 1736//1736 1650//1650
f 1698//1698 1829//1829 1699//1699
f 3006//3006 1466//1466 1706//1706
f 1712//1712 3781//3781 1713//1713
f 1786//1786 1669//1669 1714//1714
f 2949//2949 1720//1720 1722//1722
f 3987//3987 3937//3937 4003//4003
f 1347//1347 3879//3879 1727//1727
f 1733//1733 4082//4082 1734//1734
f 2152//2152 1741//1741 1743//1743
f 2206//2206 1746//1746 1748//1748
f 1219//1219 1221//1221 1750//1750
f 1670//1670 1645//1645 1425//1425
f 2009//2009 1759//1759 1761//1761
f 1784//1784 1744//1744 1763//1763
f 1766//1766 3068//3068 1750//1750
f 1379//1379 5604//5604 1380//1380
f 1723//1723 1791//1791 1773//1773
f 1775//1775 2191//2191 1776//1776
f 3769//3769 1785//1785 1714//1714
f 2044//2044 1790//1790 1631//1631
f 1833//1833 1792//1792 1794//1794
f 4150//4150 1797//1797 1799//1799
f 1801//1801 5605//5605 1802//1802
f 1164//1164 1803//1803 1087//1087
f 1438//1438 3898//3898 1804//1804
f 1807//1807 1437//1437 1394//1394
f 1626//1626 1625//1625 1612//1612
f 1811//1811 3901//3901 1428//1428
f 1813//1813 3793//3793 1814//1814
f 1614//1614 3845//3845 1615//1615
f 1819//1819 5261//5261 1820//1820
f 5606//5606 1821//1821 823//823
f 1850//1850 1823//1823 1677//1677
f 2119//2119 1825//1825 1826//1826
f 1829//1829 1641//1641 1636//1636
f 1830//1830 4161//4161 1831//1831
f 1410//1410 1334//1334 1287//1287
f 1840//1840 1835//1835 1837//1837
f 4193//4193 5519//5519 1705//1705
f 1843//1843 3859//3859 1844//1844
f 1846//1846 4581//4581 1847//1847
f 1698//1698 958//958 1849//1849
f 1677//1677 1676//1676 1851//1851
f 2325//2325 1852//1852 1854//1854
f 990//990 1860//1860 991//991
f 1576//1576 866//866 1866//1866
f 1735//1735 4176//4176 1815//1815
f 3655//3655 1872//1872 1874//1874
f 638//638 654//654 639//639
f 1912//1912 1881//1881 1883//1883
f 2463//2463 2409//2409 2470//2470
f 1761//1761 1889//1889 1891//1891
f 2061//2061 1900//1900 1902//1902
f 5037//5037 1907//1907 1908//1908
f 1905//1905 1945//1945 1912//1912
f 1402//1402 1404//1404 1790//1790
f 1912//1912 1883//1883 1911//1911
f 1915//1915 3866//3866 1916//1916
f 1893//1893 1909//1909 1894//1894
f 11//11 3246//3246 1919//1919
f 1913//1913 2124//2124 1416//1416
f 2217//2217 1923//1923 1925//1925
f 2938//2938 1931//1931 1933//1933
f 3196//3196 1936//1936 1938//1938
f 2005//2005 1942//1942 1944//1944
f 1927//1927 1920//1920 1945//1945
f 1949//1949 2075//2075 1950//1950
f 1954//1954 1795//1795 1792//1792
f 1958//1958 1124//1124 1959//1959
f 818//818 5490//5490 4270//4270
f 1967//1967 2222//2222 1968//1968
f 1977//1977 1973//1973 1975//1975
f 1373//1373 1773//1773 1394//1394
f 1892//1892 1883//1883 1935//1935
f 3769//3769 1714//1714 1502//1502
f 2303//2303 1979//1979 1980//1980
f 1983//1983 2209//2209 1949//1949
f 1905//1905 1984//1984 1945//1945
f 1986//1986 2051//2051 1977//1977
f 1050//1050 1049//1049 982//982
f 2066//2066 1989//1989 1991//1991
f 2214//2214 1992//1992 1994//1994
f 1585//1585 1584//1584 1999//1999
f 1905//1905 1911//1911 1898//1898
f 2001//2001 2039//2039 2002//2002
f 2007//2007 2034//2034 1989//1989
f 2011//2011 1884//1884 2012//2012
f 2033//2033 2003//2003 1944//1944
f 2089//2089 2016//2016 2017//2017
f 2019//2019 2138//2138 2020//2020
f 2027//2027 2023//2023 2024//2024
f 2036//2036 1914//1914 2029//2029
f 2048//2048 2038//2038 1730//1730
f 1924//1924 2039//2039 1925//1925
f 3243//3243 1532//1532 1531//1531
f 1591//1591 1349//1349 1351//1351
f 1963//1963 1988//1988 2044//2044
f 2047//2047 2070//2070 2048//2048
f 335//335 331//331 333//333
f 2006//2006 2023//2023 2028//2028
f 1623//1623 2125//2125 2051//2051
f 1943//1943 2013//2013 2052//2052
f 2059//2059 2053//2053 2055//2055
f 1974//1974 1973//1973 1993//1993
f 2018//2018 2020//2020 2055//2055
f 2078//2078 2010//2010 2046//2046
f 1357//1357 1391//1391 1358//1358
f 3029//3029 2072//2072 2074//2074
f 4839//4839 5388//5388 4840//4840
f 2007//2007 2006//2006 1930//1930
f 2010//2010 2078//2078 2077//2077
f 3866//3866 1891//1891 2080//2080
f 2218//2218 2081//2081 1731//1731
f 2015//2015 2014//2014 2017//2017
f 2083//2083 2059//2059 2055//2055
f 1628//1628 1632//1632 2086//2086
f 2087//2087 1990//1990 2008//2008
f 1991//1991 2087//2087 2089//2089
f 1370//1370 2090//2090 2092//2092
f 3445//3445 2829//2829 3132//3132
f 1960//1960 1962//1962 2097//2097
f 1636//1636 1635//1635 2099//2099
f 1953//1953 1952//1952 2101//2101
f 2015//2015 1901//1901 2052//2052
f 1601//1601 2102//2102 2104//2104
f 2105//2105 1502//1502 1501//1501
f 1470//1470 1469//1469 2106//2106
f 2108//2108 3614//3614 2109//2109
f 1591//1591 1590//1590 1349//1349
f 2106//2106 1657//1657 1661//1661
f 1447//1447 1449//1449 2112//2112
f 4012//4012 1774//1774 2115//2115
f 1795//1795 1796//1796 1975//1975
f 1440//1440 1442//1442 2116//2116
f 3458//3458 2118//2118 1826//1826
f 1849//1849 958//958 1766//1766
f 2136//2136 2105//2105 2121//2121
f 2065//2065 1349//1349 2083//2083
f 1770//1770 1416//1416 2124//2124
f 1773//1773 1986//1986 1772//1772
f 2009//2009 2008//2008 1759//1759
f 1977//1977 2051//2051 1978//1978
f 5607//5607 2127//2127 1569//1569
f 2129//2129 1206//1206 1208//1208
f 4317//4317 2131//2131 2133//2133
f 2135//2135 2188//2188 2136//2136
f 2123//2123 2122//2122 2199//2199
f 2174//2174 2020//2020 2025//2025
f 1184//1184 2139//2139 1185//1185
f 1496//1496 1495//1495 1469//1469
f 1138//1138 2384//2384 2147//2147
f 2149//2149 4144//4144 2150//2150
f 1190//1190 2152//2152 2153//2153
f 2487//2487 2156//2156 2158//2158
f 3120//3120 2159//2159 2161//2161
f 4169//4169 2169//2169 2171//2171
f 788//788 3475//3475 2172//2172
f 2007//2007 1930//1930 1759//1759
f 1474//1474 1729//1729 1449//1449
f 1783//1783 1801//1801 2173//2173
f 2126//2126 2051//2051 2125//2125
f 3313//3313 2175//2175 884//884
f 2090//2090 2047//2047 2091//2091
f 863//863 870//870 864//864
f 2179//2179 3713//3713 2180//2180
f 5262//5262 1289//1289 1114//1114
f 3047//3047 3770//3770 3219//3219
f 3243//3243 2185//2185 2187//2187
f 4362//4362 4357//4357 4392//4392
f 3617//3617 1344//1344 2108//2108
f 2092//2092 2091//2091 2107//2107
f 1896//1896 1879//1879 1898//1898
f 2197//2197 3400//3400 2198//2198
f 1660//1660 1407//1407 1406//1406
f 1715//1715 1506//1506 1124//1124
f 1322//1322 1327//1327 1304//1304
f 2113//2113 1659//1659 1433//1433
f 1319//1319 1341//1341 1971//1971
f 2087//2087 1956//1956 2088//2088
f 2110//2110 1701//1701 1751//1751
f 1500//1500 1502//1502 2201//2201
f 3746//3746 2202//2202 2204//2204
f 1983//1983 2025//2025 2205//2205
f 1780//1780 980//980 1748//1748
f 1949//1949 2209//2209 2075//2075
f 1637//1637 1636//1636 1641//1641
f 962//962 945//945 2213//2213
f 1958//1958 1972//1972 1124//1124
f 1714//1714 1668//1668 1638//1638
f 2023//2023 2049//2049 2014//2014
f 5608//5608 2216//2216 2217//2217
f 2063//2063 2062//2062 2096//2096
f 1354//1354 1362//1362 1361//1361
f 1913//1913 1790//1790 1988//1988
f 1966//1966 1968//1968 2047//2047
f 1951//1951 1953//1953 2042//2042
f 2100//2100 2101//2101 2221//2221
f 1126//1126 1125//1125 1501//1501
f 1730//1730 1729//1729 2195//2195
f 2090//2090 1370//1370 1369//1369
f 2058//2058 2060//2060 1731//1731
f 2225//2225 3463//3463 1385//1385
f 2227//2227 1055//1055 1054//1054
f 2142//2142 2228//2228 2230//2230
f 1715//1715 1972//1972 1716//1716
f 3053//3053 2231//2231 2233//2233
f 2254//2254 2235//2235 2237//2237
f 1717//1717 2121//2121 1506//1506
f 1380//1380 1499//1499 1381//1381
f 1779//1779 1778//1778 2242//2242
f 1294//1294 1274//1274 1318//1318
f 2241//2241 2134//2134 2136//2136
f 202//202 2326//2326 2244//2244
f 1136//1136 1113//1113 1115//1115
f 2248//2248 1155//1155 136//136
f 2252//2252 5609//5609 2253//2253
f 2237//2237 2373//2373 2255//2255
f 2256//2256 3682//3682 2257//2257
f 143//143 2258//2258 2260//2260
f 2262//2262 3162//3162 2263//2263
f 40//40 2951//2951 50//50
f 2270//2270 2574//2574 2271//2271
f 2285//2285 1980//1980 2272//2272
f 2865//2865 2276//2276 2278//2278
f 5610//5610 2279//2279 2281//2281
f 156//156 2305//2305 2307//2307
f 2921//2921 2308//2308 2310//2310
f 2461//2461 2311//2311 882//882
f 2299//2299 2298//2298 2321//2321
f 3630//3630 2324//2324 2325//2325
f 1755//1755 2327//2327 2329//2329
f 2332//2332 5167//5167 2333//2333
f 3715//3715 2334//2334 2336//2336
f 1913//1913 2130//2130 1970//1970
f 2656//2656 2337//2337 2339//2339
f 3406//3406 2341//2341 2343//2343
f 2345//2345 3279//3279 2346//2346
f 4056//4056 2352//2352 2354//2354
f 1058//1058 423//423 1275//1275
f 4319//4319 2355//2355 2357//2357
f 3035//3035 2358//2358 2360//2360
f 2146//2146 5011//5011 2362//2362
f 1642//1642 2183//2183 2364//2364
f 2870//2870 1106//1106 2365//2365
f 2314//2314 2367//2367 2369//2369
f 2921//2921 2370//2370 2372//2372
f 2373//2373 2237//2237 2374//2374
f 2289//2289 2291//2291 2376//2376
f 2301//2301 2268//2268 2319//2319
f 2379//2379 2291//2291 2290//2290
f 4161//4161 2385//2385 2153//2153
f 2390//2390 3168//3168 2391//2391
f 1514//1514 4281//4281 2392//2392
f 2733//2733 2393//2393 2395//2395
f 1010//1010 1036//1036 1011//1011
f 2397//2397 3539//3539 2398//2398
f 2408//2408 3531//3531 2409//2409
f 2265//2265 1548//1548 2266//2266
f 3551//3551 2416//2416 2418//2418
f 2426//2426 4297//4297 2427//2427
f 2441//2441 2433//2433 2435//2435
f 2438//2438 2401//2401 2402//2402
f 2296//2296 2847//2847 2302//2302
f 2445//2445 2471//2471 2438//2438
f 2437//2437 2404//2404 2413//2413
f 2458//2458 3486//3486 2459//2459
f 5163//5163 2311//2311 2462//2462
f 2551//2551 2464//2464 2465//2465
f 3857//3857 2466//2466 1655//1655
f 2389//2389 235//235 2387//2387
f 4463//4463 5471//5471 4464//4464
f 2428//2428 2430//2430 2438//2438
f 2477//2477 2449//2449 2451//2451
f 3021//3021 2348//2348 2479//2479
f 211//211 3274//3274 66//66
f 2481//2481 2672//2672 2482//2482
f 2317//2317 2316//2316 2486//2486
f 2489//2489 2288//2288 2490//2490
f 133//133 132//132 2502//2502
f 158//158 2979//2979 2508//2508
f 2767//2767 2509//2509 2511//2511
f 2515//2515 2267//2267 1531//1531
f 2517//2517 2625//2625 2518//2518
f 3960//3960 2519//2519 2521//2521
f 2522//2522 3226//3226 2523//2523
f 3265//3265 2524//2524 2526//2526
f 1469//1469 1495//1495 1658//1658
f 2607//2607 2530//2530 2532//2532
f 2533//2533 140//140 2516//2516
f 2539//2539 5435//5435 2540//2540
f 2542//2542 2727//2727 1642//1642
f 2464//2464 2551//2551 840//840
f 2557//2557 5203//5203 2558//2558
f 1429//1429 1431//1431 828//828
f 2521//2521 2565//2565 918//918
f 2570//2570 2351//2351 81//81
f 2366//2366 2144//2144 2388//2388
f 2572//2572 57//57 64//64
f 2270//2270 2573//2573 2574//2574
f 3221//3221 2575//2575 2577//2577
f 138//138 2547//2547 139//139
f 2582//2582 2591//2591 2583//2583
f 2495//2495 2584//2584 2553//2553
f 2530//2530 2543//2543 2585//2585
f 2589//2589 2882//2882 2590//2590
f 2594//2594 5388//5388 2595//2595
f 2597//2597 2976//2976 2598//2598
f 2293//2293 2292//2292 2600//2600
f 2605//2605 3363//3363 2606//2606
f 2608//2608 987//987 928//928
f 2723//2723 2368//2368 2852//2852
f 931//931 923//923 890//890
f 3113//3113 2612//2612 2614//2614
f 2616//2616 2991//2991 2617//2617
f 3312//3312 2618//2618 2620//2620
f 2622//2622 2741//2741 2623//2623
f 2547//2547 3263//3263 2624//2624
f 772//772 771//771 2628//2628
f 1439//1439 1363//1363 1396//1396
f 4583//4583 4544//4544 1847//1847
f 1412//1412 3494//3494 597//597
f 4618//4618 2635//2635 1310//1310
f 2638//2638 214//214 1424//1424
f 3853//3853 2140//2140 2640//2640
f 2247//2247 2641//2641 2643//2643
f 2685//2685 2644//2644 2646//2646
f 2611//2611 2555//2555 2647//2647
f 2796//2796 2651//2651 2653//2653
f 2265//2265 2778//2778 2655//2655
f 2663//2663 2999//2999 2664//2664
f 2339//2339 2669//2669 82//82
f 2671//2671 2482//2482 2672//2672
f 3910//3910 2679//2679 2680//2680
f 2661//2661 2660//2660 2682//2682
f 1685//1685 1684//1684 1511//1511
f 2684//2684 3453//3453 2685//2685
f 1644//1644 1643//1643 2689//2689
f 2691//2691 1281//1281 2692//2692
f 2654//2654 2750//2750 1548//1548
f 4893//4893 5595//5595 52//52
f 2363//2363 2182//2182 2696//2696
f 18//18 45//45 1583//1583
f 3062//3062 2699//2699 2701//2701
f 2676//2676 2655//2655 2702//2702
f 2591//2591 2531//2531 2585//2585
f 3467//3467 1941//1941 2712//2712
f 2275//2275 2302//2302 2382//2382
f 2720//2720 3126//3126 2721//2721
f 3259//3259 2722//2722 2724//2724
f 1013//1013 1015//1015 949//949
f 3338//3338 2729//2729 2618//2618
f 2762//2762 2730//2730 2285//2285
f 3409//3409 2735//2735 2737//2737
f 12//12 2742//2742 2744//2744
f 1031//1031 1030//1030 1713//1713
f 1062//1062 1137//1137 1063//1063
f 2875//2875 2646//2646 2733//2733
f 2652//2652 2651//2651 2695//2695
f 3216//3216 3034//3034 3712//3712
f 2768//2768 5611//5611 2769//2769
f 2771//2771 2726//2726 2772//2772
f 178//178 172//172 2771//2771
f 2302//2302 2847//2847 2765//2765
f 3216//3216 2370//2370 2777//2777
f 2265//2265 2264//2264 2779//2779
f 2802//2802 2296//2296 2780//2780
f 2244//2244 1979//1979 2303//2303
f 3106//3106 2792//2792 2793//2793
f 5611//5611 2784//2784 2769//2769
f 2681//2681 2798//2798 2800//2800
f 2502//2502 995//995 1570//1570
f 2715//2715 2801//2801 2716//2716
f 2267//2267 2331//2331 2251//2251
f 3137//3137 2810//2810 2812//2812
f 2771//2771 2820//2820 2726//2726
f 2751//2751 773//773 772//772
f 1038//1038 2168//2168 1039//1039
f 2628//2628 2818//2818 2827//2827
f 2753//2753 2318//2318 2661//2661
f 2838//2838 2738//2738 2740//2740
f 3036//3036 2842//2842 2589//2589
f 2331//2331 2267//2267 2515//2515
f 5297//5297 5342//5342 5223//5223
f 2294//2294 2293//2293 2848//2848
f 3426//3426 3183//3183 3239//3239
f 3485//3485 3298//3298 3733//3733
f 2378//2378 2377//2377 2797//2797
f 1182//1182 4769//4769 2857//2857
f 1872//1872 3655//3655 2860//2860
f 217//217 204//204 2863//2863
f 113//113 2864//2864 2866//2866
f 3673//3673 2870//2870 2871//2871
f 2754//2754 2844//2844 2295//2295
f 1327//1327 1322//1322 1329//1329
f 2875//2875 2733//2733 2876//2876
f 2886//2886 2879//2879 2881//2881
f 2911//2911 2882//2882 2883//2883
f 2123//2123 1800//1800 1662//1662
f 2846//2846 2841//2841 2836//2836
f 1053//1053 1142//1142 2889//2889
f 2675//2675 2856//2856 2800//2800
f 2891//2891 130//130 131//131
f 2894//2894 2238//2238 2240//2240
f 2926//2926 2895//2895 2622//2622
f 2499//2499 3123//3123 2898//2898
f 2900//2900 3625//3625 2901//2901
f 2545//2545 2578//2578 2903//2903
f 2905//2905 5612//5612 2906//2906
f 1262//1262 3703//3703 2245//2245
f 2486//2486 2629//2629 2570//2570
f 2912//2912 3297//3297 2882//2882
f 2914//2914 3852//3852 2915//2915
f 2917//2917 3163//3163 2918//2918
f 3581//3581 3147//3147 3032//3032
f 2308//2308 2921//2921 2922//2922
f 953//953 1005//1005 1007//1007
f 1523//1523 2750//2750 2654//2654
f 1537//1537 1539//1539 2929//2929
f 123//123 2848//2848 95//95
f 2850//2850 2849//2849 2571//2571
f 43//43 42//42 2932//2932
f 2934//2934 3974//3974 2935//2935
f 2291//2291 2379//2379 2375//2375
f 189//189 198//198 190//190
f 63//63 126//126 2879//2879
f 3113//3113 23//23 2612//2612
f 2943//2943 2939//2939 2940//2940
f 3737//3737 1421//1421 1386//1386
f 2944//2944 2720//2720 2719//2719
f 904//904 1150//1150 922//922
f 3149//3149 2957//2957 2959//2959
f 2749//2749 2731//2731 84//84
f 2687//2687 2686//2686 2892//2892
f 3141//3141 2975//2975 2549//2549
f 3289//3289 2976//2976 2977//2977
f 2982//2982 2666//2666 2978//2978
f 2807//2807 2633//2633 2795//2795
f 3071//3071 2508//2508 2384//2384
f 2981//2981 3783//3783 2722//2722
f 2600//2600 2292//2292 2271//2271
f 2887//2887 2493//2493 2984//2984
f 3307//3307 2985//2985 2665//2665
f 1080//1080 1115//1115 1043//1043
f 1206//1206 2129//2129 839//839
f 2264//2264 2266//2266 2991//2991
f 2369//2369 2368//2368 2722//2722
f 2632//2632 2795//2795 2633//2633
f 2382//2382 2377//2377 2287//2287
f 79//79 2346//2346 2995//2995
f 2997//2997 3026//3026 2998//2998
f 2381//2381 2970//2970 2797//2797
f 2483//2483 2793//2793 2887//2887
f 3004//3004 2599//2599 2600//2600
f 1807//1807 1467//1467 3006//3006
f 2283//2283 2186//2186 3007//3007
f 2364//2364 2363//2363 2888//2888
f 3008//3008 3350//3350 2782//2782
f 3168//3168 2647//2647 2391//2391
f 1547//1547 2700//2700 1521//1521
f 2375//2375 3009//3009 2376//2376
f 2728//2728 2895//2895 3012//3012
f 2598//2598 3013//3013 1539//1539
f 2104//2104 3016//3016 1601//1601
f 2715//2715 2714//2714 3021//3021
f 1720//1720 2952//2952 2950//2950
f 2921//2921 2310//2310 2776//2776
f 937//937 3025//3025 2997//2997
f 5613//5613 1694//1694 3029//3029
f 3130//3130 3033//3033 27//27
f 2360//2360 3290//3290 3036//3036
f 2361//2361 2374//2374 2146//2146
f 2479//2479 3037//3037 3021//3021
f 3008//3008 2619//2619 2617//2617
f 1460//1460 1477//1477 1734//1734
f 2970//2970 2573//2573 2270//2270
f 3042//3042 1004//1004 948//948
f 3003//3003 2574//2574 2281//2281
f 2337//2337 2656//2656 3047//3047
f 2232//2232 2231//2231 3051//3051
f 2948//2948 4950//4950 2946//2946
f 2246//2246 2245//2245 3062//3062
f 3429//3429 2226//2226 3064//3064
f 3066//3066 2759//2759 3067//3067
f 3844//3844 3068//3068 2210//2210
f 2347//2347 2350//2350 2391//2391
f 3072//3072 3729//3729 3073//3073
f 3813//3813 3075//3075 3077//3077
f 3079//3079 3096//3096 3080//3080
f 3085//3085 3549//3549 3086//3086
f 3154//3154 3088//3088 2309//2309
f 3304//3304 3097//3097 3076//3076
f 3080//3080 3561//3561 3560//3560
f 4033//4033 3988//3988 4009//4009
f 2345//2345 2344//2344 2792//2792
f 2718//2718 90//90 145//145
f 3110//3110 3568//3568 3111//3111
f 2942//2942 2941//2941 2830//2830
f 906//906 2943//2943 2955//2955
f 2674//2674 2763//2763 2839//2839
f 2715//2715 3037//3037 3114//3114
f 3703//3703 1261//1261 1551//1551
f 1422//1422 3890//3890 3118//3118
f 1892//1892 1894//1894 1911//1911
f 3054//3054 5614//5614 3124//3124
f 60//60 2879//2879 1144//1144
f 2951//2951 3130//3130 29//29
f 3768//3768 2573//2573 2766//2766
f 3134//3134 5614//5614 3135//3135
f 2232//2232 3307//3307 2667//2667
f 2275//2275 2318//2318 2273//2273
f 3146//3146 3154//3154 3069//3069
f 2830//2830 2941//2941 2380//2380
f 3152//3152 5615//5615 3153//3153
f 3143//3143 2966//2966 3136//3136
f 2975//2975 3155//3155 2550//2550
f 2587//2587 3157//3157 2630//2630
f 3133//3133 3135//3135 3160//3160
f 2158//2158 2483//2483 2280//2280
f 2677//2677 2263//2263 3162//3162
f 2965//2965 2964//2964 3166//3166
f 3171//3171 4782//4782 2931//2931
f 3172//3172 3260//3260 2996//2996
f 2916//2916 3173//3173 2917//2917
f 3288//3288 3013//3013 3175//3175
f 371//371 627//627 372//372
f 120//120 109//109 3179//3179
f 1814//1814 3183//3183 1812//1812
f 3187//3187 2585//2585 2536//2536
f 3186//3186 797//797 125//125
f 2863//2863 1263//1263 217//217
f 3215//3215 2936//2936 3194//3194
f 2598//2598 1539//1539 1574//1574
f 2151//2151 1068//1068 2361//2361
f 3197//3197 1321//1321 3198//3198
f 3208//3208 3199//3199 3200//3200
f 2//2 17//17 3201//3201
f 202//202 2770//2770 3002//3002
f 41//41 3027//3027 142//142
f 2957//2957 3204//3204 2958//2958
f 3208//3208 3209//3209 3181//3181
f 3881//3881 3212//3212 1665//1665
f 2734//2734 2936//2936 2876//2876
f 3069//3069 3070//3070 3061//3061
f 3295//3295 1196//1196 2624//2624
f 2799//2799 3278//3278 3214//3214
f 2868//2868 2697//2697 2872//2872
f 2544//2544 2586//2586 2503//2503
f 5616//5616 2897//2897 3222//3222
f 2490//2490 2288//2288 2515//2515
f 1572//1572 2773//2773 3192//3192
f 3259//3259 3224//3224 2980//2980
f 3004//3004 3225//3225 2599//2599
f 2625//2625 2523//2523 3226//3226
f 1971//1971 1987//1987 1221//1221
f 2708//2708 2516//2516 2584//2584
f 3793//3793 1813//1813 3234//3234
f 2486//2486 2909//2909 3235//3235
f 978//978 1819//1819 979//979
f 3237//3237 5568//5568 3238//3238
f 1814//1814 3794//3794 3239//3239
f 1128//1128 1119//1119 1129//1129
f 1149//1149 839//839 3241//3241
f 814//814 531//531 2691//2691
f 3007//3007 2304//2304 2283//2283
f 159//159 2508//2508 3073//3073
f 1190//1190 1189//1189 3245//3245
f 2930//2930 3248//3248 906//906
f 3709//3709 3249//3249 3250//3250
f 1751//1751 1426//1426 3255//3255
f 1565//1565 3139//3139 3194//3194
f 2592//2592 3231//3231 2531//2531
f 1260//1260 1262//1262 2724//2724
f 2533//2533 2518//2518 2546//2546
f 1265//1265 2781//2781 2304//2304
f 1027//1027 1028//1028 196//196
f 2491//2491 2792//2792 2344//2344
f 3267//3267 4557//4557 3268//3268
f 2082//2082 618//618 221//221
f 2546//2546 2525//2525 3269//3269
f 2705//2705 2704//2704 2783//2783
f 2621//2621 2537//2537 2504//2504
f 2930//2930 3252//3252 3248//3248
f 122//122 121//121 56//56
f 3155//3155 3271//3271 3156//3156
f 2858//2858 2845//2845 2682//2682
f 3067//3067 2761//2761 3277//3277
f 2546//2546 3269//3269 2547//2547
f 2583//2583 2591//2591 3187//3187
f 3639//3639 3278//3278 2798//2798
f 991//991 1861//1861 3634//3634
f 76//76 95//95 77//77
f 3335//3335 3281//3281 3283//3283
f 5614//5614 3134//3134 3124//3124
f 3256//3256 2650//2650 2641//2641
f 1876//1876 983//983 3287//3287
f 2863//2863 2243//2243 1263//1263
f 2613//2613 2612//2612 3033//3033
f 2968//2968 3017//3017 2969//2969
f 2673//2673 2800//2800 2799//2799
f 3292//3292 3489//3489 3131//3131
f 2884//2884 2278//2278 2277//2277
f 1035//1035 1081//1081 1043//1043
f 1131//1131 1130//1130 3294//3294
f 3004//3004 3003//3003 2887//2887
f 882//882 2312//2312 5194//5194
f 2349//2349 2348//2348 2814//2814
f 1781//1781 1587//1587 1856//1856
f 3331//3331 3097//3097 3305//3305
f 3257//3257 3062//3062 2701//2701
f 3299//3299 2985//2985 3307//3307
f 2618//2618 3312//3312 2762//2762
f 3185//3185 2587//2587 3315//3315
f 872//872 3623//3623 873//873
f 921//921 933//933 904//904
f 2608//2608 925//925 3325//3325
f 3450//3450 3326//3326 3115//3115
f 3299//3299 3051//3051 2649//2649
f 3328//3328 3648//3648 3329//3329
f 1317//1317 1293//1293 1542//1542
f 3459//3459 949//949 5232//5232
f 69//69 68//68 3296//3296
f 3334//3334 3257//3257 3306//3306
f 2967//2967 3337//3337 2762//2762
f 3225//3225 2984//2984 2492//2492
f 2740//2740 2783//2783 2892//2892
f 1213//1213 1212//1212 1223//1223
f 3349//3349 1056//1056 1055//1055
f 2266//2266 3451//3451 3350//3350
f 2247//2247 2246//2246 2641//2641
f 3456//3456 3817//3817 3457//3457
f 79//79 2906//2906 80//80
f 1474//1474 1443//1443 1470//1470
f 3061//3061 3070//3070 3358//3358
f 3360//3360 5421//5421 3361//3361
f 1094//1094 3364//3364 2134//2134
f 2858//2858 2675//2675 3365//3365
f 2878//2878 1156//1156 1155//1155
f 2393//2393 2771//2771 172//172
f 1832//1832 1328//1328 1327//1327
f 3305//3305 3791//3791 3375//3375
f 1937//1937 3376//3376 2852//2852
f 2212//2212 3377//3377 3379//3379
f 861//861 1507//1507 868//868
f 2604//2604 3117//3117 3116//3116
f 3287//3287 983//983 3382//3382
f 3732//3732 1072//1072 1088//1088
f 3326//3326 3090//3090 3092//3092
f 1468//1468 1624//1624 1626//1626
f 3397//3397 3409//3409 3398//3398
f 1168//1168 1167//1167 3282//3282
f 2145//2145 1039//1039 2198//2198
f 3636//3636 3402//3402 3404//3404
f 1163//1163 3623//3623 1165//1165
f 3405//3405 3005//3005 2990//2990
f 809//809 808//808 1173//1173
f 1777//1777 2167//2167 2166//2166
f 985//985 3345//3345 3408//3408
f 3466//3466 3101//3101 3394//3394
f 3412//3412 3424//3424 3380//3380
f 2838//2838 2837//2837 3413//3413
f 1508//1508 3595//3595 5602//5602
f 3666//3666 3423//3423 1865//1865
f 4200//4200 5048//5048 4878//4878
f 1872//1872 3432//3432 1873//1873
f 3421//3421 3437//3437 3439//3439
f 3026//3026 3025//3025 3440//3440
f 2648//2648 3314//3314 2649//2649
f 2898//2898 3123//3123 3044//3044
f 2510//2510 2509//2509 3262//3262
f 3447//3447 3513//3513 3448//3448
f 3587//3587 3369//3369 3450//3450
f 2702//2702 2655//2655 936//936
f 3044//3044 3046//3046 3452//3452
f 7//7 3048//3048 22//22
f 2823//2823 2936//2936 2734//2734
f 1865//1865 1864//1864 3455//3455
f 3283//3283 3456//3456 3372//3372
f 950//950 1716//1716 951//951
f 3662//3662 2197//2197 3461//3461
f 1149//1149 3241//3241 2254//2254
f 3262//3262 2738//2738 2838//2838
f 84//84 83//83 3303//3303
f 2572//2572 2698//2698 2920//2920
f 1524//1524 2654//2654 2676//2676
f 1030//1030 1160//1160 1041//1041
f 2835//2835 2831//2831 771//771
f 3484//3484 2979//2979 3462//3462
f 1171//1171 1271//1271 1302//1302
f 1577//1577 3340//3340 3279//3279
f 5088//5088 5112//5112 5089//5089
f 1034//1034 1033//1033 2206//2206
f 3354//3354 3465//3465 3466//3466
f 2248//2248 135//135 1144//1144
f 2702//2702 935//935 3470//3470
f 3131//3131 2387//2387 3471//3471
f 3410//3410 2658//2658 2657//2657
f 1321//1321 3197//3197 1064//1064
f 3473//3473 3630//3630 3430//3430
f 3309//3309 3306//3306 3339//3339
f 3444//3444 3740//3740 3477//3477
f 2227//2227 3161//3161 3162//3162
f 3478//3478 3479//3479 3470//3470
f 3482//3482 857//857 856//856
f 2555//2555 2611//2611 2480//2480
f 2384//2384 2979//2979 3484//3484
f 3298//3298 3485//3485 3045//3045
f 3072//3072 3071//3071 3074//3074
f 2272//2272 1045//1045 1044//1044
f 3241//3241 3240//3240 3228//3228
f 2790//2790 3011//3011 2927//2927
f 3486//3486 5451//5451 3487//3487
f 1722//1722 3129//3129 2949//2949
f 3345//3345 1056//1056 3349//3349
f 3106//3106 2484//2484 3488//3488
f 3493//3493 907//907 3165//3165
f 2726//2726 2725//2725 2693//2693
f 5617//5617 2411//2411 2473//2473
f 3506//3506 3498//3498 3499//3499
f 3529//3529 3500//3500 3502//3502
f 2415//2415 2469//2469 2439//2439
f 3575//3575 3503//3503 3505//3505
f 3507//3507 3541//3541 3498//3498
f 3509//3509 3524//3524 3510//3510
f 3542//3542 2193//2193 2472//2472
f 3507//3507 3506//3506 3512//3512
f 3525//3525 3448//3448 3514//3514
f 2475//2475 3516//3516 3518//3518
f 2450//2450 2456//2456 2451//2451
f 2442//2442 2468//2468 2437//2437
f 2476//2476 3522//3522 2477//2477
f 3576//3576 3524//3524 3525//3525
f 3098//3098 3110//3110 3094//3094
f 3518//3518 3517//3517 3527//3527
f 3530//3530 3543//3543 2411//2411
f 5618//5618 3515//3515 3531//3531
f 3508//3508 3510//3510 3533//3533
f 5619//5619 3536//3536 3538//3538
f 2193//2193 3497//3497 2194//2194
f 3570//3570 3539//3539 2433//2433
f 3517//3517 3556//3556 3540//3540
f 3507//3507 2193//2193 3542//3542
f 356//356 257//257 357//357
f 3546//3546 3810//3810 3503//3503
f 3448//3448 3547//3547 3446//3446
f 3537//3537 3549//3549 3550//3550
f 3556//3556 2416//2416 3540//3540
f 3542//3542 2472//2472 2411//2411
f 3498//3498 3541//3541 3554//3554
f 3507//3507 3512//3512 3497//3497
f 2416//2416 3556//3556 3522//3522
f 3362//3362 3363//3363 3557//3557
f 3098//3098 3818//3818 3559//3559
f 2419//2419 2478//2478 3516//3516
f 3532//3532 3533//3533 3566//3566
f 3110//3110 3100//3100 3568//3568
f 3522//3522 3499//3499 2416//2416
f 2615//2615 2729//2729 3338//3338
f 3516//3516 3511//3511 3556//3556
f 2179//2179 3674//3674 3578//3578
f 3367//3367 3090//3090 3326//3326
f 3117//3117 2606//2606 3115//3115
f 3695//3695 3579//3579 2859//2859
f 4182//4182 1267//1267 1266//1266
f 2456//2456 2455//2455 3512//3512
f 2768//2768 2767//2767 2732//2732
f 3587//3587 3584//3584 3369//3369
f 3561//3561 3096//3096 3564//3564
f 3115//3115 3586//3586 3450//3450
f 2180//2180 3638//3638 3588//3588
f 861//861 860//860 3595//3595
f 3355//3355 3354//3354 3078//3078
f 3590//3590 3456//3456 3282//3282
f 2364//2364 2687//2687 2688//2688
f 3598//3598 975//975 3599//3599
f 3120//3120 1200//1200 1678//1678
f 1107//1107 1094//1094 2241//2241
f 3607//3607 1676//1676 3608//3608
f 1306//1306 1250//1250 2804//2804
f 4773//4773 3610//3610 1560//1560
f 3830//3830 2962//2962 837//837
f 3830//3830 2196//2196 2962//2962
f 3606//3606 3612//3612 3611//3611
f 1343//1343 3613//3613 2108//2108
f 1429//1429 973//973 975//975
f 3603//3603 3616//3616 3618//3618
f 877//877 3621//3621 3622//3622
f 3701//3701 1859//1859 3623//3623
f 3626//3626 4191//4191 3627//3627
f 2164//2164 1307//1307 1309//1309
f 2514//2514 1533//1533 3038//3038
f 3598//3598 3600//3600 924//924
f 1138//1138 1137//1137 1062//1062
f 1270//1270 1275//1275 1112//1112
f 3119//3119 1199//1199 3325//3325
f 3112//3112 2829//2829 3631//3631
f 3349//3349 3162//3162 3434//3434
f 3634//3634 1861//1861 3635//3635
f 3068//3068 1249//1249 1750//1750
f 5280//5280 5290//5290 5313//5313
f 3473//3473 3588//3588 887//887
f 2489//2489 3373//3373 2798//2798
f 2324//2324 3630//3630 887//887
f 1557//1557 875//875 3640//3640
f 1852//1852 3476//3476 3477//3477
f 3394//3394 3082//3082 3466//3466
f 3009//3009 2375//2375 3638//3638
f 3642//3642 3594//3594 3596//3596
f 3631//3631 2324//2324 886//886
f 1619//1619 3877//3877 2103//2103
f 3670//3670 3327//3327 3417//3417
f 3343//3343 3649//3649 3344//3344
f 3651//3651 3659//3659 3652//3652
f 3403//3403 3402//3402 3473//3473
f 3655//3655 1874//1874 916//916
f 3656//3656 3777//3777 3376//3376
f 917//917 1873//1873 3643//3643
f 1162//1162 3184//3184 3426//3426
f 3589//3589 1167//1167 1169//1169
f 3660//3660 5574//5574 2889//2889
f 3418//3418 3401//3401 1105//1105
f 3661//3661 5561//5561 3662//3662
f 3642//3642 3654//3654 3092//3092
f 3696//3696 3666//3666 3455//3455
f 3642//3642 1870//1870 3654//3654
f 3670//3670 3714//3714 3328//3328
f 3382//3382 3671//3671 3347//3347
f 2871//2871 3490//3490 3673//3673
f 829//829 1256//1256 833//833
f 3675//3675 3653//3653 1835//1835
f 1215//1215 105//105 1214//1214
f 869//869 1353//1353 1863//1863
f 950//950 952//952 1543//1543
f 1868//1868 1835//1835 1840//1840
f 2796//2796 3275//3275 3619//3619
f 3380//3380 3424//3424 3685//3685
f 2633//2633 3280//3280 2837//2837
f 3689//3689 5397//5397 3690//3690
f 181//181 183//183 186//186
f 3692//3692 3037//3037 2317//2317
f 3579//3579 3695//3695 3696//3696
f 2859//2859 3580//3580 3432//3432
f 3286//3286 3287//3287 3401//3401
f 3695//3695 3699//3699 3666//3666
f 1509//1509 3370//3370 1510//1510
f 1187//1187 4164//4164 2329//2329
f 3411//3411 3346//3346 3675//3675
f 3565//3565 3566//3566 3084//3084
f 3705//3705 3701//3701 872//872
f 3353//3353 3593//3593 3465//3465
f 3609//3609 3458//3458 1242//1242
f 3703//3703 1551//1551 2699//2699
f 4771//4771 2133//2133 3704//3704
f 3697//3697 3644//3644 3432//3432
f 1859//1859 3701//3701 3706//3706
f 4495//4495 5464//5464 4471//4471
f 3324//3324 3700//3700 3416//3416
f 2860//2860 3655//3655 3680//3680
f 1863//1863 1857//1857 3665//3665
f 1861//1861 3786//3786 3635//3635
f 5559//5559 3709//3709 3710//3710
f 1858//1858 2534//2534 1165//1165
f 3734//3734 3712//3712 3001//3001
f 5589//5589 780//780 5537//5537
f 3615//3615 3602//3602 3620//3620
f 4993//4993 4585//4585 4584//4584
f 2247//2247 2643//2643 3224//3224
f 3021//3021 3020//3020 2813//2813
f 1211//1211 4231//4231 1282//1282
f 3423//3423 3699//3699 2605//2605
f 3718//3718 5581//5581 2336//2336
f 3321//3321 3464//3464 3335//3335
f 3419//3419 3421//3421 3420//3420
f 2345//2345 3488//3488 3279//3279
f 1224//1224 3629//3629 1230//1230
f 1009//1009 1082//1082 1007//1007
f 3136//3136 3730//3730 3125//3125
f 2690//2690 5580//5580 3726//3726
f 2577//2577 3206//3206 3190//3190
f 3033//3033 3739//3739 3728//3728
f 888//888 2379//2379 2941//2941
f 3729//3729 1132//1132 2566//2566
f 2954//2954 3727//3727 2965//2965
f 3392//3392 3161//3161 2226//2226
f 1044//1044 1046//1046 2772//2772
f 1288//1288 1257//1257 1323//1323
f 226//226 225//225 3736//3736
f 2313//2313 3720//3720 1130//1130
f 5393//5393 5390//5390 2312//2312
f 4767//4767 4766//4766 5245//5245
f 1850//1850 2190//2190 1965//1965
f 4233//4233 5591//5591 708//708
f 3142//3142 3141//3141 2549//2549
f 1203//1203 2171//2171 1204//1204
f 5555//5555 3745//3745 3746//3746
f 5162//5162 4270//4270 5490//5490
f 3747//3747 3743//3743 3128//3128
f 3227//3227 2947//2947 3228//3228
f 4069//4069 3749//3749 3750//3750
f 1969//1969 689//689 2993//2993
f 2043//2043 2044//2044 1766//1766
f 157//157 2816//2816 2327//2327
f 3464//3464 3557//3557 3323//3323
f 1192//1192 2321//2321 2298//2298
f 4216//4216 721//721 789//789
f 3295//3295 3296//3296 3758//3758
f 3017//3017 3290//3290 2360//2360
f 1630//1630 1639//1639 1848//1848
f 2125//2125 1623//1623 1348//1348
f 2260//2260 3087//3087 141//141
f 3174//3174 3173//3173 3760//3760
f 2981//2981 2643//2643 3762//3762
f 2888//2888 2632//2632 2687//2687
f 5602//5602 3342//3342 1508//1508
f 2988//2988 3018//3018 2989//2989
f 3600//3600 3597//3597 3606//3606
f 122//122 2271//2271 123//123
f 2739//2739 2509//2509 2767//2767
f 2670//2670 2775//2775 3383//3383
f 5610//5610 2281//2281 3768//3768
f 2658//2658 3410//3410 3047//3047
f 3396//3396 2790//2790 3721//3721
f 1020//1020 5579//5579 968//968
f 3843//3843 2210//2210 2211//2211
f 3337//3337 2967//2967 3014//3014
f 2747//2747 3384//3384 3391//3391
f 3012//3012 3398//3398 3409//3409
f 4156//4156 1479//1479 1390//1390
f 1436//1436 1405//1405 1725//1725
f 2851//2851 3376//3376 3777//3777
f 5194//5194 3778//3778 2031//2031
f 2808//2808 3619//3619 2759//2759
f 2657//2657 2728//2728 3012//3012
f 3235//3235 2909//2909 3356//3356
f 2575//2575 3221//3221 3169//3169
f 1876//1876 1875//1875 1054//1054
f 3060//3060 2650//2650 2231//2231
f 3382//3382 985//985 3671//3671
f 3251//3251 5578//5578 3787//3787
f 3229//3229 3228//3228 788//788
f 920//920 3958//3958 3789//3789
f 3314//3314 3308//3308 3309//3309
f 3441//3441 3336//3336 2985//2985
f 1871//1871 689//689 803//803
f 2387//2387 3131//3131 2388//2388
f 1084//1084 3799//3799 3732//3732
f 2211//2211 2120//2120 957//957
f 4222//4222 1284//1284 3738//3738
f 3801//3801 3825//3825 3387//3387
f 2117//2117 1965//1965 3805//3805
f 1206//1206 838//838 2963//2963
f 3375//3375 3808//3808 3582//3582
f 3465//3465 3593//3593 3594//3594
f 3835//3835 3809//3809 3574//3574
f 185//185 173//173 171//171
f 1941//1941 3467//3467 2196//2196
f 1936//1936 3198//3198 3812//3812
f 3420//3420 3439//3439 1169//1169
f 2142//2142 2144//2144 2366//2366
f 3504//3504 3503//3503 3810//3810
f 3075//3075 3813//3813 3815//3815
f 3815//3815 3816//3816 3075//3075
f 3082//3082 3081//3081 3095//3095
f 3372//3372 3457//3457 3818//3818
f 3821//3821 5513//5513 1932//1932
f 2913//2913 3720//3720 2981//2981
f 3362//3362 3320//3320 3586//3586
f 4737//4737 4543//4543 4679//4679
f 3025//3025 936//936 2778//2778
f 3335//3335 3464//3464 3281//3281
f 837//837 1069//1069 3830//3830
f 3563//3563 3562//3562 3561//3561
f 1692//1692 1998//1998 3831//3831
f 1767//1767 1504//1504 3386//3386
f 3834//3834 3808//3808 3792//3792
f 3505//3505 3368//3368 3583//3583
f 3574//3574 3520//3520 3835//3835
f 3098//3098 3094//3094 3330//3330
f 3170//3170 3104//3104 3023//3023
f 3818//3818 3330//3330 3332//3332
f 3522//3522 2476//2476 3499//3499
f 3297//3297 3045//3045 3123//3123
f 3168//3168 3167//3167 2885//2885
f 2851//2851 3776//3776 1527//1527
f 1869//1869 3845//3845 3846//3846
f 1638//1638 1808//1808 3483//3483
f 3198//3198 4247//4247 3848//3848
f 1724//1724 1833//1833 1740//1740
f 230//230 229//229 3849//3849
f 1761//1761 1915//1915 1957//1957
f 1157//1157 3850//3850 1158//1158
f 864//864 2177//2177 869//869
f 2188//2188 1785//1785 3769//3769
f 1039//1039 2168//2168 1939//1939
f 1911//1911 1895//1895 1898//1898
f 3860//3860 3618//3618 1844//1844
f 3862//3862 2680//2680 3863//3863
f 3628//3628 2220//2220 1824//1824
f 2241//2241 2121//2121 1108//1108
f 5526//5526 5620//5620 3931//3931
f 1437//1437 1807//1807 3006//3006
f 3874//3874 3855//3855 3875//3875
f 3875//3875 3016//3016 3877//3877
f 5557//5557 1611//1611 3878//3878
f 3386//3386 3385//3385 3881//3881
f 4281//4281 1514//1514 3883//3883
f 3318//3318 2592//2592 2582//2582
f 4731//4731 3886//3886 3754//3754
f 1597//1597 3889//3889 1595//1595
f 5581//5581 3718//3718 3892//3892
f 3893//3893 4063//4063 3894//3894
f 4202//4202 3895//3895 3897//3897
f 3899//3899 4148//4148 3627//3627
f 1067//1067 1115//1115 1047//1047
f 1769//1769 3902//3902 1710//1710
f 1194//1194 2459//2459 3904//3904
f 3888//3888 3905//3905 1726//1726
f 5146//5146 3908//3908 3909//3909
f 3862//3862 3886//3886 3910//3910
f 3907//3907 4126//4126 3912//3912
f 3193//3193 245//245 133//133
f 3913//3913 2559//2559 3914//3914
f 1376//1376 1605//1605 3922//3922
f 1828//1828 1595//1595 3902//3902
f 4070//4070 3925//3925 3926//3926
f 1415//1415 1377//1377 1388//1388
f 335//335 477//477 492//492
f 1599//1599 1844//1844 3617//3617
f 1461//1461 1473//1473 1359//1359
f 4145//4145 1654//1654 2679//2679
f 4003//4003 3937//3937 3939//3939
f 3998//3998 3943//3943 3941//3941
f 846//846 5407//5407 3949//3949
f 3951//3951 3789//3789 3952//3952
f 918//918 2529//2529 2528//2528
f 829//829 3961//3961 914//914
f 3899//3899 1707//1707 3966//3966
f 1810//1810 1491//1491 3773//3773
f 2934//2934 3972//3972 3974//3974
f 3988//3988 3983//3983 3989//3989
f 4120//4120 3990//3990 2935//2935
f 3993//3993 4011//4011 3994//3994
f 3942//3942 3941//3941 3995//3995
f 5421//5421 1618//1618 4001//4001
f 3937//3937 3933//3933 3932//3932
f 4018//4018 4007//4007 4009//4009
f 5533//5533 4000//4000 1621//1621
f 4010//4010 3993//3993 4022//4022
f 4030//4030 4019//4019 4023//4023
f 3994//3994 4037//4037 4025//4025
f 4041//4041 4026//4026 4028//4028
f 3935//3935 3934//3934 3933//3933
f 90//90 2718//2718 2609//2609
f 1128//1128 1127//1127 1712//1712
f 5319//5319 5321//5321 5028//5028
f 1939//1939 1941//1941 2198//2198
f 5091//5091 5242//5242 4817//4817
f 3105//3105 2812//2812 3024//3024
f 5621//5621 3805//3805 1775//1775
f 1768//1768 1767//1767 1667//1667
f 4134//4134 4051//4051 4052//4052
f 4106//4106 4053//4053 3872//3872
f 1345//1345 3924//3924 1453//1453
f 4723//4723 4056//4056 4058//4058
f 4746//4746 4059//4059 4061//4061
f 4063//4063 3893//3893 4064//4064
f 5622//5622 1342//1342 4066//4066
f 1734//1734 4068//4068 1452//1452
f 1452//1452 1451//1451 1460//1460
f 954//954 5575//5575 5579//5579
f 3926//3926 1810//1810 1809//1809
f 3896//3896 4075//4075 3897//3897
f 5386//5386 4077//4077 4079//4079
f 5623//5623 4081//4081 4082//4082
f 4042//4042 4084//4084 4083//4083
f 4086//4086 4158//4158 4087//4087
f 4114//4114 4088//4088 4089//4089
f 4120//4120 4020//4020 3976//3976
f 4091//4091 3995//3995 3980//3980
f 3972//3972 4092//4092 3973//3973
f 4026//4026 4092//4092 4093//4093
f 4095//4095 5624//5624 4062//4062
f 1478//1478 1477//1477 1460//1460
f 2110//2110 3255//3255 1627//1627
f 4206//4206 4100//4100 4102//4102
f 4104//4104 5482//5482 4105//4105
f 4041//4041 4110//4110 4026//4026
f 4113//4113 4088//4088 4114//4114
f 1479//1479 4115//4115 1733//1733
f 4098//4098 3896//3896 3895//3895
f 4048//4048 4050//4050 4119//4119
f 4069//4069 3750//3750 1452//1452
f 1981//1981 1389//1389 4121//4121
f 4076//4076 4075//4075 2933//2933
f 4020//4020 2935//2935 3974//3974
f 4099//4099 4043//4043 4117//4117
f 5625//5625 4090//4090 4096//4096
f 3896//3896 4098//4098 4093//4093
f 3989//3989 3970//3970 3935//3935
f 4116//4116 5623//5623 4082//4082
f 3869//3869 4133//4133 4135//4135
f 3825//3825 5543//5543 1680//1680
f 3872//3872 3992//3992 3994//3994
f 4138//4138 5003//5003 4139//4139
f 1774//1774 4012//4012 1775//1775
f 4027//4027 4117//4117 4083//4083
f 1388//1388 1360//1360 1472//1472
f 1300//1300 5604//5604 1379//1379
f 1845//1845 4143//4143 2149//2149
f 1476//1476 3773//3773 1488//1488
f 4148//4148 3899//3899 4149//4149
f 3888//3888 1726//1726 1842//1842
f 1360//1360 1377//1377 1358//1358
f 1492//1492 3915//3915 3893//3893
f 2386//2386 1188//1188 1190//1190
f 926//926 928//928 2534//2534
f 4054//4054 3749//3749 4086//4086
f 3916//3916 4071//4071 4159//4159
f 4160//4160 4191//4191 3889//3889
f 1885//1885 2036//2036 1886//1886
f 1450//1450 3750//3750 1809//1809
f 4045//4045 4068//4068 4081//4081
f 1187//1187 1186//1186 4164//4164
f 4167//4167 3795//3795 3796//3796
f 1237//1237 1236//1236 4172//4172
f 3057//3057 3762//3762 2642//2642
f 4173//4173 5560//5560 4039//4039
f 4173//4173 2213//2213 3379//3379
f 1385//1385 357//357 2224//2224
f 1454//1454 3916//3916 1492//1492
f 916//916 1874//1874 917//917
f 4177//4177 3828//3828 1816//1816
f 5247//5247 1202//1202 1120//1120
f 973//973 1429//1429 3832//3832
f 1999//1999 3854//3854 3857//3857
f 1795//1795 1954//1954 1772//1772
f 2374//2374 3118//3118 1139//1139
f 5369//5369 4183//4183 941//941
f 1776//1776 4185//4185 1774//1774
f 1842//1842 3879//3879 1690//1690
f 1253//1253 1399//1399 3774//3774
f 1651//1651 4187//4187 1649//1649
f 4197//4197 2899//2899 4189//4189
f 1238//1238 4166//4166 4192//4192
f 1672//1672 5518//5518 4193//4193
f 4194//4194 1344//1344 4078//4078
f 3879//3879 1804//1804 1690//1690
f 4147//4147 4149//4149 1259//1259
f 2609//2609 2718//2718 2610//2610
f 4880//4880 4198//4198 4200//4200
f 4201//4201 4053//4053 3895//3895
f 4194//4194 4166//4166 4065//4065
f 1367//1367 1366//1366 1356//1356
f 3905//3905 3888//3888 5626//5626
f 4108//4108 4107//4107 4124//4124
f 1442//1442 4174//4174 4156//4156
f 2116//2116 1494//1494 4155//4155
f 3773//3773 1476//1476 1451//1451
f 3905//3905 4141//4141 3906//3906
f 4043//4043 4024//4024 4044//4044
f 1850//1850 2202//2202 3745//3745
f 4110//4110 4029//4029 4092//4092
f 4064//4064 3917//3917 4095//4095
f 5622//5622 4215//4215 1342//1342
f 1391//1391 1390//1390 1462//1462
f 842//842 2513//2513 848//848
f 4835//4835 4219//4219 4221//4221
f 708//708 5591//5591 755//755
f 2095//2095 2057//2057 2056//2056
f 1227//1227 1214//1214 3676//3676
f 1410//1410 1287//1287 1408//1408
f 5627//5627 4227//4227 4229//4229
f 2563//2563 2212//2212 945//945
f 977//977 1029//1029 1031//1031
f 5161//5161 4237//4237 4239//4239
f 4241//4241 4347//4347 4242//4242
f 4244//4244 5483//5483 4245//4245
f 4198//4198 4251//4251 4253//4253
f 2951//2951 40//40 4258//4258
f 2914//2914 4259//4259 4260//4260
f 4238//4238 4261//4261 4263//4263
f 1063//1063 2745//2745 2894//2894
f 5130//5130 4268//4268 4269//4269
f 1224//1224 1216//1216 1208//1208
f 5573//5573 5571//5571 3244//3244
f 3359//3359 4272//4272 4273//4273
f 191//191 187//187 183//183
f 2171//2171 2170//2170 4274//4274
f 1268//1268 4275//4275 1286//1286
f 1278//1278 1258//1258 1276//1276
f 1259//1259 1258//1258 4196//4196
f 5273//5273 4283//4283 4285//4285
f 4660//4660 4286//4286 4288//4288
f 2580//2580 4837//4837 5143//5143
f 4292//4292 4803//4803 3493//3493
f 5042//5042 4293//4293 4295//4295
f 4349//4349 4296//4296 4298//4298
f 2378//2378 2850//2850 2331//2331
f 3266//3266 3268//3268 4307//4307
f 4648//4648 4308//4308 4310//4310
f 4510//4510 4311//4311 4313//4313
f 3481//3481 3914//3914 4315//4315
f 4821//4821 4316//4316 4318//4318
f 4691//4691 4323//4323 4325//4325
f 4143//4143 1845//1845 4328//4328
f 681//681 1222//1222 4331//4331
f 5432//5432 4332//4332 2225//2225
f 4339//4339 4900//4900 4340//4340
f 4744//4744 4341//4341 1675//1675
f 3035//3035 2588//2588 2806//2806
f 1813//1813 1812//1812 1002//1002
f 1158//1158 3851//3851 1247//1247
f 4352//4352 5312//5312 4353//4353
f 4405//4405 4364//4364 4366//4366
f 4403//4403 4368//4368 4370//4370
f 1586//1586 1585//1585 1693//1693
f 4374//4374 811//811 1629//1629
f 2354//2354 4514//4514 4376//4376
f 4381//4381 1312//1312 4382//4382
f 4390//4390 4383//4383 4385//4385
f 2717//2717 145//145 147//147
f 4397//4397 4418//4418 4398//4398
f 4410//4410 4369//4369 4401//4401
f 4412//4412 4407//4407 4396//4396
f 4390//4390 4392//4392 4391//4391
f 5294//5294 4354//4354 4415//4415
f 4372//4372 4413//4413 4416//4416
f 4356//4356 4418//4418 4354//4354
f 5628//5628 4419//4419 4421//4421
f 4353//4353 4422//4422 4369//4369
f 5323//5323 4426//4426 4428//4428
f 4519//4519 4429//4429 4430//4430
f 215//215 213//213 4432//4432
f 4434//4434 4473//4473 4435//4435
f 149//149 4739//4739 71//71
f 3481//3481 1193//1193 2791//2791
f 2320//2320 4240//4240 2857//2857
f 4728//4728 4443//4443 3266//3266
f 4451//4451 849//849 4452//4452
f 247//247 246//246 127//127
f 2510//2510 2623//2623 84//84
f 3637//3637 2256//2256 3402//3402
f 5489//5489 4465//4465 4440//4440
f 4467//4467 4469//4469 4445//4445
f 4468//4468 4517//4517 4469//4469
f 5068//5068 4470//4470 4472//4472
f 5049//5049 4480//4480 4482//4482
f 4476//4476 4475//4475 4467//4467
f 4435//4435 4473//4473 4476//4476
f 4478//4478 4506//4506 4485//4485
f 4478//4478 4461//4461 4486//4486
f 4492//4492 4473//4473 4434//4434
f 4249//4249 4299//4299 4494//4494
f 1194//1194 4860//4860 5006//5006
f 3922//3922 4496//4496 3921//3921
f 4502//4502 4497//4497 4477//4477
f 4440//4440 4439//4439 4479//4479
f 5049//5049 4482//4482 4505//4505
f 4507//4507 4478//4478 4486//4486
f 4499//4499 4442//4442 2426//2426
f 4821//4821 4510//4510 4512//4512
f 4481//4481 4515//4515 4517//4517
f 246//246 248//248 2938//2938
f 2426//2426 4441//4441 4297//4297
f 1176//1176 1175//1175 4521//4521
f 4523//4523 4694//4694 4524//4524
f 2293//2293 2599//2599 3310//3310
f 4894//4894 4528//4528 4530//4530
f 5252//5252 4532//4532 4534//4534
f 1503//1503 3801//3801 3800//3800
f 4251//4251 4198//4198 4329//4329
f 4254//4254 4249//4249 4535//4535
f 4251//4251 4320//4320 4252//4252
f 1561//1561 3610//3610 4541//4541
f 5149//5149 4546//4546 4548//4548
f 4553//4553 5155//5155 4554//4554
f 4555//4555 4619//4619 1111//1111
f 238//238 237//237 1144//1144
f 850//850 849//849 4559//4559
f 4770//4770 4345//4345 4240//4240
f 5095//5095 851//851 4570//4570
f 1823//1823 3108//3108 3864//3864
f 4143//4143 4328//4328 215//215
f 4575//4575 4714//4714 4576//4576
f 3865//3865 3804//3804 3901//3901
f 4569//4569 851//851 850//850
f 4579//4579 4580//4580 4569//4569
f 1239//1239 1241//1241 4589//4589
f 971//971 1110//1110 1109//1109
f 4250//4250 4265//4265 3267//3267
f 4599//4599 4859//4859 4600//4600
f 4602//4602 4696//4696 4256//4256
f 4287//4287 4286//4286 971//971
f 4721//4721 4541//4541 4574//4574
f 4609//4609 4607//4607 4608//4608
f 1312//1312 4681//4681 4587//4587
f 4287//4287 970//970 4551//4551
f 5458//5458 4625//4625 4627//4627
f 4745//4745 4632//4632 4634//4634
f 4640//4640 4929//4929 4268//4268
f 4643//4643 4727//4727 4644//4644
f 5627//5627 4645//4645 4227//4227
f 4646//4646 4780//4780 3//3
f 4592//4592 1311//1311 2636//2636
f 4727//4727 4643//4643 3739//3739
f 4310//4310 4518//4518 4648//4648
f 1337//1337 2306//2306 897//897
f 5055//5055 4522//4522 4650//4650
f 4290//4290 4321//4321 4655//4655
f 4060//4060 5470//5470 4604//4604
f 4961//4961 4662//4662 4664//4664
f 3839//3839 5629//5629 3840//3840
f 1325//1325 794//794 719//719
f 4648//4648 4647//4647 4668//4668
f 970//970 4674//4674 4228//4228
f 4676//4676 5372//5372 4677//4677
f 4144//4144 4322//4322 2150//2150
f 4678//4678 2896//2896 2854//2854
f 1847//1847 4543//4543 4327//4327
f 5187//5187 1674//1674 4680//4680
f 4568//4568 4738//4738 4616//4616
f 4538//4538 242//242 4539//4539
f 4282//4282 4340//4340 4280//4280
f 4988//4988 4688//4688 4690//4690
f 2131//2131 4447//4447 4693//4693
f 4717//4717 4695//4695 4602//4602
f 5453//5453 4698//4698 4700//4700
f 4713//4713 4700//4700 4701//4701
f 4230//4230 4225//4225 1563//1563
f 1561//1561 4633//4633 1562//1562
f 4305//4305 4296//4296 4706//4706
f 1424//1424 200//200 2637//2637
f 1111//1111 4617//4617 4381//4381
f 4531//4531 4718//4718 4376//4376
f 4601//4601 4720//4720 4602//4602
f 36//36 44//44 37//37
f 2355//2355 4722//4722 4058//4058
f 4639//4639 4654//4654 4321//4321
f 4284//4284 4283//4283 4429//4429
f 4849//4849 4725//4725 3759//3759
f 4973//4973 4644//4644 4257//4257
f 3838//3838 3837//3837 3833//3833
f 4328//4328 4737//4737 193//193
f 4540//4540 3610//3610 4719//4719
f 4320//4320 4319//4319 4291//4291
f 2305//2305 3837//3837 897//897
f 4679//4679 4323//4323 188//188
f 71//71 4739//4739 4740//4740
f 4740//4740 4306//4306 4307//4307
f 4262//4262 4261//4261 4742//4742
f 4545//4545 4628//4628 4679//4679
f 5117//5117 824//824 4744//4744
f 2698//2698 2269//2269 2271//2271
f 4326//4326 4557//4557 2392//2392
f 4477//4477 4476//4476 4502//4502
f 4600//4600 4845//4845 4746//4746
f 4242//4242 4347//4347 3717//3717
f 4753//4753 4975//4975 4754//4754
f 4751//4751 4750//4750 4755//4755
f 4756//4756 4687//4687 4686//4686
f 4314//4314 4757//4757 4315//4315
f 5484//5484 4759//4759 4464//4464
f 2829//2829 3112//3112 2830//2830
f 4767//4767 4819//4819 4768//4768
f 2320//2320 2857//2857 4769//4769
f 2320//2320 2321//2321 4770//4770
f 4311//4311 4318//4318 4771//4771
f 3780//3780 2140//2140 1191//1191
f 4747//4747 4686//4686 4685//4685
f 2239//2239 2238//2238 4348//4348
f 4652//4652 3610//3610 1528//1528
f 4738//4738 4550//4550 4616//4616
f 4775//4775 4951//4951 4776//4776
f 4303//4303 4302//4302 119//119
f 614//614 2891//2891 2873//2873
f 210//210 3742//3742 3849//3849
f 4787//4787 4779//4779 4780//4780
f 5041//5041 4781//4781 4783//4783
f 5016//5016 4788//4788 4790//4790
f 4294//4294 4784//4784 4792//4792
f 5015//5015 4790//4790 4794//4794
f 5216//5216 4580//4580 4805//4805
f 5630//5630 4808//4808 4810//4810
f 4482//4482 4517//4517 4504//4504
f 5241//5241 3914//3914 4817//4817
f 5259//5259 4768//4768 4672//4672
f 4613//4613 4612//4612 4656//4656
f 4866//4866 4693//4693 4678//4678
f 4221//4221 4833//4833 4835//4835
f 1041//1041 1022//1022 1014//1014
f 4842//4842 4868//4868 4843//4843
f 4927//4927 2154//2154 4844//4844
f 923//923 934//934 921//921
f 4579//4579 850//850 4558//4558
f 5075//5075 4846//4846 4709//4709
f 4161//4161 1254//1254 4861//4861
f 4863//4863 4443//4443 4234//4234
f 4493//4493 4299//4299 4443//4443
f 4989//4989 4866//4866 4868//4868
f 4239//4239 5115//5115 5459//5459
f 4877//4877 4880//4880 4878//4878
f 4652//4652 1530//1530 4653//4653
f 4586//4586 4885//4885 4382//4382
f 3755//3755 5370//5370 4182//4182
f 5454//5454 4887//4887 4798//4798
f 2505//2505 2507//2507 2925//2925
f 4895//4895 4890//4890 4528//4528
f 4234//4234 4350//4350 4235//4235
f 1329//1329 1288//1288 1832//1832
f 4626//4626 4625//4625 3640//3640
f 4896//4896 4529//4529 4901//4901
f 4825//4825 4692//4692 4972//4972
f 2551//2551 2580//2580 4902//4902
f 4904//4904 5601//5601 893//893
f 4837//4837 2580//2580 2465//2465
f 5111//5111 4910//4910 4912//4912
f 4923//4923 4914//4914 4916//4916
f 4789//4789 4788//4788 4774//4774
f 4923//4923 5355//5355 4924//4924
f 4895//4895 4894//4894 4926//4926
f 2335//2335 2334//2334 4928//4928
f 4525//4525 2425//2425 4929//4929
f 5328//5328 4908//4908 4936//4936
f 5159//5159 4937//4937 4939//4939
f 4774//4774 4913//4913 998//998
f 2853//2853 4958//4958 4944//4944
f 5631//5631 5465//5465 5058//5058
f 4447//4447 2131//2131 4448//4448
f 5034//5034 4947//4947 4949//4949
f 4776//4776 4951//4951 4886//4886
f 4845//4845 4558//4558 4059//4059
f 4338//4338 4322//4322 4276//4276
f 4847//4847 4750//4750 4749//4749
f 4269//4269 4297//4297 4296//4296
f 1210//1210 4343//4343 5254//5254
f 2597//2597 1573//1573 3733//3733
f 4960//4960 4498//4498 4497//4497
f 4758//4758 1193//1193 4315//4315
f 4965//4965 5094//5094 4966//4966
f 4967//4967 4842//4842 4968//4968
f 4706//4706 4234//4234 4301//4301
f 4309//4309 4308//4308 5236//5236
f 2148//2148 4818//4818 4667//4667
f 4104//4104 3824//3824 3801//3801
f 4988//4988 4976//4976 4688//4688
f 4991//4991 4987//4987 4814//4814
f 3191//3191 2307//2307 2306//2306
f 5109//5109 4873//4873 4554//4554
f 4989//4989 4967//4967 3704//3704
f 891//891 993//993 960//960
f 5477//5477 997//997 4990//4990
f 4789//4789 5005//5005 4793//4793
f 4537//4537 4539//4539 4992//4992
f 4993//4993 1154//1154 4994//4994
f 4861//4861 1512//1512 4995//4995
f 4836//4836 1179//1179 4996//4996
f 4954//4954 4887//4887 4985//4985
f 4808//4808 5630//5630 4998//4998
f 4257//4257 4258//4258 4778//4778
f 4557//4557 4265//4265 4556//4556
f 4512//4512 4862//4862 5000//5000
f 884//884 1098//1098 3796//3796
f 5002//5002 4139//4139 5003//5003
f 5469//5469 5004//5004 4684//4684
f 17//17 38//38 37//37
f 1891//1891 3866//3866 1915//1915
f 5008//5008 5524//5524 5009//5009
f 1583//1583 44//44 39//39
f 4978//4978 4984//4984 4831//4831
f 2146//2146 2147//2147 5011//5011
f 4662//4662 4961//4961 4865//4865
f 4987//4987 5455//5455 5014//5014
f 4258//4258 1//1 3//3
f 4801//4801 4542//4542 4537//4537
f 4715//4715 4255//4255 4696//4696
f 4952//4952 996//996 5016//5016
f 4794//4794 4793//4793 15//15
f 5025//5025 4282//4282 3883//3883
f 2479//2479 2347//2347 2317//2317
f 1409//1409 1408//1408 4275//4275
f 2392//2392 4279//4279 4278//4278
f 4343//4343 1227//1227 4223//4223
f 4339//4339 4432//4432 4900//4900
f 4474//4474 5061//5061 4505//4505
f 4647//4647 4430//4430 5032//5032
f 1019//1019 1029//1029 1017//1017
f 1553//1553 1555//1555 5034//5034
f 4746//4746 4061//4061 4598//4598
f 5071//5071 4869//4869 5036//5036
f 1183//1183 1185//1185 2328//2328
f 4105//4105 5482//5482 5037//5037
f 4950//4950 31//31 3247//3247
f 4797//4797 3779//3779 3778//3778
f 4268//4268 5130//5130 4542//4542
f 5019//5019 4537//4537 4992//4992
f 4452//4452 849//849 5048//5048
f 4212//4212 4066//4066 4211//4211
f 618//618 2082//2082 146//146
f 3736//3736 3735//3735 4461//4461
f 4459//4459 4458//4458 4445//4445
f 4474//4474 4504//4504 4475//4475
f 5057//5057 5266//5266 4764//4764
f 270//270 1332//1332 268//268
f 156//156 155//155 3833//3833
f 3885//3885 5543//5543 3825//3825
f 5098//5098 5065//5065 4872//4872
f 4284//4284 2353//2353 5064//5064
f 5564//5564 1938//1938 5067//5067
f 4290//4290 4655//4655 4945//4945
f 4385//4385 4413//4413 4362//4362
f 4466//4466 4500//4500 4483//4483
f 4497//4497 4502//4502 4869//4869
f 119//119 97//97 4304//4304
f 4998//4998 4926//4926 4925//4925
f 5073//5073 1248//1248 5074//5074
f 4639//4639 4394//4394 4640//4640
f 4469//4469 4828//4828 4457//4457
f 2032//2032 2031//2031 3779//3779
f 4508//4508 5080//5080 4507//4507
f 4262//4262 5099//5099 5081//5081
f 4487//4487 4526//4526 4344//4344
f 2562//2562 5540//5540 3832//3832
f 5450//5450 1821//1821 5606//5606
f 5083//5083 1556//1556 2150//2150
f 5120//5120 5084//5084 5086//5086
f 2903//2903 151//151 3127//3127
f 5090//5090 5110//5110 5091//5091
f 4815//4815 5014//5014 5092//5092
f 4590//4590 4638//4638 4607//4607
f 3537//3537 3550//3550 3538//3538
f 5449//5449 5099//5099 5100//5100
f 1073//1073 1003//1003 1082//1082
f 4835//4835 5101//5101 4219//4219
f 4330//4330 4722//4722 2355//2355
f 5365//5365 5105//5105 5107//5107
f 5452//5452 5108//5108 5026//5026
f 4873//4873 5109//5109 5090//5090
f 4433//4433 4435//4435 4498//4498
f 4912//4912 5086//5086 5111//5111
f 1122//1122 1121//1121 1838//1838
f 5113//5113 5105//5105 5114//5114
f 5050//5050 5051//5051 4480//4480
f 2356//2356 4394//4394 2357//2357
f 4263//4263 5081//5081 5115//5115
f 5117//5117 4744//4744 1674//1674
f 5428//5428 5119//5119 5121//5121
f 4813//4813 4815//4815 4952//4952
f 4949//4949 4948//4948 5128//5128
f 4697//4697 4657//4657 4704//4704
f 5128//5128 4552//4552 5125//5125
f 2538//2538 5113//5113 5088//5088
f 4518//4518 4519//4519 4647//4647
f 799//799 4103//4103 804//804
f 4436//4436 4442//4442 4310//4310
f 4304//4304 5130//5130 4305//4305
f 4518//4518 4310//4310 4442//4442
f 5154//5154 5088//5088 5136//5136
f 5404//5404 5138//5138 5139//5139
f 5141//5141 5420//5420 5142//5142
f 720//720 770//770 721//721
f 825//825 5366//5366 5600//5600
f 1724//1724 1739//1739 1467//1467
f 4681//4681 1311//1311 4631//4631
f 5146//5146 4237//4237 1152//1152
f 4513//4513 4429//4429 4519//4519
f 5148//5148 4546//4546 5149//5149
f 4571//4571 4827//4827 4572//4572
f 1009//1009 3799//3799 1083//1083
f 1687//1687 5626//5626 3888//3888
f 3242//3242 2285//2285 2284//2284
f 5134//5134 5133//5133 5157//5157
f 4598//4598 4658//4658 4572//4572
f 4516//4516 4828//4828 4469//4469
f 4994//4994 5215//5215 5161//5161
f 3713//3713 3010//3010 2180//2180
f 4342//4342 4270//4270 5162//5162
f 5428//5428 5112//5112 5119//5119
f 4450//4450 5632//5632 4451//4451
f 5167//5167 5252//5252 5168//5168
f 4039//4039 963//963 962//962
f 4109//4109 4113//4113 4136//4136
f 5177//5177 5483//5483 2332//2332
f 944//944 1199//1199 2563//2563
f 5178//5178 5152//5152 5183//5183
f 5282//5282 5159//5159 5184//5184
f 5185//5185 4230//4230 1290//1290
f 5633//5633 3928//3928 5189//5189
f 4243//4243 4562//4562 4532//4532
f 1397//1397 1388//1388 1480//1480
f 2889//2889 5574//5574 1052//1052
f 5193//5193 5126//5126 5125//5125
f 4821//4821 4318//4318 4311//4311
f 5040//5040 4834//4834 4795//4795
f 5208//5208 1154//1154 4993//4993
f 5391//5391 2557//2557 5210//5210
f 5393//5393 5213//5213 5101//5101
f 3690//3690 4665//4665 3688//3688
f 1153//1153 5215//5215 1154//1154
f 4570//4570 5217//5217 5095//5095
f 5221//5221 4918//4918 5222//5222
f 5281//5281 5223//5223 5225//5225
f 5226//5226 4352//4352 5227//5227
f 1015//1015 1021//1021 5232//5232
f 4600//4600 5233//5233 4804//4804
f 3731//3731 3732//3732 1008//1008
f 150//150 2634//2634 148//148
f 1546//1546 4871//4871 1517//1517
f 4600//4600 4804//4804 4579//4579
f 4603//4603 4604//4604 3640//3640
f 4944//4944 4976//4976 5004//5004
f 2896//2896 4678//4678 4940//4940
f 5170//5170 5438//5438 5196//5196
f 3723//3723 3725//3725 4308//4308
f 5122//5122 5134//5134 5237//5237
f 152//152 3744//3744 153//153
f 4667//4667 4582//4582 4581//4581
f 4256//4256 4254//4254 4605//4605
f 4546//4546 5148//5148 4563//4563
f 5515//5515 5238//5238 1820//1820
f 2242//2242 1778//1778 2159//2159
f 5241//5241 4817//4817 5242//5242
f 4741//4741 3909//3909 4270//4270
f 1338//1338 3178//3178 244//244
f 4610//4610 5175//5175 4562//4562
f 1098//1098 2176//2176 1683//1683
f 5245//5245 4766//4766 5246//5246
f 4334//4334 4335//4335 4242//4242
f 5061//5061 4474//4474 4492//4492
f 5271//5271 1580//1580 4805//4805
f 5250//5250 5377//5377 5251//5251
f 2884//2884 3293//3293 177//177
f 5486//5486 2333//2333 5166//5166
f 5097//5097 5093//5093 4965//4965
f 4849//4849 4851//4851 4983//4983
f 5263//5263 1247//1247 4585//4585
f 1072//1072 3731//3731 1001//1001
f 5427//5427 1158//1158 5263//5263
f 4241//4241 4345//4345 5027//5027
f 5264//5264 2558//2558 5203//5203
f 3255//3255 1426//1426 1633//1633
f 5536//5536 1616//1616 1615//1615
f 4772//4772 4348//4348 5268//5268
f 968//968 2162//2162 5269//5269
f 5074//5074 1248//1248 3919//3919
f 4843//4843 4868//4868 4944//4944
f 5031//5031 4430//4430 4283//4283
f 4278//4278 4596//4596 4326//4326
f 4265//4265 4264//4264 4653//4653
f 4255//4255 4715//4715 4264//4264
f 4485//4485 4495//4495 4484//4484
f 4379//4379 5274//5274 4377//4377
f 5278//5278 5280//5280 5279//5279
f 5158//5158 5282//5282 5157//5157
f 4427//4427 5283//5283 5285//5285
f 5288//5288 5306//5306 5289//5289
f 5292//5292 5221//5221 5220//5220
f 4411//4411 4351//4351 4410//4410
f 5293//5293 5292//5292 5291//5291
f 5634//5634 4355//4355 5295//5295
f 4527//4527 4489//4489 4376//4376
f 5300//5300 4370//4370 5301//5301
f 4407//4407 4403//4403 5300//5300
f 5279//5279 5281//5281 4388//4388
f 792//792 5462//5462 793//793
f 1504//1504 1767//1767 1505//1505
f 4419//4419 5310//5310 4420//4420
f 5317//5317 4932//4932 5318//5318
f 5289//5289 5286//5286 5224//5224
f 5320//5320 5007//5007 5321//5321
f 2212//2212 2563//2563 3377//3377
f 5312//5312 5311//5311 5306//5306
f 5300//5300 5299//5299 4408//4408
f 5512//5512 5111//5111 5328//5328
f 5331//5331 5330//5330 5333//5333
f 1121//1121 5515//5515 1820//1820
f 5331//5331 5333//5333 4912//4912
f 5289//5289 5306//5306 5311//5311
f 5287//5287 5223//5223 5342//5342
f 5227//5227 4351//4351 4411//4411
f 5339//5339 5309//5309 5334//5334
f 5362//5362 5349//5349 5133//5133
f 5136//5136 5134//5134 5122//5122
f 4938//4938 4937//4937 5351//5351
f 4939//4939 4938//4938 5353//5353
f 5354//5354 5013//5013 5075//5075
f 5107//5107 5176//5176 5183//5183
f 5357//5357 5358//5358 5209//5209
f 5114//5114 5365//5365 5107//5107
f 5158//5158 5157//5157 5156//5156
f 3952//3952 3963//3963 5360//5360
f 5349//5349 5362//5362 5363//5363
f 5295//5295 5294//5294 4415//4415
f 5117//5117 845//845 2569//2569
f 5105//5105 5145//5145 5106//5106
f 5192//5192 5156//5156 5368//5368
f 5261//5261 5255//5255 5254//5254
f 1962//1962 2219//2219 2042//2042
f 4572//4572 4658//4658 4573//4573
f 4303//4303 4305//4305 4301//4301
f 4071//4071 4067//4067 4142//4142
f 1336//1336 5131//5131 1328//1328
f 405//405 4374//4374 5375//5375
f 4168//4168 4172//4172 3250//3250
f 867//867 1575//1575 5376//5376
f 5314//5314 5628//5628 4421//4421
f 5384//5384 4079//4079 5374//5374
f 4178//4178 855//855 5377//5377
f 3245//3245 5571//5571 3913//3913
f 5381//5381 4192//4192 1177//1177
f 1352//1352 826//826 3711//3711
f 5250//5250 5383//5383 5377//5377
f 3426//3426 3425//3425 871//871
f 4521//4521 5384//5384 5378//5378
f 1175//1175 5386//5386 4079//4079
f 4526//4526 4487//4487 4489//4489
f 5251//5251 902//902 1176//1176
f 3819//3819 3212//3212 3880//3880
f 4833//4833 4221//4221 5389//5389
f 4834//4834 3778//3778 2312//2312
f 4838//4838 5374//5374 4839//4839
f 5401//5401 5204//5204 5391//5391
f 4781//4781 5041//5041 4881//4881
f 1228//1228 1223//1223 1212//1212
f 5101//5101 4835//4835 4834//4834
f 5067//5067 2367//2367 1132//1132
f 5392//5392 4584//4584 4796//4796
f 5423//5423 3960//3960 5396//5396
f 5213//5213 5393//5393 5164//5164
f 5392//5392 4795//4795 5389//5389
f 5395//5395 3959//3959 3789//3789
f 5447//5447 5399//5399 5212//5212
f 5436//5436 5235//5235 5195//5195
f 5410//5410 831//831 841//841
f 4224//4224 4226//4226 4948//4948
f 5184//5184 4939//4939 5357//5357
f 4743//4743 5186//5186 5400//5400
f 5120//5120 5119//5119 5084//5084
f 2483//2483 2484//2484 3106//3106
f 3627//3627 4148//4148 2901//2901
f 4270//4270 4342//4342 5243//5243
f 5400//5400 5272//5272 5243//5243
f 4763//4763 4592//4592 2636//2636
f 1742//1742 1741//1741 2297//2297
f 845//845 5187//5187 5407//5407
f 829//829 831//831 3961//3961
f 5417//5417 5405//5405 5411//5411
f 2461//2461 881//881 5413//5413
f 2132//2132 2131//2131 4989//4989
f 846//846 5405//5405 5417//5417
f 5360//5360 3963//3963 3946//3946
f 5170//5170 5422//5422 5424//5424
f 5154//5154 5153//5153 5426//5426
f 5475//5475 5427//5427 5160//5160
f 5129//5129 5144//5144 5113//5113
f 5396//5396 5434//5434 5424//5424
f 5129//5129 3950//3950 5144//5144
f 5347//5347 5404//5404 5406//5406
f 4935//4935 5179//5179 5431//5431
f 5084//5084 5152//5152 5178//5178
f 2540//2540 5435//5435 3951//3951
f 5429//5429 5123//5123 5211//5211
f 5087//5087 5135//5135 5132//5132
f 5395//5395 5435//5435 5433//5433
f 5235//5235 5436//5436 5412//5412
f 5123//5123 5122//5122 5202//5202
f 2539//2539 5426//5426 5434//5434
f 4757//4757 4314//4314 5441//5441
f 4221//4221 5198//5198 5207//5207
f 5264//5264 5361//5361 2558//2558
f 5367//5367 5439//5439 5138//5138
f 3688//3688 5601//5601 4904//4904
f 5445//5445 5437//5437 5436//5436
f 5025//5025 3883//3883 4322//4322
f 5429//5429 5440//5440 5438//5438
f 4554//4554 5155//5155 5109//5109
f 4929//4929 4640//4640 4526//4526
f 5242//5242 5110//5110 5448//5448
f 5197//5197 5399//5399 5195//5195
f 1259//1259 4149//4149 4222//4222
f 4700//4700 4708//4708 4953//4953
f 1137//1137 3223//3223 2745//2745
f 5454//5454 4984//4984 4985//4985
f 4542//4542 5130//5130 4304//4304
f 4962//4962 4800//4800 4752//4752
f 209//209 201//201 199//199
f 5467//5467 5456//5456 4631//4631
f 5457//5457 4593//4593 4592//4592
f 4824//4824 4855//4855 4921//4921
f 2448//2448 1931//1931 3838//3838
f 3889//3889 5516//5516 1709//1709
f 4669//4669 4582//4582 4625//4625
f 3462//3462 5565//5565 5011//5011
f 4225//4225 5460//5460 4226//4226
f 4869//4869 4501//4501 5035//5035
f 4431//4431 4432//4432 4339//4339
f 914//914 3962//3962 1170//1170
f 4508//4508 5077//5077 5468//5468
f 5257//5257 5514//5514 1204//1204
f 4660//4660 4288//4288 4623//4623
f 4843//4843 5004//5004 4841//4841
f 4627//4627 4626//4626 5470//5470
f 4463//4463 5246//5246 5471//5471
f 5165//5165 4609//4609 4645//4645
f 5090//5090 4899//4899 4874//4874
f 3909//3909 4741//4741 4261//4261
f 2148//2148 1846//1846 2149//2149
f 104//104 5248//5248 105//105
f 1245//1245 1230//1230 1330//1330
f 5252//5252 5167//5167 4244//4244
f 4464//4464 5270//5270 5476//5476
f 4739//4739 4302//4302 4728//4728
f 4963//4963 4851//4851 4850//4850
f 4711//4711 4823//4823 5230//5230
f 242//242 4304//4304 97//97
f 5568//5568 4267//4267 4757//4757
f 4589//4589 4759//4759 4588//4588
f 4237//4237 5146//5146 4238//4238
f 5486//5486 5478//5478 4589//4589
f 5104//5104 5373//5373 5267//5267
f 1240//1240 5260//5260 4245//4245
f 1239//1239 5246//5246 4766//4766
f 5240//5240 5448//5448 5460//5460
f 5186//5186 1821//1821 5141//5141
f 4903//4903 5125//5125 4552//4552
f 4440//4440 4470//4470 5489//5489
f 2560//2560 5206//5206 2561//2561
f 817//817 5198//5198 5199//5199
f 5193//5193 5065//5065 5098//5098
f 1986//1986 1773//1773 1373//1373
f 1315//1315 4769//4769 1182//1182
f 3967//3967 5498//5498 1735//1735
f 2411//2411 5617//5617 2412//2412
f 4907//4907 5085//5085 5180//5180
f 5504//5504 5500//5500 5363//5363
f 3661//3661 1746//1746 969//969
f 3850//3850 1157//1157 5503//5503
f 269//269 755//755 270//270
f 5367//5367 5364//5364 5145//5145
f 5324//5324 5500//5500 5325//5325
f 5500//5500 5318//5318 5501//5501
f 5135//5135 5506//5506 5133//5133
f 5359//5359 5430//5430 5178//5178
f 4329//4329 4198//4198 4880//4880
f 5507//5507 5505//5505 4934//4934
f 4934//4934 4933//4933 5635//5635
f 5351//5351 5505//5505 5507//5507
f 5362//5362 5506//5506 4923//4923
f 4908//4908 4907//4907 5179//5179
f 5318//5318 5500//5500 5324//5324
f 4719//4719 4715//4715 4695//4695
f 4357//4357 4360//4360 4405//4405
f 4915//4915 5509//5509 5325//5325
f 4250//4250 4254//4254 4255//4255
f 4275//4275 1267//1267 5001//5001
f 1204//1204 5514//5514 1121//1121
f 1066//1066 2548//2548 1001//1001
f 4170//4170 4169//4169 5517//5517
f 4231//4231 1211//1211 1210//1210
f 3862//3862 3861//3861 4137//4137
f 5026//5026 4346//4346 4347//4347
f 3779//3779 4797//4797 5072//5072
f 5520//5520 5613//5613 3029//3029
f 2171//2171 1203//1203 4169//4169
f 1682//1682 1691//1691 1725//1725
f 1455//1455 1446//1446 4152//4152
f 5633//5633 5523//5523 3928//3928
f 5497//5497 5028//5028 5001//5001
f 4139//4139 5370//5370 3886//3886
f 1999//1999 3856//3856 1607//1607
f 4770//4770 3903//3903 3904//3904
f 1697//1697 5529//5529 1736//1736
f 1620//1620 5532//5532 5527//5527
f 1692//1692 3846//3846 1614//1614
f 2072//2072 2102//2102 1601//1601
f 3885//3885 3824//3824 4103//4103
f 3359//3359 4273//4273 5535//5535
f 1693//1693 1616//1616 5493//5493
f 2103//2103 2102//2102 3028//3028
f 5527//5527 1756//1756 4272//4272
f 988//988 3412//3412 3675//3675
f 5498//5498 1608//1608 1655//1655
f 899//899 1654//1654 900//900
f 3831//3831 1606//1606 3846//3846
f 5540//5540 2562//2562 2579//2579
f 1855//1855 2111//2111 810//810
f 2065//2065 2174//2174 1350//1350
f 3804//3804 3803//3803 4577//4577
f 1949//1949 1948//1948 1982//1982
f 5516//5516 3626//3626 2900//2900
f 3830//3830 3829//3829 2196//2196
f 4145//4145 5188//5188 3928//3928
f 3945//3945 5138//5138 3946//3946
f 1613//1613 1765//1765 1420//1420
f 3745//3745 5555//5555 1776//1776
f 639//639 701//701 705//705
f 4210//4210 4047//4047 4158//4158
f 1587//1587 1701//1701 1855//1855
f 3887//3887 1376//1376 1340//1340
f 3899//3899 1339//1339 4222//4222
f 2109//2109 5551//5551 5550//5550
f 798//798 4217//4217 1281//1281
f 5514//5514 5257//5257 976//976
f 832//832 821//821 820//820
f 1944//1944 2052//2052 2033//2033
f 776//776 611//611 663//663
f 2013//2013 1943//1943 2023//2023
f 3749//3749 4069//4069 4210//4210
f 3884//3884 5551//5551 3614//3614
f 3997//3997 1633//1633 1428//1428
f 4184//4184 3709//3709 5559//5559
f 3708//3708 3684//3684 3658//3658
f 4167//4167 1077//1077 1076//1076
f 939//939 938//938 1818//1818
f 1205//1205 1215//1215 1280//1280
f 746//746 811//811 4374//4374
f 1186//1186 1071//1071 4163//4163
f 1245//1245 1171//1171 1218//1218
f 1192//1192 3903//3903 2321//2321
f 4531//4531 4518//4518 5018//5018
f 2187//2187 2283//2283 3242//3242
f 1162//1162 1164//1164 1087//1087
f 2152//2152 1190//1190 1741//1741
f 1123//1123 1077//1077 1102//1102
f 1074//1074 1803//1803 1059//1059
f 264//264 395//395 489//489
f 3850//3850 5562//5562 3919//3919
f 4138//4138 5492//5492 5003//5003
f 2098//2098 1745//1745 1800//1800
f 475//475 787//787 619//619
f 4573//4573 4603//4603 5563//5563
f 2235//2235 3782//3782 3748//3748
f 1161//1161 1830//1830 1742//1742
f 2300//2300 2186//2186 2185//2185
f 1220//1220 1250//1250 1306//1306
f 1225//1225 2155//2155 1226//1226
f 1248//1248 3851//3851 3919//3919
f 5261//5261 4927//4927 4232//4232
f 1453//1453 3923//3923 1454//1454
f 1813//1813 1002//1002 2548//2548
f 1128//1128 1712//1712 1042//1042
f 5118//5118 4267//4267 5006//5006
f 2374//2374 2237//2237 2236//2236
f 1008//1008 1006//1006 1005//1005
f 2883//2883 2843//2843 2971//2971
f 3319//3319 3374//3374 3586//3586
f 235//235 234//234 2467//2467
f 1141//1141 1182//1182 1226//1226
f 3462//3462 1753//1753 5565//5565
f 4758//4758 5118//5118 1193//1193
f 5422//5422 2519//2519 5423//5423
f 2567//2567 159//159 2566//2566
f 4242//4242 4844//4844 4334//4334
f 4772//4772 5268//5268 4333//4333
f 3196//3196 1938//1938 5564//5564
f 3718//3718 4346//4346 5108//5108
f 4924//4924 5332//5332 5508//5508
f 4931//4931 5509//5509 4915//4915
f 5330//5330 5329//5329 5511//5511
f 5363//5363 5501//5501 5349//5349
f 4259//4259 5572//5572 3059//3059
f 3058//3058 3057//3057 3052//3052
f 3748//3748 1423//1423 2236//2236
f 1050//1050 2362//2362 5565//5565
f 1117//1117 1118//1118 1123//1123
f 2963//2963 2712//2712 3472//3472
f 931//931 889//889 1166//1166
f 1030//1030 1029//1029 1019//1019
f 977//977 5574//5574 978//978
f 3992//3992 4091//4091 3979//3979
f 5232//5232 1021//1021 1018//1018
f 909//909 946//946 954//954
f 3711//3711 1430//1430 924//924
f 5561//5561 5560//5560 3400//3400
f 5485//5485 5576//5576 3459//3459
f 5549//5549 1653//1653 1789//1789
f 941//941 5576//5576 5256//5256
f 2163//2163 4039//4039 5560//5560
f 3822//3822 3882//3882 1514//1514
f 1581//1581 1580//1580 5265//5265
f 5563//5563 4603//4603 874//874
f 3892//3892 5580//5580 5581//5581
f 3251//3251 3459//3459 5578//5578
f 932//932 5559//5559 3710//3710
f 976//976 5256//5256 1032//1032
f 4173//4173 5583//5583 2145//2145
f 4172//4172 4171//4171 3710//3710
f 2166//2166 3378//3378 2159//2159
f 4248//4248 4247//4247 4266//4266
f 1133//1133 1191//1191 3853//3853
f 4168//4168 4170//4170 1237//1237
f 5387//5387 930//930 4171//4171
f 4166//4166 4165//4165 4065//4065
f 5381//5381 5387//5387 1238//1238
f 691//691 805//805 804//804
f 951//951 1272//1272 952//952
f 3071//3071 2384//2384 3074//3074
f 5571//5571 2560//2560 2559//2559
f 5206//5206 2560//2560 5510//5510
f 1747//1747 3460//3460 1069//1069
f 5578//5578 942//942 5559//5559
f 909//909 955//955 944//944
f 5369//5369 4274//4274 2170//2170
f 3378//3378 1038//1038 5583//5583
f 2128//2128 3469//3469 2172//2172
f 622//622 261//261 3469//3469
f 3236//3236 3238//3238 1292//1292
f 5598//5598 615//615 289//289
f 1325//1325 798//798 794//794
f 5558//5558 5585//5585 5587//5587
f 865//865 5588//5588 836//836
f 799//799 813//813 3885//3885
f 1866//1866 1233//1233 1232//1232
f 2593//2593 5382//5382 5379//5379
f 2691//2691 5567//5567 814//814
f 5594//5594 699//699 765//765
f 366//366 365//365 2094//2094
f 1278//1278 1277//1277 4277//4277
f 622//622 3469//3469 1216//1216
f 355//355 3229//3229 651//651
f 810//810 806//806 2094//2094
f 5369//5369 5256//5256 5257//5257
f 5587//5587 359//359 5558//5558
f 682//682 4331//4331 386//386
f 2423//2423 2477//2477 3523//3523
f 3178//3178 3189//3189 244//244
f 321//321 763//763 491//491
f 5597//5597 437//437 670//670
f 662//662 661//661 5558//5558
f 637//637 784//784 805//805
f 3706//3706 3669//3669 1857//1857
f 3715//3715 2690//2690 2692//2692
f 2336//2336 5581//5581 3715//3715
f 5581//5581 2690//2690 3715//3715
f 5636//5636 3493//3493 5015//5015
f 5636//5636 907//907 3493//3493
f 905//905 907//907 5637//5637
f 5638//5638 4621//4621 3252//3252
f 5639//5639 4794//4794 15//15
f 5015//5015 4794//4794 5640//5640
f 4621//4621 5638//5638 15//15
f 5641//5641 5642//5642 5643//5643
f 5641//5641 5643//5643 5644//5644
