# vettura horse token
v -0.1136 0.0080 -0.2332
v -0.1135 0.0077 -0.2195
v -0.1135 0.0077 -0.0855
v -0.1137 0.0036 -0.0592
v -0.1133 0.0081 -0.0325
v -0.1121 0.0378 -0.2584
v -0.1149 0.0269 -0.2409
v -0.1143 0.0233 -0.2165
v -0.1134 0.0316 -0.1125
v -0.1165 0.0268 -0.0913
v -0.1178 0.0263 -0.0597
v -0.1159 0.0266 -0.0310
v -0.1137 0.0294 -0.0084
v -0.1123 0.0463 -0.2576
v -0.1138 0.0504 -0.2419
v -0.1137 0.0445 -0.2209
v -0.1134 0.0522 -0.1122
v -0.1166 0.0537 -0.0938
v -0.1181 0.0534 -0.0583
v -0.1160 0.0539 -0.0290
v -0.1134 0.0511 -0.0036
v -0.1140 0.0723 -0.0877
v -0.1145 0.0759 -0.0609
v -0.1136 0.0757 -0.0347
v -0.1127 0.0682 -0.0101
v -0.1056 -0.0135 -0.0800
v -0.1058 -0.0166 -0.0626
v -0.1065 -0.0155 -0.0357
v -0.1056 0.0068 -0.2623
v -0.1078 0.0004 -0.2450
v -0.1086 -0.0025 -0.2128
v -0.1054 0.0124 -0.1953
v -0.1078 0.0078 -0.1123
v -0.1083 -0.0029 -0.0932
v -0.1096 -0.0086 -0.0618
v -0.1099 -0.0040 -0.0290
v -0.1078 0.0012 -0.0001
v -0.1060 0.0084 0.0195
v -0.1054 0.0094 0.1645
v -0.1057 0.0070 0.1755
v -0.1080 0.0262 -0.2652
v -0.1111 0.0199 -0.2547
v -0.1093 0.0244 -0.2022
v -0.1056 0.0277 -0.1953
v -0.1051 0.0360 -0.1376
v -0.1091 0.0241 -0.1215
v -0.1107 0.0223 0.0062
v -0.1073 0.0267 0.0243
v -0.1058 0.0262 0.1612
v -0.1063 0.0239 0.1757
v -0.1053 0.0392 0.2071
v -0.1084 0.0538 -0.2674
v -0.1113 0.0623 -0.2481
v -0.1091 0.0567 -0.2088
v -0.1054 0.0496 -0.1965
v -0.1085 0.0541 -0.1261
v -0.1113 0.0558 0.0083
v -0.1078 0.0519 0.0255
v -0.1052 0.0517 0.1552
v -0.1057 0.0555 0.1902
v -0.1063 0.0532 0.2058
v -0.1071 0.0777 -0.2660
v -0.1092 0.0792 -0.2421
v -0.1082 0.0778 -0.2113
v -0.1053 0.0837 -0.1949
v -0.1084 0.0751 -0.1117
v -0.1096 0.0845 -0.0918
v -0.1107 0.0897 -0.0590
v -0.1103 0.0877 -0.0280
v -0.1089 0.0811 -0.0002
v -0.1065 0.0757 0.0217
v -0.1053 0.0773 0.1896
v -0.1054 0.0772 0.2113
v -0.1051 0.0753 0.2313
v -0.1056 0.1019 -0.2633
v -0.1066 0.1064 -0.2421
v -0.1066 0.1057 -0.2120
v -0.1051 0.0968 -0.1938
v -0.1069 0.0965 -0.0808
v -0.1076 0.0986 -0.0597
v -0.1069 0.0993 -0.0296
v -0.1056 0.0968 -0.0058
v -0.1054 0.1201 -0.2345
v -0.1050 0.1231 -0.2228
v -0.1004 -0.0200 -0.2675
v -0.0999 -0.0229 -0.2429
v -0.1011 -0.0165 -0.2135
v -0.0987 -0.0136 -0.1962
v -0.1004 -0.0185 -0.0879
v -0.1012 -0.0237 -0.0633
v -0.1012 -0.0253 -0.0329
v -0.1011 -0.0193 -0.0004
v -0.0990 -0.0159 0.0198
v -0.0992 -0.0178 0.1830
v -0.0986 0.0076 -0.2917
v -0.1026 -0.0021 -0.2751
v -0.1035 -0.0091 -0.2451
v -0.1034 -0.0093 -0.2026
v -0.1004 0.0005 -0.1903
v -0.1009 0.0005 -0.1199
v -0.1027 -0.0101 -0.1001
v -0.1038 -0.0097 0.0079
v -0.1010 -0.0012 0.0293
v -0.0990 0.0123 0.0456
v -0.1011 0.0017 0.1585
v -0.1027 -0.0028 0.1840
v -0.0992 0.0025 0.2012
v -0.0991 0.0279 -0.2937
v -0.1030 0.0276 -0.2787
v -0.1010 0.0262 -0.1877
v -0.1001 0.0289 -0.1466
v -0.1034 0.0187 -0.1328
v -0.1025 0.0242 0.0398
v -0.0992 0.0276 0.0505
v -0.0981 0.0363 0.1344
v -0.1020 0.0265 0.1489
v -0.1033 0.0316 0.1915
v -0.1011 0.0252 0.2104
v -0.0987 0.0300 0.2333
v -0.0981 0.0480 -0.2911
v -0.1009 0.0541 -0.2818
v -0.1014 0.0555 -0.1895
v -0.1005 0.0556 -0.1485
v -0.1039 0.0647 -0.1345
v -0.1033 0.0539 0.0411
v -0.0995 0.0530 0.0533
v -0.1001 0.0531 0.1328
v -0.1034 0.0528 0.1456
v -0.1025 0.0521 0.1813
v -0.1039 0.0563 0.2223
v -0.1009 0.0559 0.2423
v -0.0977 0.0649 0.2576
v -0.0983 0.0862 -0.2892
v -0.1019 0.0751 -0.2802
v -0.1018 0.0786 -0.1886
v -0.0992 0.0761 -0.1462
v -0.1013 0.0811 -0.1266
v -0.1044 0.0908 -0.1050
v -0.1021 0.0830 0.0345
v -0.0990 0.0767 0.0503
v -0.0999 0.0844 0.1323
v -0.1027 0.0817 0.1527
v -0.1027 0.0809 0.1766
v -0.1039 0.0805 0.2114
v -0.1020 0.0767 0.2430
v -0.0988 0.1036 -0.2896
v -0.1022 0.1087 -0.2764
v -0.1045 0.1173 -0.2551
v -0.1041 0.1150 -0.1998
v -0.1012 0.1045 -0.1869
v -0.0991 0.0969 -0.1128
v -0.1013 0.1050 -0.0915
v -0.1018 0.1120 -0.0628
v -0.1016 0.1129 -0.0300
v -0.1013 0.1071 -0.0011
v -0.0995 0.1003 0.0261
v -0.0989 0.1058 0.1304
v -0.1001 0.1040 0.1501
v -0.0996 0.1038 0.1840
v -0.1013 0.1050 0.2131
v -0.0999 0.0989 0.2323
v -0.1001 0.1282 -0.2692
v -0.1020 0.1332 -0.2425
v -0.1020 0.1341 -0.2110
v -0.0995 0.1300 -0.1929
v -0.0983 0.1205 -0.0527
v -0.0982 0.1208 -0.0327
v -0.0980 0.1227 0.1933
v -0.0981 0.1212 0.2004
v -0.0987 0.1489 -0.2316
v -0.0986 0.1503 -0.2157
v -0.0925 -0.0780 0.2210
v -0.0928 -0.0790 0.2355
v -0.0921 -0.0446 -0.2412
v -0.0907 -0.0402 -0.2227
v -0.0929 -0.0557 0.2212
v -0.0932 -0.0546 0.2369
v -0.0931 -0.0147 -0.2885
v -0.0943 -0.0273 -0.2736
v -0.0961 -0.0329 -0.2391
v -0.0937 -0.0251 -0.2136
v -0.0929 -0.0180 -0.1903
v -0.0937 -0.0159 -0.1108
v -0.0937 -0.0250 -0.0917
v -0.0943 -0.0328 -0.0620
v -0.0945 -0.0351 -0.0294
v -0.0941 -0.0316 0.0006
v -0.0935 -0.0222 0.0279
v -0.0932 -0.0221 0.1612
v -0.0938 -0.0316 0.1845
v -0.0932 -0.0224 0.2038
v -0.0912 -0.0388 0.2314
v -0.0940 -0.0003 -0.2961
v -0.0966 -0.0109 -0.2859
v -0.0936 -0.0017 -0.1792
v -0.0937 0.0076 -0.1436
v -0.0940 -0.0063 -0.1250
v -0.0958 -0.0092 0.0389
v -0.0932 0.0003 0.0526
v -0.0939 -0.0005 0.1486
v -0.0943 0.0038 0.2124
v -0.0920 0.0088 0.2354
v -0.0947 0.0273 -0.3047
v -0.0934 0.0270 -0.1762
v -0.0937 0.0261 -0.1559
v -0.0939 0.0270 0.0653
v -0.0912 0.0355 0.0779
v -0.0925 0.0324 0.1288
v -0.0951 0.0197 0.1407
v -0.0968 0.0144 0.2168
v -0.0947 0.0265 0.2437
v -0.0915 0.0365 0.2585
v -0.0939 0.0537 -0.3031
v -0.0973 0.0651 -0.2875
v -0.0936 0.0555 -0.1746
v -0.0948 0.0517 -0.1614
v -0.0950 0.0532 0.0683
v -0.0916 0.0539 0.0900
v -0.0926 0.0524 0.1168
v -0.0958 0.0470 0.2528
v -0.0932 0.0558 0.2626
v -0.0932 0.0773 -0.3012
v -0.0956 0.0797 -0.1755
v -0.0971 0.0858 -0.1565
v -0.0971 0.0899 -0.1333
v -0.0941 0.0804 0.0659
v -0.0914 0.0735 0.0893
v -0.0932 0.0784 0.1160
v -0.0955 0.0822 0.2525
v -0.0929 0.0729 0.2606
v -0.0941 0.1064 -0.2996
v -0.0956 0.1061 -0.1738
v -0.0944 0.1054 -0.1504
v -0.0937 0.1042 -0.1232
v -0.0952 0.1152 -0.0952
v -0.0963 0.1167 0.0057
v -0.0942 0.1101 0.0331
v -0.0926 0.1000 0.0538
v -0.0941 0.1040 0.1163
v -0.0966 0.1172 0.1584
v -0.0958 0.1136 0.1798
v -0.0958 0.1161 0.2204
v -0.0940 0.1051 0.2364
v -0.0933 0.1280 -0.2930
v -0.0952 0.1383 -0.2776
v -0.0971 0.1459 -0.2541
v -0.0934 0.1319 -0.1788
v -0.0909 0.1222 -0.1570
v -0.0929 0.1230 -0.0865
v -0.0941 0.1265 -0.0640
v -0.0938 0.1281 -0.0295
v -0.0923 0.1258 -0.0011
v -0.0911 0.1214 0.0236
v -0.0934 0.1320 0.1223
v -0.0930 0.1334 0.1520
v -0.0948 0.1331 0.1797
v -0.0936 0.1264 0.2100
v -0.0923 0.1507 -0.2692
v -0.0940 0.1572 -0.2410
v -0.0940 0.1599 -0.2117
v -0.0929 0.1525 -0.1915
v -0.0920 0.1551 0.1585
v -0.0923 0.1524 0.1750
v -0.0833 -0.3860 0.1885
v -0.0843 -0.3745 0.1898
v -0.0852 -0.3670 0.2067
v -0.0831 -0.3582 0.1958
v -0.0842 -0.3559 0.2031
v -0.0834 -0.3117 0.2265
v -0.0839 -0.3164 0.2385
v -0.0844 -0.2060 0.2811
v -0.0839 -0.2029 0.2892
v -0.0848 -0.1842 0.2804
v -0.0837 -0.1884 0.2894
v -0.0834 -0.1723 0.2837
v -0.0843 -0.0977 0.2177
v -0.0857 -0.1019 0.2427
v -0.0838 -0.0676 0.1955
v -0.0870 -0.0844 0.2098
v -0.0866 -0.0831 0.2503
v -0.0862 -0.0454 -0.2641
v -0.0866 -0.0556 -0.2412
v -0.0858 -0.0516 -0.2187
v -0.0857 -0.0424 -0.0584
v -0.0863 -0.0443 -0.0305
v -0.0855 -0.0429 -0.0017
v -0.0846 -0.0431 0.1641
v -0.0861 -0.0477 0.1870
v -0.0878 -0.0484 0.2023
v -0.0868 -0.0530 0.2500
v -0.0862 -0.0184 -0.2935
v -0.0877 -0.0326 -0.2773
v -0.0871 -0.0332 -0.2071
v -0.0868 -0.0239 -0.1872
v -0.0867 -0.0208 -0.1150
v -0.0870 -0.0320 -0.0913
v -0.0883 -0.0383 -0.0675
v -0.0888 -0.0378 0.0056
v -0.0869 -0.0305 0.0314
v -0.0854 -0.0192 0.0536
v -0.0869 -0.0263 0.1548
v -0.0897 -0.0380 0.1763
v -0.0874 -0.0283 0.2119
v -0.0860 -0.0289 0.2382
v -0.0871 0.0009 -0.3060
v -0.0872 0.0015 -0.1713
v -0.0854 0.0062 -0.1554
v -0.0873 -0.0086 -0.1330
v -0.0867 -0.0016 0.0665
v -0.0852 0.0092 0.0786
v -0.0855 0.0119 0.1337
v -0.0870 0.0001 0.1413
v -0.0865 -0.0052 0.2204
v -0.0863 -0.0033 0.2433
v -0.0843 0.0066 0.2607
v -0.0852 0.0327 -0.3206
v -0.0880 0.0247 -0.3154
v -0.0892 0.0297 -0.1685
v -0.0880 0.0226 -0.1632
v -0.0895 0.0176 0.0725
v -0.0870 0.0283 0.0919
v -0.0872 0.0295 0.1180
v -0.0900 0.0137 0.1379
v -0.0890 0.0175 0.2542
v -0.0863 0.0303 0.2685
v -0.0854 0.0520 -0.3222
v -0.0894 0.0544 -0.3154
v -0.0900 0.0429 -0.1690
v -0.0899 0.0406 -0.1664
v -0.0899 0.0441 0.0992
v -0.0898 0.0431 0.1106
v -0.0868 0.0528 0.2712
v -0.0851 0.0820 -0.3220
v -0.0887 0.0830 -0.3147
v -0.0891 0.0854 0.0957
v -0.0896 0.0848 0.1066
v -0.0872 0.0926 0.2548
v -0.0866 0.0792 0.2628
v -0.0846 0.1012 -0.3198
v -0.0878 0.1067 -0.3129
v -0.0897 0.1174 -0.1375
v -0.0888 0.1164 -0.1185
v -0.0889 0.1184 0.0398
v -0.0869 0.1079 0.0639
v -0.0859 0.1038 0.0929
v -0.0898 0.1024 0.1071
v -0.0869 0.1083 0.2436
v -0.0861 0.1325 -0.3034
v -0.0898 0.1440 -0.2878
v -0.0881 0.1388 -0.1709
v -0.0868 0.1317 -0.1527
v -0.0853 0.1238 -0.1188
v -0.0867 0.1305 -0.0893
v -0.0863 0.1390 -0.0585
v -0.0869 0.1387 -0.0315
v -0.0867 0.1342 0.0011
v -0.0862 0.1274 0.0298
v -0.0838 0.1199 0.0542
v -0.0862 0.1341 0.0997
v -0.0894 0.1405 0.1129
v -0.0902 0.1449 0.1413
v -0.0899 0.1448 0.1961
v -0.0861 0.1363 0.2168
v -0.0852 0.1234 0.2325
v -0.0845 0.1502 -0.2913
v -0.0865 0.1582 -0.2731
v -0.0871 0.1684 -0.2437
v -0.0884 0.1699 -0.2095
v -0.0866 0.1595 -0.1835
v -0.0839 0.1463 -0.1659
v -0.0844 0.1498 0.1016
v -0.0866 0.1555 0.1242
v -0.0882 0.1637 0.1495
v -0.0866 0.1628 0.1813
v -0.0854 0.1495 0.2028
v -0.0843 0.1744 -0.2358
v -0.0853 0.1748 -0.2137
v -0.0838 0.1729 -0.1944
v -0.0843 0.1754 0.1558
v -0.0836 0.1747 0.1710
v -0.0770 -0.4335 -0.1773
v -0.0766 -0.4350 -0.1622
v -0.0798 -0.3924 0.1910
v -0.0781 -0.3883 0.2052
v -0.0804 -0.3694 0.1840
v -0.0799 -0.3741 0.2178
v -0.0770 -0.3622 0.2282
v -0.0792 -0.3517 0.1918
v -0.0784 -0.3449 0.2172
v -0.0772 -0.3426 0.2347
v -0.0796 -0.3178 0.2191
v -0.0808 -0.3201 0.2460
v -0.0766 -0.3107 0.2582
v -0.0784 -0.3029 0.2208
v -0.0783 -0.2983 0.2472
v -0.0765 -0.2911 0.2591
v -0.0761 -0.2758 0.2565
v -0.0763 -0.2647 0.2637
v -0.0768 -0.2363 0.2745
v -0.0795 -0.2153 0.2710
v -0.0799 -0.2079 0.2936
v -0.0766 -0.1778 0.2562
v -0.0793 -0.1841 0.2648
v -0.0794 -0.1837 0.2959
v -0.0767 -0.1593 0.2488
v -0.0782 -0.1615 0.2748
v -0.0787 -0.1673 0.2916
v -0.0760 -0.1215 -0.2291
v -0.0769 -0.1247 -0.2203
v -0.0786 -0.1266 0.2219
v -0.0778 -0.1306 0.2409
v -0.0778 -0.1332 0.2671
v -0.0774 -0.1017 -0.2302
v -0.0788 -0.1043 -0.2152
v -0.0773 -0.0963 0.1946
v -0.0809 -0.1071 0.2130
v -0.0807 -0.1129 0.2383
v -0.0793 -0.1073 0.2626
v -0.0789 -0.0773 -0.2358
v -0.0794 -0.0776 -0.2156
v -0.0788 -0.0784 0.1886
v -0.0816 -0.0893 0.2002
v -0.0816 -0.0824 0.2566
v -0.0782 -0.0828 0.2595
v -0.0795 -0.0499 -0.2692
v -0.0811 -0.0614 -0.2527
v -0.0800 -0.0572 -0.2062
v -0.0776 -0.0438 -0.1940
v -0.0788 -0.0428 -0.0809
v -0.0798 -0.0468 -0.0611
v -0.0796 -0.0503 -0.0309
v -0.0797 -0.0484 -0.0003
v -0.0787 -0.0432 0.0247
v -0.0795 -0.0460 0.1591
v -0.0799 -0.0596 0.1792
v -0.0809 -0.0491 0.2555
v -0.0780 -0.0551 0.2588
v -0.0794 -0.0242 -0.2954
v -0.0807 -0.0359 -0.2823
v -0.0822 -0.0384 -0.1997
v -0.0797 -0.0297 -0.1844
v -0.0798 -0.0234 -0.1208
v -0.0801 -0.0366 -0.0952
v -0.0801 -0.0366 0.0365
v -0.0793 -0.0253 0.0605
v -0.0767 -0.0182 0.0816
v -0.0792 -0.0272 0.1469
v -0.0830 -0.0145 0.2251
v -0.0807 -0.0217 0.2447
v -0.0776 -0.0158 0.2595
v -0.0765 0.0081 -0.3197
v -0.0801 -0.0005 -0.3120
v -0.0795 -0.0058 -0.1690
v -0.0795 0.0009 -0.1590
v -0.0824 -0.0092 0.0714
v -0.0790 0.0002 0.0929
v -0.0787 0.0034 0.1238
v -0.0804 -0.0076 0.1386
v -0.0830 -0.0117 0.2246
v -0.0819 -0.0110 0.2552
v -0.0796 0.0003 0.2661
v -0.0795 0.0296 -0.3247
v -0.0815 0.0148 0.1008
v -0.0818 0.0165 0.1165
v -0.0802 0.0271 0.2764
v -0.0797 0.0533 -0.3288
v -0.0796 0.0508 0.2788
v -0.0796 0.0814 -0.3290
v -0.0792 0.0800 0.2670
v -0.0794 0.1049 -0.3254
v -0.0827 0.1160 -0.3177
v -0.0823 0.1172 0.0656
v -0.0816 0.1137 0.0867
v -0.0802 0.1113 0.2496
v -0.0794 0.0963 0.2588
v -0.0784 0.1229 -0.3201
v -0.0798 0.1330 -0.3127
v -0.0808 0.1414 -0.1458
v -0.0801 0.1332 -0.1195
v -0.0796 0.1385 -0.0904
v -0.0811 0.1442 -0.0659
v -0.0818 0.1453 -0.0314
v -0.0804 0.1427 0.0007
v -0.0793 0.1372 0.0309
v -0.0791 0.1254 0.0605
v -0.0796 0.1309 0.0879
v -0.0825 0.1406 0.2230
v -0.0800 0.1316 0.2367
v -0.0791 0.1521 -0.2982
v -0.0799 0.1663 -0.2738
v -0.0825 0.1723 -0.2513
v -0.0794 0.1670 -0.1743
v -0.0786 0.1537 -0.1586
v -0.0776 0.1488 -0.0585
v -0.0789 0.1485 -0.0298
v -0.0767 0.1475 -0.0026
v -0.0789 0.1564 0.0962
v -0.0804 0.1664 0.1147
v -0.0816 0.1689 0.1902
v -0.0799 0.1605 0.2121
v -0.0773 0.1521 0.2309
v -0.0771 0.1748 -0.2611
v -0.0793 0.1786 -0.2400
v -0.0798 0.1803 -0.2122
v -0.0785 0.1764 -0.1864
v -0.0790 0.1764 0.1244
v -0.0790 0.1827 0.1527
v -0.0784 0.1819 0.1789
v -0.0768 0.1750 0.2092
v -0.0713 -0.4232 -0.2007
v -0.0738 -0.4263 -0.1885
v -0.0724 -0.4331 -0.1539
v -0.0707 -0.4086 -0.1985
v -0.0719 -0.4067 -0.1852
v -0.0724 -0.4000 0.1927
v -0.0721 -0.3964 0.2040
v -0.0728 -0.3676 0.1822
v -0.0723 -0.3806 0.2227
v -0.0721 -0.3655 0.2316
v -0.0721 -0.3489 0.1861
v -0.0731 -0.3362 0.2058
v -0.0726 -0.3453 0.2426
v -0.0724 -0.3222 0.2100
v -0.0739 -0.3282 0.2561
v -0.0716 -0.3182 0.2605
v -0.0712 -0.2872 -0.3527
v -0.0722 -0.2977 0.2181
v -0.0731 -0.2873 0.2365
v -0.0727 -0.2937 0.2636
v -0.0724 -0.2655 -0.3539
v -0.0716 -0.2674 0.2455
v -0.0732 -0.2645 0.2690
v -0.0707 -0.2408 -0.3622
v -0.0705 -0.2410 0.2523
v -0.0722 -0.2380 0.2690
v -0.0708 -0.2281 0.2898
v -0.0704 -0.2026 -0.3812
v -0.0716 -0.2142 -0.3653
v -0.0715 -0.2119 0.2559
v -0.0740 -0.2192 0.2605
v -0.0723 -0.2091 0.3004
v -0.0700 -0.1960 -0.3842
v -0.0723 -0.1849 0.2538
v -0.0753 -0.1915 0.2582
v -0.0724 -0.1858 0.3041
v -0.0692 -0.1568 -0.3861
v -0.0690 -0.1487 -0.2303
v -0.0690 -0.1476 -0.2257
v -0.0741 -0.1582 0.2453
v -0.0742 -0.1512 0.2675
v -0.0721 -0.1612 0.2956
v -0.0721 -0.1326 -0.2327
v -0.0728 -0.1320 -0.2150
v -0.0724 -0.1337 0.2177
v -0.0745 -0.1360 0.2518
v -0.0731 -0.1365 0.2714
v -0.0698 -0.1457 0.2883
v -0.0689 -0.1032 -0.4546
v -0.0728 -0.1052 -0.2377
v -0.0736 -0.1083 -0.2008
v -0.0700 -0.0995 -0.1930
v -0.0720 -0.1009 0.1899
v -0.0723 -0.1133 0.2014
v -0.0716 -0.1054 0.2697
v -0.0687 -0.0923 -0.4513
v -0.0705 -0.0693 -0.2602
v -0.0728 -0.0808 -0.2474
v -0.0749 -0.0813 -0.1982
v -0.0717 -0.0811 -0.1919
v -0.0727 -0.0796 0.1771
v -0.0720 -0.0825 0.2629
v -0.0695 -0.0426 -0.2896
v -0.0724 -0.0544 -0.2745
v -0.0756 -0.0618 -0.1974
v -0.0721 -0.0518 -0.1879
v -0.0721 -0.0448 -0.0880
v -0.0722 -0.0517 -0.0627
v -0.0717 -0.0563 -0.0310
v -0.0718 -0.0549 -0.0007
v -0.0726 -0.0462 0.0316
v -0.0701 -0.0425 0.0478
v -0.0715 -0.0512 0.1554
v -0.0741 -0.0650 0.1724
v -0.0729 -0.0536 0.2609
v -0.0722 -0.0249 -0.3023
v -0.0754 -0.0383 -0.2863
v -0.0723 -0.0263 -0.1754
v -0.0719 -0.0156 -0.1402
v -0.0728 -0.0280 -0.1214
v -0.0729 -0.0379 -0.1038
v -0.0728 -0.0341 0.0633
v -0.0724 -0.0234 0.0936
v -0.0717 -0.0206 0.1225
v -0.0722 -0.0312 0.1415
v -0.0741 -0.0292 0.2560
v -0.0710 -0.0266 0.2608
v -0.0722 0.0048 -0.3213
v -0.0732 -0.0078 -0.3140
v -0.0719 -0.0100 -0.1683
v -0.0723 -0.0045 -0.1600
v -0.0748 -0.0120 0.1001
v -0.0747 -0.0085 0.1199
v -0.0721 -0.0009 0.2736
v -0.0723 0.0303 -0.3294
v -0.0723 0.0291 0.2827
v -0.0730 0.0528 -0.3335
v -0.0726 0.0518 0.2827
v -0.0725 0.0787 -0.3349
v -0.0719 0.0794 0.2712
v -0.0721 0.1056 -0.3316
v -0.0728 0.1130 0.2539
v -0.0714 0.1000 0.2615
v -0.0721 0.1310 -0.3229
v -0.0729 0.1423 -0.3155
v -0.0736 0.1436 -0.1189
v -0.0736 0.1442 -0.0932
v -0.0739 0.1436 0.0330
v -0.0720 0.1362 0.0658
v -0.0730 0.1377 0.0790
v -0.0724 0.1341 0.2441
v -0.0724 0.1579 -0.3010
v -0.0738 0.1686 -0.2831
v -0.0730 0.1638 -0.1513
v -0.0710 0.1531 -0.1249
v -0.0705 0.1487 -0.0891
v -0.0725 0.1537 -0.0586
v -0.0720 0.1554 -0.0295
v -0.0720 0.1519 0.0014
v -0.0721 0.1480 0.0244
v -0.0725 0.1635 0.0921
v -0.0753 0.1702 0.1063
v -0.0742 0.1719 0.2253
v -0.0718 0.1595 0.2344
v -0.0719 0.1764 -0.2694
v -0.0723 0.1845 -0.2431
v -0.0721 0.1881 -0.2091
v -0.0724 0.1850 -0.1812
v -0.0703 0.1775 -0.1567
v -0.0704 0.1764 0.1025
v -0.0719 0.1837 0.1185
v -0.0724 0.1920 0.1543
v -0.0736 0.1913 0.1847
v -0.0718 0.1880 0.2129
v -0.0702 0.1772 0.2298
v -0.0701 0.2000 0.1654
v -0.0698 0.2023 0.1788
v -0.0651 -0.4287 -0.2061
v -0.0653 -0.4371 -0.1791
v -0.0649 -0.4305 -0.1477
v -0.0620 -0.3884 -0.2352
v -0.0638 -0.3976 -0.2087
v -0.0654 -0.3985 -0.1825
v -0.0651 -0.4102 -0.1662
v -0.0653 -0.4040 0.1940
v -0.0648 -0.3996 0.2065
v -0.0641 -0.3721 -0.2367
v -0.0639 -0.3724 -0.2194
v -0.0640 -0.3705 0.1836
v -0.0658 -0.3829 0.2252
v -0.0655 -0.3724 0.2321
v -0.0634 -0.3483 -0.2314
v -0.0645 -0.3527 -0.2235
v -0.0649 -0.3452 0.1861
v -0.0674 -0.3332 0.2001
v -0.0653 -0.3446 0.2472
v -0.0615 -0.3325 0.2585
v -0.0653 -0.3220 0.2062
v -0.0651 -0.3209 0.2621
v -0.0653 -0.2914 0.2200
v -0.0658 -0.2823 0.2288
v -0.0650 -0.2954 0.2672
v -0.0651 -0.2668 0.2359
v -0.0650 -0.2651 0.2762
v -0.0643 -0.2326 -0.3575
v -0.0621 -0.2307 -0.2607
v -0.0622 -0.2325 -0.2540
v -0.0653 -0.2367 0.2480
v -0.0652 -0.2421 0.2848
v -0.0648 -0.2313 0.2903
v -0.0646 -0.2084 -0.4137
v -0.0639 -0.2098 -0.3803
v -0.0656 -0.2167 -0.3666
v -0.0624 -0.2143 -0.2625
v -0.0646 -0.2117 -0.2461
v -0.0653 -0.2135 0.2535
v -0.0649 -0.2117 0.3021
v -0.0624 -0.1923 -0.4113
v -0.0643 -0.1876 -0.3933
v -0.0631 -0.1837 -0.2628
v -0.0637 -0.1858 -0.2406
v -0.0650 -0.1866 0.2507
v -0.0653 -0.1856 0.3080
v -0.0651 -0.1596 -0.3901
v -0.0654 -0.1486 -0.3766
v -0.0626 -0.1701 -0.2620
v -0.0640 -0.1613 -0.2387
v -0.0642 -0.1557 -0.2224
v -0.0639 -0.1493 0.2248
v -0.0647 -0.1639 0.2369
v -0.0646 -0.1614 0.3011
v -0.0664 -0.1242 -0.4602
v -0.0623 -0.1302 -0.4132
v -0.0626 -0.1256 -0.4037
v -0.0638 -0.1423 -0.3718
v -0.0645 -0.1339 -0.2425
v -0.0655 -0.1345 -0.2042
v -0.0635 -0.1243 -0.1955
v -0.0646 -0.1328 0.2121
v -0.0652 -0.1296 0.2830
v -0.0637 -0.1426 0.2904
v -0.0678 -0.1064 -0.4554
v -0.0653 -0.0975 -0.4204
v -0.0621 -0.1170 -0.4005
v -0.0645 -0.1063 -0.2478
v -0.0652 -0.1067 -0.1906
v -0.0648 -0.1018 0.1838
v -0.0651 -0.1158 0.1997
v -0.0653 -0.1060 0.2721
v -0.0652 -0.0798 -0.4462
v -0.0644 -0.0804 -0.4183
v -0.0641 -0.0740 -0.2626
v -0.0650 -0.0856 -0.2542
v -0.0655 -0.0810 -0.1848
v -0.0628 -0.0687 0.1653
v -0.0653 -0.0820 0.1709
v -0.0650 -0.0836 0.2643
v -0.0616 -0.0655 -0.4399
v -0.0634 -0.0589 -0.4114
v -0.0638 -0.0449 -0.2927
v -0.0648 -0.0583 -0.2790
v -0.0653 -0.0517 -0.1812
v -0.0637 -0.0412 -0.1077
v -0.0644 -0.0477 -0.0911
v -0.0655 -0.0554 -0.0634
v -0.0646 -0.0606 -0.0284
v -0.0653 -0.0589 0.0034
v -0.0656 -0.0519 0.0333
v -0.0646 -0.0438 0.0614
v -0.0626 -0.0421 0.0901
v -0.0635 -0.0442 0.1210
v -0.0651 -0.0522 0.1492
v -0.0650 -0.0533 0.2626
v -0.0645 -0.0255 -0.3082
v -0.0653 -0.0264 -0.1748
v -0.0642 -0.0162 -0.1450
v -0.0656 -0.0318 -0.1224
v -0.0669 -0.0386 0.0695
v -0.0656 -0.0348 0.0944
v -0.0664 -0.0332 0.1187
v -0.0682 -0.0383 0.1386
v -0.0653 -0.0286 0.2641
v -0.0645 0.0011 -0.3246
v -0.0675 -0.0104 -0.3171
v -0.0644 -0.0085 -0.1691
v -0.0652 -0.0057 -0.1619
v -0.0652 -0.0019 0.2768
v -0.0648 0.0263 -0.3329
v -0.0651 0.0263 0.2838
v -0.0650 0.0555 -0.3384
v -0.0654 0.0515 0.2853
v -0.0647 0.0812 -0.3398
v -0.0646 0.0804 0.2740
v -0.0645 0.1063 -0.3366
v -0.0674 0.1167 0.2548
v -0.0652 0.1047 0.2620
v -0.0651 0.1329 -0.3281
v -0.0673 0.1439 0.0646
v -0.0651 0.1343 0.2483
v -0.0634 0.1499 -0.3200
v -0.0654 0.1605 -0.3068
v -0.0653 0.1649 -0.1189
v -0.0648 0.1557 -0.0919
v -0.0657 0.1585 -0.0632
v -0.0648 0.1617 -0.0300
v -0.0652 0.1586 -0.0010
v -0.0653 0.1536 0.0290
v -0.0638 0.1514 0.0669
v -0.0660 0.1632 0.0827
v -0.0646 0.1614 0.2426
v -0.0619 0.1753 -0.2917
v -0.0654 0.1808 -0.2733
v -0.0654 0.1914 -0.2404
v -0.0656 0.1956 -0.2138
v -0.0654 0.1957 -0.1808
v -0.0654 0.1848 -0.1521
v -0.0629 0.1762 -0.1303
v -0.0653 0.1793 0.0974
v -0.0653 0.1906 0.1183
v -0.0654 0.1976 0.1465
v -0.0681 0.1965 0.2204
v -0.0639 0.1863 0.2387
v -0.0628 0.1996 -0.2050
v -0.0621 0.2007 -0.1904
v -0.0649 0.2047 0.1572
v -0.0656 0.2110 0.1830
v -0.0649 0.2105 0.2110
v -0.0624 0.2048 0.2324
v -0.0579 -0.4263 -0.2110
v -0.0566 -0.4368 -0.1803
v -0.0574 -0.4324 -0.1416
v -0.0581 -0.3927 -0.2391
v -0.0586 -0.4029 -0.2183
v -0.0578 -0.3964 -0.1730
v -0.0578 -0.4085 -0.1623
v -0.0577 -0.4044 0.1940
v -0.0573 -0.4018 0.2075
v -0.0582 -0.3747 -0.2506
v -0.0591 -0.3752 -0.2077
v -0.0576 -0.3834 -0.1925
v -0.0574 -0.3667 0.1831
v -0.0583 -0.3844 0.2259
v -0.0575 -0.3768 0.2317
v -0.0578 -0.3433 -0.2397
v -0.0582 -0.3447 -0.2182
v -0.0577 -0.3442 0.1866
v -0.0570 -0.3449 0.2482
v -0.0570 -0.3332 0.2579
v -0.0589 -0.3196 -0.2355
v -0.0565 -0.3227 -0.2239
v -0.0584 -0.3318 0.1965
v -0.0578 -0.3196 0.2062
v -0.0580 -0.3207 0.2622
v -0.0578 -0.2915 -0.2391
v -0.0548 -0.3034 -0.2263
v -0.0576 -0.2949 0.2164
v -0.0575 -0.2823 0.2286
v -0.0576 -0.2949 0.2666
v -0.0558 -0.2574 -0.3566
v -0.0574 -0.2645 -0.2449
v -0.0574 -0.2675 0.2357
v -0.0575 -0.2667 0.2745
v -0.0545 -0.2267 -0.4144
v -0.0547 -0.2286 -0.3861
v -0.0584 -0.2413 -0.3539
v -0.0553 -0.2325 -0.3119
v -0.0575 -0.2374 -0.2640
v -0.0584 -0.2436 -0.2478
v -0.0573 -0.2365 0.2483
v -0.0574 -0.2413 0.2841
v -0.0589 -0.2307 0.2903
v -0.0556 -0.2094 -0.4174
v -0.0572 -0.2087 -0.3877
v -0.0605 -0.2053 -0.3774
v -0.0559 -0.2077 -0.3234
v -0.0561 -0.2194 -0.3156
v -0.0586 -0.2124 -0.2770
v -0.0583 -0.2163 -0.2377
v -0.0575 -0.2145 0.2532
v -0.0574 -0.2109 0.3027
v -0.0565 -0.1877 -0.4172
v -0.0574 -0.1839 -0.3936
v -0.0565 -0.1894 -0.3729
v -0.0551 -0.1959 -0.3285
v -0.0559 -0.1927 -0.2893
v -0.0581 -0.1827 -0.2807
v -0.0606 -0.1854 -0.2325
v -0.0571 -0.1846 -0.2253
v -0.0576 -0.1839 0.2484
v -0.0580 -0.1853 0.3087
v -0.0556 -0.1591 -0.4180
v -0.0565 -0.1626 -0.3937
v -0.0554 -0.1529 -0.3757
v -0.0572 -0.1622 -0.2700
v -0.0603 -0.1517 -0.2510
v -0.0576 -0.1609 -0.2171
v -0.0582 -0.1507 0.2253
v -0.0579 -0.1649 0.2364
v -0.0576 -0.1597 0.3010
v -0.0579 -0.1350 -0.4192
v -0.0571 -0.1313 -0.4028
v -0.0579 -0.1363 -0.3688
v -0.0554 -0.1347 -0.2598
v -0.0585 -0.1333 -0.2536
v -0.0582 -0.1395 -0.2012
v -0.0571 -0.1274 -0.1933
v -0.0578 -0.1342 0.2126
v -0.0570 -0.1313 0.2828
v -0.0583 -0.1423 0.2900
v -0.0563 -0.1063 -0.4456
v -0.0568 -0.1028 -0.4303
v -0.0569 -0.1110 -0.3940
v -0.0548 -0.1051 -0.2580
v -0.0582 -0.1069 -0.2551
v -0.0576 -0.1081 -0.1869
v -0.0578 -0.1024 0.1823
v -0.0581 -0.1158 0.1992
v -0.0579 -0.1057 0.2694
v -0.0582 -0.0811 -0.4409
v -0.0579 -0.0807 -0.4245
v -0.0574 -0.0791 -0.2641
v -0.0600 -0.0894 -0.2569
v -0.0586 -0.0812 -0.1820
v -0.0575 -0.0716 0.1646
v -0.0582 -0.0854 0.1691
v -0.0578 -0.0829 0.2625
v -0.0602 -0.0646 -0.4402
v -0.0575 -0.0556 -0.4189
v -0.0557 -0.0530 -0.4064
v -0.0573 -0.0491 -0.2932
v -0.0585 -0.0607 -0.2810
v -0.0581 -0.0522 -0.1797
v -0.0573 -0.0424 -0.1109
v -0.0572 -0.0513 -0.0895
v -0.0579 -0.0596 -0.0605
v -0.0576 -0.0639 -0.0302
v -0.0582 -0.0630 0.0027
v -0.0582 -0.0579 0.0325
v -0.0579 -0.0501 0.0628
v -0.0578 -0.0478 0.0910
v -0.0582 -0.0503 0.1202
v -0.0578 -0.0580 0.1494
v -0.0574 -0.0524 0.2626
v -0.0557 -0.0291 -0.4249
v -0.0556 -0.0355 -0.4083
v -0.0606 -0.0145 -0.3185
v -0.0579 -0.0264 -0.3111
v -0.0582 -0.0277 -0.1772
v -0.0584 -0.0197 -0.1450
v -0.0581 -0.0329 -0.1273
v -0.0578 -0.0251 0.2696
v -0.0579 -0.0001 -0.3275
v -0.0575 -0.0046 -0.1712
v -0.0587 -0.0068 -0.1627
v -0.0574 0.0008 0.2785
v -0.0581 0.0277 -0.3364
v -0.0577 0.0289 0.2845
v -0.0576 0.0525 -0.3416
v -0.0580 0.0513 0.2860
v -0.0574 0.0807 -0.3435
v -0.0576 0.0812 0.2755
v -0.0573 0.1069 -0.3405
v -0.0610 0.1184 0.2569
v -0.0573 0.1047 0.2652
v -0.0577 0.1335 -0.3328
v -0.0579 0.1356 0.2533
v -0.0549 0.1320 0.2583
v -0.0568 0.1541 -0.3222
v -0.0579 0.1653 -0.3106
v -0.0603 0.1702 -0.1109
v -0.0582 0.1652 -0.0896
v -0.0577 0.1647 -0.0643
v -0.0572 0.1674 -0.0333
v -0.0579 0.1644 0.0006
v -0.0578 0.1595 0.0335
v -0.0575 0.1594 0.0638
v -0.0587 0.1683 0.0787
v -0.0596 0.1569 0.2517
v -0.0563 0.1639 0.2648
v -0.0572 0.1761 -0.2967
v -0.0586 0.1865 -0.2739
v -0.0584 0.1963 -0.2457
v -0.0609 0.1989 -0.2254
v -0.0580 0.1932 -0.1491
v -0.0573 0.1791 -0.1205
v -0.0580 0.1846 0.0942
v -0.0585 0.1960 0.1173
v -0.0609 0.1890 0.2516
v -0.0575 0.1860 0.2651
v -0.0564 0.2009 -0.2344
v -0.0581 0.2029 -0.2122
v -0.0576 0.2030 -0.1800
v -0.0559 0.2006 -0.1612
v -0.0562 0.2023 0.1313
v -0.0577 0.2118 0.1502
v -0.0597 0.2234 0.1827
v -0.0604 0.2238 0.2150
v -0.0598 0.2122 0.2432
v -0.0573 0.2119 0.2636
v -0.0551 0.2279 0.1645
v -0.0563 0.2299 0.1811
v -0.0568 0.2345 0.2153
v -0.0563 0.2339 0.2436
v -0.0556 0.2301 0.2610
v -0.0551 0.3280 0.3999
v -0.0545 0.3318 0.4092
v -0.0546 0.3523 0.3149
v -0.0545 0.3424 0.3776
v -0.0561 0.3411 0.3932
v -0.0551 0.4021 0.3759
v -0.0551 0.4058 0.3813
v -0.0547 0.4134 0.3775
v -0.0548 0.4154 0.3825
v -0.0508 -0.4264 -0.2110
v -0.0495 -0.4367 -0.1828
v -0.0505 -0.4295 -0.1476
v -0.0507 -0.4358 -0.1358
v -0.0504 -0.3947 -0.2443
v -0.0509 -0.4073 -0.2209
v -0.0513 -0.3947 -0.1709
v -0.0498 -0.4015 -0.1650
v -0.0504 -0.4050 0.1941
v -0.0507 -0.4038 0.2064
v -0.0478 -0.3792 -0.2578
v -0.0511 -0.3750 -0.2561
v -0.0503 -0.3699 -0.2031
v -0.0509 -0.3807 -0.1912
v -0.0502 -0.3689 0.1835
v -0.0497 -0.3839 0.2262
v -0.0501 -0.3765 0.2317
v -0.0515 -0.3451 -0.2518
v -0.0507 -0.3463 -0.2116
v -0.0506 -0.3447 0.1860
v -0.0477 -0.3327 0.1978
v -0.0506 -0.3459 0.2453
v -0.0477 -0.3128 -0.2582
v -0.0512 -0.3202 -0.2486
v -0.0507 -0.3196 -0.2193
v -0.0538 -0.3320 0.1962
v -0.0498 -0.3219 0.2071
v -0.0480 -0.3301 0.2563
v -0.0503 -0.3201 0.2601
v -0.0482 -0.2819 -0.3702
v -0.0483 -0.2912 -0.2601
v -0.0511 -0.2931 -0.2495
v -0.0501 -0.2933 -0.2246
v -0.0505 -0.2976 0.2158
v -0.0490 -0.2869 0.2404
v -0.0510 -0.2932 0.2617
v -0.0480 -0.2568 -0.4112
v -0.0484 -0.2572 -0.3958
v -0.0508 -0.2634 -0.3604
v -0.0496 -0.2610 -0.3460
v -0.0496 -0.2635 -0.2633
v -0.0509 -0.2674 -0.2462
v -0.0503 -0.2698 0.2427
v -0.0502 -0.2667 0.2658
v -0.0504 -0.2371 -0.4174
v -0.0520 -0.2414 -0.3981
v -0.0491 -0.2393 -0.3531
v -0.0505 -0.2370 -0.3444
v -0.0531 -0.2443 -0.3094
v -0.0514 -0.2412 -0.2692
v -0.0507 -0.2408 -0.2367
v -0.0514 -0.2391 0.2520
v -0.0495 -0.2372 0.2753
v -0.0535 -0.2288 0.2888
v -0.0508 -0.2110 -0.4190
v -0.0501 -0.2072 -0.3980
v -0.0498 -0.2136 -0.3590
v -0.0502 -0.2144 -0.3439
v -0.0506 -0.2034 -0.2909
v -0.0513 -0.2185 -0.2808
v -0.0506 -0.2175 -0.2315
v -0.0493 -0.2064 -0.2254
v -0.0518 -0.2127 0.2551
v -0.0485 -0.2213 0.2616
v -0.0508 -0.2097 0.3004
v -0.0512 -0.1858 -0.4234
v -0.0504 -0.1850 -0.3949
v -0.0506 -0.1861 -0.3613
v -0.0495 -0.1876 -0.3394
v -0.0506 -0.1876 -0.2928
v -0.0536 -0.1753 -0.2864
v -0.0504 -0.1867 -0.2220
v -0.0510 -0.1850 0.2520
v -0.0505 -0.1828 0.3062
v -0.0486 -0.1568 -0.4404
v -0.0506 -0.1591 -0.4247
v -0.0507 -0.1593 -0.3953
v -0.0501 -0.1593 -0.3707
v -0.0476 -0.1687 -0.3434
v -0.0479 -0.1711 -0.2881
v -0.0509 -0.1584 -0.2769
v -0.0510 -0.1606 -0.2123
v -0.0526 -0.1496 0.2271
v -0.0509 -0.1630 0.2402
v -0.0503 -0.1500 0.2839
v -0.0509 -0.1608 0.2971
v -0.0472 -0.1286 -0.4706
v -0.0493 -0.1255 -0.4604
v -0.0504 -0.1340 -0.4203
v -0.0510 -0.1348 -0.3915
v -0.0495 -0.1318 -0.3701
v -0.0508 -0.1333 -0.2645
v -0.0503 -0.1419 -0.1994
v -0.0502 -0.1293 -0.1923
v -0.0514 -0.1320 0.2141
v -0.0478 -0.1436 0.2274
v -0.0506 -0.1342 0.2733
v -0.0503 -0.1077 -0.4504
v -0.0509 -0.1046 -0.4224
v -0.0513 -0.1029 -0.3908
v -0.0492 -0.1064 -0.3735
v -0.0509 -0.1066 -0.2596
v -0.0509 -0.1058 -0.1855
v -0.0509 -0.1013 0.1822
v -0.0502 -0.1137 0.2007
v -0.0480 -0.1029 0.2535
v -0.0500 -0.1097 0.2619
v -0.0493 -0.0793 -0.4476
v -0.0507 -0.0787 -0.4222
v -0.0497 -0.0801 -0.3981
v -0.0484 -0.0874 -0.3731
v -0.0506 -0.0800 -0.2658
v -0.0501 -0.0801 -0.1826
v -0.0495 -0.0673 -0.0226
v -0.0495 -0.0672 -0.0052
v -0.0507 -0.0716 0.1636
v -0.0504 -0.0874 0.1700
v -0.0486 -0.0874 0.2557
v -0.0512 -0.0797 0.2591
v -0.0494 -0.0560 -0.4440
v -0.0502 -0.0532 -0.4239
v -0.0507 -0.0520 -0.3979
v -0.0500 -0.0508 -0.2947
v -0.0504 -0.0637 -0.2809
v -0.0505 -0.0558 -0.1814
v -0.0503 -0.0435 -0.1141
v -0.0510 -0.0524 -0.0925
v -0.0504 -0.0617 -0.0627
v -0.0518 -0.0658 -0.0344
v -0.0517 -0.0660 0.0013
v -0.0506 -0.0623 0.0323
v -0.0507 -0.0545 0.0640
v -0.0515 -0.0505 0.0910
v -0.0515 -0.0520 0.1228
v -0.0504 -0.0584 0.1492
v -0.0505 -0.0551 0.2620
v -0.0490 -0.0277 -0.4491
v -0.0500 -0.0292 -0.4234
v -0.0495 -0.0309 -0.4003
v -0.0515 -0.0163 -0.3206
v -0.0509 -0.0310 -0.3100
v -0.0505 -0.0272 -0.1805
v -0.0505 -0.0221 -0.1490
v -0.0508 -0.0363 -0.1273
v -0.0515 -0.0259 0.2727
v -0.0474 -0.0117 -0.4443
v -0.0491 -0.0043 -0.4232
v -0.0477 -0.0110 -0.4062
v -0.0505 -0.0002 -0.3300
v -0.0507 -0.0033 -0.1754
v -0.0516 -0.0108 -0.1629
v -0.0510 0.0001 0.2792
v -0.0471 0.0140 -0.4206
v -0.0501 0.0227 -0.3380
v -0.0508 0.0249 0.2827
v -0.0506 0.0527 -0.3444
v -0.0505 0.0521 0.2851
v -0.0509 0.0786 -0.3465
v -0.0507 0.0800 0.2766
v -0.0502 0.1034 -0.3444
v -0.0503 0.1073 0.2674
v -0.0512 0.1335 -0.3362
v -0.0504 0.1314 0.2652
v -0.0504 0.1565 -0.3242
v -0.0512 0.1677 -0.3135
v -0.0524 0.1699 -0.0823
v -0.0512 0.1695 -0.0643
v -0.0516 0.1709 -0.0268
v -0.0505 0.1699 -0.0004
v -0.0510 0.1660 0.0312
v -0.0509 0.1662 0.0616
v -0.0509 0.1585 0.2724
v -0.0500 0.1801 -0.2980
v -0.0503 0.1927 -0.2730
v -0.0515 0.1984 -0.2563
v -0.0522 0.1968 -0.1448
v -0.0508 0.1857 -0.1198
v -0.0498 0.1770 -0.0956
v -0.0482 0.1729 -0.0342
v -0.0482 0.1740 0.0746
v -0.0507 0.1862 0.0891
v -0.0516 0.1987 0.1080
v -0.0506 0.1835 0.2761
v -0.0506 0.2031 -0.2415
v -0.0512 0.2074 -0.2140
v -0.0511 0.2076 -0.1821
v -0.0505 0.2025 -0.1558
v -0.0501 0.2059 0.1252
v -0.0511 0.2166 0.1445
v -0.0508 0.2138 0.2756
v -0.0500 0.2307 0.1587
v -0.0506 0.2413 0.1827
v -0.0527 0.2458 0.2118
v -0.0532 0.2489 0.2425
v -0.0504 0.2383 0.2695
v -0.0471 0.2511 0.3543
v -0.0490 0.2623 0.2179
v -0.0499 0.2661 0.2452
v -0.0483 0.2648 0.2640
v -0.0484 0.2682 0.3393
v -0.0489 0.2664 0.3624
v -0.0479 0.2760 0.3856
v -0.0487 0.3022 0.1576
v -0.0476 0.2850 0.2484
v -0.0474 0.2894 0.2659
v -0.0490 0.2915 0.3378
v -0.0500 0.2939 0.3640
v -0.0488 0.2943 0.3891
v -0.0487 0.3106 0.1629
v -0.0485 0.3178 0.1728
v -0.0481 0.3166 0.3437
v -0.0495 0.3206 0.3649
v -0.0506 0.3182 0.3953
v -0.0499 0.3276 0.4109
v -0.0497 0.3531 0.3128
v -0.0506 0.3469 0.3694
v -0.0514 0.3508 0.3932
v -0.0504 0.3360 0.4122
v -0.0482 0.3613 0.3097
v -0.0486 0.3748 0.3706
v -0.0493 0.3613 0.3846
v -0.0503 0.3971 0.3724
v -0.0532 0.4032 0.3809
v -0.0500 0.4172 0.3745
v -0.0504 0.4254 0.3854
v -0.0435 -0.4283 -0.2102
v -0.0432 -0.4366 -0.1817
v -0.0433 -0.4286 -0.1462
v -0.0438 -0.4356 -0.1357
v -0.0425 -0.3866 -0.2578
v -0.0434 -0.3948 -0.2480
v -0.0435 -0.4080 -0.2201
v -0.0432 -0.3915 -0.1743
v -0.0430 -0.4014 -0.1648
v -0.0429 -0.4037 0.1937
v -0.0437 -0.4035 0.2056
v -0.0433 -0.3760 -0.2585
v -0.0468 -0.3602 -0.2575
v -0.0436 -0.3694 -0.2029
v -0.0435 -0.3801 -0.1918
v -0.0433 -0.3737 0.1846
v -0.0426 -0.3823 0.2252
v -0.0436 -0.3757 0.2301
v -0.0433 -0.3466 -0.2589
v -0.0437 -0.3467 -0.2106
v -0.0434 -0.3460 0.1850
v -0.0417 -0.3352 0.2125
v -0.0427 -0.3424 0.2373
v -0.0431 -0.3173 -0.2610
v -0.0440 -0.3201 -0.2177
v -0.0433 -0.3218 0.2141
v -0.0423 -0.3213 0.2508
v -0.0461 -0.3169 0.2584
v -0.0411 -0.2820 -0.3948
v -0.0468 -0.2831 -0.3736
v -0.0434 -0.2935 -0.2639
v -0.0433 -0.2916 -0.2233
v -0.0432 -0.3011 0.2198
v -0.0447 -0.2975 0.2419
v -0.0462 -0.2575 -0.4122
v -0.0446 -0.2689 -0.3997
v -0.0442 -0.2616 -0.3579
v -0.0435 -0.2608 -0.3436
v -0.0438 -0.2656 -0.2688
v -0.0437 -0.2613 -0.2299
v -0.0428 -0.2760 -0.2263
v -0.0470 -0.2576 0.2568
v -0.0469 -0.2533 0.2611
v -0.0420 -0.2353 -0.4187
v -0.0429 -0.2284 -0.3987
v -0.0460 -0.2395 -0.3594
v -0.0443 -0.2385 -0.3397
v -0.0432 -0.2403 -0.2763
v -0.0436 -0.2395 -0.2329
v -0.0462 -0.2334 0.2710
v -0.0432 -0.2126 -0.4242
v -0.0448 -0.2128 -0.3943
v -0.0445 -0.2149 -0.3560
v -0.0441 -0.2142 -0.3372
v -0.0428 -0.2053 -0.2924
v -0.0430 -0.2204 -0.2837
v -0.0436 -0.2218 -0.2298
v -0.0432 -0.2084 -0.2245
v -0.0462 -0.2051 0.2570
v -0.0434 -0.2166 0.2708
v -0.0437 -0.2081 0.2944
v -0.0409 -0.1810 -0.4485
v -0.0437 -0.1856 -0.4274
v -0.0438 -0.1830 -0.3912
v -0.0433 -0.1856 -0.3674
v -0.0430 -0.1860 -0.3395
v -0.0434 -0.1867 -0.2959
v -0.0432 -0.1866 -0.2206
v -0.0460 -0.1877 0.2567
v -0.0424 -0.1863 0.2615
v -0.0430 -0.1839 0.2981
v -0.0411 -0.1492 -0.4728
v -0.0421 -0.1612 -0.4472
v -0.0431 -0.1585 -0.4255
v -0.0434 -0.1617 -0.3914
v -0.0426 -0.1578 -0.3648
v -0.0436 -0.1626 -0.3437
v -0.0449 -0.1714 -0.2894
v -0.0430 -0.1566 -0.2795
v -0.0434 -0.1599 -0.2110
v -0.0427 -0.1593 0.2472
v -0.0420 -0.1583 0.2800
v -0.0443 -0.1664 0.2940
v -0.0442 -0.1359 -0.4723
v -0.0431 -0.1301 -0.4563
v -0.0434 -0.1316 -0.4288
v -0.0450 -0.1376 -0.3955
v -0.0431 -0.1358 -0.3660
v -0.0431 -0.1330 -0.2670
v -0.0428 -0.1405 -0.1991
v -0.0435 -0.1290 -0.1926
v -0.0430 -0.1276 0.2195
v -0.0417 -0.1392 0.2314
v -0.0423 -0.1322 0.2668
v -0.0428 -0.1075 -0.4534
v -0.0443 -0.1074 -0.4286
v -0.0468 -0.0933 -0.3841
v -0.0436 -0.1083 -0.3648
v -0.0434 -0.1082 -0.2609
v -0.0436 -0.1086 -0.1872
v -0.0436 -0.1004 0.1853
v -0.0431 -0.1096 0.2041
v -0.0439 -0.1015 0.2462
v -0.0456 -0.1174 0.2595
v -0.0422 -0.0799 -0.4511
v -0.0444 -0.0784 -0.4277
v -0.0454 -0.0766 -0.3884
v -0.0437 -0.0772 -0.3722
v -0.0434 -0.0797 -0.2664
v -0.0431 -0.0796 -0.1860
v -0.0404 -0.0670 -0.0490
v -0.0441 -0.0680 -0.0326
v -0.0434 -0.0686 -0.0008
v -0.0425 -0.0673 0.0249
v -0.0434 -0.0701 0.1636
v -0.0432 -0.0837 0.1709
v -0.0433 -0.0818 0.2500
v -0.0437 -0.0533 -0.4502
v -0.0445 -0.0530 -0.4253
v -0.0440 -0.0540 -0.3924
v -0.0421 -0.0610 -0.3736
v -0.0428 -0.0488 -0.2981
v -0.0437 -0.0609 -0.2856
v -0.0427 -0.0567 -0.1856
v -0.0425 -0.0452 -0.1154
v -0.0435 -0.0559 -0.0887
v -0.0437 -0.0645 -0.0585
v -0.0436 -0.0646 0.0376
v -0.0433 -0.0594 0.0583
v -0.0430 -0.0512 0.0916
v -0.0419 -0.0505 0.1218
v -0.0433 -0.0573 0.1478
v -0.0436 -0.0573 0.2622
v -0.0432 -0.0280 -0.4488
v -0.0442 -0.0261 -0.4258
v -0.0435 -0.0264 -0.3942
v -0.0431 -0.0171 -0.3216
v -0.0444 -0.0326 -0.3104
v -0.0430 -0.0278 -0.1849
v -0.0434 -0.0255 -0.1508
v -0.0438 -0.0376 -0.1301
v -0.0433 -0.0254 0.2767
v -0.0429 -0.0069 -0.4425
v -0.0433 -0.0009 -0.4227
v -0.0423 -0.0033 -0.4012
v -0.0435 -0.0003 -0.3310
v -0.0432 -0.0033 -0.1799
v -0.0434 0.0027 0.2803
v -0.0420 0.0194 -0.4240
v -0.0433 0.0211 -0.3389
v -0.0432 0.0241 0.2807
v -0.0407 0.0597 -0.3486
v -0.0435 0.0482 -0.3456
v -0.0438 0.0513 0.2831
v -0.0425 0.0800 -0.3496
v -0.0457 0.0855 -0.3482
v -0.0433 0.0832 0.2751
v -0.0398 0.1001 -0.3491
v -0.0427 0.1069 -0.3468
v -0.0437 0.1057 0.2715
v -0.0436 0.1325 -0.3396
v -0.0438 0.1321 0.2739
v -0.0436 0.1578 -0.3260
v -0.0444 0.1692 -0.3155
v -0.0465 0.1727 -0.0613
v -0.0462 0.1724 0.0044
v -0.0451 0.1710 0.0286
v -0.0443 0.1707 0.0575
v -0.0441 0.1580 0.2793
v -0.0429 0.1813 -0.3008
v -0.0440 0.1945 -0.2762
v -0.0469 0.1981 -0.1395
v -0.0434 0.1911 -0.1192
v -0.0440 0.1805 -0.0909
v -0.0430 0.1755 -0.0625
v -0.0438 0.1755 -0.0296
v -0.0425 0.1750 -0.0008
v -0.0414 0.1737 0.0298
v -0.0428 0.1749 0.0692
v -0.0440 0.1883 0.0864
v -0.0430 0.1897 0.2835
v -0.0435 0.2007 -0.2611
v -0.0435 0.2056 -0.2452
v -0.0436 0.2112 -0.2130
v -0.0429 0.2118 -0.1843
v -0.0434 0.2052 -0.1532
v -0.0425 0.2010 0.1011
v -0.0434 0.2113 0.1236
v -0.0447 0.2226 0.1412
v -0.0441 0.2132 0.2833
v -0.0415 0.2417 0.1282
v -0.0426 0.2461 0.1485
v -0.0438 0.2496 0.1730
v -0.0436 0.2422 0.2821
v -0.0426 0.2452 0.3394
v -0.0434 0.2405 0.3624
v -0.0418 0.2450 0.3899
v -0.0415 0.2539 0.1355
v -0.0432 0.2633 0.1546
v -0.0432 0.2694 0.1799
v -0.0439 0.2711 0.2074
v -0.0437 0.2660 0.2806
v -0.0410 0.2688 0.2917
v -0.0434 0.2643 0.3274
v -0.0463 0.2537 0.3761
v -0.0428 0.2661 0.4013
v -0.0399 0.2777 0.4095
v -0.0415 0.2850 0.1610
v -0.0432 0.2915 0.1831
v -0.0424 0.2959 0.2051
v -0.0448 0.2958 0.2386
v -0.0462 0.2924 0.2768
v -0.0433 0.2942 0.3061
v -0.0432 0.2960 0.3224
v -0.0430 0.2921 0.4008
v -0.0399 0.2993 0.4094
v -0.0426 0.3190 0.1849
v -0.0424 0.3158 0.2105
v -0.0425 0.3162 0.2488
v -0.0449 0.3186 0.2707
v -0.0457 0.3162 0.3023
v -0.0454 0.3175 0.3280
v -0.0447 0.3109 0.4064
v -0.0431 0.3205 0.4119
v -0.0428 0.3378 0.1888
v -0.0405 0.3414 0.1994
v -0.0414 0.3391 0.2782
v -0.0447 0.3534 0.3108
v -0.0434 0.3442 0.3362
v -0.0453 0.3467 0.3543
v -0.0439 0.3512 0.4029
v -0.0429 0.3380 0.4132
v -0.0427 0.3656 0.3080
v -0.0407 0.3627 0.3438
v -0.0437 0.3761 0.3649
v -0.0431 0.3671 0.3893
v -0.0434 0.3964 0.3655
v -0.0435 0.4188 0.3731
v -0.0434 0.4335 0.3873
v -0.0365 -0.4280 -0.2100
v -0.0362 -0.4369 -0.1851
v -0.0364 -0.4320 -0.1430
v -0.0384 -0.3869 -0.2577
v -0.0361 -0.3945 -0.2470
v -0.0357 -0.4073 -0.2203
v -0.0353 -0.3953 -0.1754
v -0.0368 -0.4063 -0.1633
v -0.0361 -0.4036 0.1941
v -0.0365 -0.4028 0.2031
v -0.0364 -0.3743 -0.2583
v -0.0335 -0.3700 -0.2572
v -0.0360 -0.3732 -0.2039
v -0.0365 -0.3828 -0.1937
v -0.0349 -0.3653 0.1819
v -0.0357 -0.3776 0.2236
v -0.0377 -0.3661 0.2296
v -0.0363 -0.3443 -0.2591
v -0.0335 -0.3537 -0.2573
v -0.0363 -0.3443 -0.2151
v -0.0359 -0.3490 0.1897
v -0.0361 -0.3450 0.2161
v -0.0382 -0.3520 0.2292
v -0.0362 -0.3182 -0.2615
v -0.0363 -0.3205 -0.2211
v -0.0386 -0.3156 0.2229
v -0.0380 -0.3193 0.2357
v -0.0383 -0.2895 -0.3904
v -0.0361 -0.2933 -0.2648
v -0.0339 -0.2855 -0.2286
v -0.0374 -0.2931 -0.2248
v -0.0392 -0.3041 0.2251
v -0.0391 -0.3039 0.2313
v -0.0367 -0.2563 -0.4106
v -0.0344 -0.2591 -0.4061
v -0.0346 -0.2610 -0.3595
v -0.0394 -0.2695 -0.3480
v -0.0362 -0.2652 -0.2697
v -0.0365 -0.2628 -0.2307
v -0.0387 -0.2764 -0.2268
v -0.0330 -0.2280 -0.4544
v -0.0365 -0.2395 -0.4185
v -0.0358 -0.2391 -0.4024
v -0.0357 -0.2381 -0.3600
v -0.0345 -0.2307 -0.3437
v -0.0359 -0.2401 -0.2768
v -0.0362 -0.2413 -0.2326
v -0.0358 -0.2119 -0.4541
v -0.0358 -0.2137 -0.4253
v -0.0341 -0.2096 -0.3913
v -0.0352 -0.2128 -0.3618
v -0.0341 -0.2103 -0.3435
v -0.0362 -0.2049 -0.2928
v -0.0357 -0.2205 -0.2844
v -0.0356 -0.2196 -0.2287
v -0.0368 -0.2095 -0.2255
v -0.0376 -0.2085 0.2799
v -0.0385 -0.2033 0.2898
v -0.0334 -0.1758 -0.4725
v -0.0351 -0.1839 -0.4497
v -0.0355 -0.1833 -0.4234
v -0.0364 -0.1868 -0.3954
v -0.0354 -0.1884 -0.3634
v -0.0359 -0.1854 -0.3375
v -0.0362 -0.1851 -0.2961
v -0.0365 -0.1875 -0.2225
v -0.0361 -0.1843 0.2765
v -0.0375 -0.1869 0.2910
v -0.0349 -0.1569 -0.4740
v -0.0360 -0.1601 -0.4533
v -0.0364 -0.1612 -0.4253
v -0.0369 -0.1636 -0.4002
v -0.0362 -0.1592 -0.3578
v -0.0362 -0.1601 -0.3388
v -0.0363 -0.1716 -0.2900
v -0.0361 -0.1577 -0.2794
v -0.0361 -0.1581 -0.2144
v -0.0383 -0.1530 0.2528
v -0.0386 -0.1595 0.2683
v -0.0358 -0.1392 -0.4735
v -0.0364 -0.1334 -0.4551
v -0.0372 -0.1345 -0.4335
v -0.0364 -0.1348 -0.3554
v -0.0348 -0.1433 -0.3450
v -0.0360 -0.1333 -0.2649
v -0.0351 -0.1371 -0.2018
v -0.0364 -0.1258 -0.1944
v -0.0391 -0.1236 0.2238
v -0.0380 -0.1316 0.2475
v -0.0388 -0.1377 0.2633
v -0.0352 -0.1194 -0.4698
v -0.0359 -0.1068 -0.4539
v -0.0373 -0.1110 -0.4357
v -0.0365 -0.1053 -0.3572
v -0.0361 -0.1078 -0.2591
v -0.0331 -0.1059 -0.2571
v -0.0361 -0.1084 -0.1911
v -0.0367 -0.0972 0.1885
v -0.0363 -0.1007 0.2138
v -0.0380 -0.1098 0.2365
v -0.0355 -0.0813 -0.4531
v -0.0357 -0.0846 -0.4365
v -0.0360 -0.0815 -0.3634
v -0.0361 -0.0811 -0.2642
v -0.0334 -0.0928 -0.2575
v -0.0359 -0.0798 -0.1921
v -0.0345 -0.0671 -0.0543
v -0.0358 -0.0695 -0.0333
v -0.0356 -0.0704 0.0025
v -0.0351 -0.0691 0.0314
v -0.0331 -0.0675 0.0464
v -0.0366 -0.0688 0.1646
v -0.0358 -0.0810 0.1733
v -0.0339 -0.0919 0.2205
v -0.0368 -0.0816 0.2422
v -0.0332 -0.0435 -0.4725
v -0.0362 -0.0517 -0.4514
v -0.0385 -0.0436 -0.4378
v -0.0375 -0.0460 -0.3843
v -0.0360 -0.0535 -0.3704
v -0.0365 -0.0514 -0.2964
v -0.0352 -0.0628 -0.2835
v -0.0357 -0.0560 -0.1913
v -0.0366 -0.0447 -0.1198
v -0.0356 -0.0569 -0.0902
v -0.0366 -0.0643 -0.0657
v -0.0393 -0.0659 0.0412
v -0.0357 -0.0624 0.0610
v -0.0365 -0.0536 0.0932
v -0.0369 -0.0515 0.1231
v -0.0360 -0.0603 0.1523
v -0.0371 -0.0660 0.2572
v -0.0357 -0.0526 0.2659
v -0.0330 -0.0353 -0.4715
v -0.0361 -0.0283 -0.4577
v -0.0371 -0.0286 -0.4359
v -0.0368 -0.0223 -0.3850
v -0.0330 -0.0329 -0.3760
v -0.0371 -0.0178 -0.3217
v -0.0357 -0.0325 -0.3114
v -0.0360 -0.0235 -0.1837
v -0.0366 -0.0292 -0.1511
v -0.0351 -0.0385 -0.1341
v -0.0364 -0.0256 0.2789
v -0.0364 0.0021 -0.4507
v -0.0392 0.0077 -0.4232
v -0.0361 -0.0001 -0.3936
v -0.0363 0.0002 -0.3313
v -0.0357 -0.0062 -0.1859
v -0.0361 0.0018 0.2820
v -0.0354 0.0258 -0.4454
v -0.0369 0.0282 -0.4254
v -0.0349 0.0209 -0.4041
v -0.0368 0.0242 -0.3401
v -0.0359 0.0229 0.2783
v -0.0336 0.0456 -0.4441
v -0.0341 0.0493 -0.4257
v -0.0341 0.0610 -0.3500
v -0.0368 0.0467 -0.3463
v -0.0363 0.0518 0.2800
v -0.0328 0.0798 -0.4170
v -0.0328 0.0892 -0.3995
v -0.0361 0.0784 -0.3515
v -0.0363 0.0809 0.2743
v -0.0326 0.0934 -0.4099
v -0.0328 0.0960 -0.3996
v -0.0347 0.1048 -0.3499
v -0.0372 0.1145 -0.3473
v -0.0365 0.1039 0.2743
v -0.0367 0.1347 -0.3410
v -0.0364 0.1322 0.2792
v -0.0359 0.1605 -0.3259
v -0.0367 0.1720 -0.3149
v -0.0358 0.1593 0.2854
v -0.0344 0.1699 0.2889
v -0.0365 0.1821 -0.3021
v -0.0369 0.1956 -0.2791
v -0.0362 0.1942 -0.1174
v -0.0364 0.1860 -0.0921
v -0.0364 0.1797 -0.0628
v -0.0362 0.1791 -0.0281
v -0.0363 0.1783 0.0019
v -0.0359 0.1773 0.0286
v -0.0362 0.1778 0.0641
v -0.0372 0.1897 0.0838
v -0.0383 0.1775 0.2865
v -0.0350 0.1875 0.2911
v -0.0364 0.2020 -0.2644
v -0.0364 0.2092 -0.2420
v -0.0361 0.2139 -0.2125
v -0.0361 0.2138 -0.1819
v -0.0354 0.2074 -0.1511
v -0.0351 0.2012 -0.1337
v -0.0334 0.2166 0.1028
v -0.0344 0.2207 0.1130
v -0.0397 0.2174 0.2877
v -0.0357 0.2147 0.2924
v -0.0341 0.2250 0.3669
v -0.0335 0.2257 0.3839
v -0.0362 0.2369 0.1216
v -0.0379 0.2362 0.1424
v -0.0391 0.2397 0.2878
v -0.0350 0.2421 0.2935
v -0.0366 0.2408 0.3342
v -0.0371 0.2287 0.3633
v -0.0356 0.2372 0.3975
v -0.0341 0.2484 0.4140
v -0.0351 0.2618 0.1288
v -0.0374 0.2729 0.1424
v -0.0394 0.2750 0.1961
v -0.0391 0.2770 0.1981
v -0.0360 0.2653 0.3072
v -0.0367 0.2611 0.3204
v -0.0391 0.2566 0.4084
v -0.0365 0.2618 0.4163
v -0.0366 0.2907 0.1563
v -0.0375 0.3004 0.1685
v -0.0382 0.2936 0.2100
v -0.0397 0.3047 0.2278
v -0.0393 0.2804 0.3126
v -0.0358 0.2936 0.4151
v -0.0352 0.3078 0.1648
v -0.0369 0.3210 0.1815
v -0.0373 0.3228 0.2168
v -0.0349 0.3253 0.2319
v -0.0366 0.3172 0.4159
v -0.0356 0.3420 0.1870
v -0.0362 0.3424 0.2111
v -0.0342 0.3360 0.2356
v -0.0366 0.3502 0.2742
v -0.0384 0.3559 0.2980
v -0.0374 0.3529 0.4064
v -0.0369 0.3415 0.4136
v -0.0338 0.3605 0.2050
v -0.0341 0.3611 0.2851
v -0.0363 0.3745 0.3094
v -0.0360 0.3762 0.3392
v -0.0387 0.3801 0.3536
v -0.0363 0.3749 0.3914
v -0.0339 0.3883 0.3137
v -0.0346 0.3882 0.3474
v -0.0361 0.3977 0.3673
v -0.0341 0.3970 0.3808
v -0.0365 0.4197 0.3738
v -0.0357 0.4286 0.3871
v -0.0288 -0.4254 -0.2072
v -0.0292 -0.4368 -0.1785
v -0.0290 -0.4317 -0.1470
v -0.0288 -0.3931 -0.2439
v -0.0277 -0.4014 -0.2110
v -0.0287 -0.3991 -0.1800
v -0.0293 -0.4106 -0.1645
v -0.0283 -0.3966 0.1933
v -0.0295 -0.3948 0.2017
v -0.0287 -0.3719 -0.2542
v -0.0293 -0.3752 -0.2099
v -0.0287 -0.3744 0.1872
v -0.0287 -0.3683 0.2123
v -0.0281 -0.3463 -0.2427
v -0.0289 -0.3482 -0.2220
v -0.0316 -0.3528 0.1954
v -0.0295 -0.3551 0.2024
v -0.0314 -0.3129 -0.2587
v -0.0286 -0.3188 -0.2416
v -0.0310 -0.3285 -0.2255
v -0.0260 -0.2819 -0.3930
v -0.0256 -0.2809 -0.3397
v -0.0305 -0.2897 -0.2610
v -0.0275 -0.2923 -0.2440
v -0.0261 -0.2553 -0.4474
v -0.0273 -0.2560 -0.4219
v -0.0292 -0.2668 -0.4008
v -0.0285 -0.2623 -0.3650
v -0.0264 -0.2634 -0.3346
v -0.0293 -0.2640 -0.2635
v -0.0281 -0.2682 -0.2468
v -0.0299 -0.2377 -0.4521
v -0.0285 -0.2384 -0.4238
v -0.0285 -0.2367 -0.3923
v -0.0294 -0.2393 -0.3626
v -0.0295 -0.2377 -0.3341
v -0.0287 -0.2411 -0.2719
v -0.0288 -0.2409 -0.2373
v -0.0291 -0.2121 -0.4510
v -0.0290 -0.2152 -0.4261
v -0.0293 -0.2154 -0.3947
v -0.0296 -0.2147 -0.3637
v -0.0292 -0.2117 -0.3391
v -0.0294 -0.2039 -0.2903
v -0.0289 -0.2185 -0.2826
v -0.0280 -0.2156 -0.2313
v -0.0314 -0.2053 -0.2270
v -0.0318 -0.1772 -0.4725
v -0.0288 -0.1850 -0.4572
v -0.0290 -0.1842 -0.4261
v -0.0295 -0.1894 -0.4011
v -0.0296 -0.1881 -0.3597
v -0.0297 -0.1856 -0.3418
v -0.0289 -0.1855 -0.2931
v -0.0263 -0.1761 -0.2873
v -0.0271 -0.1902 -0.2289
v -0.0302 -0.1843 -0.2257
v -0.0299 -0.1601 -0.4858
v -0.0288 -0.1591 -0.4556
v -0.0297 -0.1628 -0.4315
v -0.0308 -0.1670 -0.4023
v -0.0307 -0.1600 -0.3539
v -0.0286 -0.1605 -0.3397
v -0.0313 -0.1725 -0.2889
v -0.0283 -0.1586 -0.2737
v -0.0264 -0.1550 -0.2383
v -0.0303 -0.1580 -0.2226
v -0.0307 -0.1338 -0.4714
v -0.0295 -0.1319 -0.4551
v -0.0312 -0.1424 -0.4364
v -0.0294 -0.1330 -0.3518
v -0.0289 -0.1395 -0.3432
v -0.0310 -0.1382 -0.2615
v -0.0279 -0.1351 -0.2463
v -0.0286 -0.1327 -0.2093
v -0.0318 -0.1211 -0.1963
v -0.0293 -0.1084 -0.4560
v -0.0291 -0.1033 -0.3540
v -0.0297 -0.1063 -0.2518
v -0.0274 -0.1076 -0.2008
v -0.0312 -0.1051 -0.1954
v -0.0316 -0.0943 0.1939
v -0.0310 -0.0933 0.2007
v -0.0264 -0.0747 -0.4706
v -0.0296 -0.0804 -0.4565
v -0.0291 -0.0811 -0.3569
v -0.0293 -0.0772 -0.2642
v -0.0282 -0.0875 -0.2556
v -0.0278 -0.0783 -0.2023
v -0.0313 -0.0834 -0.1968
v -0.0284 -0.0682 -0.0522
v -0.0285 -0.0708 -0.0281
v -0.0295 -0.0715 -0.0017
v -0.0276 -0.0714 0.0298
v -0.0279 -0.0682 0.0525
v -0.0313 -0.0668 0.1650
v -0.0287 -0.0815 0.1805
v -0.0286 -0.0871 0.2123
v -0.0290 -0.0779 0.2391
v -0.0305 -0.0532 -0.4753
v -0.0301 -0.0524 -0.4639
v -0.0288 -0.0514 -0.3682
v -0.0292 -0.0499 -0.2972
v -0.0275 -0.0619 -0.2834
v -0.0275 -0.0566 -0.2012
v -0.0309 -0.0522 -0.1958
v -0.0293 -0.0466 -0.1190
v -0.0286 -0.0580 -0.0900
v -0.0288 -0.0646 -0.0687
v -0.0286 -0.0643 0.0669
v -0.0287 -0.0579 0.0921
v -0.0287 -0.0554 0.1211
v -0.0291 -0.0612 0.1525
v -0.0285 -0.0643 0.2572
v -0.0287 -0.0530 0.2655
v -0.0308 -0.0329 -0.4722
v -0.0295 -0.0282 -0.4666
v -0.0284 -0.0226 -0.3794
v -0.0291 -0.0308 -0.3746
v -0.0295 -0.0181 -0.3214
v -0.0288 -0.0324 -0.3116
v -0.0261 -0.0229 -0.1976
v -0.0283 -0.0195 -0.1887
v -0.0291 -0.0315 -0.1533
v -0.0299 -0.0391 -0.1361
v -0.0295 -0.0251 0.2801
v -0.0256 -0.0101 -0.4697
v -0.0289 0.0023 -0.4620
v -0.0305 0.0024 -0.3848
v -0.0283 -0.0015 -0.3769
v -0.0300 -0.0014 -0.3303
v -0.0291 -0.0110 -0.1910
v -0.0287 -0.0017 0.2845
v -0.0294 0.0247 -0.4569
v -0.0323 0.0398 -0.4096
v -0.0288 0.0253 -0.3935
v -0.0255 0.0142 -0.3778
v -0.0294 0.0241 -0.3397
v -0.0288 0.0243 0.2757
v -0.0298 0.0543 -0.4480
v -0.0314 0.0586 -0.4233
v -0.0283 0.0503 -0.4039
v -0.0289 0.0605 -0.3503
v -0.0295 0.0463 -0.3464
v -0.0291 0.0534 0.2757
v -0.0284 0.0760 -0.4439
v -0.0304 0.0805 -0.4256
v -0.0295 0.0832 -0.4015
v -0.0287 0.0776 -0.3527
v -0.0283 0.0793 0.2726
v -0.0254 0.0932 -0.4407
v -0.0290 0.1045 -0.4222
v -0.0297 0.1056 -0.3942
v -0.0272 0.1088 -0.3621
v -0.0289 0.1063 0.2775
v -0.0271 0.1226 -0.4135
v -0.0272 0.1256 -0.3951
v -0.0280 0.1329 -0.3444
v -0.0292 0.1312 0.2835
v -0.0266 0.1403 0.2891
v -0.0283 0.1589 -0.3287
v -0.0315 0.1699 -0.3181
v -0.0318 0.1523 0.2871
v -0.0295 0.1617 0.2925
v -0.0258 0.1713 0.4593
v -0.0288 0.1839 -0.3012
v -0.0283 0.1954 -0.2831
v -0.0294 0.1966 -0.1169
v -0.0290 0.1887 -0.0889
v -0.0291 0.1836 -0.0615
v -0.0291 0.1822 -0.0280
v -0.0293 0.1814 0.0008
v -0.0287 0.1811 0.0310
v -0.0275 0.1884 0.0689
v -0.0276 0.1961 0.0819
v -0.0288 0.1860 0.3002
v -0.0271 0.1941 0.4332
v -0.0267 0.1885 0.4539
v -0.0271 0.1896 0.4776
v -0.0290 0.2028 -0.2673
v -0.0287 0.2115 -0.2425
v -0.0293 0.2158 -0.2142
v -0.0286 0.2151 -0.1823
v -0.0280 0.2091 -0.1518
v -0.0293 0.2011 -0.1293
v -0.0296 0.2107 0.0946
v -0.0316 0.2182 0.1169
v -0.0289 0.2140 0.3043
v -0.0288 0.2222 0.3667
v -0.0287 0.2164 0.3956
v -0.0278 0.2132 0.4244
v -0.0260 0.2038 0.4519
v -0.0262 0.2021 0.4787
v -0.0272 0.2360 0.1029
v -0.0291 0.2433 0.1117
v -0.0289 0.2431 0.3091
v -0.0283 0.2393 0.3306
v -0.0297 0.2265 0.3493
v -0.0318 0.2296 0.4020
v -0.0296 0.2387 0.4239
v -0.0263 0.2428 0.4436
v -0.0290 0.2633 0.1201
v -0.0310 0.2554 0.3154
v -0.0314 0.2547 0.3187
v -0.0293 0.2667 0.4308
v -0.0261 0.2623 0.4408
v -0.0276 0.2826 0.1324
v -0.0292 0.2945 0.1487
v -0.0290 0.2901 0.4276
v -0.0286 0.3107 0.1624
v -0.0291 0.3242 0.1737
v -0.0316 0.3299 0.2331
v -0.0270 0.3249 0.4316
v -0.0291 0.3412 0.1866
v -0.0299 0.3507 0.2214
v -0.0288 0.3438 0.2345
v -0.0291 0.3554 0.2602
v -0.0286 0.3466 0.4158
v -0.0295 0.3599 0.1963
v -0.0280 0.3645 0.2111
v -0.0284 0.3674 0.2769
v -0.0299 0.3808 0.3030
v -0.0314 0.3842 0.3328
v -0.0291 0.3740 0.4007
v -0.0266 0.3616 0.4097
v -0.0294 0.3921 0.3114
v -0.0279 0.3928 0.3267
v -0.0289 0.3992 0.3667
v -0.0297 0.3984 0.3836
v -0.0305 0.4155 0.3769
v -0.0309 0.4200 0.3860
v -0.0225 -0.4256 -0.2009
v -0.0199 -0.4262 -0.1863
v -0.0216 -0.4341 -0.1539
v -0.0235 -0.3895 -0.2397
v -0.0242 -0.4001 -0.2084
v -0.0220 -0.4067 -0.1812
v -0.0223 -0.3739 -0.2415
v -0.0226 -0.3733 -0.2223
v -0.0248 -0.3536 -0.2336
v -0.0244 -0.3568 -0.2245
v -0.0184 -0.3207 -0.4153
v -0.0201 -0.3190 -0.3965
v -0.0186 -0.3266 -0.3693
v -0.0210 -0.3137 -0.3249
v -0.0187 -0.2814 -0.4359
v -0.0231 -0.2873 -0.3918
v -0.0197 -0.2891 -0.3599
v -0.0213 -0.2882 -0.3358
v -0.0231 -0.2659 -0.4427
v -0.0211 -0.2613 -0.4208
v -0.0208 -0.2631 -0.3914
v -0.0212 -0.2657 -0.3646
v -0.0213 -0.2660 -0.3371
v -0.0184 -0.2569 -0.2923
v -0.0247 -0.2617 -0.2451
v -0.0190 -0.2318 -0.4627
v -0.0216 -0.2416 -0.4238
v -0.0222 -0.2404 -0.3910
v -0.0218 -0.2398 -0.3630
v -0.0211 -0.2389 -0.3356
v -0.0190 -0.2375 -0.3025
v -0.0237 -0.2346 -0.2661
v -0.0229 -0.2395 -0.2472
v -0.0218 -0.2124 -0.4632
v -0.0216 -0.2130 -0.4330
v -0.0244 -0.2178 -0.3951
v -0.0220 -0.2124 -0.3542
v -0.0207 -0.2142 -0.3329
v -0.0189 -0.2229 -0.3151
v -0.0217 -0.2121 -0.2711
v -0.0208 -0.2142 -0.2440
v -0.0209 -0.1822 -0.4966
v -0.0203 -0.1832 -0.4550
v -0.0215 -0.1868 -0.4354
v -0.0243 -0.1929 -0.4031
v -0.0234 -0.1939 -0.3562
v -0.0214 -0.1877 -0.3357
v -0.0243 -0.1882 -0.2895
v -0.0211 -0.1834 -0.2779
v -0.0211 -0.1846 -0.2394
v -0.0211 -0.1577 -0.4750
v -0.0218 -0.1612 -0.4543
v -0.0235 -0.1678 -0.4346
v -0.0219 -0.1593 -0.3398
v -0.0237 -0.1671 -0.2707
v -0.0237 -0.1650 -0.2453
v -0.0227 -0.1342 -0.4715
v -0.0225 -0.1323 -0.4598
v -0.0212 -0.1297 -0.3498
v -0.0212 -0.1379 -0.3425
v -0.0242 -0.1302 -0.2341
v -0.0239 -0.1255 -0.2177
v -0.0227 -0.1078 -0.4609
v -0.0216 -0.1059 -0.3526
v -0.0225 -0.1044 -0.2361
v -0.0225 -0.1048 -0.2152
v -0.0215 -0.0748 -0.4700
v -0.0225 -0.0793 -0.4618
v -0.0221 -0.0788 -0.3536
v -0.0226 -0.0727 -0.2640
v -0.0211 -0.0829 -0.2446
v -0.0212 -0.0797 -0.2168
v -0.0218 -0.0685 -0.0538
v -0.0209 -0.0714 -0.0305
v -0.0221 -0.0727 0.0021
v -0.0214 -0.0728 0.0309
v -0.0218 -0.0695 0.0551
v -0.0215 -0.0751 0.1799
v -0.0220 -0.0806 0.2109
v -0.0226 -0.0732 0.2419
v -0.0200 -0.0515 -0.4758
v -0.0230 -0.0567 -0.4673
v -0.0213 -0.0525 -0.3647
v -0.0217 -0.0484 -0.2974
v -0.0218 -0.0623 -0.2803
v -0.0213 -0.0531 -0.2106
v -0.0212 -0.0403 -0.1380
v -0.0220 -0.0463 -0.1225
v -0.0214 -0.0583 -0.0913
v -0.0220 -0.0653 -0.0686
v -0.0223 -0.0652 0.0727
v -0.0220 -0.0606 0.0922
v -0.0220 -0.0580 0.1184
v -0.0221 -0.0618 0.1526
v -0.0221 -0.0660 0.1680
v -0.0210 -0.0625 0.2554
v -0.0218 -0.0501 0.2655
v -0.0217 -0.0290 -0.4741
v -0.0242 -0.0314 -0.4689
v -0.0232 -0.0176 -0.3811
v -0.0219 -0.0249 -0.3732
v -0.0222 -0.0184 -0.3210
v -0.0215 -0.0313 -0.3121
v -0.0208 -0.0222 -0.2022
v -0.0217 -0.0174 -0.1865
v -0.0215 -0.0344 -0.1530
v -0.0210 -0.0262 0.2793
v -0.0201 -0.0071 -0.4709
v -0.0219 0.0037 -0.4677
v -0.0228 -0.0083 -0.3801
v -0.0212 -0.0030 -0.3757
v -0.0214 0.0005 -0.3303
v -0.0248 -0.0130 -0.1939
v -0.0216 -0.0010 0.2850
v -0.0220 0.0273 -0.4643
v -0.0220 0.0312 -0.3833
v -0.0216 0.0209 -0.3775
v -0.0222 0.0283 -0.3402
v -0.0215 0.0294 0.2735
v -0.0217 0.0541 -0.4611
v -0.0219 0.0516 -0.3927
v -0.0239 0.0599 -0.3497
v -0.0216 0.0457 -0.3454
v -0.0207 0.0546 0.2715
v -0.0217 0.0816 -0.4522
v -0.0221 0.0820 -0.3894
v -0.0232 0.0758 -0.3525
v -0.0221 0.0761 0.2731
v -0.0211 0.0988 -0.4444
v -0.0226 0.1117 -0.4339
v -0.0230 0.0988 -0.3825
v -0.0211 0.1112 -0.3734
v -0.0223 0.1047 0.2814
v -0.0209 0.1292 -0.4203
v -0.0219 0.1365 -0.3935
v -0.0207 0.1324 -0.3715
v -0.0210 0.1375 -0.3445
v -0.0248 0.1220 0.2844
v -0.0210 0.1329 0.2930
v -0.0214 0.1559 -0.3326
v -0.0226 0.1709 -0.3181
v -0.0211 0.1590 0.3022
v -0.0190 0.1721 0.4386
v -0.0213 0.1644 0.4572
v -0.0205 0.1676 0.4757
v -0.0223 0.1840 -0.3017
v -0.0222 0.1967 -0.2820
v -0.0225 0.1979 -0.1162
v -0.0220 0.1915 -0.0912
v -0.0219 0.1864 -0.0603
v -0.0212 0.1847 -0.0286
v -0.0223 0.1836 0.0012
v -0.0219 0.1835 0.0297
v -0.0209 0.1908 0.0715
v -0.0229 0.1947 0.0780
v -0.0223 0.1846 0.3086
v -0.0220 0.1886 0.4311
v -0.0222 0.1801 0.4476
v -0.0211 0.1850 0.4802
v -0.0214 0.2036 -0.2684
v -0.0217 0.2125 -0.2427
v -0.0217 0.2172 -0.2140
v -0.0219 0.2155 -0.1821
v -0.0216 0.2093 -0.1513
v -0.0209 0.2009 -0.1250
v -0.0193 0.2012 0.0741
v -0.0219 0.2132 0.0878
v -0.0217 0.2153 0.3146
v -0.0219 0.2206 0.3643
v -0.0222 0.2064 0.3959
v -0.0235 0.2046 0.4194
v -0.0238 0.2144 0.4570
v -0.0216 0.2102 0.4819
v -0.0215 0.2377 0.1009
v -0.0228 0.2450 0.1082
v -0.0228 0.2340 0.3157
v -0.0216 0.2409 0.3244
v -0.0245 0.2347 0.4341
v -0.0224 0.2362 0.4543
v -0.0201 0.2299 0.4726
v -0.0185 0.2550 0.1049
v -0.0217 0.2648 0.1133
v -0.0252 0.2791 0.4368
v -0.0220 0.2643 0.4481
v -0.0223 0.2848 0.1311
v -0.0214 0.2958 0.1456
v -0.0220 0.2939 0.4353
v -0.0201 0.2842 0.4411
v -0.0216 0.3139 0.1609
v -0.0223 0.3269 0.1712
v -0.0235 0.3278 0.4357
v -0.0219 0.3451 0.1871
v -0.0226 0.3542 0.2393
v -0.0217 0.3383 0.4355
v -0.0201 0.3372 0.4433
v -0.0209 0.3602 0.1954
v -0.0219 0.3687 0.2122
v -0.0211 0.3633 0.2341
v -0.0213 0.3740 0.2725
v -0.0239 0.3846 0.2961
v -0.0215 0.3772 0.4056
v -0.0212 0.3649 0.4126
v -0.0217 0.3981 0.3091
v -0.0214 0.4026 0.3263
v -0.0222 0.3994 0.3602
v -0.0219 0.3938 0.3882
v -0.0171 -0.4267 -0.1816
v -0.0174 -0.4351 -0.1631
v -0.0174 -0.4103 -0.1859
v -0.0111 -0.3349 -0.4210
v -0.0150 -0.3163 -0.4125
v -0.0137 -0.3132 -0.3933
v -0.0156 -0.3135 -0.3639
v -0.0112 -0.2805 -0.4453
v -0.0159 -0.2856 -0.4288
v -0.0131 -0.2938 -0.3932
v -0.0148 -0.2928 -0.3629
v -0.0145 -0.2865 -0.3450
v -0.0147 -0.2904 -0.2971
v -0.0132 -0.2634 -0.4531
v -0.0146 -0.2630 -0.4181
v -0.0152 -0.2683 -0.3921
v -0.0148 -0.2679 -0.3636
v -0.0141 -0.2662 -0.3404
v -0.0167 -0.2668 -0.2912
v -0.0153 -0.2395 -0.4593
v -0.0147 -0.2425 -0.4287
v -0.0167 -0.2473 -0.3856
v -0.0143 -0.2415 -0.3554
v -0.0148 -0.2402 -0.3347
v -0.0160 -0.2445 -0.3021
v -0.0146 -0.2112 -0.4580
v -0.0141 -0.2128 -0.4365
v -0.0158 -0.2149 -0.3511
v -0.0152 -0.2132 -0.3330
v -0.0180 -0.2204 -0.3172
v -0.0178 -0.2053 -0.2595
v -0.0177 -0.2052 -0.2537
v -0.0168 -0.1955 -0.4979
v -0.0147 -0.1876 -0.4523
v -0.0160 -0.1930 -0.4389
v -0.0169 -0.1965 -0.3517
v -0.0139 -0.1893 -0.3338
v -0.0175 -0.1911 -0.2630
v -0.0172 -0.1897 -0.2514
v -0.0147 -0.1625 -0.4580
v -0.0145 -0.1595 -0.3359
v -0.0140 -0.1318 -0.4603
v -0.0140 -0.1262 -0.3506
v -0.0153 -0.1365 -0.3445
v -0.0129 -0.1053 -0.4715
v -0.0142 -0.1077 -0.4625
v -0.0142 -0.1094 -0.3499
v -0.0143 -0.0987 -0.3473
v -0.0158 -0.0776 -0.4739
v -0.0140 -0.0852 -0.4652
v -0.0146 -0.0744 -0.3520
v -0.0136 -0.0835 -0.3460
v -0.0159 -0.0678 -0.2611
v -0.0161 -0.0719 -0.2430
v -0.0179 -0.0707 -0.2246
v -0.0142 -0.0687 -0.0546
v -0.0142 -0.0719 -0.0279
v -0.0149 -0.0734 -0.0006
v -0.0136 -0.0740 0.0297
v -0.0149 -0.0700 0.0606
v -0.0139 -0.0666 0.0760
v -0.0145 -0.0728 0.1849
v -0.0143 -0.0754 0.2079
v -0.0149 -0.0713 0.2371
v -0.0147 -0.0539 -0.4735
v -0.0140 -0.0638 -0.4693
v -0.0151 -0.0520 -0.3620
v -0.0146 -0.0483 -0.2959
v -0.0136 -0.0609 -0.2746
v -0.0127 -0.0603 -0.2392
v -0.0143 -0.0458 -0.2111
v -0.0128 -0.0417 -0.1940
v -0.0139 -0.0404 -0.1404
v -0.0153 -0.0472 -0.1220
v -0.0141 -0.0594 -0.0895
v -0.0141 -0.0651 -0.0711
v -0.0143 -0.0622 0.0940
v -0.0146 -0.0597 0.1175
v -0.0144 -0.0617 0.1537
v -0.0159 -0.0647 0.1679
v -0.0139 -0.0609 0.2512
v -0.0150 -0.0476 0.2636
v -0.0152 -0.0278 -0.4734
v -0.0141 -0.0243 -0.3724
v -0.0149 -0.0186 -0.3204
v -0.0132 -0.0310 -0.3120
v -0.0153 -0.0315 -0.2076
v -0.0139 -0.0271 -0.1900
v -0.0149 -0.0358 -0.1536
v -0.0142 -0.0236 0.2782
v -0.0136 -0.0030 -0.4724
v -0.0171 0.0104 -0.4689
v -0.0136 -0.0048 -0.3733
v -0.0139 0.0009 -0.3300
v -0.0145 -0.0013 0.2839
v -0.0136 0.0165 -0.4702
v -0.0146 0.0258 -0.4679
v -0.0153 0.0364 -0.3805
v -0.0146 0.0270 -0.3763
v -0.0154 0.0266 -0.3392
v -0.0144 0.0281 0.2766
v -0.0143 0.0524 -0.4649
v -0.0139 0.0526 -0.3827
v -0.0149 0.0504 -0.3637
v -0.0136 0.0492 -0.3452
v -0.0150 0.0500 0.2742
v -0.0142 0.0819 -0.4579
v -0.0145 0.0790 -0.3815
v -0.0128 0.0852 -0.3718
v -0.0140 0.0796 0.2798
v -0.0143 0.1056 -0.4473
v -0.0158 0.1184 -0.4378
v -0.0173 0.0948 -0.3793
v -0.0145 0.1055 -0.3700
v -0.0153 0.0984 0.2848
v -0.0135 0.1112 0.2914
v -0.0122 0.1204 -0.4401
v -0.0154 0.1359 -0.4222
v -0.0172 0.1440 -0.4007
v -0.0152 0.1363 -0.3617
v -0.0126 0.1427 -0.3457
v -0.0148 0.1317 0.2982
v -0.0126 0.1484 -0.4109
v -0.0138 0.1512 -0.3958
v -0.0132 0.1508 -0.3675
v -0.0127 0.1525 -0.3399
v -0.0143 0.1718 -0.3176
v -0.0143 0.1589 0.3079
v -0.0138 0.1641 0.4342
v -0.0147 0.1538 0.4567
v -0.0143 0.1606 0.4779
v -0.0152 0.1829 -0.3036
v -0.0142 0.1963 -0.2825
v -0.0153 0.1974 -0.1116
v -0.0149 0.1927 -0.0912
v -0.0147 0.1885 -0.0630
v -0.0143 0.1863 -0.0318
v -0.0145 0.1852 -0.0014
v -0.0140 0.1850 0.0295
v -0.0145 0.1914 0.0680
v -0.0155 0.1859 0.3143
v -0.0128 0.1971 0.4046
v -0.0141 0.1854 0.4213
v -0.0158 0.1888 0.4867
v -0.0135 0.2041 -0.2670
v -0.0166 0.2134 -0.2408
v -0.0154 0.2176 -0.2122
v -0.0146 0.2150 -0.1819
v -0.0149 0.2090 -0.1525
v -0.0144 0.2014 -0.1261
v -0.0138 0.2014 0.0726
v -0.0149 0.2167 0.0879
v -0.0170 0.2066 0.3173
v -0.0140 0.2148 0.3198
v -0.0148 0.2171 0.3669
v -0.0138 0.2034 0.3902
v -0.0154 0.2078 0.4888
v -0.0145 0.2369 0.0956
v -0.0150 0.2375 0.3244
v -0.0161 0.2262 0.3509
v -0.0161 0.2469 0.4670
v -0.0138 0.2357 0.4769
v -0.0149 0.2548 0.1036
v -0.0142 0.2699 0.1145
v -0.0140 0.2648 0.4594
v -0.0154 0.2899 0.1285
v -0.0146 0.3003 0.1447
v -0.0164 0.3017 0.4389
v -0.0135 0.2929 0.4456
v -0.0134 0.3126 0.1568
v -0.0141 0.3259 0.1695
v -0.0147 0.3190 0.4330
v -0.0109 0.3060 0.4407
v -0.0147 0.3450 0.1858
v -0.0131 0.3576 0.1976
v -0.0177 0.3587 0.2453
v -0.0148 0.3512 0.4352
v -0.0147 0.3440 0.4436
v -0.0174 0.3607 0.1965
v -0.0144 0.3708 0.2107
v -0.0142 0.3691 0.2423
v -0.0131 0.3809 0.2704
v -0.0151 0.3818 0.4063
v -0.0138 0.3715 0.4261
v -0.0124 0.3935 0.2797
v -0.0135 0.4017 0.3056
v -0.0144 0.4086 0.3303
v -0.0143 0.4024 0.3622
v -0.0140 0.3917 0.3955
v -0.0125 0.3887 0.4146
v -0.0121 0.4127 0.3276
v -0.0104 -0.3338 -0.4196
v -0.0043 -0.3338 -0.3838
v -0.0080 -0.3230 -0.4123
v -0.0067 -0.3160 -0.3933
v -0.0069 -0.3156 -0.3666
v -0.0055 -0.3100 -0.3467
v -0.0075 -0.2907 -0.4152
v -0.0074 -0.2946 -0.3954
v -0.0070 -0.2948 -0.3648
v -0.0068 -0.2896 -0.3376
v -0.0053 -0.2594 -0.4548
v -0.0069 -0.2662 -0.4187
v -0.0074 -0.2731 -0.4059
v -0.0066 -0.2683 -0.3625
v -0.0069 -0.2660 -0.3341
v -0.0064 -0.2377 -0.4556
v -0.0071 -0.2404 -0.4307
v -0.0063 -0.2414 -0.3538
v -0.0076 -0.2380 -0.3329
v -0.0099 -0.2400 -0.3179
v -0.0075 -0.2124 -0.4556
v -0.0098 -0.2196 -0.4364
v -0.0097 -0.2240 -0.3502
v -0.0069 -0.2114 -0.3347
v -0.0079 -0.1854 -0.4609
v -0.0077 -0.1871 -0.3360
v -0.0047 -0.1497 -0.4755
v -0.0067 -0.1594 -0.4634
v -0.0077 -0.1622 -0.3377
v -0.0076 -0.1330 -0.4732
v -0.0071 -0.1344 -0.4609
v -0.0075 -0.1234 -0.3500
v -0.0078 -0.1367 -0.3442
v -0.0074 -0.1070 -0.4711
v -0.0068 -0.1060 -0.4616
v -0.0071 -0.1096 -0.3504
v -0.0070 -0.0983 -0.3471
v -0.0051 -0.0810 -0.4711
v -0.0077 -0.0838 -0.4638
v -0.0072 -0.0702 -0.3500
v -0.0064 -0.0808 -0.3463
v -0.0069 -0.0690 -0.0548
v -0.0077 -0.0719 -0.0304
v -0.0073 -0.0739 0.0001
v -0.0068 -0.0743 0.0319
v -0.0069 -0.0705 0.0624
v -0.0091 -0.0668 0.0778
v -0.0079 -0.0706 0.1881
v -0.0069 -0.0718 0.2127
v -0.0067 -0.0684 0.2318
v -0.0075 -0.0525 -0.4735
v -0.0075 -0.0627 -0.4694
v -0.0077 -0.0538 -0.3576
v -0.0078 -0.0653 -0.3479
v -0.0072 -0.0481 -0.2944
v -0.0077 -0.0590 -0.2710
v -0.0076 -0.0524 -0.2408
v -0.0073 -0.0462 -0.2157
v -0.0067 -0.0462 -0.1926
v -0.0063 -0.0412 -0.1400
v -0.0069 -0.0483 -0.1204
v -0.0068 -0.0587 -0.0921
v -0.0077 -0.0653 -0.0713
v -0.0069 -0.0632 0.0935
v -0.0070 -0.0601 0.1178
v -0.0070 -0.0612 0.1559
v -0.0073 -0.0642 0.1705
v -0.0060 -0.0581 0.2457
v -0.0076 -0.0431 0.2613
v -0.0062 -0.0278 -0.4753
v -0.0068 -0.0266 -0.3714
v -0.0079 -0.0169 -0.3208
v -0.0066 -0.0294 -0.3122
v -0.0096 -0.0394 -0.2205
v -0.0073 -0.0250 -0.1897
v -0.0073 -0.0367 -0.1548
v -0.0068 -0.0277 0.2708
v -0.0079 0.0000 -0.4733
v -0.0072 -0.0034 -0.3708
v -0.0061 0.0021 -0.3299
v -0.0073 -0.0029 0.2801
v -0.0074 0.0201 -0.4710
v -0.0066 0.0296 -0.4685
v -0.0102 0.0379 -0.3799
v -0.0073 0.0277 -0.3729
v -0.0069 0.0242 -0.3378
v -0.0076 0.0290 0.2769
v -0.0074 0.0520 -0.4667
v -0.0085 0.0538 -0.3816
v -0.0055 0.0487 -0.3777
v -0.0078 0.0486 -0.3432
v -0.0070 0.0521 0.2806
v -0.0068 0.0810 -0.4613
v -0.0062 0.0726 -0.3803
v -0.0068 0.0830 -0.3735
v -0.0058 0.0769 -0.3477
v -0.0074 0.0784 0.2834
v -0.0070 0.1081 -0.4491
v -0.0070 0.1035 -0.3652
v -0.0097 0.0953 0.2874
v -0.0070 0.1060 0.2930
v -0.0069 0.1217 -0.4412
v -0.0073 0.1338 -0.4288
v -0.0074 0.1308 -0.3541
v -0.0092 0.1407 -0.3469
v -0.0072 0.1335 0.3028
v -0.0068 0.1456 0.4561
v -0.0079 0.1483 -0.4107
v -0.0078 0.1560 -0.3954
v -0.0078 0.1633 -0.3646
v -0.0080 0.1591 -0.3382
v -0.0040 0.1725 -0.3168
v -0.0074 0.1599 0.3113
v -0.0074 0.1594 0.4300
v -0.0077 0.1487 0.4563
v -0.0076 0.1585 0.4789
v -0.0065 0.1841 -0.3016
v -0.0071 0.1965 -0.2819
v -0.0077 0.1981 -0.1135
v -0.0075 0.1930 -0.0890
v -0.0075 0.1897 -0.0620
v -0.0076 0.1871 -0.0319
v -0.0080 0.1857 0.0030
v -0.0069 0.1855 0.0295
v -0.0066 0.1927 0.0668
v -0.0076 0.1801 0.3162
v -0.0064 0.1957 0.3196
v -0.0076 0.1961 0.4032
v -0.0074 0.1825 0.4194
v -0.0070 0.1872 0.4964
v -0.0070 0.2033 -0.2686
v -0.0083 0.2123 -0.2446
v -0.0057 0.2170 -0.2113
v -0.0066 0.2136 -0.1822
v -0.0062 0.2077 -0.1530
v -0.0086 0.2010 -0.1253
v -0.0067 0.2015 0.0735
v -0.0072 0.2178 0.0859
v -0.0074 0.2124 0.3219
v -0.0074 0.2177 0.3656
v -0.0087 0.2037 0.3881
v -0.0071 0.2119 0.4932
v -0.0068 0.2405 0.0957
v -0.0044 0.2511 0.1071
v -0.0074 0.2383 0.3285
v -0.0057 0.2282 0.3515
v -0.0077 0.2425 0.4788
v -0.0063 0.2554 0.1043
v -0.0068 0.2675 0.1132
v -0.0079 0.2677 0.4641
v -0.0063 0.2550 0.4726
v -0.0076 0.2854 0.1286
v -0.0076 0.2994 0.1447
v -0.0075 0.2938 0.4486
v -0.0072 0.3171 0.1542
v -0.0097 0.3300 0.1698
v -0.0077 0.3194 0.4349
v -0.0067 0.3089 0.4401
v -0.0054 0.3333 0.1658
v -0.0068 0.3449 0.1836
v -0.0076 0.3572 0.1983
v -0.0074 0.3507 0.4334
v -0.0081 0.3506 0.4430
v -0.0071 0.3699 0.2102
v -0.0078 0.3760 0.2445
v -0.0080 0.3812 0.2623
v -0.0063 0.3835 0.4075
v -0.0076 0.3750 0.4220
v -0.0073 0.3931 0.2735
v -0.0079 0.4072 0.3054
v -0.0089 0.4102 0.3300
v -0.0071 0.4055 0.3652
v -0.0066 0.3947 0.3982
v -0.0072 0.3899 0.4142
v -0.0070 0.4141 0.3328
v -0.0048 0.4128 0.3502
v 0.0015 -0.4227 0.2159
v 0.0007 -0.4324 0.2398
v 0.0003 -0.4077 0.2204
v 0.0014 -0.4062 0.2321
v 0.0006 -0.3362 -0.3919
v -0.0002 -0.3369 -0.3664
v 0.0007 -0.3148 -0.4116
v 0.0003 -0.3161 -0.3934
v 0.0013 -0.3209 -0.3616
v 0.0009 -0.3110 -0.3465
v 0.0021 -0.2870 -0.4432
v 0.0008 -0.2936 -0.4134
v -0.0004 -0.2953 -0.3995
v 0.0008 -0.2917 -0.3652
v -0.0004 -0.2915 -0.3386
v -0.0005 -0.2634 -0.4474
v -0.0002 -0.2640 -0.4255
v -0.0022 -0.2751 -0.4067
v 0.0005 -0.2649 -0.3596
v -0.0013 -0.2652 -0.3322
v -0.0003 -0.2390 -0.4493
v -0.0000 -0.2411 -0.4304
v 0.0001 -0.2417 -0.3573
v -0.0001 -0.2394 -0.3358
v 0.0004 -0.2123 -0.4536
v 0.0012 -0.2202 -0.4352
v 0.0011 -0.2222 -0.3536
v -0.0002 -0.2131 -0.3336
v -0.0008 -0.1766 -0.4697
v -0.0003 -0.1884 -0.4620
v -0.0001 -0.1880 -0.3367
v -0.0009 -0.1577 -0.4644
v -0.0000 -0.1599 -0.3396
v -0.0013 -0.1362 -0.4644
v -0.0002 -0.1226 -0.3495
v 0.0006 -0.1355 -0.3459
v 0.0004 -0.1046 -0.4621
v -0.0002 -0.1077 -0.3502
v -0.0018 -0.0959 -0.3474
v 0.0017 -0.0748 -0.4729
v 0.0008 -0.0790 -0.4636
v -0.0003 -0.0710 -0.3491
v -0.0004 -0.0808 -0.3458
v -0.0001 -0.0685 -0.0571
v -0.0004 -0.0718 -0.0325
v 0.0002 -0.0742 0.0029
v 0.0005 -0.0744 0.0297
v -0.0003 -0.0702 0.0634
v 0.0003 -0.0693 0.1874
v 0.0002 -0.0701 0.2135
v -0.0026 -0.0666 0.2302
v 0.0008 -0.0529 -0.4765
v 0.0010 -0.0562 -0.4661
v -0.0003 -0.0533 -0.3562
v 0.0012 -0.0656 -0.3480
v 0.0002 -0.0447 -0.2942
v 0.0007 -0.0539 -0.2731
v 0.0004 -0.0471 -0.2418
v -0.0002 -0.0491 -0.2149
v 0.0003 -0.0468 -0.1911
v 0.0011 -0.0410 -0.1410
v 0.0002 -0.0478 -0.1223
v 0.0009 -0.0597 -0.0894
v 0.0002 -0.0651 -0.0722
v 0.0002 -0.0629 0.0940
v 0.0001 -0.0595 0.1185
v 0.0000 -0.0599 0.1542
v 0.0010 -0.0642 0.1736
v 0.0000 -0.0562 0.2434
v -0.0009 -0.0410 0.2586
v 0.0001 -0.0285 -0.4770
v 0.0030 -0.0389 -0.4674
v -0.0001 -0.0250 -0.3716
v 0.0010 -0.0156 -0.3193
v 0.0017 -0.0313 -0.3079
v -0.0000 -0.0262 -0.1870
v 0.0001 -0.0364 -0.1575
v 0.0003 -0.0265 0.2682
v -0.0002 -0.0013 -0.4739
v 0.0005 -0.0031 -0.3703
v 0.0016 0.0015 -0.3271
v 0.0000 -0.0024 0.2769
v -0.0010 0.0196 -0.4710
v -0.0002 0.0310 -0.4687
v 0.0004 0.0271 -0.3706
v 0.0010 0.0265 -0.3344
v -0.0003 0.0276 0.2761
v -0.0013 0.0509 -0.4671
v -0.0002 0.0603 -0.3793
v 0.0001 0.0459 -0.3765
v 0.0010 0.0519 -0.3381
v 0.0001 0.0536 0.2824
v 0.0004 0.0812 -0.4616
v -0.0015 0.0686 -0.3795
v -0.0002 0.0823 -0.3732
v 0.0010 0.0805 -0.3443
v -0.0002 0.0747 0.2839
v -0.0003 0.0911 0.2884
v 0.0005 0.1078 -0.4480
v 0.0013 0.1184 -0.4384
v -0.0002 0.1043 -0.3630
v 0.0012 0.0971 -0.3473
v 0.0000 0.1045 0.2938
v -0.0018 0.1213 -0.4404
v 0.0001 0.1330 -0.4274
v 0.0003 0.1292 -0.3538
v -0.0000 0.1313 0.3032
v -0.0001 0.1446 0.4556
v -0.0007 0.1478 -0.4114
v 0.0000 0.1569 -0.3947
v 0.0001 0.1666 -0.3673
v -0.0002 0.1663 -0.3358
v 0.0000 0.1588 0.3120
v -0.0001 0.1549 0.4307
v 0.0001 0.1480 0.4563
v 0.0001 0.1592 0.4806
v 0.0011 0.1839 -0.3018
v 0.0005 0.1966 -0.2820
v 0.0016 0.1978 -0.1126
v -0.0001 0.1932 -0.0888
v -0.0004 0.1900 -0.0609
v -0.0009 0.1873 -0.0322
v -0.0008 0.1859 0.0011
v 0.0004 0.1855 0.0276
v 0.0004 0.1931 0.0670
v 0.0000 0.1780 0.3166
v 0.0000 0.1928 0.3196
v 0.0008 0.1967 0.4052
v 0.0007 0.1846 0.4190
v -0.0005 0.1862 0.4956
v 0.0004 0.2038 -0.2676
v 0.0001 0.2131 -0.2420
v -0.0002 0.2167 -0.2114
v 0.0001 0.2131 -0.1833
v 0.0004 0.2066 -0.1502
v -0.0005 0.2017 -0.1285
v -0.0001 0.2023 0.0740
v 0.0002 0.2173 0.0830
v -0.0002 0.2125 0.3228
v -0.0000 0.2167 0.3683
v 0.0006 0.2039 0.3915
v -0.0001 0.2135 0.4963
v -0.0002 0.2387 0.0939
v -0.0033 0.2497 0.1073
v -0.0001 0.2375 0.3311
v -0.0005 0.2288 0.3513
v -0.0009 0.2356 0.4846
v 0.0003 0.2554 0.1036
v 0.0004 0.2681 0.1131
v -0.0006 0.2703 0.4638
v -0.0012 0.2561 0.4727
v 0.0005 0.2850 0.1290
v -0.0000 0.2978 0.1451
v 0.0005 0.2943 0.4487
v 0.0006 0.3201 0.1576
v 0.0032 0.3287 0.1696
v -0.0002 0.3192 0.4352
v 0.0007 0.3079 0.4406
v 0.0006 0.3336 0.1654
v 0.0007 0.3458 0.1824
v -0.0031 0.3581 0.1980
v -0.0001 0.3540 0.4306
v 0.0005 0.3441 0.4496
v 0.0021 0.3600 0.1959
v 0.0001 0.3692 0.2103
v 0.0003 0.3776 0.2451
v -0.0003 0.3840 0.2654
v -0.0001 0.3694 0.4277
v -0.0004 0.3913 0.2790
v -0.0006 0.4044 0.3012
v -0.0014 0.4116 0.3199
v -0.0010 0.4105 0.3728
v -0.0006 0.4023 0.3959
v -0.0008 0.3929 0.4153
v 0.0028 0.4126 0.3170
v -0.0001 0.4145 0.3327
v -0.0001 0.4136 0.3581
v 0.0093 -0.4199 0.1964
v 0.0066 -0.4287 0.2064
v 0.0066 -0.4314 0.2509
v 0.0092 -0.4369 0.2584
v 0.0104 -0.3965 0.1954
v 0.0079 -0.3933 0.2086
v 0.0069 -0.4025 0.2389
v 0.0079 -0.3716 0.1813
v 0.0099 -0.3719 0.2029
v 0.0107 -0.3404 -0.4110
v 0.0085 -0.3350 -0.4036
v 0.0090 -0.3546 0.1838
v 0.0100 -0.3540 0.2000
v 0.0081 -0.3171 -0.4241
v 0.0069 -0.3175 -0.3965
v 0.0062 -0.3157 -0.3657
v 0.0040 -0.3091 -0.3454
v 0.0086 -0.2862 -0.4421
v 0.0073 -0.2922 -0.4214
v 0.0069 -0.2949 -0.3961
v 0.0068 -0.2932 -0.3644
v 0.0053 -0.2918 -0.3399
v 0.0085 -0.2640 -0.4464
v 0.0071 -0.2658 -0.4244
v 0.0076 -0.2750 -0.4080
v 0.0065 -0.2666 -0.3586
v 0.0058 -0.2644 -0.3382
v 0.0078 -0.2395 -0.4469
v 0.0072 -0.2414 -0.4287
v 0.0071 -0.2397 -0.3557
v 0.0064 -0.2386 -0.3401
v 0.0107 -0.2313 0.1811
v 0.0045 -0.2039 -0.4698
v 0.0068 -0.2135 -0.4552
v 0.0076 -0.2154 -0.4338
v 0.0046 -0.2220 -0.3541
v 0.0079 -0.2127 -0.3373
v 0.0061 -0.1886 -0.4701
v 0.0073 -0.1859 -0.4624
v 0.0105 -0.1993 -0.4380
v 0.0072 -0.1858 -0.3387
v 0.0078 -0.1566 -0.4729
v 0.0068 -0.1609 -0.4648
v 0.0073 -0.1623 -0.3423
v 0.0089 -0.1341 -0.4722
v 0.0074 -0.1304 -0.4662
v 0.0092 -0.1237 -0.3491
v 0.0076 -0.1358 -0.3466
v 0.0099 -0.1082 -0.4713
v 0.0080 -0.1073 -0.4667
v 0.0067 -0.1066 -0.3499
v 0.0081 -0.1129 -0.3479
v 0.0076 -0.0787 -0.4720
v 0.0060 -0.0845 -0.4656
v 0.0073 -0.0762 -0.3493
v 0.0076 -0.0811 -0.3480
v 0.0076 -0.0688 -0.0557
v 0.0074 -0.0719 -0.0313
v 0.0068 -0.0739 0.0017
v 0.0071 -0.0740 0.0298
v 0.0069 -0.0697 0.0625
v 0.0087 -0.0692 0.1829
v 0.0070 -0.0718 0.2130
v 0.0069 -0.0678 0.2299
v 0.0080 -0.0508 -0.4779
v 0.0039 -0.0545 -0.4654
v 0.0080 -0.0506 -0.3591
v 0.0065 -0.0438 -0.2927
v 0.0061 -0.0480 -0.2727
v 0.0059 -0.0442 -0.2481
v 0.0070 -0.0477 -0.2126
v 0.0070 -0.0460 -0.1925
v 0.0086 -0.0413 -0.1393
v 0.0077 -0.0476 -0.1224
v 0.0072 -0.0584 -0.0929
v 0.0075 -0.0651 -0.0717
v 0.0074 -0.0615 0.0954
v 0.0076 -0.0582 0.1192
v 0.0080 -0.0590 0.1578
v 0.0084 -0.0633 0.1704
v 0.0063 -0.0572 0.2444
v 0.0069 -0.0436 0.2589
v 0.0064 -0.0306 -0.4773
v 0.0038 -0.0385 -0.4674
v 0.0070 -0.0259 -0.3718
v 0.0062 -0.0163 -0.3197
v 0.0055 -0.0322 -0.3070
v 0.0092 -0.0394 -0.2299
v 0.0095 -0.0390 -0.2233
v 0.0073 -0.0265 -0.1891
v 0.0075 -0.0361 -0.1569
v 0.0061 -0.0254 0.2708
v 0.0075 -0.0011 -0.4741
v 0.0075 -0.0007 -0.3709
v 0.0060 0.0003 -0.3272
v 0.0065 -0.0022 0.2788
v 0.0072 0.0169 -0.4708
v 0.0084 0.0330 -0.4683
v 0.0077 0.0278 -0.3734
v 0.0063 0.0255 -0.3345
v 0.0074 0.0302 0.2767
v 0.0075 0.0522 -0.4659
v 0.0077 0.0569 -0.3803
v 0.0065 0.0478 -0.3776
v 0.0054 0.0510 -0.3380
v 0.0076 0.0526 0.2804
v 0.0062 0.0807 -0.4596
v 0.0075 0.0704 -0.3800
v 0.0073 0.0804 -0.3746
v 0.0060 0.0801 -0.3453
v 0.0072 0.0784 0.2834
v 0.0041 0.0907 0.2879
v 0.0072 0.1057 -0.4480
v 0.0093 0.1181 -0.4360
v 0.0072 0.1044 -0.3642
v 0.0043 0.0969 -0.3476
v 0.0094 0.0941 0.2870
v 0.0069 0.1056 0.2928
v 0.0081 0.1331 -0.4228
v 0.0100 0.1441 -0.4059
v 0.0075 0.1319 -0.3547
v 0.0091 0.1426 -0.3466
v 0.0071 0.1326 0.3026
v 0.0072 0.1454 0.4572
v 0.0082 0.1481 -0.4105
v 0.0077 0.1544 -0.3943
v 0.0084 0.1609 -0.3643
v 0.0079 0.1590 -0.3389
v 0.0083 0.1715 -0.3179
v 0.0077 0.1597 0.3111
v 0.0075 0.1588 0.4293
v 0.0078 0.1485 0.4546
v 0.0075 0.1596 0.4805
v 0.0077 0.1837 -0.3023
v 0.0080 0.1961 -0.2826
v 0.0096 0.1982 -0.1145
v 0.0073 0.1930 -0.0889
v 0.0070 0.1897 -0.0621
v 0.0076 0.1871 -0.0329
v 0.0067 0.1859 -0.0043
v 0.0070 0.1854 0.0271
v 0.0069 0.1923 0.0672
v 0.0079 0.1832 0.3168
v 0.0059 0.1960 0.3197
v 0.0088 0.1959 0.4027
v 0.0079 0.1832 0.4186
v 0.0075 0.1869 0.4961
v 0.0076 0.2040 -0.2670
v 0.0075 0.2126 -0.2431
v 0.0061 0.2171 -0.2113
v 0.0067 0.2138 -0.1833
v 0.0073 0.2071 -0.1498
v 0.0072 0.2015 -0.1270
v 0.0072 0.2014 0.0741
v 0.0076 0.2158 0.0839
v 0.0064 0.2109 0.3219
v 0.0065 0.2179 0.3660
v 0.0084 0.2045 0.3874
v 0.0071 0.2119 0.4957
v 0.0081 0.2365 0.0961
v 0.0048 0.2505 0.1072
v 0.0075 0.2383 0.3289
v 0.0062 0.2279 0.3522
v 0.0074 0.2409 0.4812
v 0.0101 0.2543 0.1051
v 0.0070 0.2661 0.1138
v 0.0078 0.2689 0.4646
v 0.0093 0.2574 0.4716
v 0.0065 0.2849 0.1306
v 0.0068 0.2982 0.1469
v 0.0072 0.2939 0.4490
v 0.0078 0.3181 0.1602
v 0.0072 0.3277 0.1710
v 0.0074 0.3220 0.4339
v 0.0066 0.3076 0.4408
v 0.0090 0.3354 0.1595
v 0.0066 0.3448 0.1807
v 0.0075 0.3558 0.4257
v 0.0058 0.3545 0.4428
v 0.0083 0.3610 0.1946
v 0.0069 0.3694 0.2087
v 0.0075 0.3776 0.2447
v 0.0071 0.3824 0.2623
v 0.0075 0.3708 0.4243
v 0.0072 0.3929 0.2768
v 0.0078 0.4080 0.3038
v 0.0086 0.4094 0.3338
v 0.0077 0.4114 0.3683
v 0.0075 0.4057 0.3958
v 0.0075 0.3927 0.4149
v 0.0075 0.4132 0.3140
v 0.0058 0.4138 0.3262
v 0.0077 0.4140 0.3635
v 0.0148 -0.4219 0.1939
v 0.0139 -0.4343 0.2036
v 0.0145 -0.4282 0.2485
v 0.0144 -0.4362 0.2604
v 0.0141 -0.3955 0.1873
v 0.0115 -0.3865 0.2250
v 0.0146 -0.3981 0.2414
v 0.0147 -0.3700 0.1641
v 0.0138 -0.3821 0.1715
v 0.0138 -0.3742 0.2131
v 0.0173 -0.3830 0.2281
v 0.0113 -0.3427 -0.4126
v 0.0155 -0.3378 -0.3937
v 0.0159 -0.3530 0.1640
v 0.0154 -0.3408 0.1801
v 0.0143 -0.3510 0.2047
v 0.0151 -0.3226 -0.4130
v 0.0151 -0.3179 -0.3931
v 0.0163 -0.3186 -0.3703
v 0.0178 -0.3293 0.1785
v 0.0180 -0.2917 -0.4395
v 0.0155 -0.2890 -0.4184
v 0.0147 -0.2955 -0.3954
v 0.0138 -0.2907 -0.3632
v 0.0120 -0.2794 -0.3483
v 0.0151 -0.2572 -0.4416
v 0.0148 -0.2650 -0.4239
v 0.0153 -0.2716 -0.4061
v 0.0138 -0.2633 -0.3565
v 0.0125 -0.2635 -0.3467
v 0.0173 -0.2552 0.1824
v 0.0146 -0.2386 -0.4477
v 0.0149 -0.2411 -0.4265
v 0.0140 -0.2431 -0.3541
v 0.0141 -0.2389 -0.3415
v 0.0158 -0.2327 0.1637
v 0.0138 -0.2400 0.1824
v 0.0139 -0.2093 -0.4697
v 0.0145 -0.2144 -0.4540
v 0.0150 -0.2099 -0.4261
v 0.0166 -0.2051 -0.3522
v 0.0139 -0.2110 -0.3399
v 0.0165 -0.2200 0.1634
v 0.0133 -0.2127 0.1810
v 0.0180 -0.2202 0.1978
v 0.0131 -0.1877 -0.4611
v 0.0151 -0.1895 -0.4203
v 0.0177 -0.1902 -0.4084
v 0.0162 -0.1858 -0.3533
v 0.0141 -0.1892 -0.3418
v 0.0167 -0.1952 0.1780
v 0.0139 -0.1477 -0.4700
v 0.0147 -0.1603 -0.4621
v 0.0170 -0.1718 -0.4134
v 0.0154 -0.1589 -0.3517
v 0.0138 -0.1604 -0.3457
v 0.0171 -0.1354 -0.4701
v 0.0142 -0.1326 -0.4622
v 0.0159 -0.1370 -0.3511
v 0.0125 -0.1355 -0.3475
v 0.0112 -0.0981 -0.4728
v 0.0142 -0.1075 -0.4611
v 0.0142 -0.1078 -0.3492
v 0.0132 -0.1036 -0.3474
v 0.0130 -0.0747 -0.4746
v 0.0155 -0.0831 -0.4626
v 0.0137 -0.0755 -0.3503
v 0.0148 -0.0826 -0.3470
v 0.0127 -0.0684 -0.0568
v 0.0144 -0.0713 -0.0343
v 0.0145 -0.0734 0.0016
v 0.0136 -0.0734 0.0278
v 0.0147 -0.0693 0.0579
v 0.0162 -0.0722 0.1624
v 0.0139 -0.0734 0.1797
v 0.0143 -0.0773 0.2111
v 0.0151 -0.0710 0.2340
v 0.0143 -0.0555 -0.4748
v 0.0156 -0.0638 -0.4691
v 0.0138 -0.0547 -0.3571
v 0.0154 -0.0477 -0.2964
v 0.0147 -0.0523 -0.2772
v 0.0153 -0.0446 -0.2428
v 0.0130 -0.0448 -0.2062
v 0.0124 -0.0434 -0.1956
v 0.0137 -0.0410 -0.1388
v 0.0144 -0.0475 -0.1214
v 0.0149 -0.0585 -0.0916
v 0.0141 -0.0656 -0.0691
v 0.0137 -0.0654 0.0751
v 0.0153 -0.0609 0.0901
v 0.0149 -0.0563 0.1173
v 0.0146 -0.0594 0.1604
v 0.0115 -0.0635 0.1679
v 0.0150 -0.0578 0.2508
v 0.0153 -0.0446 0.2639
v 0.0144 -0.0280 -0.4756
v 0.0119 -0.0134 -0.3788
v 0.0147 -0.0254 -0.3730
v 0.0145 -0.0191 -0.3223
v 0.0125 -0.0336 -0.3112
v 0.0143 -0.0392 -0.2292
v 0.0150 -0.0314 -0.2096
v 0.0134 -0.0266 -0.1890
v 0.0143 -0.0357 -0.1547
v 0.0149 -0.0251 0.2767
v 0.0141 0.0013 -0.4728
v 0.0150 0.0003 -0.3730
v 0.0138 0.0015 -0.3306
v 0.0144 -0.0035 0.2826
v 0.0143 0.0171 -0.4705
v 0.0151 0.0297 -0.4681
v 0.0169 0.0381 -0.3789
v 0.0151 0.0254 -0.3758
v 0.0140 0.0293 -0.3381
v 0.0145 0.0291 0.2760
v 0.0155 0.0540 -0.4635
v 0.0144 0.0529 -0.3810
v 0.0141 0.0431 -0.3763
v 0.0141 0.0501 -0.3428
v 0.0148 0.0503 0.2744
v 0.0143 0.0805 -0.4564
v 0.0147 0.0715 -0.3801
v 0.0143 0.0828 -0.3734
v 0.0116 0.0721 -0.3472
v 0.0138 0.0778 0.2794
v 0.0148 0.1026 -0.4452
v 0.0147 0.1148 -0.4360
v 0.0143 0.1062 -0.3660
v 0.0145 0.0987 0.2857
v 0.0137 0.1129 0.2918
v 0.0146 0.1372 -0.4198
v 0.0148 0.1433 -0.3997
v 0.0146 0.1357 -0.3663
v 0.0127 0.1425 -0.3445
v 0.0139 0.1332 0.2994
v 0.0128 0.1479 -0.4125
v 0.0133 0.1502 -0.3938
v 0.0119 0.1531 -0.3686
v 0.0140 0.1550 -0.3349
v 0.0146 0.1590 0.3078
v 0.0143 0.1640 0.4319
v 0.0147 0.1517 0.4567
v 0.0143 0.1585 0.4776
v 0.0155 0.1828 -0.3037
v 0.0138 0.1961 -0.2828
v 0.0149 0.1978 -0.1132
v 0.0141 0.1925 -0.0892
v 0.0150 0.1884 -0.0622
v 0.0151 0.1862 -0.0330
v 0.0147 0.1851 0.0006
v 0.0147 0.1848 0.0298
v 0.0141 0.1918 0.0684
v 0.0147 0.1875 0.3151
v 0.0134 0.1963 0.4032
v 0.0139 0.1830 0.4208
v 0.0159 0.1878 0.4850
v 0.0144 0.2040 -0.2672
v 0.0147 0.2129 -0.2427
v 0.0151 0.2176 -0.2120
v 0.0152 0.2149 -0.1814
v 0.0143 0.2088 -0.1519
v 0.0134 0.2016 -0.1264
v 0.0140 0.2013 0.0742
v 0.0141 0.2146 0.0841
v 0.0169 0.2095 0.3178
v 0.0135 0.2140 0.3199
v 0.0154 0.2160 0.3679
v 0.0149 0.2028 0.3899
v 0.0152 0.2112 0.4898
v 0.0140 0.2391 0.0974
v 0.0153 0.2509 0.1073
v 0.0147 0.2376 0.3242
v 0.0130 0.2272 0.3514
v 0.0147 0.2403 0.4779
v 0.0121 0.2549 0.1041
v 0.0144 0.2647 0.1133
v 0.0150 0.2671 0.4626
v 0.0138 0.2548 0.4710
v 0.0153 0.2843 0.1307
v 0.0153 0.2978 0.1475
v 0.0149 0.2928 0.4483
v 0.0144 0.3166 0.1607
v 0.0120 0.3277 0.1706
v 0.0144 0.3203 0.4343
v 0.0136 0.3087 0.4401
v 0.0135 0.3370 0.1640
v 0.0133 0.3465 0.1771
v 0.0132 0.3551 0.4209
v 0.0143 0.3606 0.1942
v 0.0149 0.3690 0.2118
v 0.0143 0.3769 0.2434
v 0.0144 0.3848 0.2602
v 0.0141 0.3711 0.4208
v 0.0144 0.3924 0.2765
v 0.0148 0.4057 0.3048
v 0.0131 0.4064 0.3258
v 0.0156 0.4090 0.3599
v 0.0145 0.4027 0.3981
v 0.0140 0.3904 0.4135
v 0.0113 0.4123 0.3162
v 0.0133 0.4133 0.3684
v 0.0134 0.4125 0.3800
v 0.0249 -0.4273 -0.2683
v 0.0250 -0.4332 -0.2565
v 0.0215 -0.4209 0.1918
v 0.0217 -0.4347 0.2072
v 0.0208 -0.4288 0.2466
v 0.0214 -0.4362 0.2608
v 0.0250 -0.4114 -0.2698
v 0.0210 -0.3966 0.1828
v 0.0219 -0.3984 0.2443
v 0.0214 -0.3730 0.1616
v 0.0214 -0.3841 0.1682
v 0.0217 -0.3713 0.2196
v 0.0216 -0.3822 0.2295
v 0.0197 -0.3366 -0.3874
v 0.0210 -0.3442 0.1623
v 0.0185 -0.3355 0.1726
v 0.0216 -0.3436 0.2056
v 0.0185 -0.3188 -0.4099
v 0.0220 -0.3162 -0.3935
v 0.0223 -0.3176 -0.3718
v 0.0230 -0.3215 0.1643
v 0.0199 -0.3199 0.1850
v 0.0233 -0.3256 0.1988
v 0.0194 -0.2851 -0.4414
v 0.0197 -0.2883 -0.4193
v 0.0222 -0.2953 -0.3917
v 0.0219 -0.2932 -0.3640
v 0.0205 -0.2819 -0.3478
v 0.0247 -0.2979 0.1653
v 0.0213 -0.2934 0.1824
v 0.0239 -0.2682 -0.4462
v 0.0207 -0.2638 -0.4194
v 0.0221 -0.2645 -0.4031
v 0.0212 -0.2694 -0.3537
v 0.0218 -0.2644 -0.3463
v 0.0234 -0.2569 0.1646
v 0.0213 -0.2659 0.1821
v 0.0234 -0.2535 0.1984
v 0.0209 -0.2344 -0.4493
v 0.0216 -0.2414 -0.4243
v 0.0226 -0.2400 -0.4034
v 0.0230 -0.2381 -0.3511
v 0.0204 -0.2381 -0.3450
v 0.0218 -0.2406 0.1590
v 0.0190 -0.2485 0.1948
v 0.0227 -0.2372 0.2020
v 0.0212 -0.2129 -0.4531
v 0.0216 -0.2147 -0.4222
v 0.0232 -0.2129 -0.4035
v 0.0226 -0.2106 -0.3537
v 0.0208 -0.2157 -0.3471
v 0.0253 -0.2000 -0.3088
v 0.0220 -0.2137 0.1591
v 0.0190 -0.2032 0.1912
v 0.0224 -0.2108 0.2027
v 0.0220 -0.1754 -0.4702
v 0.0227 -0.1865 -0.4604
v 0.0206 -0.1862 -0.4197
v 0.0224 -0.1865 -0.4063
v 0.0216 -0.1855 -0.3564
v 0.0248 -0.1878 -0.3082
v 0.0232 -0.1881 0.1636
v 0.0202 -0.1857 0.1818
v 0.0235 -0.1937 0.1990
v 0.0244 -0.1723 -0.4699
v 0.0223 -0.1595 -0.4620
v 0.0222 -0.1696 -0.4145
v 0.0217 -0.1602 -0.3584
v 0.0233 -0.1611 0.1632
v 0.0228 -0.1598 0.1820
v 0.0195 -0.1267 -0.4714
v 0.0217 -0.1316 -0.4622
v 0.0212 -0.1333 -0.3560
v 0.0244 -0.1327 0.1615
v 0.0237 -0.1352 0.1773
v 0.0219 -0.1057 -0.4720
v 0.0214 -0.1071 -0.4634
v 0.0217 -0.1065 -0.3518
v 0.0206 -0.0999 -0.3478
v 0.0248 -0.1014 0.1622
v 0.0247 -0.1030 0.1777
v 0.0250 -0.0935 0.1976
v 0.0230 -0.0797 -0.4731
v 0.0216 -0.0840 -0.4647
v 0.0221 -0.0770 -0.3509
v 0.0218 -0.0852 -0.3477
v 0.0245 -0.0683 -0.2769
v 0.0209 -0.0681 -0.0560
v 0.0218 -0.0710 -0.0329
v 0.0218 -0.0726 0.0023
v 0.0219 -0.0720 0.0276
v 0.0216 -0.0683 0.0552
v 0.0222 -0.0811 0.1536
v 0.0211 -0.0858 0.1836
v 0.0214 -0.0851 0.2108
v 0.0216 -0.0729 0.2362
v 0.0211 -0.0507 -0.4721
v 0.0210 -0.0493 -0.4696
v 0.0219 -0.0538 -0.3601
v 0.0210 -0.0490 -0.3014
v 0.0210 -0.0599 -0.2741
v 0.0216 -0.0502 -0.2443
v 0.0229 -0.0417 -0.2249
v 0.0186 -0.0401 -0.1395
v 0.0219 -0.0469 -0.1210
v 0.0220 -0.0574 -0.0935
v 0.0209 -0.0645 -0.0720
v 0.0213 -0.0649 0.0688
v 0.0218 -0.0582 0.0917
v 0.0222 -0.0538 0.1187
v 0.0217 -0.0562 0.1525
v 0.0210 -0.0592 0.2532
v 0.0225 -0.0462 0.2662
v 0.0213 -0.0260 -0.4728
v 0.0213 -0.0155 -0.4695
v 0.0249 -0.0143 -0.3817
v 0.0221 -0.0252 -0.3729
v 0.0222 -0.0248 -0.3220
v 0.0217 -0.0362 -0.3145
v 0.0214 -0.0276 -0.2101
v 0.0220 -0.0180 -0.1857
v 0.0218 -0.0350 -0.1513
v 0.0220 -0.0250 0.2793
v 0.0206 -0.0038 -0.4713
v 0.0213 0.0028 -0.4684
v 0.0250 -0.0106 -0.3806
v 0.0220 -0.0019 -0.3748
v 0.0217 -0.0014 -0.3316
v 0.0216 -0.0024 0.2837
v 0.0183 0.0157 -0.4702
v 0.0225 0.0295 -0.4637
v 0.0231 0.0346 -0.3811
v 0.0209 0.0219 -0.3758
v 0.0215 0.0272 -0.3396
v 0.0217 0.0313 0.2722
v 0.0214 0.0520 -0.4597
v 0.0224 0.0526 -0.3859
v 0.0222 0.0626 -0.3500
v 0.0207 0.0486 -0.3454
v 0.0207 0.0532 0.2713
v 0.0222 0.0812 -0.4525
v 0.0222 0.0778 -0.3842
v 0.0206 0.0883 -0.3733
v 0.0222 0.0783 0.2738
v 0.0209 0.0997 -0.4452
v 0.0224 0.1140 -0.4323
v 0.0242 0.1063 -0.3806
v 0.0214 0.1069 -0.3732
v 0.0221 0.1027 0.2812
v 0.0192 0.1175 0.2887
v 0.0207 0.1290 -0.4208
v 0.0214 0.1331 -0.3927
v 0.0197 0.1263 -0.3737
v 0.0217 0.1357 -0.3450
v 0.0234 0.1236 0.2867
v 0.0213 0.1355 0.2937
v 0.0219 0.1587 -0.3300
v 0.0221 0.1722 -0.3167
v 0.0213 0.1590 0.3020
v 0.0191 0.1686 0.4377
v 0.0220 0.1623 0.4574
v 0.0219 0.1669 0.4769
v 0.0225 0.1827 -0.3036
v 0.0217 0.1969 -0.2814
v 0.0224 0.1972 -0.1140
v 0.0217 0.1912 -0.0898
v 0.0215 0.1866 -0.0608
v 0.0212 0.1847 -0.0299
v 0.0221 0.1837 -0.0004
v 0.0221 0.1834 0.0327
v 0.0220 0.1911 0.0710
v 0.0237 0.1876 0.0758
v 0.0219 0.1859 0.3094
v 0.0202 0.1983 0.4072
v 0.0227 0.1889 0.4284
v 0.0238 0.1802 0.4447
v 0.0203 0.1877 0.4825
v 0.0218 0.2035 -0.2686
v 0.0217 0.2130 -0.2414
v 0.0215 0.2171 -0.2153
v 0.0225 0.2153 -0.1805
v 0.0219 0.2078 -0.1461
v 0.0211 0.2010 -0.1253
v 0.0213 0.2010 0.0743
v 0.0218 0.2161 0.0845
v 0.0216 0.2130 0.3144
v 0.0213 0.2188 0.3656
v 0.0219 0.2051 0.3939
v 0.0250 0.2019 0.4188
v 0.0211 0.2084 0.4868
v 0.0219 0.2383 0.0985
v 0.0240 0.2473 0.1082
v 0.0235 0.2375 0.3158
v 0.0214 0.2413 0.3241
v 0.0234 0.2436 0.4646
v 0.0224 0.2313 0.4738
v 0.0223 0.2664 0.1191
v 0.0222 0.2614 0.4559
v 0.0208 0.2829 0.1317
v 0.0217 0.2968 0.1476
v 0.0237 0.2994 0.4372
v 0.0206 0.2901 0.4444
v 0.0218 0.3183 0.1570
v 0.0215 0.3185 0.4326
v 0.0214 0.3356 0.1649
v 0.0223 0.3461 0.1768
v 0.0248 0.3583 0.2055
v 0.0221 0.3459 0.4225
v 0.0190 0.3601 0.1960
v 0.0222 0.3670 0.2109
v 0.0218 0.3756 0.2458
v 0.0226 0.3836 0.2671
v 0.0229 0.3825 0.4089
v 0.0208 0.3754 0.4146
v 0.0218 0.3908 0.2817
v 0.0216 0.3987 0.2999
v 0.0222 0.3981 0.3318
v 0.0216 0.4063 0.3658
v 0.0218 0.4010 0.3992
v 0.0210 0.3907 0.4113
v 0.0313 -0.4232 -0.2893
v 0.0277 -0.4270 -0.2763
v 0.0286 -0.4322 -0.2473
v 0.0289 -0.4209 0.1912
v 0.0286 -0.4350 0.2085
v 0.0284 -0.4312 0.2474
v 0.0293 -0.4370 0.2606
v 0.0292 -0.4078 -0.2674
v 0.0321 -0.4102 -0.2569
v 0.0294 -0.3990 0.1836
v 0.0292 -0.3992 0.2448
v 0.0316 -0.3736 -0.3240
v 0.0311 -0.3697 -0.3065
v 0.0285 -0.3741 0.1614
v 0.0288 -0.3847 0.1679
v 0.0286 -0.3708 0.2205
v 0.0294 -0.3836 0.2309
v 0.0276 -0.3355 -0.4020
v 0.0317 -0.3562 -0.3058
v 0.0290 -0.3462 0.1597
v 0.0291 -0.3439 0.2084
v 0.0264 -0.3255 -0.4092
v 0.0288 -0.3162 -0.3915
v 0.0271 -0.3147 -0.3670
v 0.0285 -0.3190 0.1620
v 0.0289 -0.3219 0.2016
v 0.0295 -0.2918 -0.4243
v 0.0292 -0.2932 -0.3880
v 0.0291 -0.2931 -0.3624
v 0.0271 -0.2852 -0.3470
v 0.0287 -0.2913 0.1638
v 0.0258 -0.2889 0.1963
v 0.0292 -0.2913 0.1990
v 0.0279 -0.2607 -0.4495
v 0.0284 -0.2653 -0.4263
v 0.0297 -0.2644 -0.3977
v 0.0291 -0.2689 -0.3556
v 0.0289 -0.2652 -0.3465
v 0.0324 -0.2537 -0.3082
v 0.0287 -0.2653 0.1636
v 0.0258 -0.2690 0.1963
v 0.0292 -0.2650 0.1998
v 0.0280 -0.2400 -0.4527
v 0.0294 -0.2381 -0.4226
v 0.0297 -0.2388 -0.3985
v 0.0293 -0.2364 -0.3523
v 0.0297 -0.2408 -0.3466
v 0.0310 -0.2392 -0.3070
v 0.0292 -0.2408 0.1549
v 0.0285 -0.2382 0.2066
v 0.0285 -0.2122 -0.4536
v 0.0294 -0.2124 -0.4234
v 0.0291 -0.2150 -0.4020
v 0.0289 -0.2121 -0.3568
v 0.0294 -0.2153 -0.3335
v 0.0284 -0.2131 -0.3015
v 0.0315 -0.2050 -0.2874
v 0.0288 -0.2091 0.1540
v 0.0288 -0.2134 0.2095
v 0.0314 -0.1917 -0.4986
v 0.0286 -0.1869 -0.4571
v 0.0294 -0.1894 -0.4196
v 0.0285 -0.1901 -0.4016
v 0.0287 -0.1890 -0.3605
v 0.0294 -0.1853 -0.3335
v 0.0271 -0.1852 -0.2968
v 0.0310 -0.1859 -0.2853
v 0.0294 -0.1866 0.1565
v 0.0264 -0.1758 0.1959
v 0.0295 -0.1869 0.2013
v 0.0304 -0.1584 -0.4740
v 0.0294 -0.1605 -0.4597
v 0.0288 -0.1679 -0.4164
v 0.0275 -0.1575 -0.3626
v 0.0306 -0.1662 -0.3257
v 0.0306 -0.1643 -0.3008
v 0.0314 -0.1688 -0.2859
v 0.0284 -0.1592 0.1555
v 0.0284 -0.1601 0.1937
v 0.0325 -0.1728 0.1972
v 0.0311 -0.1337 -0.4714
v 0.0300 -0.1331 -0.4633
v 0.0294 -0.1346 -0.3615
v 0.0319 -0.1235 -0.2760
v 0.0282 -0.1306 0.1528
v 0.0279 -0.1305 0.1901
v 0.0320 -0.1179 -0.4702
v 0.0289 -0.1079 -0.4630
v 0.0293 -0.1067 -0.3553
v 0.0311 -0.1070 -0.2715
v 0.0318 -0.1025 -0.2539
v 0.0282 -0.1058 0.1537
v 0.0278 -0.1064 0.1843
v 0.0300 -0.0987 0.2044
v 0.0258 -0.0725 -0.4774
v 0.0292 -0.0797 -0.4637
v 0.0290 -0.0784 -0.3535
v 0.0303 -0.0716 -0.2923
v 0.0286 -0.0796 -0.2755
v 0.0301 -0.0776 -0.2507
v 0.0283 -0.0678 -0.0545
v 0.0288 -0.0706 -0.0310
v 0.0294 -0.0714 -0.0010
v 0.0291 -0.0696 0.0326
v 0.0285 -0.0676 0.0479
v 0.0313 -0.0815 0.1356
v 0.0283 -0.0826 0.1402
v 0.0286 -0.0885 0.2164
v 0.0287 -0.0725 0.2385
v 0.0271 -0.0543 -0.4766
v 0.0304 -0.0544 -0.4667
v 0.0286 -0.0551 -0.3629
v 0.0285 -0.0554 -0.3045
v 0.0280 -0.0574 -0.2378
v 0.0300 -0.0456 -0.2182
v 0.0285 -0.0456 -0.1216
v 0.0289 -0.0571 -0.0921
v 0.0296 -0.0646 -0.0685
v 0.0293 -0.0630 0.0640
v 0.0288 -0.0550 0.0922
v 0.0288 -0.0511 0.1223
v 0.0289 -0.0550 0.1447
v 0.0283 -0.0610 0.2528
v 0.0292 -0.0491 0.2648
v 0.0287 -0.0274 -0.4732
v 0.0305 -0.0266 -0.4683
v 0.0289 -0.0199 -0.3807
v 0.0283 -0.0277 -0.3741
v 0.0285 -0.0236 -0.3247
v 0.0265 -0.0372 -0.3166
v 0.0281 -0.0253 -0.2028
v 0.0284 -0.0160 -0.1850
v 0.0287 -0.0332 -0.1499
v 0.0310 -0.0391 -0.1355
v 0.0287 -0.0261 0.2789
v 0.0268 -0.0097 -0.4707
v 0.0292 0.0002 -0.4665
v 0.0290 0.0007 -0.3801
v 0.0283 -0.0018 -0.3767
v 0.0292 -0.0006 -0.3333
v 0.0298 -0.0105 -0.1899
v 0.0286 -0.0029 0.2825
v 0.0283 0.0245 -0.4623
v 0.0296 0.0289 -0.3883
v 0.0276 0.0189 -0.3776
v 0.0288 0.0259 -0.3407
v 0.0288 0.0243 0.2742
v 0.0289 0.0539 -0.4556
v 0.0319 0.0623 -0.4099
v 0.0284 0.0519 -0.3976
v 0.0297 0.0584 -0.3501
v 0.0286 0.0445 -0.3460
v 0.0286 0.0532 0.2754
v 0.0282 0.0788 -0.4490
v 0.0319 0.0857 -0.4246
v 0.0290 0.0791 -0.3996
v 0.0288 0.0760 -0.3531
v 0.0283 0.0795 0.2726
v 0.0271 0.0975 -0.4414
v 0.0298 0.1082 -0.4247
v 0.0293 0.1060 -0.3955
v 0.0290 0.1052 -0.3517
v 0.0285 0.1060 0.2779
v 0.0269 0.1228 -0.4149
v 0.0271 0.1239 -0.4002
v 0.0277 0.1209 -0.3489
v 0.0289 0.1343 -0.3436
v 0.0289 0.1309 0.2838
v 0.0269 0.1425 0.2895
v 0.0294 0.1593 -0.3281
v 0.0303 0.1711 -0.3172
v 0.0307 0.1496 0.2873
v 0.0295 0.1631 0.2929
v 0.0268 0.1686 0.4589
v 0.0262 0.1713 0.4745
v 0.0292 0.1852 -0.2993
v 0.0293 0.1956 -0.2824
v 0.0297 0.1967 -0.1177
v 0.0290 0.1896 -0.0928
v 0.0289 0.1839 -0.0637
v 0.0295 0.1821 -0.0321
v 0.0293 0.1815 -0.0036
v 0.0286 0.1811 0.0315
v 0.0290 0.1895 0.0718
v 0.0307 0.1967 0.0762
v 0.0291 0.1851 0.2996
v 0.0279 0.1898 0.4329
v 0.0283 0.1840 0.4554
v 0.0286 0.1878 0.4752
v 0.0294 0.2030 -0.2668
v 0.0289 0.2116 -0.2418
v 0.0286 0.2161 -0.2119
v 0.0284 0.2150 -0.1813
v 0.0293 0.2084 -0.1501
v 0.0287 0.2009 -0.1284
v 0.0262 0.2009 0.0749
v 0.0288 0.2166 0.0870
v 0.0285 0.2119 0.3049
v 0.0294 0.2211 0.3668
v 0.0294 0.2118 0.3972
v 0.0292 0.2095 0.4241
v 0.0276 0.2123 0.4554
v 0.0274 0.2102 0.4765
v 0.0289 0.2325 0.0994
v 0.0295 0.2441 0.1095
v 0.0288 0.2425 0.3094
v 0.0284 0.2410 0.3291
v 0.0301 0.2368 0.4310
v 0.0278 0.2367 0.4494
v 0.0255 0.2283 0.4707
v 0.0290 0.2639 0.1218
v 0.0319 0.2751 0.1381
v 0.0309 0.2553 0.3154
v 0.0300 0.2539 0.3186
v 0.0309 0.2701 0.4357
v 0.0280 0.2642 0.4449
v 0.0270 0.2807 0.1348
v 0.0292 0.2930 0.1479
v 0.0295 0.2905 0.4330
v 0.0284 0.3147 0.1548
v 0.0296 0.3264 0.1714
v 0.0295 0.3202 0.4272
v 0.0257 0.3333 0.1661
v 0.0286 0.3453 0.1850
v 0.0298 0.3558 0.2049
v 0.0289 0.3457 0.4208
v 0.0298 0.3615 0.1955
v 0.0283 0.3636 0.2124
v 0.0283 0.3711 0.2428
v 0.0297 0.3776 0.2761
v 0.0291 0.3801 0.2932
v 0.0323 0.3851 0.3294
v 0.0287 0.3810 0.4051
v 0.0273 0.3723 0.4117
v 0.0265 0.3871 0.2837
v 0.0263 0.3900 0.2947
v 0.0294 0.3910 0.3360
v 0.0291 0.4023 0.3677
v 0.0285 0.3988 0.3970
v 0.0321 0.4139 0.3836
v 0.0361 -0.4261 -0.2925
v 0.0340 -0.4370 -0.2840
v 0.0359 -0.4310 -0.2380
v 0.0360 -0.4217 0.1926
v 0.0360 -0.4352 0.2063
v 0.0363 -0.4302 0.2503
v 0.0355 -0.4370 0.2588
v 0.0373 -0.3873 -0.3209
v 0.0360 -0.3988 -0.2988
v 0.0358 -0.3974 -0.2774
v 0.0358 -0.4067 -0.2542
v 0.0365 -0.3976 0.1845
v 0.0365 -0.3999 0.2435
v 0.0357 -0.3743 -0.3291
v 0.0353 -0.3747 -0.2943
v 0.0384 -0.3808 -0.2864
v 0.0361 -0.3722 0.1620
v 0.0366 -0.3835 0.1682
v 0.0363 -0.3721 0.2197
v 0.0372 -0.3848 0.2297
v 0.0390 -0.3330 -0.3960
v 0.0377 -0.3491 -0.3252
v 0.0358 -0.3448 -0.3030
v 0.0367 -0.3451 0.1609
v 0.0360 -0.3457 0.2085
v 0.0382 -0.3089 -0.4465
v 0.0338 -0.3066 -0.4111
v 0.0354 -0.3173 -0.3870
v 0.0374 -0.3139 -0.3737
v 0.0385 -0.3198 -0.3236
v 0.0368 -0.3179 -0.3051
v 0.0367 -0.3189 0.1625
v 0.0363 -0.3213 0.2021
v 0.0392 -0.2985 -0.4496
v 0.0350 -0.2908 -0.4135
v 0.0358 -0.2905 -0.3866
v 0.0358 -0.2916 -0.3669
v 0.0366 -0.2862 -0.3407
v 0.0358 -0.2917 -0.3074
v 0.0370 -0.2919 0.1634
v 0.0359 -0.2913 0.2006
v 0.0369 -0.2660 -0.4789
v 0.0367 -0.2584 -0.4494
v 0.0353 -0.2646 -0.4231
v 0.0370 -0.2666 -0.3895
v 0.0369 -0.2670 -0.3622
v 0.0352 -0.2649 -0.3400
v 0.0353 -0.2658 -0.3104
v 0.0364 -0.2662 0.1621
v 0.0362 -0.2662 0.2020
v 0.0376 -0.2397 -0.4812
v 0.0361 -0.2368 -0.4507
v 0.0354 -0.2398 -0.4232
v 0.0359 -0.2415 -0.3967
v 0.0367 -0.2408 -0.3587
v 0.0359 -0.2412 -0.3276
v 0.0351 -0.2430 -0.3018
v 0.0361 -0.2410 0.1544
v 0.0359 -0.2391 0.2085
v 0.0384 -0.2124 -0.4771
v 0.0359 -0.2124 -0.4536
v 0.0349 -0.2122 -0.4232
v 0.0364 -0.2132 -0.3960
v 0.0363 -0.2131 -0.3602
v 0.0356 -0.2125 -0.3369
v 0.0353 -0.2212 -0.2904
v 0.0364 -0.2101 -0.2849
v 0.0363 -0.2109 0.1511
v 0.0362 -0.2134 0.2117
v 0.0348 -0.1821 -0.4942
v 0.0361 -0.1851 -0.4551
v 0.0364 -0.1864 -0.4244
v 0.0379 -0.1913 -0.4025
v 0.0356 -0.1875 -0.3611
v 0.0362 -0.1837 -0.3446
v 0.0357 -0.1867 -0.2805
v 0.0359 -0.1852 0.1504
v 0.0355 -0.1860 0.2064
v 0.0355 -0.1605 -0.4806
v 0.0362 -0.1603 -0.4554
v 0.0370 -0.1660 -0.4206
v 0.0394 -0.1700 -0.4037
v 0.0359 -0.1596 -0.3680
v 0.0358 -0.1587 -0.3279
v 0.0336 -0.1515 -0.3021
v 0.0363 -0.1578 -0.2776
v 0.0362 -0.1628 0.1478
v 0.0337 -0.1588 0.1959
v 0.0367 -0.1615 0.2022
v 0.0380 -0.1331 -0.4714
v 0.0370 -0.1326 -0.4573
v 0.0392 -0.1444 -0.4390
v 0.0353 -0.1325 -0.3641
v 0.0366 -0.1357 -0.3020
v 0.0349 -0.1369 -0.2755
v 0.0368 -0.1258 -0.2511
v 0.0368 -0.1327 0.1437
v 0.0336 -0.1343 0.1959
v 0.0366 -0.1307 0.2034
v 0.0330 -0.1163 -0.4699
v 0.0353 -0.1081 -0.4627
v 0.0360 -0.1041 -0.3565
v 0.0373 -0.1093 -0.2940
v 0.0334 -0.1033 -0.2858
v 0.0354 -0.1079 -0.2459
v 0.0372 -0.0970 0.1346
v 0.0358 -0.1081 0.1414
v 0.0331 -0.1134 0.1959
v 0.0352 -0.1076 0.2080
v 0.0356 -0.0755 -0.4704
v 0.0361 -0.0785 -0.4613
v 0.0361 -0.0794 -0.3578
v 0.0359 -0.0783 -0.2965
v 0.0335 -0.0900 -0.2879
v 0.0357 -0.0803 -0.2384
v 0.0391 -0.0699 -0.2272
v 0.0351 -0.0679 -0.0495
v 0.0374 -0.0694 -0.0318
v 0.0354 -0.0701 0.0050
v 0.0358 -0.0680 0.0290
v 0.0364 -0.0834 0.1315
v 0.0362 -0.0879 0.2212
v 0.0366 -0.0748 0.2337
v 0.0375 -0.0505 -0.4766
v 0.0366 -0.0530 -0.4628
v 0.0393 -0.0464 -0.4297
v 0.0387 -0.0423 -0.3795
v 0.0362 -0.0510 -0.3692
v 0.0356 -0.0528 -0.3112
v 0.0342 -0.0643 -0.2310
v 0.0366 -0.0533 -0.2161
v 0.0365 -0.0469 -0.1149
v 0.0358 -0.0557 -0.0932
v 0.0365 -0.0646 -0.0641
v 0.0387 -0.0649 0.0409
v 0.0361 -0.0602 0.0618
v 0.0352 -0.0519 0.0901
v 0.0373 -0.0485 0.1230
v 0.0357 -0.0528 0.1393
v 0.0363 -0.0600 0.2516
v 0.0361 -0.0490 0.2631
v 0.0371 -0.0336 -0.4726
v 0.0364 -0.0290 -0.4641
v 0.0367 -0.0263 -0.3812
v 0.0353 -0.0322 -0.3748
v 0.0361 -0.0275 -0.3251
v 0.0358 -0.0340 -0.2011
v 0.0352 -0.0196 -0.1880
v 0.0360 -0.0290 -0.1523
v 0.0352 -0.0385 -0.1341
v 0.0364 -0.0258 0.2767
v 0.0347 -0.0002 -0.4617
v 0.0367 0.0026 -0.3865
v 0.0339 -0.0069 -0.3768
v 0.0367 0.0003 -0.3345
v 0.0358 -0.0064 -0.1854
v 0.0368 0.0024 0.2783
v 0.0361 0.0264 -0.4518
v 0.0386 0.0345 -0.4179
v 0.0363 0.0234 -0.3995
v 0.0359 0.0242 -0.3410
v 0.0354 0.0208 0.2762
v 0.0358 0.0530 -0.4454
v 0.0369 0.0532 -0.4240
v 0.0338 0.0468 -0.4049
v 0.0360 0.0606 -0.3505
v 0.0361 0.0450 -0.3467
v 0.0362 0.0506 0.2799
v 0.0344 0.0721 -0.4431
v 0.0342 0.0796 -0.4242
v 0.0326 0.0866 -0.4087
v 0.0367 0.0796 -0.3522
v 0.0359 0.0828 0.2741
v 0.0333 0.0970 -0.4215
v 0.0331 0.1024 -0.4070
v 0.0367 0.0993 -0.3507
v 0.0364 0.1170 -0.3472
v 0.0364 0.1050 0.2748
v 0.0364 0.1335 -0.3416
v 0.0360 0.1337 0.2798
v 0.0356 0.1601 -0.3265
v 0.0358 0.1714 -0.3158
v 0.0366 0.1594 0.2848
v 0.0337 0.1675 0.2889
v 0.0365 0.1839 -0.2996
v 0.0368 0.1945 -0.2813
v 0.0363 0.1945 -0.1181
v 0.0369 0.1856 -0.0919
v 0.0360 0.1800 -0.0627
v 0.0362 0.1791 -0.0297
v 0.0361 0.1784 -0.0010
v 0.0367 0.1768 0.0288
v 0.0354 0.1866 0.0715
v 0.0368 0.1907 0.0775
v 0.0387 0.1843 0.2866
v 0.0352 0.1852 0.2904
v 0.0366 0.2026 -0.2627
v 0.0361 0.2090 -0.2433
v 0.0358 0.2141 -0.2103
v 0.0356 0.2137 -0.1805
v 0.0366 0.2071 -0.1508
v 0.0344 0.1998 -0.1296
v 0.0362 0.2141 0.0909
v 0.0397 0.2252 0.1120
v 0.0396 0.2136 0.2875
v 0.0354 0.2140 0.2927
v 0.0356 0.2241 0.3677
v 0.0336 0.2219 0.3927
v 0.0336 0.2224 0.4165
v 0.0361 0.2303 0.1031
v 0.0365 0.2404 0.1161
v 0.0394 0.2395 0.2874
v 0.0353 0.2425 0.2929
v 0.0359 0.2402 0.3339
v 0.0376 0.2276 0.3587
v 0.0364 0.2344 0.3999
v 0.0352 0.2428 0.4190
v 0.0354 0.2650 0.1298
v 0.0362 0.2741 0.1398
v 0.0392 0.2767 0.1946
v 0.0396 0.2792 0.1981
v 0.0357 0.2648 0.3084
v 0.0371 0.2632 0.3205
v 0.0360 0.2649 0.4249
v 0.0343 0.2800 0.1358
v 0.0358 0.2939 0.1532
v 0.0393 0.2918 0.1722
v 0.0384 0.2964 0.2106
v 0.0394 0.3050 0.2283
v 0.0394 0.2810 0.3133
v 0.0368 0.2941 0.4205
v 0.0378 0.3094 0.1344
v 0.0362 0.3110 0.1540
v 0.0369 0.3199 0.1731
v 0.0378 0.3130 0.2202
v 0.0381 0.3227 0.2347
v 0.0367 0.3172 0.4215
v 0.0362 0.3465 0.1894
v 0.0358 0.3508 0.2090
v 0.0379 0.3417 0.2493
v 0.0376 0.3533 0.2690
v 0.0391 0.3561 0.2990
v 0.0384 0.3578 0.4080
v 0.0360 0.3466 0.4154
v 0.0339 0.3606 0.1945
v 0.0343 0.3608 0.2149
v 0.0365 0.3651 0.2405
v 0.0358 0.3679 0.2745
v 0.0358 0.3670 0.3031
v 0.0366 0.3774 0.3365
v 0.0391 0.3809 0.3488
v 0.0356 0.3765 0.3989
v 0.0325 0.3621 0.4107
v 0.0352 0.3879 0.3470
v 0.0366 0.3997 0.3650
v 0.0347 0.3971 0.3884
v 0.0374 0.4166 0.3741
v 0.0364 0.4222 0.3863
v 0.0431 -0.4270 -0.2960
v 0.0428 -0.4369 -0.2712
v 0.0433 -0.4318 -0.2343
v 0.0451 -0.4357 -0.2272
v 0.0424 -0.4204 0.1951
v 0.0435 -0.4319 0.2029
v 0.0437 -0.4344 0.2501
v 0.0436 -0.3886 -0.3244
v 0.0429 -0.4032 -0.3042
v 0.0427 -0.3908 -0.2672
v 0.0430 -0.4040 -0.2507
v 0.0426 -0.3947 0.1892
v 0.0461 -0.3947 0.2027
v 0.0430 -0.4005 0.2398
v 0.0435 -0.3751 -0.3339
v 0.0408 -0.3644 -0.2880
v 0.0435 -0.3763 -0.2807
v 0.0421 -0.3698 0.1640
v 0.0446 -0.3794 0.1731
v 0.0443 -0.3757 0.2150
v 0.0429 -0.3471 -0.3311
v 0.0430 -0.3412 -0.2908
v 0.0453 -0.3494 -0.2868
v 0.0415 -0.3460 0.1646
v 0.0438 -0.3427 0.1741
v 0.0434 -0.3445 0.2036
v 0.0417 -0.3100 -0.4252
v 0.0430 -0.3157 -0.3886
v 0.0419 -0.3096 -0.3699
v 0.0428 -0.3183 -0.3300
v 0.0436 -0.3212 -0.2925
v 0.0411 -0.3204 0.1652
v 0.0437 -0.3205 0.1779
v 0.0426 -0.3239 0.1992
v 0.0408 -0.2858 -0.4479
v 0.0427 -0.2923 -0.4257
v 0.0431 -0.2904 -0.3919
v 0.0434 -0.2917 -0.3624
v 0.0431 -0.2896 -0.3315
v 0.0440 -0.2929 -0.2935
v 0.0413 -0.2898 0.1658
v 0.0438 -0.2922 0.1769
v 0.0422 -0.2923 0.1988
v 0.0424 -0.2657 -0.4516
v 0.0432 -0.2676 -0.4180
v 0.0430 -0.2638 -0.3924
v 0.0430 -0.2679 -0.3625
v 0.0430 -0.2654 -0.3338
v 0.0436 -0.2641 -0.2945
v 0.0425 -0.2650 0.1640
v 0.0450 -0.2719 0.1741
v 0.0436 -0.2673 0.2001
v 0.0431 -0.2398 -0.4591
v 0.0432 -0.2356 -0.4181
v 0.0438 -0.2411 -0.3951
v 0.0435 -0.2408 -0.3665
v 0.0435 -0.2409 -0.3352
v 0.0435 -0.2404 -0.2926
v 0.0436 -0.2395 0.1556
v 0.0432 -0.2377 0.2079
v 0.0430 -0.2026 -0.4742
v 0.0431 -0.2097 -0.4564
v 0.0431 -0.2134 -0.4220
v 0.0432 -0.2138 -0.3898
v 0.0438 -0.2124 -0.3668
v 0.0429 -0.2118 -0.3409
v 0.0420 -0.2259 -0.2883
v 0.0437 -0.2132 -0.2828
v 0.0436 -0.2129 0.1522
v 0.0434 -0.2132 0.2110
v 0.0440 -0.1840 -0.4759
v 0.0432 -0.1868 -0.4557
v 0.0439 -0.1851 -0.4235
v 0.0436 -0.1852 -0.3951
v 0.0435 -0.1885 -0.3691
v 0.0434 -0.1852 -0.3469
v 0.0430 -0.1870 -0.2757
v 0.0428 -0.1856 0.1497
v 0.0436 -0.1856 0.2090
v 0.0431 -0.1576 -0.4772
v 0.0438 -0.1571 -0.4570
v 0.0433 -0.1619 -0.4249
v 0.0438 -0.1623 -0.3980
v 0.0438 -0.1579 -0.3713
v 0.0433 -0.1599 -0.3339
v 0.0432 -0.1569 -0.2650
v 0.0462 -0.1478 -0.2563
v 0.0430 -0.1595 0.1448
v 0.0433 -0.1603 0.2084
v 0.0434 -0.1357 -0.4736
v 0.0430 -0.1332 -0.4573
v 0.0445 -0.1329 -0.4327
v 0.0455 -0.1414 -0.4039
v 0.0440 -0.1335 -0.3671
v 0.0439 -0.1429 -0.3206
v 0.0425 -0.1289 -0.3108
v 0.0413 -0.1445 -0.2603
v 0.0435 -0.1323 -0.2466
v 0.0438 -0.1313 0.1400
v 0.0433 -0.1328 0.2104
v 0.0423 -0.1185 -0.4700
v 0.0431 -0.1059 -0.4569
v 0.0451 -0.1122 -0.4354
v 0.0435 -0.1079 -0.3625
v 0.0425 -0.1094 -0.3039
v 0.0430 -0.1055 -0.2345
v 0.0438 -0.1005 0.1327
v 0.0430 -0.1127 0.1382
v 0.0433 -0.1062 0.2174
v 0.0429 -0.0809 -0.4554
v 0.0423 -0.0801 -0.4360
v 0.0433 -0.0790 -0.3650
v 0.0431 -0.0809 -0.3013
v 0.0424 -0.0844 -0.2301
v 0.0440 -0.0744 -0.2233
v 0.0415 -0.0670 -0.0478
v 0.0434 -0.0684 -0.0295
v 0.0432 -0.0686 -0.0020
v 0.0435 -0.0812 0.1271
v 0.0431 -0.0876 0.2245
v 0.0433 -0.0738 0.2325
v 0.0401 -0.0415 -0.4703
v 0.0436 -0.0530 -0.4521
v 0.0441 -0.0531 -0.4292
v 0.0440 -0.0485 -0.3840
v 0.0433 -0.0543 -0.3726
v 0.0418 -0.0428 -0.3190
v 0.0438 -0.0565 -0.3113
v 0.0432 -0.0545 -0.2096
v 0.0423 -0.0441 -0.1180
v 0.0429 -0.0540 -0.0939
v 0.0436 -0.0636 -0.0626
v 0.0464 -0.0664 -0.0436
v 0.0443 -0.0644 0.0314
v 0.0430 -0.0567 0.0614
v 0.0438 -0.0480 0.0890
v 0.0434 -0.0494 0.1288
v 0.0412 -0.0506 0.1371
v 0.0443 -0.0558 0.2490
v 0.0430 -0.0451 0.2617
v 0.0401 -0.0382 -0.4700
v 0.0433 -0.0255 -0.4565
v 0.0440 -0.0275 -0.4343
v 0.0440 -0.0243 -0.3891
v 0.0431 -0.0276 -0.3260
v 0.0406 -0.0345 -0.1977
v 0.0428 -0.0243 -0.1895
v 0.0440 -0.0244 -0.1521
v 0.0416 -0.0384 -0.1301
v 0.0433 -0.0241 0.2734
v 0.0432 -0.0020 -0.4471
v 0.0457 0.0079 -0.4221
v 0.0432 -0.0015 -0.3959
v 0.0434 0.0031 -0.3353
v 0.0429 -0.0043 -0.1803
v 0.0468 -0.0117 -0.1662
v 0.0436 0.0018 0.2766
v 0.0416 0.0236 -0.4440
v 0.0434 0.0233 -0.4248
v 0.0418 0.0189 -0.4048
v 0.0439 0.0268 -0.3414
v 0.0431 0.0263 0.2801
v 0.0399 0.0405 -0.4425
v 0.0406 0.0439 -0.4276
v 0.0431 0.0607 -0.3494
v 0.0441 0.0463 -0.3461
v 0.0433 0.0517 0.2829
v 0.0435 0.0796 -0.3504
v 0.0432 0.0830 0.2752
v 0.0424 0.0964 -0.3494
v 0.0439 0.1057 -0.3470
v 0.0438 0.1066 0.2716
v 0.0430 0.1314 -0.3402
v 0.0439 0.1290 0.2734
v 0.0442 0.1580 -0.3258
v 0.0439 0.1695 -0.3154
v 0.0464 0.1728 -0.0577
v 0.0465 0.1725 0.0002
v 0.0444 0.1711 0.0340
v 0.0443 0.1709 0.0587
v 0.0446 0.1571 0.2785
v 0.0431 0.1819 -0.3000
v 0.0436 0.1942 -0.2772
v 0.0442 0.1988 -0.1371
v 0.0435 0.1909 -0.1185
v 0.0437 0.1818 -0.0942
v 0.0432 0.1753 -0.0650
v 0.0433 0.1756 -0.0303
v 0.0427 0.1750 -0.0021
v 0.0414 0.1742 0.0220
v 0.0415 0.1862 0.0738
v 0.0436 0.1909 0.0803
v 0.0432 0.1851 0.2828
v 0.0433 0.2009 -0.2609
v 0.0426 0.2069 -0.2420
v 0.0432 0.2114 -0.2115
v 0.0433 0.2115 -0.1823
v 0.0433 0.2050 -0.1522
v 0.0437 0.2117 0.0951
v 0.0425 0.2224 0.1095
v 0.0435 0.2114 0.2837
v 0.0462 0.2289 0.1041
v 0.0441 0.2372 0.1188
v 0.0467 0.2461 0.1367
v 0.0457 0.2498 0.1770
v 0.0432 0.2416 0.2826
v 0.0426 0.2442 0.3397
v 0.0435 0.2367 0.3628
v 0.0425 0.2430 0.3934
v 0.0402 0.2520 0.4095
v 0.0427 0.2592 0.1327
v 0.0434 0.2715 0.1432
v 0.0435 0.2646 0.1889
v 0.0447 0.2731 0.2080
v 0.0469 0.2777 0.2281
v 0.0442 0.2661 0.2785
v 0.0412 0.2702 0.2920
v 0.0433 0.2646 0.3279
v 0.0445 0.2651 0.4039
v 0.0412 0.2644 0.4136
v 0.0450 0.3028 0.1322
v 0.0427 0.2928 0.1575
v 0.0445 0.2990 0.1749
v 0.0430 0.2905 0.2124
v 0.0450 0.2958 0.2361
v 0.0461 0.2936 0.2748
v 0.0429 0.2927 0.3056
v 0.0435 0.2939 0.3240
v 0.0451 0.2898 0.4021
v 0.0423 0.2950 0.4115
v 0.0428 0.3082 0.1326
v 0.0426 0.3106 0.1517
v 0.0435 0.3187 0.1761
v 0.0432 0.3119 0.2141
v 0.0433 0.3186 0.2444
v 0.0449 0.3222 0.2636
v 0.0458 0.3172 0.3035
v 0.0454 0.3190 0.3298
v 0.0459 0.3068 0.4082
v 0.0434 0.3158 0.4138
v 0.0414 0.3397 0.1825
v 0.0437 0.3448 0.2116
v 0.0438 0.3468 0.2452
v 0.0434 0.3468 0.2689
v 0.0425 0.3449 0.3029
v 0.0438 0.3458 0.3342
v 0.0455 0.3482 0.3527
v 0.0445 0.3531 0.4054
v 0.0438 0.3407 0.4135
v 0.0415 0.3615 0.2425
v 0.0419 0.3632 0.2700
v 0.0401 0.3600 0.3157
v 0.0411 0.3642 0.3383
v 0.0444 0.3754 0.3600
v 0.0430 0.3749 0.3898
v 0.0431 0.3950 0.3659
v 0.0408 0.3937 0.3805
v 0.0433 0.4180 0.3733
v 0.0432 0.4294 0.3869
v 0.0504 -0.4275 -0.2975
v 0.0509 -0.4367 -0.2699
v 0.0507 -0.4304 -0.2385
v 0.0508 -0.4352 -0.2261
v 0.0507 -0.4265 0.2068
v 0.0511 -0.4336 0.2428
v 0.0506 -0.3885 -0.3267
v 0.0506 -0.4003 -0.3083
v 0.0505 -0.3887 -0.2627
v 0.0505 -0.4018 -0.2493
v 0.0471 -0.3876 0.1962
v 0.0490 -0.3956 0.2100
v 0.0505 -0.4036 0.2342
v 0.0502 -0.3760 -0.3350
v 0.0509 -0.3727 -0.2773
v 0.0502 -0.3705 0.1831
v 0.0485 -0.3735 0.2055
v 0.0502 -0.3445 -0.3329
v 0.0472 -0.3336 -0.2881
v 0.0507 -0.3464 -0.2846
v 0.0497 -0.3455 0.1892
v 0.0494 -0.3523 0.2001
v 0.0483 -0.3076 -0.3883
v 0.0502 -0.3181 -0.3317
v 0.0500 -0.3156 -0.2888
v 0.0518 -0.3265 -0.2872
v 0.0478 -0.3206 0.1898
v 0.0471 -0.2803 -0.4370
v 0.0491 -0.2924 -0.3887
v 0.0478 -0.2899 -0.3676
v 0.0509 -0.2931 -0.3315
v 0.0504 -0.2917 -0.2907
v 0.0484 -0.2917 0.1895
v 0.0501 -0.2627 -0.4440
v 0.0503 -0.2639 -0.4234
v 0.0498 -0.2642 -0.3926
v 0.0485 -0.2663 -0.3697
v 0.0508 -0.2661 -0.3328
v 0.0508 -0.2651 -0.2925
v 0.0497 -0.2550 0.1655
v 0.0504 -0.2664 0.1844
v 0.0485 -0.2602 0.1983
v 0.0511 -0.2381 -0.4519
v 0.0508 -0.2355 -0.4136
v 0.0492 -0.2371 -0.3969
v 0.0500 -0.2390 -0.3698
v 0.0504 -0.2400 -0.3359
v 0.0507 -0.2389 -0.2919
v 0.0506 -0.2394 0.1600
v 0.0537 -0.2523 0.1822
v 0.0507 -0.2373 0.2038
v 0.0509 -0.2116 -0.4520
v 0.0502 -0.2124 -0.4145
v 0.0511 -0.2137 -0.3959
v 0.0498 -0.2137 -0.3697
v 0.0508 -0.2114 -0.3408
v 0.0526 -0.2239 -0.2883
v 0.0507 -0.2118 -0.2815
v 0.0510 -0.2153 0.1568
v 0.0507 -0.2132 0.2071
v 0.0497 -0.1835 -0.4542
v 0.0508 -0.1861 -0.4210
v 0.0510 -0.1858 -0.3939
v 0.0498 -0.1851 -0.3709
v 0.0507 -0.1829 -0.3470
v 0.0504 -0.1869 -0.2735
v 0.0513 -0.1871 0.1538
v 0.0506 -0.1888 0.2061
v 0.0489 -0.1549 -0.4745
v 0.0499 -0.1586 -0.4541
v 0.0500 -0.1578 -0.4207
v 0.0512 -0.1602 -0.3941
v 0.0509 -0.1600 -0.3733
v 0.0503 -0.1600 -0.3342
v 0.0505 -0.1616 -0.2626
v 0.0502 -0.1493 -0.2550
v 0.0514 -0.1620 0.1476
v 0.0505 -0.1612 0.2089
v 0.0510 -0.1357 -0.4729
v 0.0502 -0.1318 -0.4536
v 0.0505 -0.1305 -0.4275
v 0.0512 -0.1368 -0.3926
v 0.0508 -0.1324 -0.3718
v 0.0503 -0.1415 -0.3214
v 0.0505 -0.1279 -0.3142
v 0.0506 -0.1337 -0.2430
v 0.0509 -0.1304 0.1399
v 0.0508 -0.1324 0.2139
v 0.0499 -0.1180 -0.4700
v 0.0506 -0.1078 -0.4548
v 0.0514 -0.1077 -0.4292
v 0.0530 -0.1174 -0.3796
v 0.0505 -0.1088 -0.3708
v 0.0506 -0.1076 -0.3076
v 0.0498 -0.1066 -0.2304
v 0.0521 -0.0960 -0.2257
v 0.0508 -0.1020 0.1322
v 0.0512 -0.1137 0.1372
v 0.0505 -0.1101 0.2191
v 0.0502 -0.0803 -0.4529
v 0.0508 -0.0773 -0.4269
v 0.0521 -0.0741 -0.3879
v 0.0510 -0.0774 -0.3727
v 0.0508 -0.0793 -0.3041
v 0.0505 -0.0801 -0.2200
v 0.0493 -0.0671 -0.0268
v 0.0487 -0.0673 -0.0037
v 0.0511 -0.0811 0.1253
v 0.0506 -0.0898 0.2257
v 0.0500 -0.0751 0.2308
v 0.0504 -0.0534 -0.4493
v 0.0509 -0.0539 -0.4251
v 0.0507 -0.0542 -0.3933
v 0.0490 -0.0607 -0.3750
v 0.0483 -0.0421 -0.3197
v 0.0506 -0.0556 -0.3125
v 0.0503 -0.0565 -0.2051
v 0.0482 -0.0401 -0.1965
v 0.0500 -0.0440 -0.1132
v 0.0498 -0.0526 -0.0929
v 0.0503 -0.0620 -0.0615
v 0.0522 -0.0660 -0.0277
v 0.0516 -0.0656 0.0054
v 0.0511 -0.0609 0.0331
v 0.0512 -0.0526 0.0616
v 0.0514 -0.0461 0.0913
v 0.0507 -0.0515 0.1252
v 0.0505 -0.0547 0.2420
v 0.0474 -0.0412 0.2599
v 0.0499 -0.0280 -0.4474
v 0.0505 -0.0262 -0.4256
v 0.0505 -0.0275 -0.3967
v 0.0501 -0.0248 -0.3265
v 0.0509 -0.0255 -0.1876
v 0.0507 -0.0238 -0.1465
v 0.0504 -0.0357 -0.1287
v 0.0532 -0.0360 0.2546
v 0.0512 -0.0257 0.2661
v 0.0498 -0.0071 -0.4428
v 0.0499 -0.0015 -0.4223
v 0.0492 -0.0067 -0.4030
v 0.0505 0.0012 -0.3338
v 0.0503 -0.0035 -0.1757
v 0.0526 -0.0103 -0.1629
v 0.0506 -0.0032 0.2752
v 0.0487 0.0186 -0.4220
v 0.0508 0.0235 -0.3393
v 0.0509 0.0275 0.2827
v 0.0478 0.0660 -0.3489
v 0.0510 0.0528 -0.3457
v 0.0510 0.0501 0.2854
v 0.0483 0.0759 -0.3491
v 0.0511 0.0823 -0.3477
v 0.0498 0.0807 0.2763
v 0.0509 0.1064 -0.3440
v 0.0503 0.1086 0.2671
v 0.0509 0.1349 -0.3358
v 0.0542 0.1306 0.2574
v 0.0509 0.1330 0.2644
v 0.0508 0.1555 -0.3247
v 0.0509 0.1695 -0.3118
v 0.0518 0.1703 -0.0824
v 0.0505 0.1700 -0.0626
v 0.0503 0.1717 -0.0302
v 0.0507 0.1694 0.0036
v 0.0502 0.1665 0.0328
v 0.0506 0.1668 0.0626
v 0.0534 0.1728 0.0781
v 0.0509 0.1569 0.2720
v 0.0502 0.1808 -0.2967
v 0.0509 0.1915 -0.2748
v 0.0504 0.1991 -0.2562
v 0.0510 0.1965 -0.1420
v 0.0506 0.1849 -0.1174
v 0.0494 0.1764 -0.0928
v 0.0486 0.1740 0.0751
v 0.0503 0.1932 0.0887
v 0.0535 0.1982 0.1098
v 0.0508 0.1857 0.2757
v 0.0502 0.2035 -0.2402
v 0.0507 0.2079 -0.2119
v 0.0507 0.2077 -0.1801
v 0.0502 0.2033 -0.1569
v 0.0504 0.2103 0.0969
v 0.0518 0.2132 0.1199
v 0.0513 0.2189 0.1433
v 0.0509 0.2121 0.2754
v 0.0472 0.2287 0.1033
v 0.0505 0.2363 0.1198
v 0.0521 0.2414 0.1504
v 0.0510 0.2454 0.1842
v 0.0523 0.2485 0.2078
v 0.0533 0.2486 0.2504
v 0.0507 0.2392 0.2680
v 0.0474 0.2497 0.3620
v 0.0470 0.2516 0.3835
v 0.0505 0.2590 0.1313
v 0.0510 0.2653 0.1502
v 0.0501 0.2616 0.1857
v 0.0505 0.2646 0.2154
v 0.0512 0.2688 0.2434
v 0.0488 0.2654 0.2609
v 0.0483 0.2676 0.3413
v 0.0494 0.2665 0.3629
v 0.0484 0.2696 0.3919
v 0.0509 0.2967 0.1280
v 0.0497 0.2903 0.1600
v 0.0503 0.2945 0.1785
v 0.0503 0.2928 0.2090
v 0.0492 0.2884 0.2431
v 0.0478 0.2912 0.2602
v 0.0490 0.2902 0.3403
v 0.0505 0.2926 0.3637
v 0.0496 0.2960 0.3937
v 0.0474 0.3065 0.1326
v 0.0505 0.3174 0.1618
v 0.0506 0.3157 0.1820
v 0.0516 0.3174 0.2088
v 0.0504 0.3233 0.2452
v 0.0513 0.3266 0.2629
v 0.0481 0.3171 0.3438
v 0.0510 0.3233 0.3680
v 0.0518 0.3133 0.3967
v 0.0503 0.3230 0.4118
v 0.0470 0.3328 0.1964
v 0.0500 0.3381 0.2161
v 0.0492 0.3426 0.2383
v 0.0498 0.3437 0.2663
v 0.0508 0.3432 0.3650
v 0.0510 0.3516 0.4009
v 0.0517 0.3382 0.4123
v 0.0501 0.3752 0.3701
v 0.0502 0.3646 0.3880
v 0.0509 0.3967 0.3713
v 0.0498 0.4173 0.3739
v 0.0506 0.4299 0.3870
v 0.0580 -0.4276 -0.2978
v 0.0576 -0.4370 -0.2742
v 0.0587 -0.4286 -0.2378
v 0.0579 -0.4351 -0.2257
v 0.0561 -0.4241 0.2181
v 0.0558 -0.4325 0.2332
v 0.0572 -0.3888 -0.3245
v 0.0584 -0.4016 -0.3067
v 0.0577 -0.3886 -0.2620
v 0.0581 -0.4030 -0.2489
v 0.0563 -0.4089 0.2204
v 0.0549 -0.4063 0.2288
v 0.0581 -0.3746 -0.3334
v 0.0577 -0.3716 -0.2776
v 0.0583 -0.3457 -0.3296
v 0.0578 -0.3453 -0.2844
v 0.0584 -0.3186 -0.3254
v 0.0600 -0.3175 -0.3007
v 0.0565 -0.3277 -0.2872
v 0.0545 -0.2818 -0.3937
v 0.0574 -0.2929 -0.3250
v 0.0589 -0.2931 -0.3058
v 0.0553 -0.2586 -0.4229
v 0.0573 -0.2648 -0.3979
v 0.0580 -0.2627 -0.3246
v 0.0590 -0.2671 -0.3071
v 0.0553 -0.2549 0.1827
v 0.0546 -0.2312 -0.4545
v 0.0583 -0.2387 -0.4226
v 0.0612 -0.2518 -0.4018
v 0.0545 -0.2261 -0.3697
v 0.0585 -0.2419 -0.3300
v 0.0576 -0.2393 -0.2951
v 0.0552 -0.2369 0.1651
v 0.0585 -0.2412 0.1825
v 0.0557 -0.2354 0.1987
v 0.0548 -0.2122 -0.4563
v 0.0582 -0.2129 -0.4194
v 0.0568 -0.2085 -0.3914
v 0.0594 -0.2087 -0.3734
v 0.0579 -0.2140 -0.3373
v 0.0582 -0.2217 -0.2907
v 0.0570 -0.2081 -0.2815
v 0.0558 -0.2095 0.1629
v 0.0595 -0.2091 0.1810
v 0.0568 -0.2097 0.2004
v 0.0548 -0.1873 -0.4569
v 0.0586 -0.1869 -0.4211
v 0.0574 -0.1870 -0.3935
v 0.0579 -0.1897 -0.3718
v 0.0580 -0.1862 -0.3444
v 0.0582 -0.1874 -0.2749
v 0.0570 -0.1834 0.1613
v 0.0584 -0.1852 0.1827
v 0.0569 -0.1872 0.2000
v 0.0558 -0.1686 -0.4530
v 0.0576 -0.1574 -0.4194
v 0.0573 -0.1590 -0.3930
v 0.0575 -0.1601 -0.3739
v 0.0584 -0.1608 -0.3315
v 0.0579 -0.1622 -0.2635
v 0.0573 -0.1495 -0.2544
v 0.0588 -0.1623 0.1588
v 0.0591 -0.1634 0.1771
v 0.0582 -0.1606 0.2045
v 0.0551 -0.1281 -0.4723
v 0.0566 -0.1264 -0.4625
v 0.0575 -0.1337 -0.4219
v 0.0575 -0.1333 -0.3923
v 0.0566 -0.1336 -0.3720
v 0.0571 -0.1425 -0.3199
v 0.0584 -0.1300 -0.3128
v 0.0579 -0.1326 -0.2413
v 0.0579 -0.1338 0.1435
v 0.0580 -0.1312 0.2138
v 0.0552 -0.1190 -0.4700
v 0.0575 -0.1080 -0.4539
v 0.0571 -0.1056 -0.4184
v 0.0585 -0.1048 -0.3904
v 0.0569 -0.1003 -0.3760
v 0.0578 -0.1076 -0.3067
v 0.0579 -0.1110 -0.2300
v 0.0576 -0.0988 -0.2251
v 0.0572 -0.0997 0.1328
v 0.0575 -0.1119 0.1383
v 0.0580 -0.1089 0.2198
v 0.0567 -0.0799 -0.4490
v 0.0575 -0.0798 -0.4238
v 0.0567 -0.0820 -0.3958
v 0.0558 -0.0866 -0.3738
v 0.0581 -0.0797 -0.3046
v 0.0580 -0.0807 -0.2164
v 0.0579 -0.0820 0.1275
v 0.0582 -0.0857 0.2265
v 0.0571 -0.0737 0.2300
v 0.0566 -0.0552 -0.4445
v 0.0575 -0.0530 -0.4233
v 0.0573 -0.0517 -0.4002
v 0.0569 -0.0425 -0.3187
v 0.0582 -0.0551 -0.3123
v 0.0571 -0.0555 -0.2015
v 0.0608 -0.0458 -0.1951
v 0.0575 -0.0423 -0.1109
v 0.0575 -0.0508 -0.0906
v 0.0573 -0.0599 -0.0598
v 0.0577 -0.0638 -0.0300
v 0.0581 -0.0633 -0.0006
v 0.0578 -0.0575 0.0321
v 0.0575 -0.0475 0.0660
v 0.0579 -0.0438 0.0917
v 0.0578 -0.0522 0.1240
v 0.0576 -0.0522 0.2375
v 0.0554 -0.0303 -0.4499
v 0.0574 -0.0292 -0.4226
v 0.0564 -0.0325 -0.4007
v 0.0576 -0.0251 -0.3247
v 0.0575 -0.0252 -0.1846
v 0.0572 -0.0197 -0.1462
v 0.0579 -0.0330 -0.1271
v 0.0574 -0.0343 0.2513
v 0.0569 -0.0230 0.2636
v 0.0557 -0.0070 -0.4260
v 0.0543 -0.0123 -0.4069
v 0.0577 0.0014 -0.3317
v 0.0575 -0.0052 -0.1724
v 0.0583 -0.0081 -0.1611
v 0.0567 0.0010 0.2756
v 0.0587 0.0220 -0.3363
v 0.0578 0.0294 0.2842
v 0.0574 0.0498 -0.3427
v 0.0580 0.0505 0.2861
v 0.0575 0.0802 -0.3449
v 0.0576 0.0808 0.2757
v 0.0583 0.1080 -0.3400
v 0.0573 0.1058 0.2646
v 0.0574 0.1344 -0.3326
v 0.0575 0.1347 0.2537
v 0.0551 0.1201 0.2593
v 0.0578 0.1527 -0.3226
v 0.0580 0.1667 -0.3087
v 0.0602 0.1699 -0.1099
v 0.0581 0.1652 -0.0891
v 0.0575 0.1646 -0.0649
v 0.0573 0.1672 -0.0294
v 0.0579 0.1645 -0.0003
v 0.0578 0.1597 0.0334
v 0.0577 0.1588 0.0638
v 0.0591 0.1685 0.0791
v 0.0596 0.1571 0.2516
v 0.0563 0.1622 0.2636
v 0.0573 0.1771 -0.2949
v 0.0576 0.1871 -0.2744
v 0.0584 0.1960 -0.2469
v 0.0614 0.1989 -0.1701
v 0.0580 0.1940 -0.1498
v 0.0576 0.1795 -0.1218
v 0.0567 0.1930 0.0967
v 0.0588 0.1961 0.1192
v 0.0608 0.1906 0.2521
v 0.0574 0.1842 0.2649
v 0.0568 0.2011 -0.2321
v 0.0578 0.2033 -0.2108
v 0.0577 0.2032 -0.1806
v 0.0566 0.2006 -0.1618
v 0.0560 0.2058 0.1022
v 0.0574 0.2141 0.1226
v 0.0577 0.2206 0.1446
v 0.0602 0.2233 0.1858
v 0.0605 0.2237 0.2105
v 0.0596 0.2146 0.2415
v 0.0571 0.2113 0.2636
v 0.0549 0.2269 0.1055
v 0.0574 0.2363 0.1262
v 0.0576 0.2432 0.1496
v 0.0574 0.2342 0.1852
v 0.0580 0.2410 0.2117
v 0.0571 0.2413 0.2514
v 0.0551 0.2322 0.2612
v 0.0547 0.2727 0.1207
v 0.0580 0.2603 0.1570
v 0.0584 0.2680 0.1777
v 0.0564 0.2604 0.2223
v 0.0561 0.2606 0.2476
v 0.0548 0.2860 0.1239
v 0.0586 0.2995 0.1604
v 0.0586 0.2914 0.1854
v 0.0562 0.2957 0.2021
v 0.0582 0.3112 0.1588
v 0.0570 0.3107 0.1857
v 0.0563 0.3201 0.2082
v 0.0579 0.3179 0.2556
v 0.0576 0.3211 0.2629
v 0.0544 0.3312 0.3781
v 0.0569 0.3238 0.3974
v 0.0562 0.3290 0.4105
v 0.0544 0.3326 0.2229
v 0.0575 0.3388 0.2667
v 0.0563 0.3477 0.3746
v 0.0589 0.3442 0.3918
v 0.0561 0.3356 0.4115
v 0.0544 0.3731 0.3730
v 0.0546 0.3598 0.3828
v 0.0561 0.3980 0.3747
v 0.0579 0.4037 0.3815
v 0.0563 0.4146 0.3761
v 0.0568 0.4214 0.3858
v 0.0653 -0.4252 -0.2980
v 0.0649 -0.4372 -0.2726
v 0.0659 -0.4303 -0.2330
v 0.0638 -0.4355 -0.2266
v 0.0647 -0.3874 -0.3210
v 0.0656 -0.4002 -0.3048
v 0.0652 -0.3895 -0.2646
v 0.0648 -0.4028 -0.2510
v 0.0658 -0.3746 -0.3285
v 0.0653 -0.3732 -0.2804
v 0.0634 -0.3461 -0.3238
v 0.0661 -0.3391 -0.3014
v 0.0640 -0.3513 -0.2857
v 0.0618 -0.3297 -0.3202
v 0.0651 -0.3195 -0.3043
v 0.0666 -0.2797 -0.3873
v 0.0659 -0.2924 -0.3059
v 0.0665 -0.2686 -0.3889
v 0.0653 -0.2616 -0.3616
v 0.0654 -0.2650 -0.3097
v 0.0623 -0.2305 -0.4263
v 0.0661 -0.2415 -0.3934
v 0.0656 -0.2393 -0.3696
v 0.0637 -0.2393 -0.3230
v 0.0659 -0.2453 -0.3090
v 0.0618 -0.2269 0.1825
v 0.0630 -0.2118 -0.4241
v 0.0631 -0.2165 -0.3809
v 0.0648 -0.2120 -0.3675
v 0.0661 -0.2106 -0.3308
v 0.0657 -0.2195 -0.2962
v 0.0650 -0.2040 -0.2845
v 0.0624 -0.2121 0.1843
v 0.0673 -0.1819 -0.4467
v 0.0641 -0.1865 -0.4217
v 0.0659 -0.1804 -0.3912
v 0.0642 -0.1904 -0.3713
v 0.0650 -0.1906 -0.3364
v 0.0650 -0.1849 -0.2780
v 0.0654 -0.1631 -0.4426
v 0.0648 -0.1584 -0.4253
v 0.0650 -0.1598 -0.3941
v 0.0631 -0.1597 -0.3775
v 0.0647 -0.1660 -0.3267
v 0.0663 -0.1505 -0.3105
v 0.0649 -0.1606 -0.2672
v 0.0640 -0.1483 -0.2564
v 0.0628 -0.1519 0.1610
v 0.0636 -0.1554 0.1836
v 0.0636 -0.1551 0.2000
v 0.0652 -0.1349 -0.4194
v 0.0642 -0.1352 -0.4000
v 0.0654 -0.1392 -0.3731
v 0.0648 -0.1333 -0.3061
v 0.0649 -0.1328 -0.2435
v 0.0659 -0.1360 0.1571
v 0.0663 -0.1390 0.1749
v 0.0648 -0.1315 0.2097
v 0.0635 -0.1063 -0.4466
v 0.0640 -0.1031 -0.4270
v 0.0641 -0.1119 -0.3964
v 0.0648 -0.1057 -0.3023
v 0.0655 -0.1092 -0.2304
v 0.0649 -0.0979 -0.2249
v 0.0625 -0.0954 0.1352
v 0.0650 -0.1049 0.1419
v 0.0652 -0.1067 0.2181
v 0.0640 -0.0885 -0.4419
v 0.0647 -0.0804 -0.4264
v 0.0651 -0.0794 -0.3030
v 0.0652 -0.0799 -0.2153
v 0.0644 -0.0801 0.1325
v 0.0671 -0.0883 0.1396
v 0.0654 -0.0837 0.2246
v 0.0636 -0.0714 0.2283
v 0.0667 -0.0618 -0.4411
v 0.0640 -0.0539 -0.4193
v 0.0625 -0.0550 -0.4074
v 0.0653 -0.0539 -0.3108
v 0.0659 -0.0569 -0.2017
v 0.0656 -0.0447 -0.1936
v 0.0625 -0.0412 -0.1088
v 0.0656 -0.0466 -0.0923
v 0.0643 -0.0569 -0.0590
v 0.0649 -0.0604 -0.0290
v 0.0650 -0.0593 0.0004
v 0.0641 -0.0541 0.0294
v 0.0646 -0.0429 0.0615
v 0.0617 -0.0406 0.0933
v 0.0646 -0.0500 0.1264
v 0.0654 -0.0490 0.2337
v 0.0626 -0.0327 -0.4216
v 0.0618 -0.0332 -0.4089
v 0.0646 -0.0267 -0.3212
v 0.0663 -0.0395 -0.3167
v 0.0651 -0.0230 -0.1805
v 0.0643 -0.0181 -0.1427
v 0.0651 -0.0342 -0.1190
v 0.0659 -0.0383 0.0701
v 0.0649 -0.0346 0.0933
v 0.0664 -0.0345 0.1158
v 0.0653 -0.0345 0.2446
v 0.0657 -0.0207 0.2633
v 0.0653 0.0004 -0.3279
v 0.0650 -0.0077 -0.1700
v 0.0655 -0.0059 -0.1613
v 0.0655 -0.0043 0.2728
v 0.0651 0.0249 -0.3336
v 0.0650 0.0275 0.2836
v 0.0645 0.0525 -0.3397
v 0.0654 0.0498 0.2858
v 0.0654 0.0787 -0.3407
v 0.0654 0.0798 0.2740
v 0.0650 0.1050 -0.3368
v 0.0653 0.1164 0.2559
v 0.0654 0.1029 0.2628
v 0.0649 0.1343 -0.3274
v 0.0674 0.1436 0.0635
v 0.0652 0.1319 0.2490
v 0.0628 0.1503 -0.3202
v 0.0650 0.1616 -0.3061
v 0.0681 0.1720 -0.1402
v 0.0650 0.1655 -0.1184
v 0.0649 0.1554 -0.0915
v 0.0653 0.1591 -0.0609
v 0.0654 0.1611 -0.0303
v 0.0652 0.1583 0.0004
v 0.0651 0.1537 0.0293
v 0.0644 0.1502 0.0670
v 0.0656 0.1621 0.0814
v 0.0645 0.1622 0.2423
v 0.0637 0.1737 -0.2913
v 0.0645 0.1826 -0.2710
v 0.0650 0.1913 -0.2423
v 0.0652 0.1964 -0.2115
v 0.0654 0.1963 -0.1808
v 0.0653 0.1856 -0.1523
v 0.0635 0.1758 -0.1312
v 0.0649 0.1799 0.0976
v 0.0654 0.1903 0.1185
v 0.0658 0.1972 0.1464
v 0.0682 0.1982 0.2114
v 0.0641 0.1848 0.2384
v 0.0627 0.2000 -0.2009
v 0.0620 0.2004 -0.1866
v 0.0645 0.2087 0.1262
v 0.0656 0.2191 0.1475
v 0.0654 0.2165 0.1838
v 0.0645 0.2133 0.2080
v 0.0625 0.2058 0.2305
v 0.0643 0.2377 0.1285
v 0.0644 0.2435 0.1490
v 0.0635 0.2389 0.1785
v 0.0619 0.2343 0.2185
v 0.0629 0.2553 0.1533
v 0.0646 0.2684 0.1798
v 0.0645 0.2955 0.1519
v 0.0629 0.2854 0.1878
v 0.0668 0.3031 0.2556
v 0.0640 0.3045 0.2625
v 0.0639 0.3116 0.1511
v 0.0614 0.3059 0.1819
v 0.0641 0.3105 0.2558
v 0.0648 0.3183 0.2650
v 0.0623 0.3340 0.2678
v 0.0615 0.3382 0.3963
v 0.0723 -0.4272 -0.2939
v 0.0723 -0.4374 -0.2705
v 0.0723 -0.4325 -0.2351
v 0.0713 -0.3964 -0.2951
v 0.0731 -0.3953 -0.2765
v 0.0719 -0.4052 -0.2544
v 0.0704 -0.3727 -0.3227
v 0.0719 -0.3727 -0.3003
v 0.0697 -0.3806 -0.2824
v 0.0696 -0.3567 -0.3185
v 0.0722 -0.3477 -0.3016
v 0.0693 -0.3239 -0.3038
v 0.0724 -0.2868 -0.3624
v 0.0717 -0.2624 -0.3946
v 0.0732 -0.2653 -0.3578
v 0.0703 -0.2272 -0.4096
v 0.0729 -0.2364 -0.3991
v 0.0729 -0.2360 -0.3599
v 0.0694 -0.2300 -0.3201
v 0.0697 -0.2335 -0.3131
v 0.0721 -0.2112 -0.4490
v 0.0738 -0.2128 -0.4185
v 0.0726 -0.2148 -0.4025
v 0.0723 -0.2170 -0.3654
v 0.0693 -0.2140 -0.3220
v 0.0718 -0.2107 -0.3024
v 0.0688 -0.2002 -0.2861
v 0.0731 -0.1830 -0.4460
v 0.0733 -0.1815 -0.4217
v 0.0727 -0.1830 -0.3943
v 0.0710 -0.1934 -0.3751
v 0.0693 -0.1857 -0.3213
v 0.0721 -0.1854 -0.3015
v 0.0706 -0.1827 -0.2844
v 0.0713 -0.1655 -0.4432
v 0.0718 -0.1606 -0.4236
v 0.0711 -0.1643 -0.3959
v 0.0737 -0.1480 -0.3776
v 0.0703 -0.1605 -0.2990
v 0.0728 -0.1585 -0.2781
v 0.0736 -0.1234 -0.4624
v 0.0710 -0.1358 -0.4231
v 0.0701 -0.1311 -0.4006
v 0.0717 -0.1431 -0.3744
v 0.0714 -0.1310 -0.2926
v 0.0730 -0.1442 -0.2656
v 0.0725 -0.1317 -0.2482
v 0.0697 -0.1237 0.1601
v 0.0712 -0.1305 0.1789
v 0.0715 -0.1304 0.2026
v 0.0750 -0.1074 -0.4585
v 0.0723 -0.0967 -0.4225
v 0.0696 -0.1175 -0.4034
v 0.0720 -0.1080 -0.2939
v 0.0721 -0.1057 -0.2325
v 0.0710 -0.0947 -0.2259
v 0.0719 -0.1073 0.1563
v 0.0733 -0.1166 0.1686
v 0.0725 -0.1062 0.2129
v 0.0728 -0.0789 -0.4490
v 0.0716 -0.0798 -0.4200
v 0.0719 -0.0776 -0.2987
v 0.0749 -0.0921 -0.2276
v 0.0718 -0.0788 -0.2175
v 0.0688 -0.0683 0.1357
v 0.0719 -0.0790 0.1458
v 0.0723 -0.0794 0.2212
v 0.0692 -0.0651 -0.4427
v 0.0702 -0.0594 -0.4135
v 0.0723 -0.0530 -0.3073
v 0.0725 -0.0560 -0.2038
v 0.0720 -0.0445 -0.1937
v 0.0722 -0.0450 -0.0866
v 0.0720 -0.0521 -0.0611
v 0.0723 -0.0558 -0.0285
v 0.0721 -0.0544 0.0007
v 0.0721 -0.0466 0.0322
v 0.0705 -0.0418 0.0486
v 0.0713 -0.0510 0.1326
v 0.0737 -0.0616 0.1404
v 0.0740 -0.0526 0.2250
v 0.0707 -0.0450 0.2301
v 0.0707 -0.0183 -0.3197
v 0.0723 -0.0312 -0.3148
v 0.0727 -0.0268 -0.1810
v 0.0707 -0.0158 -0.1409
v 0.0720 -0.0297 -0.1195
v 0.0733 -0.0389 -0.1009
v 0.0730 -0.0322 0.0660
v 0.0725 -0.0234 0.0903
v 0.0717 -0.0240 0.1198
v 0.0753 -0.0369 0.2267
v 0.0725 -0.0301 0.2403
v 0.0716 -0.0180 0.2622
v 0.0721 -0.0021 -0.3227
v 0.0718 -0.0094 -0.1695
v 0.0724 -0.0046 -0.1594
v 0.0750 -0.0103 0.1003
v 0.0747 -0.0086 0.1161
v 0.0723 -0.0019 0.2707
v 0.0725 0.0261 -0.3292
v 0.0719 0.0291 0.2823
v 0.0723 0.0521 -0.3349
v 0.0729 0.0491 0.2834
v 0.0728 0.0823 -0.3354
v 0.0721 0.0796 0.2710
v 0.0730 0.1056 -0.3311
v 0.0730 0.1136 0.2534
v 0.0726 0.0988 0.2615
v 0.0719 0.1300 -0.3234
v 0.0737 0.1408 -0.3154
v 0.0738 0.1427 -0.1176
v 0.0729 0.1433 -0.0966
v 0.0758 0.1460 0.0128
v 0.0742 0.1431 0.0331
v 0.0718 0.1366 0.0651
v 0.0735 0.1361 0.0794
v 0.0724 0.1337 0.2441
v 0.0718 0.1567 -0.3028
v 0.0730 0.1702 -0.2812
v 0.0732 0.1625 -0.1490
v 0.0712 0.1519 -0.1238
v 0.0718 0.1482 -0.0858
v 0.0722 0.1537 -0.0595
v 0.0724 0.1551 -0.0300
v 0.0723 0.1517 -0.0001
v 0.0710 0.1484 0.0269
v 0.0726 0.1625 0.0914
v 0.0753 0.1704 0.1063
v 0.0758 0.1724 0.2212
v 0.0718 0.1598 0.2340
v 0.0721 0.1768 -0.2680
v 0.0721 0.1848 -0.2425
v 0.0725 0.1877 -0.2101
v 0.0725 0.1850 -0.1804
v 0.0704 0.1803 -0.1592
v 0.0704 0.1760 0.1022
v 0.0727 0.1825 0.1183
v 0.0729 0.1936 0.1575
v 0.0737 0.1947 0.1804
v 0.0716 0.1922 0.2067
v 0.0699 0.1777 0.2296
v 0.0726 0.2039 0.1223
v 0.0715 0.2155 0.1433
v 0.0708 0.2055 0.1801
v 0.0711 0.2027 0.1982
v 0.0717 0.2335 0.1292
v 0.0719 0.2448 0.1557
v 0.0758 0.2730 0.1454
v 0.0724 0.2619 0.1801
v 0.0757 0.2781 0.2647
v 0.0724 0.2990 0.1498
v 0.0725 0.2958 0.2562
v 0.0736 0.2952 0.2663
v 0.0706 0.3121 0.2685
v 0.0774 -0.4227 -0.2908
v 0.0811 -0.4246 -0.2796
v 0.0794 -0.4337 -0.2413
v 0.0793 -0.4064 -0.2709
v 0.0769 -0.4105 -0.2563
v 0.0776 -0.3094 -0.3793
v 0.0777 -0.3075 -0.3776
v 0.0780 -0.2929 -0.3682
v 0.0783 -0.2642 -0.3607
v 0.0813 -0.2289 -0.4469
v 0.0793 -0.2302 -0.4104
v 0.0776 -0.2331 -0.3930
v 0.0778 -0.2397 -0.3640
v 0.0797 -0.2083 -0.4479
v 0.0794 -0.2113 -0.4132
v 0.0796 -0.2131 -0.3900
v 0.0794 -0.2213 -0.3759
v 0.0779 -0.1928 -0.4460
v 0.0787 -0.1855 -0.4204
v 0.0789 -0.1891 -0.3981
v 0.0766 -0.1700 -0.4181
v 0.0797 -0.1612 -0.3916
v 0.0769 -0.1476 -0.3778
v 0.0767 -0.1482 -0.2784
v 0.0761 -0.1463 -0.3766
v 0.0800 -0.1357 -0.2753
v 0.0794 -0.1261 -0.2520
v 0.0772 -0.1239 0.1867
v 0.0763 -0.1233 0.1990
v 0.0763 -0.1017 -0.4572
v 0.0766 -0.1058 -0.2890
v 0.0805 -0.1098 -0.2842
v 0.0795 -0.1051 -0.2405
v 0.0770 -0.1003 0.1647
v 0.0804 -0.1109 0.1819
v 0.0794 -0.1047 0.2047
v 0.0761 -0.0907 -0.4539
v 0.0790 -0.0771 -0.2916
v 0.0816 -0.0842 -0.2852
v 0.0807 -0.0809 -0.2317
v 0.0784 -0.0734 -0.2225
v 0.0786 -0.0789 0.1601
v 0.0824 -0.0816 0.1704
v 0.0796 -0.0804 0.2136
v 0.0795 -0.0509 -0.3016
v 0.0795 -0.0548 -0.2111
v 0.0778 -0.0420 -0.1945
v 0.0790 -0.0423 -0.0818
v 0.0797 -0.0466 -0.0617
v 0.0785 -0.0512 -0.0313
v 0.0797 -0.0480 0.0015
v 0.0789 -0.0428 0.0252
v 0.0775 -0.0405 0.1332
v 0.0800 -0.0568 0.1508
v 0.0796 -0.0523 0.2182
v 0.0799 -0.0285 -0.3083
v 0.0795 -0.0288 -0.1841
v 0.0797 -0.0238 -0.1200
v 0.0798 -0.0356 -0.0977
v 0.0804 -0.0357 0.0379
v 0.0791 -0.0239 0.0629
v 0.0770 -0.0162 0.0817
v 0.0791 -0.0297 0.1319
v 0.0821 -0.0388 0.1373
v 0.0802 -0.0265 0.2217
v 0.0784 -0.0202 0.2399
v 0.0764 -0.0156 0.2584
v 0.0782 0.0072 -0.3203
v 0.0801 -0.0042 -0.3156
v 0.0795 -0.0060 -0.1694
v 0.0798 0.0016 -0.1589
v 0.0818 -0.0088 0.0727
v 0.0794 0.0009 0.0912
v 0.0789 0.0015 0.1211
v 0.0828 -0.0132 0.2229
v 0.0816 -0.0104 0.2512
v 0.0791 0.0005 0.2647
v 0.0801 0.0276 -0.3239
v 0.0820 0.0160 0.0974
v 0.0825 0.0182 0.1157
v 0.0798 0.0283 0.2769
v 0.0798 0.0525 -0.3292
v 0.0795 0.0506 0.2788
v 0.0793 0.0834 -0.3296
v 0.0794 0.0810 0.2664
v 0.0800 0.1063 -0.3241
v 0.0827 0.1172 -0.3170
v 0.0822 0.1166 0.0670
v 0.0812 0.1147 0.0866
v 0.0797 0.1126 0.2491
v 0.0782 0.0955 0.2601
v 0.0780 0.1236 -0.3201
v 0.0796 0.1359 -0.3109
v 0.0815 0.1407 -0.1473
v 0.0801 0.1330 -0.1191
v 0.0798 0.1389 -0.0887
v 0.0811 0.1439 -0.0671
v 0.0817 0.1450 -0.0289
v 0.0803 0.1424 0.0023
v 0.0795 0.1367 0.0313
v 0.0788 0.1245 0.0633
v 0.0793 0.1298 0.0874
v 0.0825 0.1395 0.2233
v 0.0797 0.1313 0.2371
v 0.0791 0.1532 -0.2967
v 0.0796 0.1660 -0.2753
v 0.0818 0.1724 -0.2533
v 0.0793 0.1669 -0.1738
v 0.0786 0.1540 -0.1578
v 0.0779 0.1482 -0.0608
v 0.0784 0.1490 -0.0319
v 0.0770 0.1477 -0.0064
v 0.0790 0.1566 0.0964
v 0.0803 0.1664 0.1144
v 0.0821 0.1708 0.1859
v 0.0800 0.1597 0.2122
v 0.0781 0.1527 0.2289
v 0.0777 0.1735 -0.2627
v 0.0797 0.1782 -0.2401
v 0.0805 0.1797 -0.2117
v 0.0779 0.1767 -0.1848
v 0.0778 0.1849 0.1226
v 0.0790 0.1838 0.1554
v 0.0792 0.1850 0.1770
v 0.0769 0.1759 0.2059
v 0.0796 0.2060 0.1317
v 0.0774 0.2090 0.1376
v 0.0760 0.1999 0.1752
v 0.0762 0.2265 0.1231
v 0.0762 0.2433 0.1488
v 0.0766 0.2760 0.1455
v 0.0762 0.2540 0.1757
v 0.0800 0.2783 0.2548
v 0.0778 0.2726 0.2635
v 0.0774 0.2884 0.1467
v 0.0784 0.2851 0.2557
v 0.0770 0.2866 0.2666
v 0.0846 -0.4292 -0.2681
v 0.0845 -0.4349 -0.2516
v 0.0832 -0.4109 -0.2765
v 0.0871 -0.2362 -0.4425
v 0.0851 -0.2147 -0.4447
v 0.0870 -0.2057 -0.4297
v 0.0859 -0.2075 -0.4002
v 0.0861 -0.1902 -0.4147
v 0.0856 -0.1807 -0.4052
v 0.0854 -0.1661 -0.3962
v 0.0843 -0.1252 -0.2704
v 0.0834 -0.1228 -0.2565
v 0.0867 -0.1077 -0.2682
v 0.0852 -0.1066 -0.2525
v 0.0845 -0.0991 0.1868
v 0.0841 -0.0953 0.2013
v 0.0835 -0.0684 -0.2890
v 0.0863 -0.0790 -0.2719
v 0.0859 -0.0767 -0.2478
v 0.0859 -0.0787 0.1837
v 0.0856 -0.0783 0.2039
v 0.0865 -0.0510 -0.2936
v 0.0890 -0.0608 -0.2831
v 0.0881 -0.0578 -0.2339
v 0.0867 -0.0472 -0.2180
v 0.0832 -0.0402 -0.0781
v 0.0858 -0.0421 -0.0591
v 0.0870 -0.0436 -0.0297
v 0.0856 -0.0426 -0.0001
v 0.0856 -0.0494 0.1577
v 0.0869 -0.0520 0.1808
v 0.0859 -0.0553 0.2048
v 0.0870 -0.0263 -0.3020
v 0.0880 -0.0375 -0.2059
v 0.0863 -0.0252 -0.1863
v 0.0866 -0.0203 -0.1159
v 0.0861 -0.0326 -0.0921
v 0.0887 -0.0377 -0.0679
v 0.0886 -0.0381 0.0058
v 0.0872 -0.0314 0.0294
v 0.0858 -0.0187 0.0533
v 0.0849 -0.0206 0.1352
v 0.0879 -0.0296 0.1415
v 0.0885 -0.0370 0.1923
v 0.0865 -0.0278 0.2066
v 0.0872 0.0001 -0.3104
v 0.0867 0.0028 -0.1703
v 0.0854 0.0065 -0.1556
v 0.0876 -0.0091 -0.1316
v 0.0867 -0.0000 0.0672
v 0.0847 0.0069 0.0778
v 0.0861 -0.0007 0.1330
v 0.0892 -0.0107 0.1375
v 0.0866 -0.0060 0.2179
v 0.0866 -0.0006 0.2433
v 0.0846 0.0097 0.2610
v 0.0854 0.0333 -0.3204
v 0.0882 0.0264 -0.3155
v 0.0889 0.0273 -0.1687
v 0.0880 0.0236 -0.1634
v 0.0897 0.0188 0.0727
v 0.0870 0.0269 0.0901
v 0.0873 0.0271 0.1211
v 0.0891 0.0182 0.2543
v 0.0863 0.0297 0.2679
v 0.0857 0.0493 -0.3221
v 0.0893 0.0502 -0.3159
v 0.0900 0.0435 -0.1691
v 0.0900 0.0420 -0.1664
v 0.0896 0.0425 0.0989
v 0.0898 0.0426 0.1112
v 0.0867 0.0518 0.2712
v 0.0851 0.0819 -0.3220
v 0.0891 0.0837 -0.3134
v 0.0899 0.0927 0.0735
v 0.0889 0.0863 0.0957
v 0.0898 0.0868 0.1075
v 0.0882 0.0902 0.2555
v 0.0867 0.0794 0.2625
v 0.0846 0.1009 -0.3199
v 0.0875 0.1085 -0.3128
v 0.0889 0.1191 -0.1365
v 0.0889 0.1161 -0.1209
v 0.0898 0.1167 0.0393
v 0.0871 0.1071 0.0640
v 0.0859 0.1030 0.0923
v 0.0902 0.0958 0.1086
v 0.0864 0.1085 0.2444
v 0.0865 0.1329 -0.3023
v 0.0882 0.1386 -0.1710
v 0.0864 0.1327 -0.1533
v 0.0853 0.1238 -0.1192
v 0.0860 0.1313 -0.0889
v 0.0866 0.1376 -0.0642
v 0.0869 0.1386 -0.0307
v 0.0868 0.1345 -0.0017
v 0.0863 0.1277 0.0283
v 0.0851 0.1217 0.0465
v 0.0863 0.1344 0.0998
v 0.0895 0.1385 0.1097
v 0.0902 0.1452 0.1413
v 0.0866 0.1351 0.2166
v 0.0855 0.1252 0.2297
v 0.0846 0.1484 -0.2930
v 0.0872 0.1565 -0.2744
v 0.0873 0.1677 -0.2452
v 0.0883 0.1698 -0.2086
v 0.0866 0.1594 -0.1834
v 0.0839 0.1465 -0.1664
v 0.0846 0.1492 0.1016
v 0.0866 0.1551 0.1236
v 0.0880 0.1646 0.1500
v 0.0868 0.1681 0.1782
v 0.0851 0.1498 0.2027
v 0.0847 0.1740 -0.2345
v 0.0848 0.1749 -0.2098
v 0.0836 0.1734 -0.1952
v 0.0868 0.1968 0.1277
v 0.0844 0.1751 0.1533
v 0.0850 0.1771 0.1745
v 0.0841 0.2008 0.1308
v 0.0957 -0.2553 -0.3997
v 0.0972 -0.2675 -0.3609
v 0.0955 -0.2385 -0.3989
v 0.0973 -0.2271 -0.3780
v 0.0938 -0.2134 -0.4239
v 0.0935 -0.2172 -0.3907
v 0.0973 -0.2254 -0.3785
v 0.0914 -0.1956 -0.4138
v 0.0913 -0.0404 -0.2894
v 0.0937 -0.0513 -0.2720
v 0.0938 -0.0498 -0.2446
v 0.0909 -0.0421 -0.2244
v 0.0912 -0.0420 0.1635
v 0.0919 -0.0409 0.1715
v 0.0929 -0.0249 -0.2939
v 0.0957 -0.0324 -0.2831
v 0.0959 -0.0335 -0.2354
v 0.0938 -0.0312 -0.2136
v 0.0940 -0.0189 -0.1899
v 0.0929 -0.0160 -0.1121
v 0.0934 -0.0252 -0.0919
v 0.0940 -0.0331 -0.0622
v 0.0940 -0.0357 -0.0306
v 0.0940 -0.0319 0.0002
v 0.0935 -0.0217 0.0288
v 0.0935 -0.0289 0.1530
v 0.0949 -0.0304 0.1825
v 0.0927 -0.0207 0.2000
v 0.0941 -0.0011 -0.3004
v 0.0942 -0.0011 -0.1793
v 0.0928 0.0074 -0.1448
v 0.0943 -0.0063 -0.1243
v 0.0960 -0.0067 0.0409
v 0.0930 -0.0002 0.0526
v 0.0916 0.0123 0.1352
v 0.0946 0.0000 0.1408
v 0.0941 0.0043 0.2123
v 0.0922 0.0091 0.2349
v 0.0942 0.0271 -0.3052
v 0.0939 0.0266 -0.1770
v 0.0943 0.0248 -0.1548
v 0.0933 0.0280 0.0670
v 0.0911 0.0371 0.0792
v 0.0932 0.0295 0.1306
v 0.0963 0.0202 0.1385
v 0.0969 0.0150 0.2212
v 0.0945 0.0259 0.2436
v 0.0906 0.0352 0.2604
v 0.0937 0.0533 -0.3032
v 0.0931 0.0553 -0.1737
v 0.0945 0.0516 -0.1615
v 0.0951 0.0521 0.0678
v 0.0918 0.0544 0.0888
v 0.0929 0.0527 0.1176
v 0.0955 0.0477 0.2538
v 0.0932 0.0554 0.2622
v 0.0941 0.0780 -0.2979
v 0.0957 0.0790 -0.1755
v 0.0969 0.0856 -0.1559
v 0.0969 0.0907 -0.1313
v 0.0938 0.0806 0.0666
v 0.0915 0.0743 0.0864
v 0.0935 0.0787 0.1168
v 0.0947 0.0842 0.2523
v 0.0932 0.0738 0.2601
v 0.0935 0.1068 -0.3006
v 0.0956 0.1067 -0.1741
v 0.0942 0.1069 -0.1514
v 0.0936 0.1044 -0.1229
v 0.0950 0.1154 -0.0953
v 0.0974 0.1187 -0.0753
v 0.0959 0.1176 0.0050
v 0.0941 0.1107 0.0322
v 0.0925 0.0989 0.0554
v 0.0941 0.1078 0.1160
v 0.0971 0.1161 0.1561
v 0.0956 0.1138 0.1798
v 0.0939 0.1167 0.2238
v 0.0945 0.1046 0.2360
v 0.0934 0.1273 -0.2930
v 0.0950 0.1399 -0.2760
v 0.0973 0.1454 -0.2539
v 0.0969 0.1458 -0.1970
v 0.0934 0.1325 -0.1794
v 0.0911 0.1227 -0.1602
v 0.0928 0.1230 -0.0870
v 0.0935 0.1278 -0.0600
v 0.0941 0.1275 -0.0306
v 0.0937 0.1238 -0.0029
v 0.0915 0.1217 0.0208
v 0.0935 0.1314 0.1232
v 0.0929 0.1329 0.1538
v 0.0949 0.1327 0.1803
v 0.0940 0.1269 0.2080
v 0.0924 0.1511 -0.2678
v 0.0939 0.1573 -0.2414
v 0.0937 0.1607 -0.2100
v 0.0931 0.1537 -0.1931
v 0.0918 0.1547 0.1570
v 0.0924 0.1627 0.1746
v 0.0904 0.1929 0.1243
v 0.0985 -0.2585 -0.3632
v 0.0992 -0.2268 -0.4181
v 0.0981 -0.2267 -0.3796
v 0.0991 -0.2392 -0.3709
v 0.0984 -0.2224 -0.4180
v 0.0979 -0.2249 -0.3801
v 0.0981 -0.2257 -0.3785
v 0.0994 -0.0245 -0.2712
v 0.1005 -0.0217 -0.2413
v 0.1012 -0.0199 -0.2133
v 0.0981 -0.0148 -0.1924
v 0.1005 -0.0183 -0.0878
v 0.1011 -0.0243 -0.0591
v 0.1012 -0.0246 -0.0280
v 0.1010 -0.0198 -0.0004
v 0.0991 -0.0157 0.0198
v 0.0996 -0.0184 0.1603
v 0.0999 -0.0199 0.1792
v 0.0989 0.0027 -0.2909
v 0.1023 -0.0005 -0.2725
v 0.1035 -0.0091 -0.2500
v 0.1034 -0.0108 -0.2007
v 0.1002 0.0002 -0.1895
v 0.0977 0.0109 -0.1393
v 0.1011 -0.0007 -0.1180
v 0.1027 -0.0101 -0.0999
v 0.1034 -0.0092 0.0095
v 0.1010 0.0004 0.0304
v 0.0977 0.0101 0.0477
v 0.1020 0.0014 0.1524
v 0.1028 -0.0031 0.1872
v 0.0990 0.0025 0.2006
v 0.0991 0.0254 -0.2921
v 0.1027 0.0256 -0.2781
v 0.1009 0.0256 -0.1877
v 0.1004 0.0288 -0.1457
v 0.1033 0.0182 -0.1327
v 0.1028 0.0246 0.0389
v 0.0988 0.0257 0.0509
v 0.0990 0.0377 0.1347
v 0.1015 0.0279 0.1446
v 0.1032 0.0301 0.1913
v 0.1010 0.0250 0.2094
v 0.0986 0.0287 0.2327
v 0.0981 0.0479 -0.2894
v 0.1007 0.0523 -0.2819
v 0.1018 0.0556 -0.1902
v 0.1009 0.0564 -0.1474
v 0.1041 0.0636 -0.1341
v 0.1034 0.0521 0.0408
v 0.0997 0.0535 0.0525
v 0.1000 0.0499 0.1327
v 0.1036 0.0528 0.1467
v 0.1023 0.0523 0.1811
v 0.1039 0.0573 0.2215
v 0.1006 0.0552 0.2427
v 0.0986 0.0928 -0.2900
v 0.1015 0.0764 -0.2810
v 0.1016 0.0788 -0.1884
v 0.0993 0.0751 -0.1466
v 0.1013 0.0807 -0.1264
v 0.1040 0.0928 -0.1037
v 0.1018 0.0835 0.0350
v 0.0988 0.0775 0.0501
v 0.0994 0.0817 0.1308
v 0.1029 0.0805 0.1529
v 0.1026 0.0785 0.1763
v 0.1038 0.0817 0.2098
v 0.1018 0.0764 0.2439
v 0.0985 0.1036 -0.2906
v 0.1027 0.1081 -0.2749
v 0.1044 0.1184 -0.2535
v 0.1040 0.1166 -0.2010
v 0.1011 0.1057 -0.1868
v 0.0998 0.0963 -0.1114
v 0.1007 0.1061 -0.0916
v 0.1021 0.1114 -0.0613
v 0.1016 0.1127 -0.0299
v 0.1015 0.1061 -0.0000
v 0.0998 0.0992 0.0262
v 0.0991 0.1052 0.1300
v 0.1000 0.1042 0.1517
v 0.0997 0.1027 0.1834
v 0.1010 0.1057 0.2117
v 0.1000 0.0994 0.2319
v 0.0998 0.1283 -0.2709
v 0.1017 0.1340 -0.2429
v 0.1015 0.1362 -0.2110
v 0.0993 0.1298 -0.1924
v 0.0982 0.1203 -0.0557
v 0.0978 0.1214 -0.0323
v 0.0980 0.1220 0.1941
v 0.0982 0.1208 0.1994
v 0.0986 0.1485 -0.2332
v 0.0985 0.1496 -0.2132
v 0.1059 -0.0146 -0.2295
v 0.1059 -0.0150 -0.2197
v 0.1054 -0.0135 -0.0810
v 0.1062 -0.0158 -0.0614
v 0.1060 -0.0163 -0.0361
v 0.1059 0.0090 -0.2613
v 0.1089 -0.0028 -0.2404
v 0.1089 -0.0018 -0.2104
v 0.1057 0.0082 -0.1964
v 0.1077 0.0075 -0.1123
v 0.1087 -0.0022 -0.0925
v 0.1099 -0.0077 -0.0609
v 0.1097 -0.0048 -0.0302
v 0.1078 0.0015 -0.0003
v 0.1059 0.0077 0.0191
v 0.1059 0.0061 0.1614
v 0.1062 0.0047 0.1757
v 0.1081 0.0275 -0.2654
v 0.1108 0.0179 -0.2552
v 0.1096 0.0247 -0.2028
v 0.1059 0.0224 -0.1957
v 0.1055 0.0387 -0.1368
v 0.1095 0.0249 -0.1203
v 0.1108 0.0226 0.0051
v 0.1076 0.0270 0.0232
v 0.1061 0.0270 0.1595
v 0.1063 0.0248 0.1767
v 0.1051 0.0389 0.2076
v 0.1089 0.0536 -0.2655
v 0.1117 0.0623 -0.2422
v 0.1090 0.0554 -0.2081
v 0.1053 0.0426 -0.1374
v 0.1090 0.0539 -0.1245
v 0.1108 0.0570 0.0109
v 0.1076 0.0531 0.0260
v 0.1052 0.0502 0.1553
v 0.1055 0.0513 0.1878
v 0.1062 0.0540 0.2062
v 0.1069 0.0768 -0.2666
v 0.1091 0.0787 -0.2433
v 0.1083 0.0777 -0.2116
v 0.1053 0.0877 -0.1947
v 0.1081 0.0751 -0.1125
v 0.1092 0.0839 -0.0953
v 0.1107 0.0893 -0.0605
v 0.1104 0.0871 -0.0276
v 0.1088 0.0810 0.0005
v 0.1064 0.0755 0.0217
v 0.1049 0.0676 0.1516
v 0.1056 0.0739 0.1906
v 0.1053 0.0772 0.2150
v 0.1051 0.0783 0.2299
v 0.1056 0.1031 -0.2621
v 0.1066 0.1067 -0.2407
v 0.1066 0.1056 -0.2118
v 0.1052 0.1009 -0.1952
v 0.1061 0.0965 -0.0850
v 0.1072 0.0995 -0.0583
v 0.1071 0.0989 -0.0323
v 0.1060 0.0974 -0.0110
v 0.1052 0.1209 -0.2311
v 0.1050 0.1229 -0.2200
v 0.1135 0.0072 -0.2358
v 0.1135 0.0068 -0.2190
v 0.1134 0.0092 -0.0894
v 0.1143 0.0059 -0.0620
v 0.1135 0.0084 -0.0343
v 0.1122 0.0373 -0.2577
v 0.1150 0.0268 -0.2400
v 0.1142 0.0256 -0.2163
v 0.1135 0.0317 -0.1117
v 0.1163 0.0261 -0.0920
v 0.1181 0.0275 -0.0623
v 0.1157 0.0267 -0.0294
v 0.1132 0.0290 -0.0059
v 0.1122 0.0436 -0.2578
v 0.1136 0.0522 -0.2407
v 0.1134 0.0476 -0.2222
v 0.1138 0.0490 -0.1114
v 0.1169 0.0541 -0.0913
v 0.1182 0.0526 -0.0621
v 0.1160 0.0540 -0.0289
v 0.1134 0.0511 -0.0043
v 0.1124 0.0668 -0.1066
v 0.1141 0.0726 -0.0866
v 0.1145 0.0756 -0.0613
v 0.1138 0.0745 -0.0346
v 0.1125 0.0692 -0.0101
vn -0.719 -0.535 -0.444
vn 0.485 0.656 -0.578
vn -0.966 -0.145 -0.214
vn -0.983 -0.180 0.042
vn 0.981 0.148 -0.125
vn -0.132 0.989 -0.065
vn 0.803 0.505 -0.315
vn -0.977 -0.001 0.215
vn -0.988 -0.139 -0.066
vn -0.526 0.646 -0.553
vn -0.996 0.082 0.039
vn 0.937 0.341 -0.075
vn 0.981 0.126 -0.147
vn -0.945 0.283 -0.165
vn 0.986 0.113 0.124
vn 0.965 -0.194 -0.178
vn -0.357 0.793 -0.493
vn -0.825 0.457 -0.333
vn -0.985 0.172 0.009
vn 0.999 0.023 -0.023
vn 0.993 0.049 -0.108
vn -0.522 0.674 -0.524
vn -0.962 0.266 0.053
vn 0.991 -0.121 -0.049
vn -0.965 0.192 0.180
vn -0.861 -0.477 -0.176
vn 0.794 0.527 0.304
vn 0.947 0.302 -0.107
vn -0.973 -0.173 -0.153
vn -0.793 -0.586 -0.164
vn -0.812 -0.489 0.318
vn 0.523 0.388 -0.759
vn 0.969 0.245 0.034
vn -0.959 -0.093 -0.269
vn -0.951 -0.309 -0.013
vn 0.913 0.389 -0.123
vn 0.918 0.380 -0.116
vn 0.957 0.189 -0.222
vn -0.960 -0.186 -0.211
vn 0.984 0.143 -0.110
vn 0.935 0.219 0.280
vn 0.879 0.414 0.236
vn -0.961 0.000 0.276
vn -0.966 0.079 0.245
vn -0.979 0.163 -0.119
vn 0.563 0.684 0.464
vn -0.965 -0.258 0.046
vn 0.937 0.143 -0.317
vn -0.981 0.055 -0.184
vn -0.479 0.751 0.454
vn 0.519 -0.045 -0.853
vn 0.865 0.172 0.471
vn 0.910 -0.410 0.064
vn -0.689 -0.699 0.191
vn 0.948 -0.018 -0.319
vn -0.972 -0.032 -0.231
vn 0.999 0.013 0.037
vn -0.969 0.126 0.212
vn 1.000 -0.003 -0.005
vn 0.878 0.350 -0.327
vn -0.959 -0.125 0.255
vn -0.988 0.056 -0.144
vn 0.983 -0.178 0.049
vn -0.880 0.016 -0.474
vn 0.079 0.669 -0.739
vn -0.992 0.099 -0.075
vn -0.896 0.413 -0.162
vn 0.808 0.097 0.581
vn 0.986 -0.166 -0.011
vn 0.966 -0.206 0.159
vn 0.983 -0.017 -0.183
vn 0.995 -0.103 -0.007
vn 0.993 0.122 -0.001
vn -0.053 -0.527 0.848
vn -0.971 0.131 -0.199
vn 0.998 -0.063 0.028
vn 0.990 0.053 -0.134
vn 0.246 0.351 0.904
vn -0.916 0.383 -0.123
vn 0.951 -0.292 0.103
vn 0.995 0.097 -0.001
vn 0.980 -0.118 -0.160
vn -0.985 0.160 -0.066
vn 0.983 -0.175 -0.053
vn -0.271 -0.834 -0.481
vn -0.623 0.311 0.717
vn -0.900 -0.417 0.128
vn 0.869 0.306 -0.389
vn -0.804 -0.539 -0.251
vn 0.764 0.637 0.102
vn -0.761 -0.632 -0.147
vn 0.880 0.451 -0.149
vn 0.516 0.729 -0.449
vn -0.337 -0.338 -0.879
vn -0.922 0.117 -0.368
vn 0.982 0.029 0.189
vn 0.979 0.187 0.086
vn -0.896 -0.409 0.171
vn 0.844 0.220 -0.489
vn -0.892 -0.306 -0.333
vn -0.557 0.829 -0.048
vn -0.990 -0.117 0.077
vn -0.981 -0.076 0.179
vn 0.872 0.218 -0.438
vn 0.926 0.285 0.247
vn 0.957 0.259 -0.131
vn 0.901 0.366 -0.233
vn 0.636 0.741 0.217
vn 0.925 0.039 0.378
vn -0.765 -0.061 0.641
vn 0.179 0.199 0.963
vn 0.764 0.525 0.375
vn -0.923 -0.323 0.210
vn 0.469 -0.382 -0.796
vn -0.956 0.012 -0.293
vn 0.985 0.149 -0.092
vn -0.663 -0.112 0.740
vn -0.959 -0.284 0.024
vn -0.846 0.387 -0.367
vn -0.960 0.096 -0.264
vn 0.919 -0.046 0.391
vn 0.757 0.059 -0.651
vn 0.973 0.222 0.071
vn 0.869 -0.449 0.207
vn -0.957 0.099 0.272
vn 0.976 -0.027 -0.217
vn -0.936 -0.051 -0.347
vn 0.331 -0.275 0.903
vn -0.422 0.876 0.234
vn -0.923 -0.020 0.384
vn -0.979 -0.009 0.203
vn -0.998 -0.051 -0.031
vn 0.940 -0.023 0.340
vn 0.945 0.033 0.326
vn 0.957 -0.041 -0.288
vn 0.970 -0.197 -0.140
vn 0.957 -0.209 0.202
vn 0.985 -0.140 0.096
vn -0.935 0.310 0.172
vn -0.951 0.174 0.257
vn -0.938 -0.000 -0.347
vn 0.139 0.005 0.990
vn 0.994 -0.085 0.068
vn -0.995 0.081 0.065
vn -0.973 -0.143 0.181
vn 0.154 0.097 -0.983
vn 0.961 0.122 0.249
vn 1.000 0.015 -0.018
vn -0.866 0.470 0.168
vn -0.898 0.214 0.385
vn -0.890 0.377 -0.257
vn -0.738 0.549 -0.392
vn -0.515 0.832 -0.208
vn -0.861 0.509 0.018
vn -0.642 0.766 -0.029
vn 0.898 -0.407 -0.170
vn -0.995 0.077 -0.061
vn 0.996 -0.086 0.019
vn 0.868 0.451 -0.207
vn -0.988 0.146 -0.052
vn 0.976 0.216 -0.018
vn -0.402 0.749 -0.527
vn 0.992 -0.005 -0.122
vn -0.973 0.231 -0.028
vn 0.931 0.136 0.340
vn 0.874 -0.474 -0.103
vn 0.875 -0.447 -0.185
vn -0.987 0.132 -0.089
vn 0.902 -0.397 -0.173
vn 0.925 -0.260 -0.277
vn -0.949 0.279 -0.145
vn 0.648 0.641 0.412
vn 0.860 0.497 0.114
vn 0.710 -0.597 -0.374
vn 0.936 0.283 -0.211
vn 0.946 -0.158 -0.282
vn -0.953 0.182 0.244
vn -0.955 -0.183 -0.232
vn -0.792 -0.500 -0.351
vn 0.988 0.150 -0.045
vn -0.265 0.335 0.904
vn 0.419 0.852 -0.313
vn -0.806 -0.514 -0.295
vn -0.783 -0.558 -0.277
vn 0.678 0.735 0.015
vn -0.343 0.939 -0.017
vn -0.887 -0.463 -0.001
vn -0.818 -0.575 0.033
vn 0.697 -0.038 -0.716
vn -0.775 -0.616 0.141
vn 0.964 0.110 -0.243
vn 0.997 -0.025 -0.076
vn -0.967 0.149 -0.205
vn 0.656 0.679 0.329
vn -0.276 -0.329 0.903
vn -0.884 -0.290 -0.367
vn -0.141 0.909 -0.391
vn 0.694 0.528 -0.489
vn 0.821 0.254 -0.511
vn 0.798 0.290 0.529
vn -0.623 0.758 0.193
vn 0.663 0.410 -0.626
vn 0.896 -0.010 0.443
vn -0.772 -0.051 0.633
vn 0.899 0.247 0.361
vn -0.964 -0.200 0.176
vn 0.975 0.149 -0.166
vn 0.696 0.498 0.517
vn 0.807 0.540 0.239
vn -0.931 -0.323 0.168
vn 0.822 0.570 -0.003
vn 0.903 0.169 -0.395
vn -0.961 0.032 -0.276
vn -0.839 0.544 0.027
vn 0.617 0.002 -0.787
vn 0.179 0.835 0.520
vn -0.965 0.039 0.259
vn 0.512 0.709 -0.486
vn 0.969 0.098 0.228
vn -0.936 -0.175 0.305
vn 0.755 0.655 -0.040
vn 0.677 0.300 0.672
vn 0.429 -0.121 0.895
vn 0.980 -0.197 0.015
vn 0.942 -0.312 -0.121
vn -0.959 0.249 0.135
vn 0.149 0.982 -0.114
vn 0.980 0.075 0.185
vn -0.584 0.381 0.717
vn 0.573 0.553 0.605
vn 0.915 -0.170 0.367
vn -0.980 0.040 0.192
vn -0.535 -0.561 -0.632
vn 0.519 -0.349 -0.780
vn 0.896 -0.433 0.100
vn -0.958 0.272 0.094
vn 0.923 -0.298 -0.245
vn -0.714 -0.336 0.614
vn 0.934 -0.125 0.334
vn -0.980 0.200 0.026
vn 0.875 0.315 0.367
vn 0.741 -0.348 -0.574
vn 0.089 0.985 0.145
vn 0.519 0.756 -0.400
vn 0.266 0.929 -0.258
vn 0.950 -0.297 0.096
vn -0.771 -0.492 -0.404
vn -0.985 0.171 0.007
vn 0.792 -0.580 0.190
vn -0.834 0.547 -0.075
vn -0.877 0.477 0.051
vn 0.884 -0.455 -0.105
vn -0.908 0.413 0.069
vn 0.847 -0.057 0.529
vn -0.957 0.287 -0.045
vn 0.757 -0.284 -0.588
vn -0.774 -0.535 -0.338
vn -0.842 0.470 -0.266
vn 0.954 -0.290 0.081
vn 0.978 -0.189 -0.086
vn 0.920 0.230 0.317
vn -0.987 0.036 -0.155
vn 0.984 -0.176 -0.020
vn -0.854 0.506 -0.124
vn -0.996 -0.063 -0.069
vn -0.767 0.547 0.335
vn -0.644 0.446 -0.622
vn 0.813 -0.566 -0.137
vn -0.937 -0.157 0.311
vn 0.786 -0.215 0.580
vn -0.973 -0.176 -0.150
vn 0.672 0.232 -0.703
vn 0.954 -0.146 0.261
vn -0.878 0.188 0.440
vn -0.932 0.197 -0.304
vn -0.969 -0.217 -0.119
vn -0.876 -0.178 0.449
vn 0.950 0.302 0.079
vn 0.874 0.364 0.323
vn -0.924 -0.321 0.208
vn -0.704 -0.588 -0.398
vn -0.649 -0.744 -0.160
vn 0.156 -0.162 0.974
vn -0.704 -0.697 -0.140
vn 0.630 0.776 0.018
vn 0.339 0.722 -0.603
vn -0.847 -0.303 -0.437
vn 0.734 0.670 -0.109
vn 0.805 0.237 0.544
vn -0.876 0.035 0.482
vn -0.691 -0.426 -0.584
vn -0.514 0.718 0.470
vn -0.922 -0.246 0.298
vn 0.598 0.656 -0.462
vn -0.535 -0.701 -0.472
vn -0.995 -0.094 0.020
vn -0.950 0.211 -0.230
vn -0.520 0.674 -0.525
vn -0.835 -0.360 0.416
vn 0.852 0.377 -0.363
vn -0.947 -0.226 -0.227
vn 0.987 0.144 0.069
vn 0.989 0.019 -0.150
vn -0.563 0.639 -0.523
vn 0.997 0.062 0.039
vn -0.782 -0.199 0.591
vn 0.256 0.866 0.430
vn 0.063 0.850 0.523
vn -0.657 -0.383 -0.649
vn 0.910 0.319 -0.266
vn 0.790 0.281 0.545
vn -0.301 -0.855 -0.422
vn 0.280 0.806 0.522
vn -0.999 0.032 -0.031
vn 0.475 0.561 -0.678
vn -0.736 0.003 -0.677
vn 0.761 0.130 0.636
vn 0.993 -0.028 -0.118
vn -0.939 0.208 0.274
vn -0.937 -0.207 0.283
vn 0.910 0.369 -0.190
vn -0.627 0.473 -0.619
vn -0.684 -0.302 -0.664
vn 0.707 0.433 -0.559
vn 0.753 0.305 -0.584
vn -0.728 0.360 -0.583
vn 0.831 0.112 0.545
vn 0.722 0.402 0.562
vn 0.581 0.097 0.808
vn 0.981 0.160 0.110
vn -0.968 -0.228 0.105
vn -0.688 0.145 0.712
vn -0.801 0.007 -0.599
vn 0.898 -0.086 0.431
vn -0.973 0.221 0.072
vn -0.721 0.228 0.654
vn -0.426 0.465 0.776
vn -0.551 0.438 0.710
vn -0.790 0.088 -0.606
vn 0.929 -0.097 0.357
vn 0.935 -0.338 -0.111
vn 0.821 -0.543 -0.176
vn 0.227 0.974 0.015
vn 0.802 0.212 -0.559
vn 0.970 -0.021 0.243
vn 0.716 -0.572 -0.401
vn -0.651 0.376 0.659
vn 0.960 0.042 -0.278
vn 0.995 -0.096 0.000
vn 0.920 -0.244 -0.307
vn -0.894 0.404 0.193
vn 0.296 0.749 -0.593
vn 0.764 -0.623 0.171
vn -0.810 0.583 -0.064
vn -0.651 0.722 0.235
vn 0.868 -0.483 -0.118
vn -0.107 0.965 -0.240
vn 0.910 -0.342 -0.234
vn 0.993 -0.062 -0.096
vn 0.956 -0.152 0.253
vn 0.982 -0.156 0.104
vn 0.220 -0.093 -0.971
vn 0.933 0.260 0.250
vn -0.884 0.318 0.344
vn -0.070 0.761 -0.645
vn 0.965 -0.242 0.100
vn 0.924 -0.350 0.158
vn 0.798 -0.590 -0.118
vn -0.915 0.320 0.246
vn 0.370 -0.911 -0.184
vn -0.789 0.294 -0.540
vn 0.822 0.247 0.514
vn 0.947 -0.314 0.062
vn -0.987 -0.081 0.141
vn 0.809 -0.541 -0.229
vn -0.298 0.938 -0.180
vn 0.670 -0.734 -0.108
vn -0.904 0.423 -0.068
vn 0.894 -0.390 -0.219
vn -0.923 0.358 -0.141
vn -0.860 0.505 0.074
vn 0.341 -0.903 -0.261
vn -0.982 -0.162 -0.101
vn -0.975 -0.201 0.093
vn -0.001 0.234 0.972
vn -0.961 0.025 0.275
vn 0.470 0.686 -0.555
vn -0.899 -0.341 -0.273
vn -0.995 -0.040 0.090
vn 0.974 0.226 0.012
vn -0.948 -0.027 -0.316
vn 0.951 -0.220 0.218
vn -0.892 0.269 0.363
vn -0.620 -0.304 0.723
vn -0.616 0.677 -0.403
vn -0.922 -0.226 0.315
vn 0.974 -0.225 0.011
vn -0.598 0.395 -0.697
vn 0.184 0.242 -0.953
vn 0.848 0.243 -0.471
vn 0.866 -0.471 0.170
vn 0.953 0.296 -0.058
vn 0.978 -0.079 0.193
vn -0.970 -0.177 0.167
vn 0.948 -0.081 -0.309
vn 0.991 -0.077 -0.110
vn 0.464 -0.793 0.394
vn 0.936 0.244 -0.253
vn -0.682 -0.243 -0.690
vn -0.970 0.063 -0.237
vn -0.989 -0.085 -0.119
vn 0.665 -0.028 -0.746
vn -0.892 -0.199 -0.405
vn 0.671 -0.634 0.384
vn -0.684 0.480 -0.549
vn 0.743 0.254 0.619
vn -0.902 -0.414 0.124
vn -0.206 -0.567 -0.797
vn -0.502 -0.863 -0.064
vn 0.993 0.043 -0.107
vn 0.937 0.195 0.291
vn 0.764 0.476 0.436
vn -0.968 -0.229 0.098
vn -0.901 -0.218 0.376
vn 0.749 0.454 0.483
vn 0.919 0.344 0.194
vn -0.960 -0.120 0.252
vn 0.871 0.349 -0.346
vn -0.624 -0.751 -0.215
vn 0.178 0.973 0.150
vn -0.627 -0.779 -0.012
vn -0.681 -0.522 0.514
vn 0.717 0.664 -0.212
vn -0.783 -0.075 -0.617
vn 0.292 0.707 -0.644
vn -0.434 -0.201 0.878
vn 0.573 0.016 -0.820
vn -0.626 0.397 -0.671
vn -0.725 -0.446 -0.525
vn -0.916 -0.169 0.363
vn 0.742 0.605 -0.290
vn 0.411 -0.854 -0.319
vn 0.626 0.712 0.318
vn -0.652 -0.713 0.258
vn 0.725 0.159 -0.670
vn 0.917 0.309 -0.253
vn -0.360 -0.454 -0.815
vn 0.961 -0.056 -0.270
vn 0.882 0.291 -0.371
vn 0.856 0.262 -0.446
vn 0.578 0.394 0.714
vn -0.636 -0.411 -0.653
vn -0.501 -0.506 0.702
vn 0.849 0.178 -0.497
vn -0.999 -0.007 -0.053
vn -0.990 -0.142 0.010
vn -0.885 -0.334 -0.324
vn 0.379 -0.747 -0.547
vn 0.920 0.389 0.042
vn -0.957 -0.216 0.194
vn -0.729 0.638 -0.248
vn 0.597 0.272 0.754
vn -0.979 -0.092 0.185
vn 0.814 0.542 0.211
vn 0.018 0.453 0.891
vn 0.841 0.018 0.541
vn -0.807 0.235 0.543
vn -0.467 -0.265 -0.844
vn -0.221 0.002 -0.975
vn 0.818 -0.055 -0.572
vn 0.951 -0.036 -0.306
vn -0.959 0.229 0.165
vn 0.964 0.088 0.252
vn 0.106 0.284 0.953
vn 0.575 -0.375 -0.728
vn -0.532 0.342 -0.774
vn 0.896 -0.309 -0.318
vn -0.852 0.509 0.124
vn 0.264 -0.397 -0.879
vn -0.486 0.852 -0.193
vn 0.982 0.129 -0.141
vn 0.831 -0.555 0.016
vn -0.801 0.592 0.089
vn -0.954 0.298 0.043
vn -0.474 0.880 0.038
vn 0.416 0.458 -0.786
vn -0.879 0.325 0.349
vn 0.966 0.015 0.259
vn -0.592 0.604 -0.533
vn 0.839 -0.479 0.257
vn 0.731 0.521 -0.440
vn -0.880 0.399 0.259
vn -0.951 0.209 0.229
vn -0.620 0.720 -0.311
vn -0.738 0.675 -0.008
vn 0.760 -0.640 -0.115
vn 0.413 0.682 0.603
vn 0.955 0.291 0.062
vn -0.871 0.439 0.222
vn -0.676 0.736 -0.027
vn 0.939 -0.046 -0.341
vn -0.297 0.899 -0.322
vn 0.799 -0.585 0.135
vn 0.569 0.413 -0.711
vn 0.861 -0.475 -0.182
vn 0.920 -0.335 0.206
vn 0.898 -0.432 0.086
vn 0.950 -0.308 -0.044
vn 0.810 -0.474 -0.347
vn -0.872 -0.006 -0.489
vn -0.944 0.326 0.043
vn -0.951 0.174 0.256
vn 0.875 0.329 0.356
vn -0.986 0.010 -0.166
vn 0.481 0.375 -0.792
vn -0.915 -0.398 0.069
vn 0.006 0.132 0.991
vn -0.634 -0.411 0.655
vn -0.026 0.412 -0.911
vn -0.561 -0.828 0.003
vn -0.862 0.499 -0.093
vn -0.930 -0.192 0.313
vn -0.623 -0.060 -0.780
vn -0.947 -0.152 0.284
vn -0.156 0.787 -0.598
vn 0.000 0.000 0.000
vn 0.333 -0.343 0.878
vn -0.917 0.399 0.009
vn 0.657 -0.437 -0.614
vn 0.000 0.000 0.000
vn 0.912 -0.385 0.142
vn 0.503 0.056 -0.863
vn 0.000 0.000 0.000
vn 0.848 -0.252 -0.466
vn -0.965 -0.080 0.250
vn -0.666 0.547 -0.507
vn 0.348 0.615 0.707
vn 0.577 0.594 0.560
vn -0.235 -0.001 -0.972
vn -0.988 -0.031 -0.150
vn -0.861 -0.480 0.169
vn -0.710 -0.242 -0.661
vn 0.950 -0.223 -0.220
vn 0.916 0.075 0.393
vn -0.731 -0.109 0.674
vn 0.000 0.000 0.000
vn -0.966 -0.149 -0.212
vn 0.973 0.225 -0.041
vn -0.242 -0.958 -0.153
vn -0.983 -0.180 -0.021
vn 0.609 -0.750 -0.257
vn 0.864 0.014 0.504
vn 0.678 -0.732 -0.068
vn 0.752 -0.488 -0.444
vn 0.849 -0.518 0.106
vn 0.905 -0.257 -0.339
vn 0.901 -0.284 -0.328
vn 0.142 0.286 -0.948
vn -0.587 -0.232 -0.776
vn -0.930 -0.126 0.346
vn -0.846 0.059 0.530
vn -0.289 -0.142 -0.947
vn 0.672 0.440 0.595
vn 0.911 0.397 0.117
vn -0.340 -0.284 0.896
vn 0.938 0.123 0.325
vn 0.810 0.352 0.470
vn -0.947 -0.038 0.318
vn 0.662 0.108 -0.742
vn 0.987 0.075 0.141
vn -0.982 -0.085 0.166
vn -0.627 -0.505 -0.593
vn 0.729 0.470 0.498
vn -0.907 -0.075 0.414
vn -0.922 0.225 0.315
vn -0.446 -0.851 -0.277
vn 0.423 0.882 0.208
vn -0.898 -0.440 -0.017
vn -0.527 -0.831 0.177
vn -0.652 -0.712 0.259
vn 0.793 0.571 -0.212
vn -0.478 -0.346 -0.807
vn 0.949 -0.069 0.308
vn 0.990 0.075 -0.123
vn -0.710 -0.361 -0.604
vn 0.713 0.475 0.516
vn -0.194 0.539 -0.820
vn -0.107 -0.810 -0.577
vn -0.504 -0.726 -0.468
vn 0.462 0.792 0.400
vn -0.369 -0.915 0.163
vn -0.949 -0.298 -0.103
vn -0.980 -0.122 -0.160
vn -0.810 -0.316 -0.494
vn 0.975 -0.040 -0.218
vn 0.575 -0.092 -0.813
vn -0.668 -0.248 -0.702
vn -0.437 -0.260 -0.861
vn -0.390 -0.297 0.871
vn 0.515 0.828 0.221
vn -0.958 -0.265 0.110
vn -0.975 -0.199 0.100
vn -0.516 -0.479 0.710
vn 0.540 0.209 0.815
vn -0.468 -0.146 0.871
vn -0.463 -0.138 -0.876
vn -0.661 0.646 0.381
vn -0.574 0.126 -0.809
vn -0.667 0.227 -0.710
vn 0.544 -0.227 0.808
vn -0.564 0.388 0.729
vn 0.426 -0.398 -0.813
vn -0.599 0.326 -0.732
vn 0.644 -0.461 0.611
vn 0.967 -0.241 0.082
vn 0.137 0.947 -0.292
vn -0.782 0.610 0.132
vn -0.873 0.484 0.053
vn -0.909 0.039 -0.414
vn 0.655 -0.516 0.553
vn -0.540 0.644 -0.542
vn 0.635 -0.660 0.401
vn -0.898 0.371 0.235
vn 0.998 0.049 -0.035
vn -0.369 0.923 -0.113
vn 0.641 -0.767 -0.009
vn -0.627 0.657 -0.419
vn 0.789 -0.592 -0.166
vn -0.830 0.541 0.134
vn 0.500 -0.638 0.586
vn 0.903 0.331 0.272
vn -0.711 0.637 -0.297
vn 0.882 0.411 0.229
vn -0.553 0.785 -0.279
vn 0.607 -0.772 0.190
vn -0.803 0.590 0.079
vn 0.907 -0.401 -0.126
vn 0.922 -0.312 -0.231
vn 0.906 -0.349 0.240
vn -0.588 0.776 -0.229
vn 0.521 -0.663 0.538
vn 0.866 -0.471 -0.167
vn 0.953 -0.295 -0.070
vn -0.728 0.661 -0.182
vn -0.973 0.227 -0.029
vn 0.946 -0.310 -0.101
vn -0.796 -0.449 -0.405
vn -0.027 -0.985 0.172
vn 0.683 0.642 0.347
vn -0.974 -0.072 -0.213
vn 0.781 -0.589 -0.209
vn -0.984 -0.074 -0.165
vn 0.999 -0.026 -0.039
vn -0.105 0.171 -0.980
vn -0.701 -0.698 0.144
vn -0.887 0.070 -0.456
vn -0.903 -0.339 -0.262
vn -0.299 0.214 0.930
vn -0.934 -0.190 0.304
vn -0.386 0.758 -0.525
vn 0.895 -0.030 0.444
vn 0.730 -0.583 -0.356
vn -0.931 0.015 0.366
vn -0.982 0.125 -0.142
vn -0.870 -0.197 0.452
vn 0.377 0.924 -0.062
vn -0.902 0.290 -0.322
vn -0.711 -0.207 0.672
vn -0.107 0.819 -0.564
vn 0.902 -0.317 0.292
vn -0.975 -0.219 0.047
vn 0.953 0.142 -0.268
vn -0.468 -0.097 -0.878
vn 0.000 0.000 0.000
vn -0.770 0.533 0.350
vn 0.960 0.280 -0.020
vn 0.993 -0.106 0.050
vn -0.989 -0.072 0.128
vn -0.582 0.646 -0.494
vn 0.000 0.000 0.000
vn 0.322 0.143 0.936
vn 0.616 -0.757 0.219
vn -0.730 0.153 -0.667
vn 0.473 0.805 -0.358
vn 0.285 -0.079 -0.955
vn -0.449 -0.489 0.748
vn -0.449 0.777 -0.441
vn -0.477 0.534 -0.698
vn 1.000 0.018 -0.026
vn 0.831 0.260 -0.492
vn 0.973 -0.027 0.231
vn -0.691 0.215 0.690
vn 0.565 0.529 -0.633
vn -0.161 0.987 -0.013
vn 0.773 0.634 0.018
vn 0.994 -0.078 0.079
vn 0.977 -0.010 -0.211
vn -0.038 -0.587 -0.808
vn -0.619 -0.672 -0.406
vn -0.682 -0.188 -0.707
vn 0.000 0.000 0.000
vn 0.582 0.460 -0.671
vn 0.848 -0.258 -0.463
vn 0.956 0.286 0.069
vn 0.814 0.045 0.578
vn -0.740 -0.317 0.594
vn -0.747 0.465 -0.475
vn 0.992 -0.061 -0.106
vn 0.991 -0.034 -0.131
vn 0.956 0.072 -0.284
vn -0.340 -0.284 0.896
vn 0.753 -0.180 0.633
vn -0.660 -0.339 0.670
vn -0.764 -0.192 -0.616
vn -0.819 -0.212 0.534
vn -0.198 -0.763 -0.616
vn 0.059 0.629 0.775
vn -0.711 0.187 0.678
vn -0.755 -0.372 0.540
vn 0.656 -0.266 0.706
vn 0.364 0.657 0.660
vn -0.744 -0.161 0.648
vn 0.465 0.147 -0.873
vn 0.559 -0.693 -0.454
vn 0.928 0.274 0.252
vn -0.636 -0.214 -0.741
vn 0.957 -0.267 -0.115
vn 0.569 -0.817 0.095
vn 0.353 0.585 0.730
vn 0.231 0.557 0.798
vn -0.825 -0.037 0.564
vn -0.787 -0.463 -0.408
vn -0.644 -0.754 -0.129
vn 0.379 0.897 0.230
vn 0.697 0.717 -0.010
vn -0.484 -0.862 0.151
vn 0.955 0.295 -0.009
vn 0.535 0.456 -0.711
vn -0.166 0.986 0.004
vn -0.997 -0.080 -0.012
vn 0.542 -0.601 -0.587
vn -0.981 -0.182 0.066
vn 0.470 0.614 0.634
vn -0.311 0.675 -0.669
vn 0.036 -0.932 -0.360
vn 0.336 0.847 0.411
vn -0.618 -0.763 0.190
vn 0.080 -0.788 -0.611
vn -0.934 -0.304 -0.189
vn 0.873 0.404 0.272
vn 0.341 0.189 -0.921
vn 0.071 0.478 0.875
vn -0.593 0.617 0.518
vn 0.528 -0.295 0.796
vn 0.791 0.425 0.440
vn 0.859 0.066 -0.508
vn 0.995 -0.006 0.097
vn -0.148 -0.142 0.979
vn 0.408 0.229 0.884
vn 0.066 0.814 0.577
vn -0.384 0.130 -0.914
vn 0.513 -0.323 -0.795
vn 0.539 -0.165 0.826
vn 0.473 -0.279 -0.835
vn 0.329 -0.396 -0.857
vn -0.131 -0.233 -0.964
vn -0.610 0.757 0.233
vn 0.489 -0.538 -0.686
vn 0.909 -0.190 0.372
vn 0.682 -0.572 0.456
vn -0.924 0.332 0.192
vn -0.606 0.790 0.092
vn -0.783 0.460 -0.418
vn 0.553 -0.832 -0.044
vn -0.230 -0.496 -0.837
vn -0.528 0.841 0.119
vn 0.291 -0.262 -0.920
vn 0.720 -0.532 0.445
vn -0.448 -0.353 0.821
vn 0.994 -0.104 -0.040
vn 0.630 -0.618 0.469
vn 0.675 -0.724 0.140
vn -0.791 0.600 -0.119
vn -0.812 0.355 0.462
vn -0.952 0.281 0.119
vn 0.846 -0.443 -0.297
vn -0.631 0.633 -0.448
vn -0.650 0.735 -0.194
vn 0.852 -0.480 0.210
vn -0.661 0.707 0.250
vn 0.965 0.180 0.188
vn 0.449 -0.888 -0.099
vn 0.686 -0.715 -0.136
vn 0.251 -0.874 0.416
vn 0.947 -0.272 -0.171
vn 0.985 -0.168 0.041
vn 0.979 -0.137 -0.149
vn 0.349 0.445 -0.825
vn -0.222 -0.967 0.126
vn -0.523 -0.850 0.064
vn 0.953 -0.272 0.132
vn 0.349 0.277 0.895
vn 0.756 -0.391 -0.524
vn -0.605 0.428 0.672
vn -0.500 0.861 -0.095
vn -0.481 -0.749 0.457
vn -0.631 0.257 0.732
vn 0.478 -0.876 0.062
vn 0.083 -0.676 -0.732
vn -0.216 0.019 -0.976
vn -0.253 0.791 -0.557
vn -0.505 -0.293 0.812
vn 0.921 -0.320 0.223
vn -0.863 -0.344 -0.370
vn 0.134 -0.109 0.985
vn -0.349 0.517 -0.781
vn -0.977 -0.138 0.162
vn -0.816 0.569 -0.098
vn -0.900 0.117 -0.420
vn 0.435 0.520 -0.735
vn 0.976 0.087 -0.200
vn -0.202 -0.249 0.947
vn -0.851 -0.459 -0.256
vn 0.884 0.084 -0.459
vn 0.137 0.595 -0.792
vn -0.058 -0.981 -0.186
vn -0.875 0.100 -0.474
vn 0.114 -0.136 -0.984
vn 0.439 -0.360 -0.823
vn -0.102 -0.169 0.980
vn 0.394 -0.212 0.894
vn 0.936 -0.122 0.330
vn 0.000 0.000 0.000
vn -0.767 -0.641 -0.021
vn 0.000 0.000 0.000
vn -0.152 0.855 -0.496
vn 0.913 0.285 -0.293
vn 0.945 0.036 -0.325
vn -0.853 -0.108 -0.510
vn -0.695 0.241 -0.677
vn -0.692 -0.387 -0.610
vn 0.488 -0.576 -0.655
vn 0.938 -0.102 0.332
vn -0.810 -0.187 -0.556
vn -0.963 0.249 -0.099
vn -0.956 0.282 -0.080
vn 0.677 0.416 -0.607
vn 0.953 -0.235 0.191
vn -0.372 -0.222 0.901
vn 0.542 -0.481 -0.689
vn -0.984 0.115 -0.137
vn 0.234 0.636 0.735
vn -0.810 -0.187 -0.556
vn -0.936 0.277 -0.219
vn 0.974 0.002 0.227
vn 0.990 -0.140 0.027
vn -0.067 0.393 -0.917
vn 0.277 0.043 0.960
vn -0.560 0.162 -0.813
vn 0.775 -0.189 -0.603
vn -0.727 0.100 -0.680
vn 0.307 0.949 -0.065
vn -0.799 0.512 -0.316
vn 0.944 0.081 0.320
vn -0.916 -0.171 0.363
vn -0.048 -0.632 -0.773
vn 0.999 -0.034 -0.006
vn -0.101 -0.398 -0.912
vn -0.195 -0.932 -0.304
vn -0.997 0.075 -0.009
vn 0.230 0.647 0.727
vn -0.905 0.164 -0.393
vn 0.952 -0.272 0.138
vn -0.753 -0.304 0.583
vn -0.515 -0.197 0.834
vn -0.021 0.626 0.779
vn 0.706 0.186 0.683
vn 0.698 0.431 0.572
vn 0.087 0.288 -0.954
vn -0.324 0.010 -0.946
vn 0.895 0.438 0.082
vn -0.693 -0.377 -0.615
vn -0.390 -0.693 -0.606
vn -0.430 0.282 -0.858
vn -0.053 -0.686 -0.725
vn -0.110 0.776 0.621
vn -0.909 -0.185 -0.374
vn -0.910 -0.308 0.277
vn -0.958 0.124 0.257
vn -0.295 -0.875 -0.384
vn 0.785 0.019 0.620
vn 0.144 0.196 -0.970
vn 0.195 -0.979 -0.064
vn 0.828 0.521 -0.206
vn -0.663 -0.746 -0.065
vn 0.987 0.033 0.157
vn -0.928 -0.093 0.361
vn -0.604 -0.713 0.356
vn 0.378 0.615 0.692
vn 0.563 0.438 0.701
vn 0.517 0.582 -0.628
vn -0.366 -0.826 -0.428
vn -0.374 -0.884 -0.282
vn 0.414 0.881 0.229
vn -0.392 -0.920 -0.020
vn 0.871 0.400 0.285
vn 0.748 -0.524 0.407
vn -0.871 -0.320 -0.373
vn 0.415 0.910 -0.005
vn -0.853 -0.417 0.314
vn -0.509 -0.766 0.393
vn -0.675 0.026 -0.738
vn -0.815 0.222 -0.535
vn 0.982 -0.106 -0.154
vn -0.941 -0.303 -0.153
vn -0.371 -0.550 -0.748
vn 0.720 0.416 0.556
vn 0.430 0.728 0.534
vn -0.312 -0.790 -0.528
vn -0.787 0.058 0.614
vn 0.242 0.372 0.896
vn 0.643 -0.161 0.749
vn -0.154 -0.715 -0.682
vn 0.991 -0.069 0.113
vn -0.332 -0.307 -0.892
vn 0.145 -0.121 0.982
vn 0.438 0.078 0.895
vn 0.049 0.918 0.393
vn -0.473 0.006 -0.881
vn 0.985 -0.174 0.015
vn 0.455 -0.224 0.862
vn -0.814 0.139 0.564
vn 0.445 -0.342 -0.828
vn -0.470 0.328 -0.820
vn -0.875 0.012 0.485
vn 0.826 -0.057 -0.561
vn 0.516 -0.474 0.714
vn 0.680 -0.714 -0.168
vn -0.838 0.509 0.198
vn -0.911 0.396 -0.116
vn -0.650 0.677 -0.346
vn 0.547 -0.837 0.004
vn -0.138 -0.970 -0.198
vn -0.610 0.787 0.093
vn 0.798 -0.584 0.146
vn 0.802 -0.512 0.308
vn -0.315 0.100 0.944
vn 0.874 0.147 -0.463
vn 0.323 -0.243 -0.915
vn -0.515 0.779 -0.357
vn 0.770 0.592 -0.238
vn 0.873 -0.481 0.086
vn -0.613 0.776 0.149
vn 0.663 -0.683 -0.305
vn -0.729 0.530 -0.434
vn 0.766 -0.528 0.367
vn 0.963 -0.039 0.265
vn 0.445 0.261 -0.857
vn -0.292 0.939 -0.182
vn -0.006 0.662 -0.750
vn 0.072 0.877 0.475
vn 0.723 -0.642 -0.253
vn -0.832 0.507 -0.224
vn 0.798 -0.552 0.241
vn -0.968 0.233 0.092
vn 0.972 -0.227 -0.059
vn 0.988 -0.156 0.000
vn -0.965 0.154 -0.214
vn 0.346 0.802 -0.486
vn 0.369 0.919 0.139
vn -0.656 0.727 0.205
vn 0.994 -0.100 -0.047
vn 0.161 0.694 -0.701
vn 0.186 -0.450 0.873
vn -0.598 -0.708 -0.377
vn 0.000 0.000 0.000
vn -0.793 0.609 -0.032
vn 0.774 -0.534 -0.341
vn -0.587 -0.216 -0.781
vn -0.762 0.297 -0.575
vn 0.822 -0.239 0.517
vn -0.789 0.173 0.590
vn 0.059 -0.396 -0.916
vn -0.186 -0.981 -0.047
vn -0.880 0.287 0.378
vn -0.860 0.505 -0.079
vn -0.758 -0.493 -0.427
vn 0.706 0.068 0.705
vn -0.263 0.807 0.529
vn -0.429 0.568 0.703
vn 0.014 0.582 -0.813
vn -0.981 0.174 -0.090
vn 0.310 0.572 0.760
vn -0.474 -0.826 0.305
vn -0.206 -0.240 0.949
vn 0.629 -0.609 -0.484
vn -0.442 0.560 0.700
vn 0.158 -0.321 0.934
vn -0.954 0.246 -0.173
vn -0.070 0.343 0.937
vn -0.963 -0.155 0.222
vn 0.829 -0.495 -0.262
vn 0.960 0.172 -0.222
vn 0.440 -0.205 0.874
vn -0.363 0.359 -0.860
vn -0.883 0.331 -0.333
vn -0.633 -0.223 -0.741
vn 0.840 -0.383 0.384
vn 0.740 0.427 -0.520
vn -0.960 0.150 -0.238
vn -0.521 -0.169 0.837
vn 0.000 0.000 0.000
vn -0.946 -0.098 -0.308
vn -0.648 -0.653 0.392
vn -0.922 -0.350 0.164
vn 0.130 -0.844 0.521
vn 0.179 0.429 0.885
vn -0.503 0.526 -0.686
vn -0.560 -0.647 -0.517
vn 0.000 0.000 0.000
vn 0.299 -0.408 0.863
vn 0.000 0.000 0.000
vn -0.757 -0.251 -0.604
vn 0.953 -0.208 -0.220
vn -0.465 -0.177 0.867
vn 0.913 -0.060 0.403
vn -0.845 0.102 0.526
vn 0.500 -0.117 -0.858
vn 0.999 -0.047 0.020
vn -0.565 -0.387 -0.729
vn 0.000 0.000 0.000
vn -0.430 0.378 -0.820
vn 0.877 0.087 -0.473
vn 0.562 0.667 -0.489
vn 0.967 0.216 -0.138
vn -0.345 -0.696 0.630
vn 0.978 -0.144 -0.152
vn 0.891 -0.294 -0.346
vn 0.874 0.314 0.371
vn 0.595 0.213 -0.775
vn -0.968 0.241 -0.067
vn 0.133 0.360 0.923
vn -0.991 -0.003 0.131
vn 0.868 0.268 -0.417
vn 0.843 -0.382 -0.380
vn 0.942 0.302 -0.146
vn 0.978 0.192 0.086
vn 0.973 -0.222 -0.056
vn -0.095 0.592 0.800
vn -0.973 -0.093 0.209
vn 0.376 0.129 -0.918
vn -0.949 0.264 -0.171
vn 0.983 -0.079 0.164
vn -0.996 -0.059 -0.064
vn -0.546 0.092 0.833
vn -0.447 0.120 -0.886
vn -0.925 -0.206 0.320
vn 0.997 -0.075 -0.015
vn -0.990 -0.138 -0.021
vn 0.945 -0.156 -0.286
vn 0.052 -0.267 -0.962
vn 0.999 0.026 -0.029
vn 0.890 -0.273 0.365
vn -0.215 0.557 -0.802
vn -0.462 0.457 0.760
vn 0.156 -0.891 -0.427
vn -0.136 -0.203 0.970
vn 0.562 0.625 0.541
vn 0.925 0.372 0.073
vn -0.698 0.523 -0.489
vn 0.952 -0.300 -0.070
vn -0.985 -0.004 0.174
vn 0.906 0.213 0.365
vn -0.372 0.231 -0.899
vn -0.476 -0.445 0.759
vn -0.659 -0.364 0.658
vn -0.503 0.543 0.673
vn -0.669 0.478 0.569
vn 0.731 0.389 0.561
vn -0.979 -0.073 -0.191
vn -0.991 -0.131 -0.004
vn -0.996 0.015 0.084
vn 0.926 -0.002 -0.378
vn -0.649 -0.717 -0.254
vn -0.073 0.242 -0.967
vn -0.296 -0.878 -0.375
vn -0.599 0.291 -0.746
vn -0.943 0.096 -0.317
vn -0.858 -0.359 -0.366
vn -0.698 0.262 -0.667
vn -0.996 -0.058 0.065
vn 0.285 0.685 -0.670
vn -0.211 0.798 0.565
vn 0.146 -0.655 0.741
vn 0.914 0.329 -0.237
vn 0.023 -0.997 -0.077
vn 0.178 0.983 -0.037
vn 0.036 -0.779 -0.626
vn 0.990 0.103 0.092
vn -0.973 -0.078 0.217
vn 0.747 -0.098 0.657
vn 0.750 0.045 -0.659
vn 0.647 -0.762 0.041
vn 0.545 -0.817 0.191
vn 0.541 -0.596 -0.594
vn 0.307 0.678 0.668
vn 0.404 0.030 0.914
vn 0.211 0.882 0.421
vn 0.154 -0.861 -0.485
vn 0.679 0.679 0.279
vn 0.447 0.860 0.247
vn 0.616 -0.787 -0.034
vn 0.488 0.853 0.183
vn -0.999 -0.031 -0.021
vn -0.273 0.962 0.023
vn -0.888 0.442 -0.125
vn -0.008 0.760 0.650
vn 0.272 -0.131 -0.954
vn 0.998 -0.053 -0.043
vn 0.824 0.522 0.221
vn 0.944 -0.310 -0.112
vn -0.393 -0.484 -0.782
vn -0.297 -0.569 -0.767
vn -0.460 0.234 -0.856
vn 0.543 0.659 0.521
vn -0.290 -0.829 -0.479
vn 0.543 0.259 -0.799
vn 0.078 0.286 -0.955
vn -0.783 0.082 -0.616
vn 0.816 -0.228 -0.531
vn 0.266 0.384 0.884
vn 0.484 0.103 0.869
vn -0.718 -0.549 -0.428
vn 0.308 0.143 0.941
vn -0.665 0.173 -0.726
vn -0.721 -0.649 0.243
vn 0.128 -0.077 0.989
vn -0.014 -0.103 0.995
vn 0.435 0.687 0.582
vn -0.437 -0.137 -0.889
vn -0.027 -0.330 -0.944
vn 0.301 -0.239 0.923
vn -0.183 -0.398 -0.899
vn -0.385 0.340 -0.858
vn -0.933 0.006 0.361
vn 0.398 -0.506 0.765
vn 0.648 -0.674 -0.355
vn -0.797 0.603 0.033
vn -0.802 0.542 -0.251
vn -0.274 -0.940 -0.201
vn -0.592 0.804 0.054
vn -0.605 0.790 0.096
vn 0.662 -0.633 0.401
vn 0.768 0.220 -0.601
vn 0.469 -0.848 0.247
vn -0.388 0.846 -0.365
vn 0.818 0.550 -0.171
vn 0.891 -0.322 -0.321
vn -0.163 0.877 0.452
vn 0.711 -0.650 -0.267
vn 0.458 -0.889 -0.004
vn -0.886 0.380 -0.267
vn 0.350 -0.702 0.620
vn 0.837 -0.489 0.244
vn -0.748 -0.028 0.663
vn 0.918 -0.397 -0.003
vn 0.837 0.546 -0.035
vn 0.296 -0.938 -0.181
vn -0.226 0.962 0.153
vn -0.445 0.772 -0.454
vn 0.819 -0.455 0.349
vn 0.613 -0.081 0.786
vn -0.322 0.901 0.292
vn -0.974 0.225 -0.006
vn -0.951 0.309 -0.008
vn 0.970 -0.223 0.097
vn 0.991 -0.092 -0.099
vn 0.991 -0.073 -0.109
vn -0.961 0.276 0.007
vn -0.993 0.107 0.052
vn 0.916 -0.393 -0.083
vn 0.655 -0.066 -0.752
vn -0.999 0.033 0.010
vn 0.946 0.230 -0.229
vn 0.000 0.000 0.000
vn 0.984 -0.173 -0.042
vn -0.975 0.032 0.221
vn 0.954 0.083 0.288
vn -1.000 0.011 0.016
vn 0.978 0.204 -0.032
vn 0.000 0.000 0.000
vn 0.000 0.000 0.000
vn 0.406 0.626 -0.666
vn -0.993 -0.116 0.015
vn 0.972 0.092 0.215
vn 0.167 0.784 0.598
vn 0.295 -0.651 -0.700
vn -0.972 -0.121 -0.203
vn 0.965 0.015 0.263
vn 0.657 -0.406 -0.636
vn -0.273 -0.570 -0.775
vn -0.962 0.002 -0.273
vn -0.941 0.107 0.321
vn -0.396 -0.097 -0.913
vn -0.992 0.041 -0.116
vn 0.981 -0.073 -0.179
vn 0.766 -0.267 0.584
vn -0.350 -0.481 -0.804
vn 0.850 0.520 0.080
vn 0.259 0.585 0.769
vn 0.974 0.180 -0.139
vn -0.662 -0.438 -0.608
vn 0.181 -0.952 0.246
vn -0.147 0.479 0.866
vn 0.175 0.776 0.606
vn -0.291 -0.563 -0.774
vn 0.111 -0.493 -0.863
vn -0.123 0.823 -0.554
vn 0.023 0.058 -0.998
vn -0.823 0.554 -0.124
vn 0.178 0.387 0.905
vn -0.471 -0.731 -0.493
vn -0.222 0.322 0.921
vn 0.432 -0.584 0.687
vn 0.850 0.312 -0.425
vn 0.748 0.016 0.663
vn -0.940 -0.250 -0.230
vn -0.735 -0.266 -0.624
vn 0.055 0.947 -0.315
vn 0.970 -0.003 0.242
vn -0.169 0.187 -0.968
vn -0.409 -0.212 -0.888
vn 0.974 0.176 -0.140
vn 0.856 0.449 0.257
vn 0.621 -0.500 0.604
vn 0.000 0.000 0.000
vn 0.000 0.000 0.000
vn 0.644 0.124 0.755
vn -0.351 0.149 0.924
vn -0.194 -0.697 0.690
vn -0.182 0.974 -0.134
vn -0.010 0.161 0.987
vn -0.560 -0.647 -0.517
vn 0.772 0.418 -0.479
vn -0.134 0.875 -0.465
vn 0.767 0.017 -0.642
vn -0.963 0.106 -0.249
vn 0.893 -0.240 -0.381
vn -0.918 -0.196 0.344
vn -0.912 0.185 0.366
vn -0.262 0.672 0.693
vn 0.006 0.351 -0.936
vn -0.958 -0.143 0.247
vn -0.703 -0.651 0.288
vn -0.230 -0.375 -0.898
vn -0.945 0.144 0.293
vn 0.934 0.278 -0.223
vn 0.181 -0.963 0.198
vn -0.745 -0.487 0.456
vn 0.176 0.195 0.965
vn 0.879 -0.387 0.278
vn -0.026 -0.517 -0.856
vn 0.329 0.419 0.846
vn 0.114 0.296 -0.948
vn -0.340 -0.150 0.929
vn -0.647 -0.498 -0.577
vn 0.805 -0.114 -0.582
vn 0.554 -0.417 0.721
vn -0.706 0.004 -0.708
vn 0.988 -0.095 0.120
vn 0.472 0.133 0.871
vn 0.055 0.033 0.998
vn -0.996 -0.020 -0.088
vn 0.353 0.935 -0.021
vn -0.634 0.128 -0.762
vn -0.961 -0.245 0.126
vn 0.982 0.189 0.012
vn -0.313 0.949 0.049
vn -0.986 -0.076 -0.150
vn -0.898 -0.194 -0.394
vn -0.825 0.493 -0.276
vn -0.923 0.385 0.002
vn 0.970 0.223 0.095
vn -0.022 0.797 0.603
vn 0.786 -0.315 0.531
vn 0.617 -0.526 0.586
vn 0.925 0.144 0.352
vn 0.987 0.078 0.141
vn 0.989 0.150 0.012
vn -0.927 -0.226 -0.300
vn 0.660 0.015 -0.751
vn -0.982 0.188 -0.021
vn -0.958 -0.233 -0.169
vn 0.977 0.018 0.212
vn 0.962 -0.273 -0.018
vn 0.035 0.392 -0.919
vn -0.979 0.083 -0.185
vn -0.421 0.248 -0.873
vn -0.576 0.510 0.639
vn 0.974 -0.188 -0.126
vn -0.992 -0.106 0.067
vn -0.163 0.660 -0.733
vn -0.859 -0.200 0.471
vn -0.913 0.171 0.370
vn 0.898 0.007 -0.439
vn 0.403 -0.211 -0.891
vn -0.184 -0.037 -0.982
vn -0.580 0.553 0.598
vn 0.941 -0.323 -0.102
vn -0.870 -0.281 0.404
vn -0.958 0.273 0.093
vn 0.849 -0.095 0.519
vn 0.511 -0.600 0.616
vn -0.588 -0.691 0.422
vn -0.912 0.003 0.411
vn 0.198 0.212 0.957
vn 0.661 0.283 0.695
vn -0.245 -0.953 -0.180
vn 0.140 0.985 0.098
vn -0.230 -0.973 0.009
vn 0.426 0.895 -0.131
vn -0.060 -0.552 -0.832
vn -0.374 0.453 0.809
vn 0.900 -0.371 0.227
vn -0.961 0.225 0.162
vn 0.796 0.475 0.375
vn -0.983 -0.017 0.184
vn 0.909 -0.073 -0.410
vn -0.284 -0.584 -0.760
vn 0.591 -0.610 -0.529
vn 0.705 -0.093 0.703
vn 0.214 0.870 0.444
vn 0.573 0.786 0.234
vn 0.267 0.951 0.156
vn -0.485 -0.856 0.179
vn -0.734 -0.634 0.242
vn 0.332 0.928 -0.171
vn 0.783 -0.594 -0.184
vn -0.033 -0.950 -0.310
vn 0.931 -0.324 0.168
vn -0.619 -0.068 0.783
vn -0.904 -0.290 0.315
vn -0.860 -0.320 0.397
vn 0.128 0.660 0.740
vn 0.201 -0.537 -0.819
vn -0.429 0.213 -0.878
vn -0.985 -0.145 0.096
vn -0.256 -0.858 -0.445
vn 0.622 0.337 -0.707
vn -0.600 0.794 -0.099
vn -0.959 0.188 0.211
vn -0.610 0.789 0.071
vn 0.973 -0.090 -0.212
vn -0.986 -0.071 0.153
vn -0.401 0.145 0.905
vn -0.856 0.232 -0.461
vn -0.005 0.280 0.960
vn -0.930 0.165 0.328
vn 0.156 0.208 0.966
vn 0.080 0.094 0.992
vn 0.402 0.817 0.415
vn -0.507 -0.177 -0.843
vn -0.336 0.095 -0.937
vn -0.033 -0.447 -0.894
vn -0.311 0.179 -0.933
vn 0.452 -0.263 0.852
vn -0.911 -0.403 0.090
vn -0.391 0.373 -0.841
vn -0.552 0.367 -0.749
vn 0.192 -0.486 0.853
vn 0.289 -0.760 0.583
vn -0.603 0.790 0.113
vn 0.534 -0.843 -0.066
vn -0.581 0.807 0.104
vn 0.826 -0.562 -0.050
vn -0.849 -0.017 0.529
vn 0.045 -0.996 0.077
vn -0.504 0.731 -0.459
vn -0.247 0.903 0.351
vn 0.550 -0.773 -0.315
vn -0.545 0.838 -0.003
vn -0.159 0.585 -0.795
vn 0.509 -0.860 -0.037
vn -0.655 0.751 0.082
vn 0.618 -0.785 0.031
vn -0.669 0.596 -0.444
vn -0.087 -0.700 0.709
vn -0.671 -0.089 0.736
vn 0.512 -0.821 0.254
vn -0.268 0.914 -0.303
vn -0.398 0.917 -0.007
vn 0.475 -0.879 -0.031
vn 0.401 -0.894 -0.199
vn -0.846 0.474 -0.245
vn -0.875 0.402 -0.269
vn 0.989 -0.106 0.102
vn 0.627 -0.490 0.606
vn -0.850 0.072 -0.521
vn -0.977 0.130 -0.168
vn 0.894 -0.374 0.245
vn 0.933 -0.357 -0.043
vn 0.956 0.246 0.159
vn -0.952 -0.304 -0.045
vn 0.892 0.311 -0.329
vn 0.820 0.532 0.209
vn -0.999 0.040 -0.023
vn -0.950 0.311 0.028
vn 0.994 -0.039 0.099
vn 0.996 -0.074 -0.048
vn 0.955 0.191 -0.228
vn 0.947 -0.006 0.320
vn -0.986 -0.167 0.029
vn 0.684 0.703 -0.193
vn 0.956 -0.113 0.271
vn -0.901 0.388 -0.195
vn -0.967 0.170 -0.188
vn 0.998 0.020 0.052
vn -0.990 0.139 -0.029
vn -0.741 -0.419 0.524
vn 0.985 0.144 -0.091
vn 0.861 0.095 0.499
vn -0.933 -0.081 0.349
vn 0.867 0.160 -0.471
vn -0.995 0.093 -0.028
vn 0.665 0.688 -0.290
vn -0.959 0.247 -0.139
vn -0.995 -0.047 0.090
vn -0.999 0.022 0.043
vn 0.989 -0.060 0.132
vn -0.912 -0.165 0.377
vn -0.024 0.602 0.798
vn 0.768 -0.335 -0.546
vn -0.525 0.059 -0.849
vn -0.139 0.940 -0.311
vn -0.939 -0.224 0.261
vn -0.516 0.852 0.084
vn 0.979 -0.139 0.152
vn -0.825 0.436 0.360
vn -0.133 -0.332 -0.934
vn 0.368 0.081 0.926
vn -0.922 0.327 -0.209
vn 0.840 -0.542 0.002
vn -0.878 0.326 0.350
vn 0.553 -0.828 0.095
vn 0.972 0.123 -0.200
vn 0.987 0.034 -0.155
vn -0.292 0.857 -0.424
vn -0.190 -0.948 -0.255
vn 0.034 0.996 -0.086
vn -0.923 -0.133 0.361
vn -0.935 0.226 0.274
vn 0.152 0.027 0.988
vn -0.928 -0.371 0.046
vn -0.812 0.311 -0.495
vn 0.627 -0.582 0.517
vn -0.613 0.654 -0.445
vn -0.480 -0.019 0.877
vn 0.812 -0.430 -0.394
vn 0.370 0.292 0.882
vn -0.390 -0.700 0.598
vn 0.798 0.404 -0.446
vn 0.789 -0.519 -0.328
vn -0.736 0.122 -0.666
vn -0.164 -0.082 0.983
vn 0.857 -0.239 -0.457
vn 0.411 0.313 0.856
vn -0.264 0.959 0.102
vn 0.870 0.434 -0.235
vn 0.967 -0.079 0.243
vn 0.911 -0.130 -0.391
vn -0.868 -0.173 -0.465
vn 0.374 -0.548 -0.748
vn -0.576 0.804 -0.145
vn 0.000 0.000 0.000
vn 0.754 0.087 0.651
vn -0.845 -0.295 -0.446
vn 0.384 -0.129 0.914
vn -0.919 -0.246 0.308
vn 0.772 0.404 -0.491
vn -0.911 0.054 0.409
vn 0.842 -0.109 -0.529
vn -0.681 0.003 -0.732
vn -0.123 -0.371 -0.921
vn 0.891 -0.078 -0.448
vn 0.843 -0.320 0.433
vn 0.841 -0.060 0.537
vn 0.846 0.156 -0.509
vn -0.292 -0.655 -0.697
vn 0.739 -0.618 0.267
vn -0.649 -0.173 -0.741
vn -0.088 -0.827 -0.555
vn 0.723 -0.191 -0.664
vn -1.000 0.022 -0.001
vn 0.846 0.156 -0.509
vn -0.971 -0.187 0.150
vn 0.851 0.461 -0.251
vn 0.506 -0.233 -0.830
vn -0.471 -0.861 0.192
vn 0.191 -0.319 -0.928
vn 0.022 0.450 0.893
vn -0.477 0.261 -0.839
vn -0.299 -0.235 0.925
vn 0.871 0.453 -0.192
vn -0.000 -0.456 0.890
vn -0.921 -0.036 -0.389
vn 0.961 -0.006 -0.277
vn -0.110 0.989 0.100
vn 0.996 0.041 -0.083
vn 0.985 -0.144 0.090
vn 0.904 -0.364 0.225
vn 0.620 0.148 0.771
vn -0.254 0.409 -0.876
vn 0.960 0.197 0.200
vn 0.482 -0.610 -0.629
vn 0.435 0.483 -0.760
vn 0.446 -0.431 -0.784
vn 0.978 0.207 -0.024
vn -1.000 0.009 -0.023
vn 0.755 -0.282 -0.592
vn -0.889 -0.035 0.457
vn 0.246 0.493 -0.835
vn 0.601 -0.555 0.575
vn 0.627 -0.258 0.735
vn -0.973 -0.127 0.191
vn 0.951 0.208 0.227
vn -0.989 -0.147 -0.028
vn -0.971 -0.037 -0.236
vn -0.999 -0.023 0.027
vn -0.883 0.101 -0.458
vn 0.397 -0.815 -0.422
vn 0.757 0.160 -0.634
vn -0.898 0.232 -0.374
vn -0.477 0.038 -0.878
vn -0.916 0.231 0.328
vn 0.769 -0.580 0.270
vn 0.970 -0.231 -0.071
vn 0.995 -0.021 0.094
vn 0.978 0.202 0.053
vn -0.946 -0.194 0.259
vn -0.751 0.182 0.635
vn 0.716 -0.036 -0.697
vn -0.997 0.004 -0.076
vn 0.813 -0.097 -0.574
vn 0.002 0.852 0.524
vn 0.942 -0.323 0.095
vn 0.938 0.049 0.344
vn 0.520 0.256 0.815
vn -0.838 0.343 -0.425
vn -0.972 0.209 -0.109
vn 0.607 0.032 0.794
vn 0.967 0.253 0.012
vn 0.677 -0.012 0.736
vn 0.082 0.981 0.178
vn 0.165 0.986 0.001
vn -0.194 -0.981 -0.007
vn 0.509 0.853 0.115
vn 0.393 0.888 -0.240
vn -0.205 -0.680 -0.704
vn -0.560 0.495 0.665
vn 0.939 0.334 0.085
vn 0.999 0.036 0.035
vn -0.994 -0.033 -0.106
vn 0.730 0.268 0.628
vn -0.781 -0.243 0.575
vn -0.863 0.333 0.381
vn -0.401 0.913 0.073
vn 0.374 -0.739 -0.560
vn 0.659 -0.251 -0.709
vn 0.740 -0.164 0.652
vn 0.177 0.906 0.384
vn 0.377 0.779 0.500
vn 0.606 0.794 0.048
vn -0.368 -0.922 0.118
vn 0.382 -0.885 -0.265
vn 0.411 0.899 -0.151
vn -0.787 -0.545 -0.290
vn 0.055 -0.453 -0.890
vn 0.493 -0.563 0.664
vn 0.294 0.699 -0.651
vn 0.901 0.426 0.082
vn 0.981 0.107 0.164
vn 0.995 -0.073 -0.072
vn 0.174 0.397 -0.901
vn -0.472 0.681 0.561
vn 0.178 0.046 -0.983
vn 0.176 0.661 0.729
vn -0.940 -0.170 -0.297
vn -0.898 -0.433 -0.074
vn -0.230 -0.875 -0.427
vn 0.159 0.405 -0.900
vn -0.874 0.177 -0.453
vn 0.777 -0.615 -0.133
vn -0.672 -0.693 0.262
vn 0.019 -0.484 -0.875
vn -0.735 0.666 -0.128
vn -0.679 0.257 0.688
vn 0.996 0.027 -0.081
vn -0.957 0.233 0.175
vn -0.105 0.907 0.407
vn 0.057 0.283 0.958
vn -0.897 0.040 0.439
vn 0.640 0.412 -0.649
vn -0.802 0.295 -0.519
vn 0.211 0.141 0.967
vn -0.236 -0.232 -0.944
vn -0.669 0.064 -0.740
vn -0.842 0.204 -0.499
vn 0.240 0.969 -0.053
vn -0.939 0.247 0.240
vn -0.711 -0.500 -0.494
vn -0.665 0.537 0.518
vn 0.887 -0.436 0.154
vn -0.749 0.240 -0.618
vn 0.705 -0.092 0.704
vn -0.585 -0.795 0.160
vn -0.276 0.445 -0.852
vn -0.068 -0.743 -0.666
vn -0.735 -0.475 0.483
vn 0.208 -0.738 0.642
vn -0.806 -0.147 0.574
vn 0.701 0.112 -0.704
vn -0.215 0.296 -0.931
vn -0.403 0.758 -0.513
vn 0.580 -0.739 -0.342
vn -0.484 0.846 0.223
vn 0.691 -0.708 -0.147
vn 0.465 -0.881 -0.082
vn 0.198 -0.973 0.120
vn -0.434 0.900 0.041
vn 0.738 -0.633 -0.234
vn -0.911 -0.355 -0.210
vn -0.534 -0.232 0.813
vn -0.794 -0.221 0.567
vn -0.169 0.915 -0.367
vn 0.218 -0.926 0.308
vn 0.949 -0.051 -0.312
vn -0.053 0.983 0.178
vn 0.307 -0.919 -0.249
vn -0.629 0.721 0.290
vn -0.942 0.180 -0.283
vn -0.779 0.592 -0.206
vn -0.729 -0.039 0.684
vn 0.983 -0.017 -0.185
vn 0.068 -0.944 -0.322
vn 0.940 0.328 -0.098
vn 0.936 -0.320 0.146
vn 0.853 -0.323 -0.409
vn -0.798 -0.047 0.600
vn 0.482 -0.848 0.219
vn -0.809 0.411 -0.421
vn -0.920 -0.385 -0.074
vn 0.791 0.362 -0.493
vn 0.951 0.210 -0.227
vn 0.493 0.757 0.429
vn 0.918 -0.255 0.302
vn -0.757 0.653 0.020
vn 0.515 0.443 0.734
vn 0.997 0.006 -0.082
vn 0.991 0.088 0.101
vn -0.995 -0.081 0.056
vn 0.969 -0.206 -0.133
vn 0.992 -0.015 -0.125
vn -0.992 -0.128 0.012
vn 0.635 0.001 0.773
vn 0.818 -0.575 0.029
vn -0.417 0.897 -0.148
vn 0.960 0.078 -0.268
vn 0.124 0.629 -0.768
vn 0.753 -0.583 0.304
vn 0.097 -0.983 0.153
vn 0.975 0.163 -0.147
vn -0.848 0.129 0.515
vn -0.980 -0.192 -0.056
vn 0.841 -0.309 -0.445
vn 0.990 0.012 0.140
vn -0.946 0.269 -0.180
vn 0.510 -0.629 0.587
vn -0.515 0.347 0.784
vn -0.392 0.137 -0.910
vn -0.929 0.050 -0.366
vn -0.230 0.937 -0.264
vn 0.997 -0.014 -0.075
vn -0.969 0.233 -0.084
vn -0.916 -0.384 0.120
vn -0.988 0.022 0.155
vn -0.787 0.219 -0.577
vn -0.995 -0.009 -0.100
vn -0.631 -0.700 0.334
vn -0.505 -0.622 -0.598
vn 0.965 -0.258 0.057
vn -0.464 -0.123 -0.877
vn -0.888 0.283 0.363
vn -0.955 -0.283 0.091
vn -0.962 -0.170 -0.215
vn 0.436 0.690 0.578
vn -0.756 -0.553 0.350
vn -0.697 -0.633 -0.337
vn 0.622 0.468 0.628
vn -0.935 -0.020 0.353
vn 0.989 0.121 -0.082
vn -0.576 -0.492 0.653
vn 0.602 0.059 0.796
vn 0.861 -0.164 -0.482
vn 0.856 -0.288 -0.430
vn 0.137 -0.111 0.984
vn -0.737 0.179 0.652
vn 0.015 -0.617 0.787
vn 0.722 0.689 0.055
vn -0.221 -0.605 0.765
vn -0.137 -0.867 0.479
vn -0.737 -0.672 -0.067
vn 0.766 -0.344 -0.543
vn -0.021 0.667 -0.745
vn -0.719 0.109 0.686
vn 0.862 -0.026 0.507
vn 0.000 0.000 0.000
vn -0.771 -0.378 -0.513
vn -0.980 -0.199 -0.004
vn -0.676 0.668 -0.311
vn 0.377 0.156 -0.913
vn -0.976 0.203 0.085
vn 0.993 0.066 0.101
vn 0.846 0.156 -0.509
vn -0.947 0.261 -0.187
vn -0.960 0.279 0.021
vn -0.782 -0.621 -0.047
vn -0.985 -0.149 -0.092
vn 0.842 0.473 0.258
vn 0.936 0.151 -0.318
vn 0.314 -0.598 -0.738
vn 0.217 0.256 0.942
vn 0.970 0.211 0.118
vn 0.993 0.050 -0.109
vn 0.990 -0.092 0.111
vn 0.747 -0.152 -0.647
vn 0.406 0.414 0.814
vn -0.983 -0.123 0.137
vn -0.958 -0.205 -0.201
vn 0.915 0.223 0.337
vn -0.802 -0.303 -0.516
vn 0.976 -0.032 0.215
vn -0.280 -0.931 -0.233
vn 0.779 -0.232 0.582
vn 0.857 -0.130 -0.499
vn 0.995 0.102 0.022
vn 0.976 0.113 -0.184
vn -0.569 -0.070 -0.819
vn 0.278 0.430 -0.859
vn 0.572 0.637 0.517
vn 0.379 0.056 -0.924
vn -0.896 0.442 0.043
vn 0.364 0.072 0.929
vn 0.897 -0.225 0.380
vn 0.970 -0.184 -0.156
vn 0.790 -0.362 0.495
vn 0.441 0.825 -0.353
vn -0.980 0.006 -0.200
vn 0.983 -0.168 0.072
vn 0.717 -0.697 0.028
vn 0.937 0.324 -0.130
vn -0.308 -0.805 0.507
vn 0.747 0.095 0.658
vn -0.551 0.320 0.771
vn -0.989 -0.044 -0.138
vn -1.000 0.008 -0.007
vn 0.959 0.278 0.059
vn -0.930 -0.357 0.090
vn 0.185 0.082 0.979
vn -1.000 0.002 -0.025
vn 0.920 0.156 -0.360
vn -0.975 -0.008 -0.222
vn -0.967 -0.253 -0.030
vn 0.980 -0.067 0.186
vn 0.870 -0.487 0.078
vn 0.123 0.925 0.361
vn 0.606 0.796 -0.005
vn -0.730 0.120 0.673
vn 0.285 0.242 -0.927
vn 0.931 -0.345 -0.122
vn -0.864 -0.186 -0.468
vn 0.447 -0.010 0.894
vn 0.217 0.951 0.221
vn 0.245 0.969 -0.040
vn -0.079 0.997 0.012
vn -0.192 -0.975 0.111
vn 0.265 0.938 -0.225
vn 0.972 0.025 -0.233
vn 0.926 -0.147 -0.347
vn 0.949 -0.312 -0.040
vn 0.795 -0.606 0.008
vn 0.442 -0.131 0.887
vn 0.895 0.193 -0.402
vn -0.804 0.335 0.492
vn 0.007 -0.758 -0.653
vn -0.102 0.732 0.673
vn -0.394 -0.126 -0.910
vn 0.871 -0.236 0.431
vn -0.672 -0.570 -0.473
vn -0.157 -0.847 -0.508
vn -0.148 -0.952 -0.266
vn -0.416 -0.885 0.209
vn -0.260 0.570 -0.780
vn -0.911 -0.306 -0.275
vn 0.718 0.671 0.186
vn 0.141 0.614 -0.777
vn 0.127 -0.562 0.817
vn 0.146 -0.172 0.974
vn 0.715 -0.240 0.657
vn -0.925 0.307 0.223
vn -0.308 -0.661 -0.684
vn -0.012 -0.458 -0.889
vn 0.408 -0.560 -0.721
vn -0.225 0.112 -0.968
vn -0.392 0.800 -0.455
vn -0.583 -0.729 -0.359
vn -0.813 -0.456 -0.363
vn -0.063 0.304 -0.951
vn 0.987 -0.159 0.035
vn -0.891 0.168 -0.421
vn -0.627 -0.201 0.752
vn -0.441 0.147 0.885
vn -0.091 0.489 0.868
vn 0.860 0.397 -0.319
vn -0.409 0.118 0.905
vn 0.828 -0.055 0.558
vn -0.955 0.235 0.180
vn -0.979 0.137 0.153
vn 0.915 0.061 -0.398
vn -0.070 -0.433 -0.899
vn -0.484 -0.142 -0.863
vn -0.986 0.008 0.167
vn -0.921 0.133 0.365
vn 0.378 -0.525 -0.763
vn 0.131 -0.275 -0.953
vn -0.188 0.276 0.943
vn -0.647 -0.057 -0.761
vn -0.951 0.120 -0.286
vn 0.993 -0.076 0.085
vn 0.955 -0.205 -0.212
vn -0.514 0.578 0.633
vn -0.577 -0.344 0.740
vn 0.994 0.111 -0.002
vn 0.825 -0.363 0.434
vn -0.963 0.253 0.091
vn -0.945 0.264 -0.192
vn 0.508 -0.853 -0.119
vn -0.093 0.789 -0.608
vn 0.368 -0.885 -0.284
vn -0.180 0.204 -0.962
vn 0.255 -0.245 -0.935
vn 0.929 0.013 -0.370
vn -0.108 0.624 -0.774
vn 0.783 -0.487 0.387
vn -0.530 -0.245 0.812
vn 0.392 -0.021 -0.920
vn -0.857 -0.075 -0.509
vn 0.714 0.515 -0.475
vn -0.184 -0.865 0.468
vn -0.016 -0.610 0.792
vn 0.965 -0.210 0.158
vn -0.362 0.932 0.020
vn 0.406 -0.912 -0.057
vn 0.569 0.822 0.035
vn 0.902 -0.391 0.184
vn 0.914 0.226 -0.337
vn -0.438 0.526 -0.729
vn -0.936 0.088 -0.340
vn -0.922 0.376 0.090
vn -0.984 0.000 -0.176
vn 0.250 0.793 0.556
vn 0.005 0.930 -0.367
vn 0.859 -0.497 0.125
vn 0.848 -0.468 0.249
vn -0.074 0.988 0.135
vn 0.142 -0.961 -0.237
vn -0.156 0.950 0.272
vn -0.991 -0.065 -0.119
vn -0.539 0.079 0.839
vn -0.848 -0.447 -0.285
vn -0.210 -0.844 -0.493
vn -0.935 -0.349 0.062
vn -0.904 0.264 -0.337
vn -0.955 0.296 0.006
vn 0.933 -0.228 -0.279
vn -0.811 0.384 -0.441
vn -0.258 0.943 -0.209
vn -0.685 0.612 -0.395
vn -0.889 0.459 0.011
vn -0.970 -0.131 -0.206
vn -0.608 -0.790 -0.075
vn 0.955 0.293 0.039
vn -0.923 -0.167 -0.347
vn 0.845 -0.322 0.428
vn -0.975 -0.078 0.208
vn 0.798 0.435 0.418
vn -0.884 -0.468 -0.019
vn 0.982 0.186 -0.045
vn 0.688 0.437 -0.579
vn 0.973 -0.165 0.159
vn -0.863 0.305 0.403
vn 0.725 -0.400 0.561
vn -0.761 0.193 -0.619
vn 0.208 -0.011 0.978
vn -0.898 0.093 0.431
vn -0.094 -0.616 0.782
vn 0.914 -0.286 -0.289
vn -0.914 0.378 0.146
vn -0.925 0.345 -0.160
vn -0.850 0.358 0.387
vn -0.571 0.631 -0.526
vn 0.653 -0.731 -0.196
vn -0.034 -0.998 0.058
vn -0.893 0.413 -0.180
vn 0.511 -0.858 0.051
vn -0.832 0.330 0.445
vn 0.639 -0.345 -0.688
vn -0.874 -0.234 0.426
vn -0.060 -0.663 -0.746
vn -0.713 -0.631 0.307
vn -0.996 0.082 -0.046
vn 0.907 -0.414 0.080
vn -0.945 0.052 -0.322
vn -0.919 -0.029 0.394
vn -0.914 0.400 -0.062
vn -0.975 0.106 0.196
vn -0.996 0.092 0.006
vn -0.988 -0.010 0.151
vn -0.739 -0.389 -0.551
vn -0.749 -0.238 0.619
vn -0.988 -0.029 -0.154
vn 0.992 0.033 0.124
vn -0.917 -0.258 0.303
vn 0.000 0.000 0.000
vn 0.000 0.000 0.000
vn 0.000 0.000 0.000
vn 0.000 0.000 0.000
vn 0.000 0.000 0.000
vn -0.749 0.001 0.663
vn -0.267 0.953 0.145
vn 0.737 0.676 -0.012
vn 0.000 0.000 0.000
vn -0.930 0.362 0.060
vn -0.955 -0.085 0.284
vn -0.990 0.099 -0.104
vn -0.949 -0.301 0.091
vn 0.827 -0.439 -0.351
vn 0.989 0.144 0.042
vn 0.766 0.093 -0.636
vn 0.841 0.329 -0.429
vn 0.354 -0.935 0.028
vn 0.660 -0.536 0.526
vn -0.195 -0.103 -0.975
vn -0.719 -0.341 -0.606
vn -0.953 0.206 0.224
vn -0.992 -0.059 0.108
vn -0.247 -0.395 0.885
vn 0.778 0.622 0.083
vn 0.247 0.286 0.926
vn 0.981 0.152 0.117
vn -0.071 0.861 0.503
vn -0.159 0.860 0.485
vn 0.991 0.018 -0.129
vn 0.405 0.174 0.898
vn 0.000 0.000 0.000
vn 0.736 -0.078 0.673
vn 0.664 0.644 0.380
vn 0.249 0.359 0.899
vn 0.981 0.096 0.170
vn 0.469 -0.357 0.808
vn 0.988 0.015 0.155
vn 0.959 0.062 -0.278
vn -0.945 -0.035 -0.325
vn -0.996 -0.000 -0.090
vn -0.968 -0.098 -0.232
vn 0.968 0.081 0.237
vn -0.615 0.189 0.766
vn 0.952 0.302 0.052
vn -0.984 -0.169 0.059
vn 0.997 0.070 -0.026
vn -0.877 0.135 0.460
vn 0.286 0.033 0.958
vn -0.830 0.365 -0.422
vn -0.635 -0.294 0.714
vn -0.943 0.260 0.206
vn 0.547 0.107 0.830
vn 0.092 -0.098 -0.991
vn 0.989 0.121 0.089
vn -0.837 0.225 0.499
vn -0.614 -0.105 -0.782
vn -0.769 -0.093 -0.632
vn -0.396 0.135 0.908
vn -0.650 -0.305 0.697
vn 0.994 -0.070 0.089
vn -0.963 0.255 0.083
vn -0.054 -0.991 -0.123
vn 0.312 0.757 0.574
vn 0.162 0.987 -0.001
vn -0.255 -0.956 0.148
vn 0.205 0.959 -0.197
vn 0.398 -0.598 -0.695
vn 0.843 0.314 -0.436
vn 0.737 -0.475 0.481
vn -0.273 -0.216 -0.937
vn -0.885 -0.136 -0.446
vn 0.241 -0.354 -0.904
vn 0.568 -0.720 -0.399
vn 0.367 -0.795 -0.484
vn 0.727 -0.360 0.585
vn -0.154 -0.910 -0.386
vn 0.122 0.925 0.359
vn -0.054 -0.933 -0.357
vn -0.165 0.936 0.311
vn -0.346 -0.913 0.217
vn -0.414 -0.910 0.010
vn 0.017 0.998 -0.065
vn -0.243 -0.970 0.007
vn -0.522 0.760 0.388
vn -0.408 0.724 -0.555
vn 0.192 -0.523 0.830
vn 0.335 0.114 0.935
vn -0.455 -0.208 0.866
vn 0.595 -0.602 -0.533
vn -0.146 -0.210 0.967
vn -0.084 -0.474 -0.876
vn 0.136 0.763 0.632
vn 0.488 -0.060 -0.871
vn -0.950 0.266 -0.161
vn -0.241 -0.941 -0.239
vn -0.209 0.340 -0.917
vn -0.057 -0.183 0.981
vn -0.433 0.271 -0.860
vn -0.816 -0.055 0.575
vn -0.607 0.121 0.785
vn -0.155 0.429 0.890
vn -0.350 0.922 0.165
vn 0.161 0.025 0.987
vn 0.859 -0.073 0.507
vn -0.496 -0.059 0.866
vn 0.112 0.927 0.358
vn -0.019 -0.285 -0.958
vn 0.351 -0.248 -0.903
vn 0.553 -0.072 0.830
vn 0.657 -0.245 -0.713
vn 0.323 -0.497 0.805
vn -0.140 0.265 0.954
vn 0.601 -0.113 -0.791
vn -0.466 0.314 -0.827
vn 0.720 0.152 -0.677
vn 0.701 0.322 0.637
vn -0.314 -0.190 0.930
vn 0.928 0.279 0.247
vn 0.966 -0.130 0.223
vn 0.919 -0.164 0.359
vn -0.486 0.590 -0.645
vn 0.755 0.185 -0.629
vn -0.452 0.881 -0.141
vn 0.916 -0.395 -0.068
vn 0.978 -0.199 0.066
vn -0.382 0.562 -0.734
vn 0.970 -0.127 -0.209
vn 0.297 0.210 -0.931
vn -0.004 0.799 -0.601
vn 0.198 0.728 -0.657
vn -0.985 0.038 0.170
vn 0.626 0.729 -0.277
vn -0.987 -0.143 0.072
vn 0.953 0.281 0.111
vn 0.306 -0.639 0.706
vn 0.124 -0.830 0.544
vn 0.154 -0.952 -0.265
vn 0.075 0.220 0.973
vn -0.316 0.943 0.103
vn 0.251 -0.964 -0.087
vn -0.076 0.997 0.020
vn 0.572 -0.818 -0.059
vn -0.370 0.671 -0.642
vn 0.652 -0.436 0.621
vn 0.409 0.176 -0.896
vn 0.981 -0.066 0.181
vn -0.564 -0.809 0.168
vn 0.998 0.066 0.013
vn 0.426 0.845 -0.324
vn -0.028 0.977 -0.212
vn -0.367 -0.433 0.823
vn -0.092 -0.992 -0.087
vn 0.075 -0.957 -0.279
vn -0.092 0.948 0.305
vn 0.513 0.609 -0.605
vn 0.921 -0.192 0.339
vn -0.921 -0.057 0.384
vn -0.598 -0.747 -0.290
vn -0.033 -0.834 -0.551
vn 0.989 0.145 0.008
vn -0.995 0.064 0.079
vn 0.702 -0.672 -0.235
vn -0.429 0.236 -0.872
vn -0.072 -0.105 0.992
vn 0.911 0.411 0.033
vn 0.041 -0.915 -0.402
vn -0.136 0.511 -0.849
vn 0.938 -0.094 -0.335
vn 0.933 -0.029 -0.359
vn -0.613 0.448 -0.651
vn 0.462 -0.413 0.785
vn 0.972 0.231 -0.039
vn 0.935 -0.014 -0.355
vn -0.529 0.524 -0.667
vn -0.451 0.579 -0.679
vn -0.841 0.261 -0.473
vn -0.810 0.226 0.542
vn 0.356 -0.651 0.670
vn -0.554 0.456 -0.696
vn -0.777 -0.040 -0.629
vn 0.974 0.106 -0.202
vn -0.898 0.356 0.261
vn -0.798 0.201 0.568
vn -0.880 0.472 0.046
vn 0.155 0.720 -0.677
vn 0.250 -0.944 0.217
vn -0.921 0.372 -0.114
vn 0.499 -0.777 0.384
vn 0.379 -0.861 -0.339
vn -0.524 -0.766 -0.373
vn -0.945 0.162 0.282
vn 0.089 0.990 -0.106
vn 0.926 -0.352 0.140
vn 0.419 0.554 -0.719
vn -0.478 -0.510 -0.715
vn 0.406 0.803 0.436
vn 0.840 -0.165 -0.517
vn -0.687 0.556 0.468
vn 0.000 0.000 0.000
vn 0.683 0.713 -0.160
vn -0.957 -0.287 0.052
vn 0.741 -0.233 0.629
vn 0.015 -0.413 -0.910
vn 0.867 0.171 -0.469
vn -0.066 0.198 -0.978
vn -0.092 -0.270 -0.958
vn 0.966 -0.231 0.113
vn 0.000 0.000 0.000
vn 0.015 -0.413 -0.910
vn 0.737 0.641 0.214
vn 0.955 0.242 0.174
vn -0.985 -0.091 -0.150
vn 0.991 -0.101 -0.084
vn 0.866 0.196 0.460
vn -0.493 0.007 0.870
vn -0.889 0.454 0.058
vn 0.987 -0.101 0.128
vn -0.951 -0.184 0.250
vn -0.809 0.584 -0.070
vn -0.277 0.955 0.103
vn -0.945 0.208 0.251
vn -0.889 0.217 -0.402
vn 0.415 0.403 0.816
vn 0.930 0.331 -0.162
vn 0.174 -0.937 -0.302
vn -0.975 -0.006 0.223
vn 0.720 0.489 0.493
vn 0.000 0.000 0.000
vn -0.880 0.375 -0.291
vn 0.966 0.010 0.260
vn -0.448 0.004 0.894
vn -0.273 -0.095 -0.957
vn 0.986 0.140 -0.088
vn -0.270 -0.587 -0.763
vn -0.312 -0.036 0.950
vn -0.788 0.030 0.615
vn 0.195 0.047 0.980
vn -0.915 0.115 0.386
vn -0.975 -0.018 -0.221
vn -0.879 -0.052 0.474
vn -0.860 0.009 0.511
vn -0.203 -0.159 -0.966
vn 0.846 0.128 -0.518
vn -0.967 -0.234 -0.098
vn -0.721 -0.183 -0.668
vn -0.354 -0.113 0.928
vn 0.662 -0.339 -0.669
vn 0.574 -0.791 0.212
vn -0.939 -0.200 0.279
vn -0.999 0.018 0.036
vn -0.031 -0.995 -0.098
vn 0.119 -0.928 0.354
vn -0.149 -0.592 0.792
vn 0.049 0.999 0.016
vn 0.014 -1.000 0.018
vn -0.320 -0.921 0.220
vn 0.502 -0.819 -0.276
vn -0.366 0.915 0.167
vn 0.961 0.087 0.263
vn 0.906 0.075 -0.416
vn -0.257 0.441 0.860
vn 0.215 -0.268 -0.939
vn 0.327 0.728 0.603
vn 0.915 -0.212 -0.342
vn 0.965 0.250 0.080
vn -0.772 -0.454 0.446
vn -0.620 0.594 -0.513
vn -0.101 -0.924 -0.368
vn 0.086 0.927 0.365
vn -0.045 -0.945 -0.323
vn 0.050 0.956 0.288
vn -0.272 -0.946 0.178
vn 0.202 0.979 0.019
vn 0.115 -0.991 -0.074
vn -0.050 0.957 0.286
vn -0.636 0.613 -0.469
vn 0.405 -0.595 0.694
vn -0.215 0.140 0.967
vn 0.087 -0.129 0.988
vn 0.038 -0.498 -0.867
vn 0.361 0.578 0.732
vn -0.678 0.294 -0.674
vn -0.962 -0.261 -0.080
vn -0.906 -0.420 -0.057
vn -0.233 0.408 -0.883
vn -0.761 0.162 -0.629
vn -0.553 0.089 -0.828
vn 0.044 -0.241 0.969
vn -0.042 0.328 0.944
vn -0.998 -0.007 -0.062
vn -0.130 0.131 -0.983
vn 0.445 -0.103 0.889
vn -0.501 0.148 0.853
vn 0.971 -0.024 -0.240
vn 0.043 -0.313 -0.949
vn 0.322 -0.510 0.797
vn 0.442 -0.166 0.881
vn 0.927 -0.061 -0.370
vn 0.453 -0.206 0.868
vn -0.960 -0.265 0.090
vn -0.504 -0.597 -0.624
vn -0.444 0.324 -0.835
vn -0.756 -0.009 0.655
vn 0.720 0.445 0.533
vn -0.642 -0.209 0.738
vn 0.908 -0.151 0.391
vn 0.918 -0.128 0.375
vn -0.573 -0.436 0.694
vn 0.855 -0.301 -0.422
vn 0.400 0.223 -0.889
vn 0.461 0.309 -0.832
vn 0.851 0.407 -0.333
vn 0.871 -0.343 0.351
vn 0.060 -0.994 0.089
vn -0.997 0.034 0.073
vn -0.081 0.930 -0.358
vn -0.739 -0.235 0.631
vn 0.683 0.677 -0.276
vn 0.842 0.540 0.004
vn -0.892 0.403 0.204
vn 0.489 0.823 -0.290
vn -0.514 0.640 -0.571
vn -0.776 -0.104 0.622
vn -0.775 -0.585 -0.238
vn -0.918 -0.346 0.193
vn 0.555 0.261 0.790
vn -0.106 -0.793 0.601
vn -0.021 -0.848 0.530
vn 0.185 0.975 0.122
vn 0.510 0.658 0.554
vn -0.220 0.971 0.099
vn 0.242 -0.967 -0.081
vn -0.093 0.996 -0.007
vn -0.158 -0.971 -0.178
vn -0.368 0.645 -0.670
vn 0.133 0.210 -0.969
vn 0.262 -0.691 -0.674
vn -0.351 -0.936 0.036
vn -0.163 0.975 -0.153
vn -0.101 0.956 -0.275
vn 0.006 0.975 -0.221
vn -0.311 0.379 0.872
vn -0.147 -0.975 -0.167
vn -0.360 -0.671 -0.648
vn -0.132 0.944 0.304
vn 0.594 0.660 -0.461
vn 0.911 0.019 -0.411
vn 0.235 0.363 -0.902
vn 0.069 0.139 -0.988
vn 0.525 0.844 -0.110
vn -0.747 0.633 0.205
vn 0.488 -0.005 -0.873
vn -0.206 0.184 -0.961
vn -0.878 -0.223 0.423
vn -0.521 -0.719 -0.461
vn 0.979 0.117 -0.164
vn 0.815 0.014 -0.580
vn 0.988 -0.048 -0.149
vn 0.682 -0.428 0.593
vn -0.844 0.301 0.444
vn -0.599 0.650 -0.467
vn 0.312 -0.012 0.950
vn -0.718 0.316 0.620
vn -0.864 -0.227 -0.449
vn 0.509 -0.502 0.700
vn 0.198 -0.980 -0.029
vn -0.966 0.244 -0.083
vn 0.661 0.522 0.539
vn 0.358 0.485 -0.798
vn 0.174 0.694 -0.699
vn -0.831 0.394 0.392
vn -0.530 -0.589 0.610
vn 0.974 -0.047 0.223
vn 0.979 -0.141 0.145
vn 0.973 0.026 -0.231
vn 0.624 0.777 0.079
vn 0.383 -0.827 0.411
vn 0.740 -0.396 -0.543
vn -0.996 -0.085 -0.034
vn -0.219 -0.574 0.789
vn 0.938 -0.342 0.049
vn -0.841 -0.534 0.087
vn -0.319 -0.940 -0.119
vn -0.914 -0.389 0.119
vn -0.550 -0.236 -0.801
vn 0.245 -0.882 -0.402
vn 0.000 0.000 0.000
vn -0.849 -0.333 -0.410
vn 0.930 0.368 0.004
vn -0.943 -0.314 0.113
vn -0.752 -0.532 0.389
vn 0.096 0.410 -0.907
vn 0.977 0.154 -0.151
vn 0.991 -0.092 0.098
vn -0.759 -0.652 0.012
vn -0.487 -0.826 0.283
vn 0.430 -0.170 -0.887
vn 0.577 0.754 0.312
vn 0.970 0.238 0.056
vn -0.798 -0.012 0.603
vn -0.981 0.112 0.161
vn -0.824 0.179 -0.537
vn -0.613 0.562 0.556
vn -0.836 -0.272 0.477
vn -0.069 0.998 -0.000
vn -0.322 0.936 0.140
vn 0.203 0.833 -0.514
vn 0.891 0.077 0.448
vn -0.169 -0.982 0.091
vn 0.905 0.415 -0.096
vn 0.018 0.366 0.930
vn 0.382 0.428 0.819
vn 0.000 0.000 0.000
vn 0.626 -0.014 0.780
vn -0.926 -0.297 -0.232
vn -0.095 -0.077 0.992
vn -0.740 -0.225 -0.634
vn 0.112 0.544 -0.832
vn -0.867 -0.062 -0.495
vn -0.095 -0.077 0.992
vn -0.170 -0.060 0.984
vn -0.167 -0.194 0.967
vn -0.600 0.439 -0.669
vn -0.907 -0.099 -0.409
vn -0.599 -0.188 -0.779
vn 0.783 -0.248 -0.570
vn -0.806 -0.028 0.591
vn 0.023 -0.991 -0.129
vn 0.007 0.993 0.116
vn -0.114 -0.984 -0.137
vn 0.040 -0.986 0.164
vn -0.369 0.889 -0.271
vn 0.239 0.936 -0.258
vn 0.440 -0.893 -0.099
vn -0.299 0.954 -0.022
vn 0.650 -0.688 0.323
vn -0.648 -0.762 0.009
vn -0.584 0.156 0.796
vn 0.919 -0.153 -0.364
vn 0.871 0.209 0.445
vn 0.682 0.531 0.503
vn 0.005 1.000 0.003
vn 0.734 -0.651 -0.196
vn 0.950 0.222 0.219
vn 0.938 -0.313 0.148
vn 0.064 -0.943 -0.328
vn -0.204 0.884 0.422
vn -0.107 -0.949 -0.295
vn 0.022 0.956 0.293
vn -0.453 -0.863 0.225
vn 0.049 0.996 0.081
vn 0.180 -0.984 -0.016
vn -0.205 -0.933 -0.296
vn -0.499 0.640 -0.584
vn 0.563 -0.563 0.605
vn 0.446 0.060 -0.893
vn -0.674 0.047 0.737
vn 0.584 -0.346 -0.735
vn 0.996 -0.050 -0.069
vn -0.908 0.369 -0.197
vn -0.501 0.799 -0.332
vn -0.017 0.966 0.257
vn 0.617 -0.175 0.767
vn 0.477 -0.152 0.866
vn -0.954 -0.166 -0.250
vn 0.131 0.160 0.978
vn -0.541 -0.030 -0.841
vn 0.030 0.127 -0.991
vn 0.279 -0.166 0.946
vn -0.655 0.116 0.747
vn -0.977 -0.155 -0.150
vn 0.313 -0.269 -0.911
vn -0.481 0.025 0.876
vn 0.971 0.233 -0.058
vn -0.750 0.074 0.658
vn 0.703 -0.058 -0.709
vn 0.990 -0.067 -0.124
vn -0.389 -0.874 0.291
vn -0.256 0.473 -0.843
vn 0.071 -0.162 0.984
vn 0.540 0.813 0.215
vn 0.941 -0.027 -0.339
vn -0.523 0.495 -0.693
vn 0.049 -0.469 0.882
vn -0.732 -0.657 -0.178
vn 0.708 -0.431 0.560
vn 0.180 0.343 -0.922
vn 0.672 0.558 -0.488
vn 0.179 -0.718 0.673
vn -0.368 -0.341 0.865
vn -0.461 -0.368 0.807
vn -0.973 0.136 -0.184
vn 0.081 -0.680 -0.729
vn 0.906 0.367 -0.210
vn 0.640 -0.308 0.704
vn 0.028 0.999 -0.022
vn 0.150 -0.942 0.300
vn -0.127 -0.825 0.551
vn -0.966 0.065 -0.249
vn -0.871 -0.488 0.059
vn -0.679 0.083 0.729
vn -0.701 0.235 0.673
vn -0.506 -0.674 0.538
vn -0.038 -0.899 0.436
vn 0.003 0.938 0.346
vn 0.103 0.984 0.145
vn 0.301 0.949 -0.093
vn 0.101 -0.990 -0.099
vn 0.038 0.999 0.012
vn 0.064 -0.992 0.108
vn -0.259 0.945 -0.201
vn -0.117 0.314 -0.942
vn 0.551 0.093 -0.830
vn -0.311 -0.766 -0.563
vn 0.499 0.731 0.466
vn 0.662 0.735 -0.146
vn -0.073 0.898 -0.435
vn -0.173 0.969 -0.177
vn -0.799 0.151 0.582
vn -0.235 -0.963 -0.132
vn -0.235 -0.946 -0.225
vn -0.736 0.654 0.177
vn 0.362 0.688 -0.629
vn 0.217 -0.781 -0.586
vn -0.370 -0.668 0.645
vn -0.686 0.428 0.589
vn 0.055 0.865 0.499
vn 0.134 -0.256 -0.957
vn -0.547 -0.568 0.615
vn -0.940 -0.335 0.064
vn 0.123 -0.923 -0.364
vn 0.363 0.915 0.177
vn -0.320 -0.556 -0.767
vn -0.762 0.221 -0.609
vn 0.397 0.155 -0.905
vn -0.974 0.115 0.197
vn 0.521 0.537 0.663
vn 0.072 0.809 -0.584
vn 0.569 -0.524 0.634
vn -0.848 0.304 -0.434
vn 0.010 -0.184 0.983
vn 0.647 -0.631 0.429
vn -0.435 0.429 0.792
vn -0.092 -0.470 -0.878
vn 0.137 0.625 -0.769
vn 0.226 0.676 -0.702
vn -0.960 -0.185 -0.212
vn -0.114 -0.055 0.992
vn -0.923 -0.355 0.147
vn 0.617 0.787 -0.003
vn 0.986 -0.132 -0.106
vn 0.407 -0.423 -0.810
vn -0.940 0.294 0.173
vn -0.400 -0.817 -0.414
vn 0.705 -0.485 0.517
vn 0.573 0.790 -0.216
vn 0.547 -0.727 0.414
vn -0.962 -0.271 0.021
vn 0.772 -0.626 -0.112
vn 0.999 -0.035 -0.018
vn -0.944 0.244 0.224
vn 0.767 -0.617 -0.175
vn -0.994 -0.099 -0.053
vn -0.926 0.366 0.088
vn 0.412 0.254 0.875
vn 0.898 -0.236 -0.371
vn -0.121 -0.817 0.564
vn 0.000 0.000 0.000
vn 0.934 0.344 0.098
vn -0.843 0.533 0.078
vn 0.847 0.393 -0.358
vn -0.114 0.558 -0.822
vn 0.012 0.983 0.182
vn -0.551 0.798 0.244
vn 0.923 -0.130 0.363
vn 0.835 -0.001 -0.550
vn -0.174 -0.307 0.935
vn -0.974 0.041 0.224
vn -0.902 0.087 0.423
vn 0.985 -0.150 0.084
vn -0.867 -0.210 0.452
vn -0.978 -0.005 0.208
vn 0.731 -0.340 0.592
vn 0.966 0.250 0.068
vn 0.993 -0.093 -0.078
vn -1.000 0.025 -0.003
vn 0.434 0.061 0.899
vn 0.368 -0.229 -0.901
vn 0.151 0.225 -0.963
vn -0.966 -0.232 0.117
vn 0.000 0.000 0.000
vn 0.142 0.268 0.953
vn -0.440 0.107 0.892
vn 0.163 0.072 0.984
vn -0.938 0.344 -0.038
vn -0.524 0.032 -0.851
vn -0.090 -0.009 -0.996
vn -0.261 0.133 0.956
vn -0.404 0.060 0.913
vn 0.191 -0.053 -0.980
vn -0.651 -0.040 -0.758
vn -0.573 -0.068 -0.817
vn -0.769 -0.243 -0.591
vn 0.854 -0.033 -0.519
vn 0.879 -0.142 -0.456
vn 0.014 -0.980 -0.201
vn -0.004 0.996 0.094
vn 0.095 0.820 -0.565
vn 0.009 -0.998 0.065
vn -0.085 0.980 -0.179
vn -0.189 0.932 -0.308
vn -0.189 0.862 -0.470
vn -0.722 -0.629 0.289
vn 0.498 -0.655 -0.569
vn 0.157 -0.389 0.908
vn 0.995 -0.018 -0.099
vn 0.913 -0.151 -0.379
vn 0.100 -0.873 -0.478
vn -0.708 0.702 0.073
vn 0.526 -0.850 0.033
vn 0.526 0.843 -0.116
vn -0.338 -0.704 0.624
vn 0.031 -0.946 -0.323
vn -0.038 -0.938 -0.344
vn -0.110 0.888 0.447
vn 0.001 0.955 0.297
vn 0.094 -0.963 0.251
vn -0.146 0.989 0.024
vn 0.209 -0.972 -0.109
vn -0.009 -0.979 -0.206
vn 0.119 0.805 -0.581
vn -0.146 -0.729 0.669
vn 0.221 -0.086 -0.971
vn 0.285 -0.102 -0.953
vn -0.299 0.467 0.832
vn -0.087 -0.529 -0.844
vn 0.767 0.634 0.103
vn -0.216 -0.661 -0.719
vn -0.005 0.952 0.307
vn 0.778 0.009 0.629
vn 0.364 -0.210 0.907
vn -0.938 -0.005 -0.347
vn -0.493 0.314 0.811
vn -0.375 0.230 -0.898
vn 0.164 0.159 -0.974
vn 0.327 -0.232 0.916
vn -0.627 0.170 0.760
vn -0.213 -0.067 0.975
vn -0.043 0.159 -0.986
vn 0.716 -0.302 0.630
vn 0.620 0.012 0.784
vn -0.072 -0.243 -0.967
vn -0.842 -0.159 -0.515
vn 0.372 -0.151 0.916
vn 0.121 0.022 0.992
vn 0.136 0.264 -0.955
vn 0.594 0.028 -0.804
vn -0.623 0.488 0.611
vn -0.989 0.013 -0.147
vn -0.604 0.262 -0.753
vn -0.494 -0.322 0.808
vn 0.295 0.576 -0.762
vn -0.240 0.466 -0.852
vn 0.832 -0.389 -0.397
vn -0.998 -0.013 0.054
vn -0.085 -0.624 0.777
vn 0.429 -0.776 0.462
vn -0.864 -0.076 0.498
vn -1.000 -0.015 -0.008
vn -0.412 0.909 0.063
vn 0.203 0.943 -0.264
vn 0.409 -0.863 0.297
vn 0.436 0.886 0.158
vn 0.905 0.209 -0.371
vn -0.108 0.237 -0.966
vn 0.024 -0.920 -0.392
vn -0.153 0.905 0.396
vn 0.389 -0.155 0.908
vn 0.987 -0.137 0.080
vn -0.122 -0.839 0.530
vn 0.015 -0.981 -0.194
vn 0.065 0.976 0.209
vn 0.267 0.960 0.087
vn 0.133 -0.991 -0.024
vn 0.013 1.000 0.027
vn 0.068 -0.998 0.010
vn -0.483 -0.863 0.147
vn -0.472 -0.300 0.829
vn -0.209 -0.173 0.962
vn 0.995 -0.080 -0.066
vn 1.000 -0.022 -0.014
vn -0.254 -0.058 0.966
vn -0.025 0.940 -0.342
vn -0.109 0.943 0.313
vn -0.025 -0.991 0.134
vn -0.814 -0.574 -0.089
vn -0.992 0.124 0.015
vn -0.342 0.916 0.209
vn 0.977 -0.010 0.213
vn 0.284 0.388 -0.877
vn -0.817 -0.273 0.508
vn -0.902 -0.430 -0.034
vn -0.982 0.118 0.149
vn 0.273 -0.287 -0.918
vn -0.737 -0.589 0.332
vn -0.067 -0.820 0.569
vn 0.000 -0.435 -0.901
vn -0.063 0.890 0.452
vn -0.588 0.241 0.772
vn 0.936 0.046 -0.349
vn 0.566 0.435 -0.700
vn 0.533 0.486 0.693
vn -0.128 0.497 0.858
vn 0.213 0.700 -0.682
vn -0.065 -0.996 -0.067
vn -0.073 0.517 0.853
vn -0.121 -0.592 0.797
vn -0.995 0.103 -0.009
vn 0.195 -0.110 -0.975
vn -0.074 -0.471 -0.879
vn 0.598 -0.558 0.576
vn 0.026 0.682 -0.731
vn -0.123 -0.832 0.540
vn 0.582 0.158 0.797
vn 0.000 0.000 0.000
vn 0.896 -0.373 0.241
vn 0.785 0.479 0.393
vn 0.187 -0.959 0.214
vn -0.782 -0.531 -0.327
vn 0.673 -0.415 -0.612
vn -0.994 0.093 -0.062
vn 0.153 0.969 0.194
vn 0.251 -0.954 0.166
vn -0.428 0.850 0.306
vn 0.845 -0.497 -0.199
vn 0.374 0.737 -0.563
vn -0.312 0.851 -0.424
vn 0.551 0.777 0.306
vn 0.671 -0.736 0.088
vn -0.969 0.157 -0.192
vn -0.041 -0.375 0.926
vn -0.879 0.377 0.292
vn -0.059 0.681 0.730
vn 0.204 -0.054 -0.977
vn 0.502 0.323 0.802
vn -0.897 -0.063 -0.438
vn 0.994 -0.112 0.018
vn 0.815 0.118 -0.568
vn 0.634 0.736 -0.237
vn 0.957 0.259 0.130
vn -0.930 0.332 -0.157
vn 0.910 -0.066 -0.409
vn 0.583 0.812 0.039
vn 0.935 0.146 0.323
vn -0.948 -0.265 0.176
vn 0.012 0.377 0.926
vn -0.354 -0.830 -0.431
vn -0.893 -0.331 -0.306
vn -0.704 -0.707 0.064
vn 0.234 0.821 -0.521
vn -0.236 -0.143 0.961
vn -0.993 0.035 -0.116
vn -0.992 -0.014 0.127
vn 0.814 0.157 -0.559
vn 0.197 0.158 -0.968
vn 0.555 0.003 0.832
vn 0.675 -0.316 -0.667
vn 0.982 0.147 0.120
vn -0.993 -0.115 0.028
vn -0.613 0.484 0.624
vn -0.301 0.046 0.953
vn -0.986 -0.131 0.102
vn -0.809 -0.067 0.584
vn 0.156 -0.968 -0.195
vn -0.205 -0.051 0.977
vn -0.871 0.001 -0.491
vn 0.946 -0.068 0.318
vn -0.265 0.226 0.937
vn 0.985 -0.143 -0.096
vn -0.443 -0.105 -0.891
vn 0.995 -0.044 0.093
vn 0.977 -0.032 0.211
vn -0.671 -0.350 -0.654
vn 0.977 0.157 0.142
vn 0.991 0.066 -0.114
vn -0.376 0.633 0.677
vn -0.162 0.097 0.982
vn -0.607 -0.037 -0.794
vn 0.658 0.041 -0.752
vn 0.721 0.072 -0.689
vn -0.309 0.382 0.871
vn -0.092 -0.400 -0.912
vn 0.948 0.217 0.234
vn 0.902 -0.320 0.290
vn 0.665 -0.350 -0.660
vn -0.015 0.965 0.262
vn -0.008 0.991 0.134
vn -0.656 0.688 0.310
vn 0.012 -0.992 0.126
vn -0.141 0.975 -0.174
vn -0.013 0.970 -0.243
vn -0.140 -0.985 -0.103
vn 0.909 0.284 -0.303
vn 0.761 -0.426 -0.489
vn 0.292 -0.024 0.956
vn -0.193 -0.850 -0.491
vn 0.672 -0.708 -0.217
vn -0.755 0.550 0.356
vn -0.099 0.889 -0.447
vn -0.821 0.519 0.239
vn 0.453 -0.492 0.744
vn 0.098 -0.944 -0.315
vn -0.095 0.938 0.334
vn 0.020 -0.873 -0.487
vn 0.030 -0.976 -0.217
vn 0.117 -0.971 0.209
vn 0.309 0.830 -0.464
vn 0.992 0.088 0.087
vn -0.162 0.942 0.294
vn 0.337 -0.763 0.552
vn 0.703 0.422 -0.572
vn 0.665 0.179 0.725
vn -0.295 0.121 0.948
vn 0.096 0.457 0.884
vn 0.733 0.338 0.591
vn -0.867 -0.393 -0.306
vn 0.319 -0.041 0.947
vn -0.966 0.228 -0.120
vn -0.232 -0.730 -0.643
vn -0.060 -0.994 0.089
vn -0.376 -0.381 0.845
vn 0.484 0.074 -0.872
vn -0.311 0.124 0.942
vn -0.433 -0.282 -0.856
vn -0.646 0.742 0.182
vn 0.903 0.046 -0.428
vn 0.221 -0.135 0.966
vn -0.395 0.060 -0.917
vn -0.622 0.251 0.742
vn -0.420 0.163 -0.893
vn -0.029 -0.282 0.959
vn 0.047 0.106 0.993
vn -0.267 -0.267 -0.926
vn -0.357 -0.161 -0.920
vn 0.066 -0.144 0.987
vn 0.570 0.199 -0.797
vn 0.564 0.051 -0.824
vn -0.962 0.264 -0.061
vn -0.985 0.131 -0.109
vn -0.314 0.178 -0.933
vn 0.071 -0.326 0.943
vn -0.878 -0.414 0.239
vn 0.455 -0.890 -0.038
vn -0.910 0.389 -0.147
vn 0.946 -0.039 0.322
vn 0.360 0.463 -0.810
vn 0.382 0.279 -0.881
vn 0.354 -0.447 0.821
vn -0.845 0.233 -0.481
vn 0.955 -0.112 0.274
vn -0.630 -0.776 -0.031
vn -0.645 0.241 -0.725
vn -0.245 0.902 -0.355
vn 0.953 -0.075 0.294
vn 0.443 -0.897 0.018
vn 0.993 -0.057 -0.099
vn 0.963 -0.190 0.190
vn -0.998 0.047 -0.036
vn 0.172 -0.295 0.940
vn 0.576 -0.545 -0.610
vn -0.075 0.972 0.221
vn -0.986 -0.146 0.075
vn -0.138 -0.867 0.479
vn -0.204 -0.793 0.575
vn 0.049 -0.982 -0.183
vn 0.076 -0.969 -0.237
vn -0.144 -0.984 -0.104
vn 0.195 0.976 0.100
vn 0.114 0.993 0.023
vn 0.097 0.900 -0.426
vn -0.032 -0.996 -0.087
vn -0.706 0.099 -0.702
vn -0.026 -0.184 0.983
vn 0.193 -0.953 -0.232
vn 0.406 0.393 0.825
vn -0.764 -0.097 0.637
vn -0.045 0.941 -0.334
vn 0.075 -0.868 0.491
vn -0.164 -0.963 -0.215
vn -0.761 0.351 -0.546
vn -0.147 0.980 0.132
vn 0.034 -0.963 -0.268
vn -0.014 -0.526 0.850
vn -0.746 -0.493 0.449
vn -0.732 0.117 -0.671
vn -0.256 -0.796 -0.548
vn -0.005 0.894 0.448
vn -0.753 0.230 -0.616
vn -0.905 0.079 -0.417
vn -0.750 -0.346 0.564
vn -0.559 -0.447 -0.698
vn 0.198 0.870 0.452
vn -0.802 -0.279 -0.528
vn 0.058 0.536 -0.842
vn -0.057 0.678 -0.733
vn 0.234 0.497 0.836
vn -0.864 0.274 0.423
vn -0.016 0.751 -0.661
vn -0.461 -0.066 -0.885
vn -0.275 -0.700 -0.659
vn 0.991 0.015 0.135
vn -0.952 -0.091 0.292
vn 0.317 -0.208 -0.925
vn 0.025 -0.670 -0.742
vn 0.976 0.159 -0.150
vn 0.802 0.495 -0.333
vn 0.474 0.231 0.850
vn -0.995 -0.014 -0.103
vn -0.166 -0.743 0.649
vn -0.655 -0.740 0.153
vn -0.260 -0.885 0.386
vn -0.488 0.834 -0.260
vn -0.914 -0.091 -0.395
vn -0.488 0.720 -0.493
vn 0.067 -0.761 0.645
vn -0.562 0.603 0.566
vn 0.015 0.997 0.082
vn 0.829 -0.520 -0.208
vn 0.584 0.136 -0.801
vn 0.984 -0.092 -0.150
vn 0.378 0.900 0.216
vn -0.287 -0.957 0.046
vn 0.895 0.260 0.363
vn -0.812 -0.384 -0.440
vn -0.120 0.691 0.713
vn 0.599 -0.766 -0.233
vn 0.011 0.934 -0.358
vn -0.966 0.258 0.028
vn 0.924 0.183 -0.337
vn 0.635 -0.036 0.772
vn 0.851 0.524 -0.017
vn -0.741 0.635 0.219
vn 0.412 -0.602 -0.684
vn -0.720 -0.609 0.333
vn -0.854 0.348 0.387
vn 0.987 -0.094 0.128
vn 0.994 -0.104 0.041
vn -0.735 0.611 0.293
vn 0.369 0.929 -0.020
vn -0.572 0.062 0.818
vn 0.490 0.106 -0.865
vn 0.979 -0.201 -0.032
vn -0.239 0.867 -0.438
vn -0.462 0.058 -0.885
vn 0.246 0.657 0.713
vn -0.564 -0.754 -0.337
vn -0.988 0.044 -0.148
vn -0.960 0.064 0.273
vn 0.055 -0.667 0.743
vn 0.211 0.418 -0.884
vn 0.915 0.108 0.389
vn -0.487 0.471 -0.735
vn -0.219 -0.050 -0.975
vn -0.936 -0.312 -0.163
vn 0.986 -0.143 -0.091
vn 0.732 -0.434 0.525
vn 0.333 0.802 -0.496
vn -0.136 0.489 0.862
vn 0.889 0.399 0.224
vn 0.000 0.000 0.000
vn -0.980 0.157 0.123
vn 0.972 -0.220 -0.087
vn 0.279 0.714 0.643
vn -0.253 0.224 0.941
vn 0.267 0.650 -0.711
vn 0.856 -0.498 -0.138
vn 0.960 0.207 -0.186
vn 0.975 -0.152 -0.162
vn 0.990 -0.089 -0.107
vn 0.961 0.244 -0.128
vn -0.671 0.000 -0.742
vn -0.835 0.112 0.539
vn 0.927 -0.234 -0.293
vn 0.886 -0.229 0.404
vn 0.080 -0.064 -0.995
vn -0.168 0.425 -0.890
vn -0.960 -0.158 0.233
vn -0.757 -0.478 0.445
vn 0.885 0.235 -0.402
vn -0.826 -0.089 0.557
vn -0.541 0.013 -0.841
vn -0.115 0.050 0.992
vn 0.430 0.001 0.903
vn -0.283 0.121 0.951
vn -0.398 0.035 -0.917
vn -0.801 0.020 -0.599
vn -0.904 0.106 -0.414
vn -0.837 0.297 -0.459
vn 0.646 0.251 -0.721
vn 0.674 -0.027 -0.738
vn 0.007 -0.983 -0.184
vn 0.029 -0.995 -0.095
vn 0.572 -0.008 0.820
vn -0.285 0.957 -0.062
vn -0.162 0.968 -0.192
vn -0.957 -0.206 -0.206
vn 0.733 0.663 0.153
vn 0.068 -0.982 0.178
vn 0.645 0.696 -0.316
vn -0.770 -0.622 0.145
vn 0.891 -0.151 -0.428
vn -0.584 -0.353 -0.731
vn 0.803 0.019 0.595
vn -0.667 -0.741 0.079
vn -0.521 0.788 0.329
vn 0.403 -0.425 0.811
vn -0.863 0.109 0.493
vn 0.175 -0.914 -0.367
vn -0.025 0.945 0.326
vn 0.623 -0.678 -0.390
vn -0.015 0.973 0.230
vn -0.549 0.811 -0.203
vn 0.118 -0.960 0.253
vn 0.115 -0.993 -0.015
vn -0.370 0.861 0.350
vn 0.387 0.752 0.533
vn -0.428 -0.703 0.568
vn 0.229 0.525 -0.819
vn -0.243 0.077 0.967
vn -0.890 0.009 0.455
vn -0.493 0.264 0.829
vn 0.352 0.453 0.819
vn -0.414 -0.761 -0.500
vn -0.873 0.449 -0.188
vn 0.948 -0.129 0.292
vn 0.894 -0.446 -0.032
vn -0.808 0.488 0.328
vn -0.551 -0.419 0.721
vn 0.339 0.131 -0.932
vn -0.138 0.134 0.981
vn -0.234 -0.446 -0.864
vn -0.810 0.286 0.511
vn 0.210 -0.111 0.971
vn -0.580 -0.304 0.755
vn -0.569 -0.156 -0.807
vn 0.959 0.214 0.187
vn 0.701 0.673 0.235
vn 0.174 0.355 0.919
vn 0.686 -0.154 0.711
vn 0.820 0.179 0.544
vn -0.982 0.144 -0.124
vn -0.936 0.343 -0.080
vn -0.933 0.194 -0.303
vn 0.535 0.407 -0.741
vn -0.592 -0.074 0.802
vn -0.964 0.153 -0.217
vn 0.957 -0.093 0.274
vn -0.493 0.071 -0.867
vn -0.484 -0.362 0.797
vn 0.769 0.455 -0.450
vn 0.555 0.823 -0.125
vn -0.640 -0.311 0.703
vn 0.052 -0.363 0.930
vn -0.781 -0.615 0.110
vn -0.214 0.970 0.113
vn 0.487 0.228 0.843
vn 0.858 0.400 -0.323
vn -0.589 0.269 -0.763
vn 0.409 -0.910 -0.070
vn 0.697 -0.707 0.116
vn -0.998 0.067 0.005
vn -0.810 -0.322 0.491
vn 0.124 -0.274 0.954
vn 0.590 -0.400 -0.701
vn -0.834 0.549 -0.048
vn -0.989 0.111 -0.099
vn -0.974 0.199 -0.106
vn 0.004 0.855 -0.518
vn 0.065 0.969 0.238
vn -0.548 0.176 -0.818
vn -0.130 -0.981 -0.143
vn 0.343 0.936 0.081
vn 0.577 -0.814 -0.071
vn 0.617 0.589 -0.522
vn 0.173 -0.982 -0.074
vn 0.175 -0.085 0.981
vn -0.900 -0.433 -0.047
vn -0.270 0.833 0.483
vn -0.152 0.986 0.063
vn 0.813 -0.354 -0.461
vn 0.577 -0.795 0.190
vn -0.168 -0.972 -0.167
vn -0.052 0.992 0.114
vn 0.065 -0.963 -0.261
vn 0.034 -0.951 -0.308
vn 0.237 0.755 -0.611
vn 0.092 -0.549 0.830
vn -0.853 0.058 -0.518
vn 0.562 -0.270 0.782
vn 0.076 -0.853 -0.517
vn 0.669 -0.697 -0.260
vn 0.840 0.105 -0.533
vn 0.210 0.577 -0.789
vn -0.620 -0.541 0.568
vn -0.498 0.866 0.046
vn 0.308 0.876 0.372
vn -0.584 -0.417 -0.697
vn 0.775 -0.235 0.587
vn 0.593 0.388 -0.706
vn 0.458 0.398 0.795
vn 0.697 0.219 0.682
vn 0.176 0.721 -0.670
vn -0.489 0.535 -0.689
vn -0.176 -0.834 -0.522
vn 0.869 0.465 -0.172
vn -0.743 -0.343 0.574
vn 0.012 -0.351 -0.936
vn 0.151 0.373 0.916
vn 0.974 0.215 -0.066
vn 0.960 0.134 0.245
vn 0.300 0.297 0.907
vn -0.922 -0.386 -0.020
vn -0.086 -0.904 0.420
vn 0.107 -0.958 0.264
vn -0.607 0.669 -0.429
vn -0.677 -0.130 -0.724
vn 0.360 0.785 -0.505
vn -0.770 -0.456 0.446
vn -0.694 -0.667 0.270
vn -0.137 0.990 -0.019
vn -0.978 -0.169 -0.122
vn 0.306 0.578 0.756
vn -0.341 -0.863 0.373
vn 0.739 0.663 0.121
vn -0.913 0.158 0.377
vn 0.283 -0.832 -0.477
vn 0.888 -0.353 0.293
vn 0.718 -0.469 -0.514
vn 0.213 0.962 -0.173
vn -0.010 -0.594 0.805
vn 0.304 0.808 0.505
vn -0.868 -0.385 -0.315
vn 0.413 -0.634 -0.654
vn 0.641 0.192 -0.743
vn 0.047 0.234 0.971
vn 0.212 0.950 0.231
vn -0.180 0.663 -0.726
vn 0.020 -0.657 -0.754
vn -0.088 0.532 0.842
vn 0.676 0.212 -0.706
vn -0.862 -0.478 0.168
vn -0.985 0.090 0.146
vn 0.237 -0.968 -0.085
vn -0.976 0.084 0.203
vn -0.967 -0.003 0.256
vn 0.947 -0.133 -0.293
vn -0.977 -0.093 0.194
vn 0.924 -0.015 -0.381
vn 0.070 -0.923 -0.379
vn -0.656 -0.085 -0.750
vn 0.941 0.336 0.039
vn 0.917 -0.208 -0.340
vn 0.000 0.000 0.000
vn -0.803 0.106 -0.586
vn 0.487 -0.044 -0.872
vn -0.502 -0.121 -0.857
vn -0.986 -0.134 0.096
vn -0.980 0.104 0.172
vn -0.453 0.116 -0.884
vn 0.023 0.865 0.501
vn -0.925 0.115 -0.363
vn 0.464 0.721 0.515
vn 0.744 0.231 -0.626
vn -0.959 -0.102 -0.265
vn -0.686 -0.536 0.492
vn 0.416 -0.627 -0.658
vn -0.011 0.213 -0.977
vn 0.749 0.264 0.608
vn 0.841 0.370 0.395
vn -0.941 -0.218 0.259
vn 0.883 0.439 0.170
vn 0.977 -0.025 0.213
vn 0.992 -0.055 -0.115
vn 0.748 -0.066 -0.660
vn 0.895 0.445 0.044
vn -0.053 -0.800 0.597
vn 0.950 0.057 -0.307
vn -0.414 -0.579 0.703
vn -0.969 -0.205 0.135
vn 0.753 0.595 0.281
vn -0.970 -0.098 0.221
vn -0.334 -0.176 -0.926
vn -0.999 0.040 0.033
vn 0.327 0.916 -0.233
vn -0.428 -0.026 -0.903
vn -0.951 -0.218 0.220
vn -0.790 -0.007 -0.613
vn -0.990 0.137 0.025
vn 0.549 -0.102 -0.830
vn 0.440 -0.421 0.793
vn -0.766 0.075 -0.639
vn 0.427 0.704 -0.567
vn 0.813 0.048 0.581
vn -0.697 -0.122 -0.707
vn 0.960 -0.255 0.113
vn 0.089 -0.613 -0.785
vn 0.950 0.003 -0.312
vn 0.993 -0.024 0.117
vn -0.836 0.059 -0.546
vn 0.853 -0.098 -0.513
vn -0.999 0.012 0.031
vn -0.950 0.052 0.307
vn -0.491 -0.120 -0.863
vn -0.841 -0.015 -0.541
vn -0.855 -0.223 -0.468
vn 0.994 0.053 -0.100
vn 0.902 0.410 -0.134
vn 0.923 0.328 0.199
vn 0.906 -0.007 -0.422
vn -0.971 0.239 0.019
vn 0.421 -0.335 -0.843
vn 0.931 0.348 0.111
vn 0.053 -0.980 -0.191
vn -0.033 0.998 0.058
vn 0.267 -0.963 -0.043
vn -0.259 0.951 -0.170
vn 0.220 -0.955 0.199
vn 0.940 -0.178 0.292
vn 0.988 0.147 0.057
vn 0.997 -0.020 0.075
vn 0.080 0.250 0.965
vn -0.340 -0.343 0.875
vn -0.947 -0.292 0.133
vn -0.984 -0.175 -0.030
vn 0.985 0.169 0.033
vn 0.993 0.121 -0.002
vn -0.879 -0.340 0.334
vn 0.502 0.723 -0.475
vn -0.498 0.782 0.374
vn 0.152 -0.919 -0.365
vn -0.094 0.935 0.343
vn 0.060 0.990 0.130
vn -0.337 0.911 -0.237
vn 0.414 -0.889 0.195
vn 0.629 -0.772 -0.094
vn -0.141 0.982 0.127
vn -0.748 0.507 -0.428
vn 0.567 0.788 -0.240
vn -0.886 -0.070 0.459
vn -0.992 -0.020 -0.125
vn -0.284 -0.027 0.959
vn -0.417 0.140 -0.898
vn -0.375 -0.581 -0.723
vn -0.124 -0.692 0.711
vn -0.930 0.192 0.315
vn 0.803 -0.594 -0.047
vn 0.287 0.909 0.303
vn -0.097 0.251 -0.963
vn 0.255 0.150 -0.955
vn 0.518 0.101 -0.850
vn 0.000 0.000 0.000
vn 0.330 0.073 0.941
vn 0.148 0.262 0.954
vn 0.748 -0.530 -0.400
vn -0.075 -0.325 0.943
vn -0.307 -0.390 0.868
vn 0.740 0.271 0.616
vn 0.184 -0.514 -0.838
vn -0.178 -0.213 -0.961
vn 0.631 0.237 0.739
vn 0.889 0.039 -0.456
vn -0.923 0.083 0.376
vn -0.890 -0.071 0.450
vn 0.821 0.217 -0.528
vn -0.348 0.017 0.937
vn 0.733 0.370 -0.571
vn -0.988 0.103 -0.112
vn -0.926 -0.032 -0.376
vn -0.639 -0.295 -0.710
vn 0.293 -0.621 0.727
vn 0.793 0.358 -0.492
vn -0.836 0.019 -0.549
vn -0.071 0.029 0.997
vn -0.588 0.232 -0.775
vn 0.607 -0.295 0.738
vn -0.660 -0.696 0.282
vn 0.881 0.470 -0.053
vn 0.960 0.075 -0.270
vn 0.368 -0.679 0.635
vn -0.539 0.332 -0.774
vn 0.274 -0.151 0.950
vn -0.349 -0.622 0.700
vn -0.094 0.746 -0.659
vn 0.655 -0.194 0.730
vn -0.930 0.219 0.295
vn -0.925 0.319 0.206
vn -0.566 0.427 -0.705
vn -0.050 -0.792 0.608
vn 0.013 0.801 -0.598
vn 0.233 0.950 0.209
vn 0.926 0.301 -0.229
vn 0.492 0.867 0.075
vn -0.163 -0.986 -0.035
vn 0.241 -0.969 -0.054
vn 0.733 -0.657 0.176
vn 0.553 0.369 -0.747
vn 0.000 0.000 0.000
vn -0.954 0.232 -0.190
vn 0.248 0.951 0.186
vn 0.844 -0.534 0.058
vn 0.924 -0.336 -0.183
vn -0.828 0.196 0.525
vn 0.142 -0.938 0.317
vn 0.206 0.950 -0.236
vn -0.014 -0.986 0.164
vn -0.026 0.978 0.207
vn 0.112 -0.990 -0.086
vn -0.076 -0.949 -0.307
vn 0.637 -0.211 0.742
vn 0.818 -0.397 0.417
vn -0.872 -0.489 -0.010
vn -0.380 0.771 0.511
vn 0.472 -0.793 -0.385
vn 0.912 -0.336 -0.235
vn -0.432 0.517 -0.739
vn 0.399 0.437 -0.806
vn -0.247 -0.567 0.786
vn 0.985 -0.164 0.055
vn 0.913 -0.124 0.389
vn -0.567 -0.577 -0.588
vn 0.531 0.269 0.803
vn 0.577 0.491 -0.653
vn -0.472 0.327 0.819
vn 0.055 -0.640 0.766
vn 0.951 0.286 0.120
vn -0.762 -0.251 -0.598
vn 0.704 0.195 0.683
vn -0.061 -0.473 0.879
vn 0.429 -0.666 0.610
vn 0.677 -0.359 0.642
vn 0.321 0.799 -0.509
vn -0.997 -0.014 -0.078
vn -0.197 0.292 0.936
vn 0.894 -0.336 0.296
vn -0.500 0.862 0.083
vn -0.047 -0.988 0.147
vn 0.922 0.348 -0.167
vn 0.966 0.176 0.187
vn -0.920 0.236 0.313
vn 0.753 0.621 -0.217
vn 0.061 -0.950 0.307
vn -0.749 -0.637 0.182
vn -0.175 0.978 -0.114
vn 0.731 -0.395 -0.556
vn 0.560 0.491 0.668
vn 0.661 0.650 0.376
vn -0.914 -0.319 0.250
vn -0.978 0.160 0.131
vn 0.490 -0.643 -0.589
vn -0.665 0.423 0.615
vn -0.395 0.655 0.644
vn -0.817 0.571 -0.082
vn -0.876 -0.355 -0.326
vn 0.868 -0.269 -0.416
vn -0.433 -0.554 -0.711
vn -0.363 0.536 -0.762
vn 0.947 -0.080 0.310
vn -0.969 0.224 0.099
vn 0.182 0.056 0.982
vn 0.971 -0.212 -0.113
vn -0.073 0.550 0.832
vn -0.097 -0.647 -0.756
vn 0.000 0.000 0.000
vn -0.557 -0.829 0.054
vn -0.113 0.064 -0.991
vn -0.985 -0.155 0.079
vn 0.000 0.000 0.000
vn -0.851 0.507 0.138
vn -0.907 0.419 0.045
vn 0.281 0.072 -0.957
vn -0.895 0.110 0.433
vn 0.677 0.177 0.714
vn 0.977 0.172 0.125
vn 0.864 0.472 -0.177
vn 0.000 0.000 0.000
vn 0.902 0.177 0.394
vn 0.939 0.336 0.070
vn 0.408 0.001 -0.913
vn -0.956 -0.284 0.072
vn -0.985 0.065 0.161
vn -0.973 0.088 -0.214
vn -0.137 -0.141 0.980
vn 0.996 -0.030 -0.079
vn 0.396 -0.565 -0.724
vn 0.995 0.092 -0.041
vn -0.951 0.107 0.289
vn 0.571 0.320 -0.756
vn 0.993 -0.104 0.058
vn 0.943 0.323 0.074
vn 0.599 0.359 -0.715
vn 0.951 -0.139 -0.277
vn -0.955 0.274 -0.116
vn -0.622 0.749 -0.228
vn 0.861 0.433 -0.268
vn -0.863 0.086 -0.497
vn -0.934 -0.356 0.008
vn 0.958 0.188 -0.216
vn -0.991 0.122 0.056
vn 0.944 -0.234 0.233
vn -0.981 -0.178 0.072
vn 0.944 0.211 0.253
vn -0.726 0.402 -0.558
vn 0.570 0.061 0.819
vn -0.095 0.158 0.983
vn -0.635 0.447 -0.630
vn 0.992 -0.007 0.130
vn 0.966 0.253 -0.055
vn -0.691 -0.483 0.538
vn -0.618 0.003 -0.786
vn 0.955 -0.016 0.298
vn 0.941 0.223 0.256
vn -0.880 -0.016 0.474
vn -0.744 0.128 -0.656
vn -0.878 0.454 0.152
vn 0.380 -0.303 -0.874
vn -0.635 0.447 -0.630
vn 0.994 0.032 -0.107
vn -0.274 0.058 0.960
vn -0.516 -0.075 -0.853
vn 0.974 -0.161 -0.159
vn -0.966 0.257 -0.024
vn 0.945 -0.262 -0.197
vn -0.547 -0.034 -0.836
vn -0.889 0.053 0.456
vn -0.518 -0.521 -0.678
vn -0.525 -0.356 0.773
vn -0.688 0.715 0.119
vn -0.614 0.080 -0.785
vn 0.853 0.176 -0.491
vn 0.990 0.078 0.114
vn -0.833 -0.544 -0.100
vn 0.963 -0.006 0.269
vn 0.556 -0.181 0.811
vn 0.402 -0.214 0.890
vn -0.980 -0.105 0.166
vn -0.980 0.157 -0.120
vn -0.847 -0.372 -0.380
vn -0.358 -0.414 -0.837
vn 0.888 0.434 -0.152
vn -0.515 -0.667 0.539
vn -0.991 -0.001 -0.137
vn 0.968 0.192 0.163
vn -0.933 -0.334 -0.133
vn 0.948 0.235 -0.212
vn -0.811 -0.585 -0.018
vn -0.991 -0.093 -0.096
vn -0.072 0.996 0.057
vn 0.248 -0.969 0.011
vn -0.612 0.585 0.532
vn -0.965 0.257 -0.048
vn 0.642 0.534 0.550
vn 0.937 0.179 0.299
vn 0.037 -0.091 0.995
vn -0.450 -0.684 0.575
vn 0.457 -0.128 0.880
vn -0.272 -0.098 -0.957
vn -0.795 -0.237 -0.558
vn -0.967 -0.070 0.246
vn -0.900 -0.266 0.347
vn 0.714 0.606 -0.350
vn -0.007 -0.950 -0.313
vn -0.122 0.900 0.419
vn -0.210 -0.912 -0.352
vn -0.476 0.866 -0.154
vn 0.523 -0.850 0.064
vn -0.083 0.992 -0.096
vn 0.676 0.724 -0.138
vn -0.088 0.764 -0.640
vn -0.368 -0.463 0.807
vn -0.767 -0.078 0.637
vn 0.190 -0.009 -0.982
vn -0.961 -0.024 0.275
vn -0.990 -0.006 -0.142
vn -0.710 -0.329 -0.622
vn 0.247 0.589 0.770
vn -0.645 -0.227 0.730
vn -0.344 -0.939 0.020
vn -0.336 0.852 0.401
vn 0.160 -0.915 -0.370
vn -0.232 0.360 -0.904
vn 0.927 -0.069 -0.369
vn 0.599 -0.018 -0.801
vn -0.575 0.452 0.681
vn -0.207 -0.066 0.976
vn 0.141 0.317 0.938
vn -0.645 -0.568 0.512
vn 0.671 -0.284 0.685
vn 0.964 0.058 -0.260
vn 0.975 -0.051 0.218
vn 0.728 -0.483 -0.486
vn 0.158 -0.304 -0.940
vn 0.096 -0.272 0.958
vn 0.991 -0.023 -0.133
vn 0.984 0.081 0.157
vn 0.821 -0.208 0.531
vn 0.752 0.396 0.527
vn -0.852 -0.114 -0.511
vn 0.497 0.028 0.868
vn -0.949 -0.314 -0.031
vn -0.084 0.884 0.459
vn 0.927 0.311 0.209
vn -0.001 -0.609 -0.793
vn -0.581 0.233 0.780
vn 0.385 -0.600 0.701
vn -0.831 0.369 -0.417
vn -0.965 -0.261 -0.004
vn -0.929 -0.089 0.359
vn -0.655 0.310 -0.689
vn -0.266 -0.825 0.499
vn 0.016 0.920 0.392
vn 0.872 0.292 -0.392
vn -0.313 -0.471 0.824
vn -0.710 0.632 -0.311
vn 0.773 -0.170 0.611
vn 0.037 0.524 -0.851
vn -0.003 0.764 -0.645
vn -0.662 0.213 -0.719
vn 0.743 -0.164 0.649
vn -0.902 -0.096 0.421
vn -0.577 0.714 0.397
vn -0.080 -0.801 0.594
vn 1.000 0.022 -0.017
vn 0.516 0.788 0.337
vn 0.601 -0.635 -0.486
vn 0.583 0.812 0.027
vn -0.182 -0.983 -0.028
vn -0.133 -0.990 -0.042
vn -0.304 -0.934 0.185
vn 0.543 0.792 -0.281
vn 0.641 0.380 -0.667
vn -0.734 0.399 0.550
vn -0.949 -0.129 0.287
vn 0.968 -0.088 0.237
vn -0.517 -0.392 0.761
vn -0.102 -0.952 0.288
vn 0.227 0.900 -0.371
vn 0.290 0.948 0.128
vn 0.302 0.937 0.173
vn 0.099 -0.995 -0.022
vn -0.152 -0.934 -0.322
vn 0.716 0.346 -0.607
vn 0.029 -0.536 0.844
vn -0.873 0.079 -0.482
vn -0.580 -0.806 -0.120
vn 0.546 -0.811 -0.212
vn 0.976 -0.182 0.121
vn 0.997 0.002 0.073
vn -0.457 0.186 0.870
vn 0.470 -0.773 0.427
vn -0.406 -0.465 0.786
vn 0.837 -0.280 0.471
vn 0.015 -0.919 -0.394
vn -0.931 0.148 -0.332
vn -0.673 0.185 0.716
vn -0.439 -0.474 0.763
vn 0.303 0.619 -0.725
vn -0.510 0.636 -0.579
vn -0.437 -0.203 -0.876
vn -0.776 -0.312 -0.548
vn -0.960 0.017 -0.281
vn 0.959 -0.139 0.246
vn 0.092 -0.551 0.830
vn -0.874 -0.301 0.382
vn 0.713 0.077 0.697
vn -0.381 -0.721 0.579
vn 0.638 0.523 -0.565
vn 0.476 0.195 0.858
vn -0.005 -0.797 0.603
vn 0.466 0.725 -0.508
vn -0.997 -0.067 -0.028
vn -0.317 -0.296 -0.901
vn -0.105 0.930 -0.352
vn 0.784 0.612 -0.103
vn -0.481 -0.856 0.191
vn 0.527 0.557 -0.642
vn 0.914 0.399 -0.072
vn 0.883 0.468 -0.025
vn 0.183 0.418 0.890
vn -0.574 -0.388 -0.721
vn 0.822 0.569 0.037
vn 0.964 -0.254 0.079
vn -0.484 -0.767 0.420
vn -0.986 0.129 0.110
vn -0.515 0.656 0.552
vn 0.894 -0.397 -0.210
vn 0.991 -0.110 0.080
vn -0.903 -0.349 -0.251
vn -0.883 0.249 0.398
vn 0.435 -0.360 -0.825
vn -0.169 0.955 0.243
vn 0.135 0.989 -0.067
vn 0.925 0.370 -0.086
vn -0.870 -0.265 -0.416
vn 0.970 0.144 0.197
vn 0.817 -0.346 0.460
vn -0.372 -0.620 -0.690
vn -0.377 0.441 0.814
vn -0.740 0.658 0.142
vn 0.950 -0.276 0.144
vn 0.811 -0.584 -0.033
vn 0.738 -0.452 -0.502
vn 0.576 -0.284 0.766
vn 0.649 -0.559 -0.515
vn 0.456 0.411 0.789
vn 0.840 0.422 0.341
vn 0.000 0.000 0.000
vn -0.990 -0.143 0.003
vn 0.974 -0.226 -0.018
vn -0.403 -0.169 0.900
vn -0.694 -0.287 -0.660
vn 0.000 0.000 0.000
vn 0.000 0.000 0.000
vn -0.967 0.133 0.216
vn 0.235 0.883 0.407
vn -0.874 -0.212 -0.436
vn 0.969 -0.050 -0.241
vn 0.521 0.078 -0.850
vn 0.036 -0.090 0.995
vn 0.000 0.000 0.000
vn -0.951 -0.096 -0.295
vn 0.692 0.084 0.717
vn 0.122 0.755 -0.644
vn -0.742 -0.306 -0.596
vn 0.996 -0.001 0.088
vn 0.020 0.021 1.000
vn -0.856 -0.340 -0.389
vn 0.000 0.000 0.000
vn -0.998 -0.031 -0.060
vn 0.795 -0.312 -0.520
vn 0.883 0.401 -0.245
vn -0.977 0.214 -0.010
vn -0.574 0.072 -0.816
vn 0.915 0.003 -0.403
vn 0.155 -0.175 -0.972
vn -0.827 -0.554 0.095
vn 0.000 0.000 0.000
vn 0.667 0.085 0.740
vn -0.752 0.643 -0.144
vn -0.914 0.406 0.005
vn -0.987 0.008 -0.162
vn 0.969 0.194 -0.152
vn -0.855 -0.517 -0.028
vn 0.911 0.405 -0.072
vn -0.145 0.185 -0.972
vn 0.977 -0.016 -0.212
vn -0.282 0.086 0.956
vn 0.551 -0.370 -0.748
vn -0.937 -0.016 0.348
vn -0.880 -0.334 0.336
vn 0.745 0.235 0.624
vn -0.932 -0.081 0.354
vn -0.133 0.417 -0.899
vn 0.323 0.100 0.941
vn -0.597 -0.099 0.796
vn 0.947 0.234 -0.219
vn 0.957 0.255 0.137
vn -0.899 0.368 0.235
vn -0.328 0.944 -0.027
vn -0.994 -0.109 -0.032
vn 0.932 -0.182 0.314
vn -0.939 -0.193 0.285
vn 0.152 0.778 0.609
vn -0.248 -0.576 -0.779
vn -0.947 0.302 -0.109
vn -0.973 0.216 0.082
vn -0.974 0.092 -0.205
vn 0.841 -0.089 -0.534
vn -0.920 -0.053 -0.389
vn -0.827 0.315 -0.465
vn -0.956 -0.287 0.054
vn -0.733 -0.680 0.012
vn -0.394 -0.087 -0.915
vn -0.557 -0.014 0.830
vn 0.370 -0.053 -0.928
vn -0.709 -0.540 0.454
vn 0.975 0.015 0.221
vn -0.988 0.043 0.146
vn -0.699 -0.121 0.705
vn -0.990 0.087 -0.110
vn -0.986 -0.119 -0.115
vn -0.963 -0.144 0.226
vn 0.880 0.161 0.447
vn -0.627 -0.131 0.768
vn 0.940 0.076 -0.332
vn -0.179 -0.883 0.434
vn 0.527 0.079 -0.846
vn -0.314 0.946 -0.083
vn -0.885 -0.016 -0.466
vn -0.980 -0.157 0.122
vn -0.437 0.353 -0.827
vn -0.798 0.189 -0.572
vn 0.931 -0.364 -0.038
vn 0.686 -0.542 0.485
vn 0.897 0.244 -0.370
vn 0.000 0.000 0.000
vn 0.824 -0.129 -0.551
vn 0.486 0.261 0.834
vn -0.972 -0.162 0.171
vn 0.945 0.105 0.308
vn 0.898 -0.013 -0.439
vn 0.972 0.182 -0.151
vn -0.120 0.980 0.162
vn 0.683 -0.689 -0.242
vn -0.291 0.950 -0.112
vn 0.316 -0.932 0.175
vn 0.997 0.059 0.053
vn -0.381 -0.411 0.828
vn -0.557 0.691 -0.461
vn 0.765 0.049 -0.642
vn -0.984 -0.132 -0.118
vn 0.000 0.000 0.000
vn 0.784 0.360 0.506
vn -0.618 -0.363 -0.697
vn -0.786 -0.472 -0.399
vn -0.922 -0.112 0.371
vn 0.903 0.407 -0.138
vn 0.219 -0.903 -0.370
vn -0.203 0.912 0.356
vn 0.124 -0.965 -0.230
vn -0.652 0.739 -0.168
vn 0.223 -0.936 0.272
vn -0.445 0.869 -0.216
vn -0.017 1.000 0.015
vn 0.927 0.004 0.374
vn 0.359 -0.510 0.782
vn 0.047 -0.503 0.863
vn 0.059 0.854 0.518
vn -0.476 0.031 0.879
vn -0.864 -0.117 -0.490
vn -0.896 -0.144 -0.420
vn -0.809 0.385 -0.445
vn -0.692 -0.444 0.569
vn -0.909 -0.387 0.152
vn -0.912 0.379 0.156
vn -0.117 0.888 0.445
vn 0.015 0.620 -0.785
vn -0.846 -0.144 0.514
vn -0.908 -0.113 -0.403
vn 0.778 -0.094 0.621
vn -0.013 0.292 0.956
vn -0.282 -0.505 0.815
vn 0.782 -0.038 0.622
vn 0.833 0.107 -0.542
vn -0.962 -0.060 -0.266
vn 0.850 0.051 0.524
vn 0.151 -0.268 -0.952
vn 0.706 -0.138 -0.695
vn -0.643 0.392 -0.658
vn 0.279 -0.264 0.923
vn 0.983 -0.028 0.181
vn 0.021 -0.186 -0.982
vn -0.015 0.251 0.968
vn 0.679 -0.068 -0.731
vn 0.244 -0.597 0.764
vn -0.282 -0.567 0.774
vn 0.638 -0.358 0.682
vn -0.111 0.248 -0.962
vn -0.007 0.231 0.973
vn 0.980 0.081 0.180
vn 0.829 -0.502 -0.247
vn -0.196 -0.119 0.973
vn -0.235 -0.265 0.935
vn -0.105 0.358 0.928
vn 0.517 -0.145 -0.844
vn -0.732 0.156 -0.663
vn 0.134 0.575 -0.807
vn 0.362 0.833 -0.419
vn -0.666 0.200 -0.718
vn 0.768 -0.096 0.633
vn 0.048 -0.797 0.602
vn 0.117 0.863 -0.492
vn 0.439 0.843 0.311
vn -0.462 -0.812 -0.358
vn 0.805 -0.372 0.462
vn 0.496 0.868 0.020
vn -0.422 -0.906 -0.037
vn -0.700 -0.688 0.191
vn -0.480 0.699 0.530
vn 0.473 0.393 -0.788
vn -0.612 0.073 -0.787
vn 0.802 0.003 0.597
vn -0.249 -0.913 0.322
vn 0.388 0.868 -0.310
vn -0.340 -0.940 0.031
vn 0.146 0.989 0.002
vn -0.203 -0.908 -0.366
vn 0.160 -0.951 -0.264
vn 0.775 0.122 -0.620
vn 0.382 0.135 -0.914
vn -0.700 0.027 -0.713
vn 0.403 0.772 -0.491
vn -0.291 -0.954 0.076
vn -0.358 -0.516 0.778
vn 0.969 -0.165 0.185
vn -0.250 -0.668 0.701
vn 0.434 0.458 -0.776
vn -0.792 0.035 -0.610
vn 0.974 0.055 0.220
vn -0.751 0.278 0.599
vn 0.660 -0.695 -0.285
vn -0.256 0.954 -0.158
vn 0.967 0.254 0.037
vn 0.363 -0.452 0.815
vn 0.365 0.598 -0.714
vn 0.999 -0.024 0.030
vn 0.784 0.491 -0.380
vn 0.959 -0.026 0.281
vn -0.882 -0.022 0.470
vn -0.797 0.063 -0.601
vn 0.967 0.152 -0.206
vn -0.732 0.230 0.641
vn 0.937 0.348 -0.043
vn 0.858 0.369 -0.357
vn -0.915 -0.252 -0.315
vn 0.939 -0.264 -0.221
vn 0.908 -0.038 0.417
vn 0.211 0.975 -0.063
vn 0.059 -0.751 -0.657
vn 0.681 0.507 -0.528
vn 0.163 0.224 -0.961
vn 0.915 0.354 -0.193
vn 0.958 -0.197 -0.210
vn 0.875 0.481 -0.055
vn -0.592 -0.741 0.317
vn 0.999 0.012 -0.031
vn 0.712 0.657 -0.249
vn -0.997 -0.058 -0.044
vn -0.981 0.180 -0.068
vn -0.106 -0.293 -0.950
vn 0.979 -0.096 0.180
vn 0.825 -0.532 0.188
vn 0.115 0.226 -0.967
vn 0.971 -0.214 -0.110
vn 0.999 0.020 0.039
vn -0.885 -0.391 0.252
vn 0.004 0.872 -0.490
vn -0.667 -0.370 -0.646
vn 0.707 0.391 0.589
vn -0.845 -0.430 0.319
vn 0.761 0.638 -0.119
vn 0.755 0.607 0.248
vn 0.954 0.297 0.035
vn -0.460 -0.172 0.871
vn 0.830 -0.138 -0.540
vn 0.312 0.936 0.161
vn -0.216 0.373 0.902
vn -0.167 0.852 0.497
vn 0.582 -0.251 -0.773
vn -0.121 0.375 0.919
vn -0.382 0.862 -0.332
vn 0.142 0.609 0.781
vn 0.631 0.202 0.749
vn -0.882 0.428 0.197
vn 0.593 -0.436 -0.677
vn 0.972 0.113 -0.207
vn 0.167 0.923 -0.346
vn -0.728 0.567 0.385
vn 0.531 -0.592 -0.606
vn -0.836 0.156 0.526
vn -0.472 -0.495 -0.730
vn -0.976 -0.211 -0.054
vn 0.884 -0.179 -0.431
vn -0.592 0.707 0.387
vn 0.862 0.129 0.491
vn -0.138 -0.243 -0.960
vn 0.527 -0.207 -0.824
vn -0.755 -0.034 0.655
vn 0.249 0.526 -0.813
vn -0.970 0.241 -0.036
vn 0.000 0.000 0.000
vn -0.237 0.949 -0.206
vn 0.000 0.000 0.000
vn 0.789 -0.001 -0.614
vn 0.631 0.012 -0.776
vn 0.214 0.471 0.856
vn 0.223 0.175 -0.959
vn -0.259 0.132 0.957
vn 0.000 0.000 0.000
vn 0.790 -0.162 -0.591
vn -0.232 0.962 0.146
vn -0.542 0.838 0.065
vn -0.978 -0.171 0.121
vn -0.934 0.023 0.357
vn 0.855 0.042 0.517
vn 0.996 0.083 -0.018
vn -0.966 0.011 0.258
vn 0.000 0.000 0.000
vn -0.994 -0.001 -0.113
vn -0.986 0.162 -0.046
vn -0.942 0.177 0.285
vn 0.637 0.474 -0.607
vn 0.857 0.371 0.357
vn 0.832 -0.291 -0.473
vn 0.966 0.231 -0.117
vn 0.060 0.698 0.713
vn 0.000 0.000 0.000
vn 0.557 -0.534 0.636
vn 0.883 0.149 -0.445
vn -0.983 0.182 0.027
vn 0.268 -0.346 -0.899
vn -0.135 0.432 -0.892
vn 0.903 0.002 -0.430
vn -0.402 0.197 -0.894
vn 0.918 -0.170 0.360
vn 0.000 0.000 0.000
vn 0.450 -0.088 -0.889
vn -0.810 0.156 0.565
vn -0.933 0.044 0.356
vn 0.665 0.125 0.736
vn -0.453 -0.302 0.839
vn -0.183 0.221 -0.958
vn 0.287 0.124 0.950
vn -0.834 -0.107 -0.541
vn 0.998 0.056 -0.039
vn -0.587 -0.156 0.795
vn -0.841 0.085 0.534
vn -0.904 -0.309 0.296
vn 0.084 -0.238 -0.968
vn -0.131 0.956 -0.264
vn -0.857 -0.321 0.404
vn 0.595 -0.046 -0.802
vn -0.521 -0.225 0.823
vn -0.924 0.203 0.325
vn 0.928 0.191 0.320
vn 0.996 -0.028 -0.083
vn 0.423 0.725 -0.543
vn -0.338 0.100 0.936
vn -0.394 -0.471 0.789
vn -0.909 -0.225 0.351
vn 0.317 0.566 -0.761
vn -0.381 0.593 0.709
vn -0.516 0.028 -0.856
vn 0.777 -0.588 -0.225
vn -0.782 -0.209 0.587
vn 0.959 -0.264 0.103
vn 0.881 -0.153 -0.448
vn -0.292 -0.122 0.949
vn -0.097 0.794 -0.600
vn 0.981 -0.076 0.178
vn 0.983 0.114 -0.145
vn -0.584 -0.443 0.680
vn 0.840 0.090 0.536
vn -0.806 -0.118 0.581
vn 0.955 -0.139 0.263
vn -0.984 -0.117 -0.136
vn -0.925 0.374 -0.061
vn -0.899 0.137 -0.416
vn -0.849 -0.044 -0.527
vn 0.810 0.137 -0.571
vn 0.116 0.488 0.865
vn -0.350 -0.186 -0.918
vn 0.528 0.327 -0.784
vn 0.556 0.002 0.831
vn 0.962 0.070 0.264
vn -0.544 -0.800 0.254
vn -0.460 -0.871 0.171
vn 0.672 0.324 -0.666
vn -0.794 -0.180 0.581
vn -0.314 0.934 0.170
vn -0.055 -0.995 -0.089
vn -0.120 0.992 -0.026
vn -0.741 -0.122 -0.661
vn -0.418 -0.291 0.860
vn -0.782 0.615 -0.098
vn -0.993 -0.004 -0.115
vn -0.838 -0.056 0.543
vn -0.677 0.308 -0.668
vn 0.821 0.405 0.402
vn -0.770 -0.286 -0.571
vn -0.617 -0.466 -0.634
vn -0.496 -0.570 -0.655
vn 0.042 0.643 -0.765
vn 0.224 -0.893 -0.390
vn -0.226 0.918 0.326
vn -0.179 -0.922 -0.343
vn 0.255 -0.963 -0.091
vn 0.785 -0.619 0.014
vn 0.507 -0.828 0.239
vn -0.640 0.761 -0.107
vn -0.825 -0.440 0.355
vn -0.505 -0.761 0.408
vn 0.239 -0.557 0.795
vn -0.135 -0.675 0.725
vn -0.734 -0.351 0.582
vn -0.914 0.158 0.374
vn -0.731 0.647 0.215
vn -0.873 -0.026 0.487
vn -0.655 -0.222 -0.722
vn 0.007 -0.407 0.913
vn -0.960 -0.240 -0.142
vn -0.984 -0.179 -0.006
vn -0.209 0.861 0.464
vn 0.826 0.546 -0.141
vn -0.715 -0.033 0.698
vn -0.991 0.131 -0.026
vn -0.966 0.182 -0.182
vn 0.048 0.271 0.961
vn -1.000 -0.015 0.008
vn 0.538 -0.674 -0.506
vn 0.219 0.061 -0.974
vn 0.990 0.048 0.136
vn 0.709 -0.325 0.626
vn 0.950 -0.040 0.311
vn 0.057 -0.277 -0.959
vn 0.744 -0.628 0.230
vn 0.072 -0.732 0.678
vn 0.061 0.257 0.965
vn 0.055 -0.150 -0.987
vn -0.213 0.216 0.953
vn 0.439 -0.146 -0.887
vn 0.151 0.342 -0.928
vn 0.005 0.476 0.880
vn 0.487 0.105 -0.867
vn -0.632 0.613 -0.473
vn -0.822 0.034 0.568
vn -0.387 -0.352 0.852
vn 0.947 0.284 -0.151
vn 0.184 0.489 -0.853
vn 0.411 0.730 -0.547
vn -0.588 -0.808 -0.025
vn -0.575 -0.818 0.010
vn -0.835 -0.545 0.078
vn -0.949 -0.313 0.027
vn -0.795 0.046 -0.605
vn 0.199 0.980 -0.028
vn -0.620 -0.510 0.597
vn 0.462 -0.864 -0.199
vn 0.469 0.830 0.302
vn -0.402 -0.861 -0.310
vn -0.090 -0.843 0.530
vn 0.419 0.908 0.023
vn 0.354 0.935 0.030
vn -0.014 0.999 0.032
vn -0.929 -0.298 0.219
vn -0.969 0.126 -0.213
vn -0.739 0.049 -0.672
vn -0.404 -0.866 0.294
vn 0.469 0.846 -0.253
vn 0.998 0.065 -0.017
vn -0.600 -0.799 0.027
vn 0.226 -0.916 -0.331
vn -0.013 -0.603 -0.798
vn -0.695 0.552 0.461
vn -0.040 0.265 -0.963
vn 0.398 0.613 -0.683
vn 0.052 0.501 -0.864
vn 0.191 0.333 -0.923
vn 0.148 0.859 -0.491
vn 0.957 0.283 0.070
vn -0.884 0.367 0.290
vn -0.875 -0.484 -0.012
vn -0.945 0.269 -0.187
vn 0.919 -0.205 0.337
vn -0.599 -0.784 0.163
vn 0.764 0.402 -0.504
vn 0.983 -0.034 0.179
vn 0.904 0.291 -0.313
vn 0.404 -0.695 -0.595
vn 0.996 0.061 0.058
vn 0.959 -0.178 0.221
vn 0.980 -0.141 -0.138
vn -0.912 0.074 -0.403
vn 0.947 -0.042 0.320
vn -0.933 0.357 -0.039
vn 0.804 0.139 0.579
vn 0.223 0.406 -0.887
vn 0.083 -0.855 0.512
vn 0.899 0.341 -0.274
vn 0.991 -0.015 -0.133
vn 0.985 -0.131 0.110
vn -0.962 0.143 0.231
vn -0.930 0.004 -0.367
vn 0.938 -0.068 0.340
vn 0.977 -0.195 -0.084
vn 0.982 0.036 0.187
vn 0.433 0.816 -0.384
vn 0.249 0.909 0.335
vn -0.804 0.593 0.050
vn 0.924 0.105 -0.368
vn 0.351 -0.178 -0.919
vn 0.965 0.034 -0.261
vn -0.945 0.080 -0.317
vn 0.371 -0.919 0.134
vn 0.742 -0.659 0.123
vn -0.844 -0.470 0.257
vn 0.983 0.149 0.109
vn 0.995 0.037 -0.091
vn -0.784 -0.614 0.088
vn -0.361 0.355 -0.862
vn 0.969 0.237 -0.074
vn -0.497 0.419 0.760
vn 0.126 -0.192 -0.973
vn -0.943 -0.327 0.059
vn -0.581 0.805 -0.119
vn 0.971 0.227 0.071
vn -0.965 -0.254 0.064
vn -0.973 0.222 -0.066
vn -0.953 -0.133 -0.271
vn -0.070 0.556 -0.828
vn -0.769 -0.330 0.547
vn 0.984 0.089 -0.153
vn 0.897 -0.117 0.427
vn -0.039 -0.626 0.779
vn -0.971 -0.015 0.237
vn 0.008 0.333 0.943
vn -0.583 -0.727 -0.363
vn 0.564 0.721 -0.403
vn -0.790 -0.382 -0.480
vn 0.397 0.731 0.555
vn -0.082 -0.810 -0.581
vn -0.164 0.669 0.725
vn 0.595 -0.341 -0.728
vn -0.845 0.457 0.277
vn 0.949 0.250 0.192
vn 0.751 0.593 0.290
vn 0.374 0.165 -0.913
vn -0.680 -0.275 0.680
vn -0.975 0.139 -0.173
vn -0.931 0.209 0.300
vn 0.970 -0.207 -0.126
vn 0.118 0.329 0.937
vn -0.577 -0.113 -0.809
vn -0.996 0.074 0.048
vn 0.894 -0.192 0.405
vn 0.000 0.000 0.000
vn 0.802 -0.575 -0.163
vn -0.946 -0.022 0.324
vn 0.019 -0.120 -0.993
vn -0.942 -0.017 0.334
vn 0.961 -0.262 0.091
vn 0.984 -0.115 -0.138
vn 0.545 -0.361 0.757
vn 0.652 -0.044 0.757
vn -0.947 0.004 -0.320
vn -0.940 0.085 0.330
vn 0.000 0.000 0.000
vn -0.166 0.144 -0.976
vn 0.991 -0.130 0.007
vn 0.951 -0.121 0.283
vn 0.897 -0.047 0.439
vn -0.956 0.024 0.291
vn 0.922 -0.387 0.016
vn -0.966 0.203 0.160
vn -0.698 -0.393 0.599
vn -0.885 0.048 -0.464
vn -0.978 -0.064 -0.197
vn -0.913 0.227 0.340
vn -0.114 -0.045 -0.993
vn -0.126 0.688 0.714
vn -0.910 -0.311 0.275
vn 0.342 0.029 0.939
vn -0.547 0.777 0.311
vn -0.884 0.149 -0.442
vn -0.532 -0.078 -0.843
vn 0.145 -0.689 -0.710
vn -0.915 0.320 -0.246
vn 0.703 0.163 0.692
vn 0.973 0.122 0.195
vn 0.786 -0.018 -0.619
vn -0.235 -0.389 0.891
vn 0.974 0.004 0.227
vn -0.681 -0.087 -0.727
vn -0.779 -0.512 -0.363
vn 0.909 0.287 0.303
vn -0.829 0.222 -0.513
vn 0.566 -0.041 -0.823
vn 0.394 0.572 -0.719
vn -0.988 0.051 -0.146
vn 0.809 -0.070 -0.584
vn -0.252 0.003 0.968
vn -0.992 0.010 0.130
vn -0.914 0.130 0.384
vn 0.795 -0.507 -0.333
vn -0.981 0.188 0.053
vn 0.156 -0.404 0.902
vn 0.411 -0.507 0.757
vn 0.059 -0.817 0.573
vn -0.434 0.539 -0.722
vn -0.589 0.267 0.763
vn 0.490 -0.694 0.527
vn 0.595 -0.693 0.407
vn -0.651 -0.300 0.698
vn 0.880 -0.392 -0.269
vn 0.797 0.604 -0.016
vn 0.789 0.576 -0.215
vn 0.294 0.573 -0.765
vn 0.948 -0.098 -0.304
vn -0.438 -0.488 0.755
vn -0.692 0.573 0.439
vn -0.998 -0.011 0.055
vn 0.819 -0.433 -0.378
vn 0.947 -0.173 -0.272
vn -0.391 0.056 -0.919
vn -0.965 0.207 -0.164
vn -0.388 -0.092 -0.917
vn 0.881 -0.203 -0.427
vn -0.742 -0.100 0.663
vn 0.738 0.095 -0.668
vn 0.315 0.241 0.918
vn -0.209 -0.148 -0.967
vn 0.034 0.334 -0.942
vn 0.998 -0.002 -0.059
vn 0.785 0.456 -0.419
vn 0.978 0.176 0.108
vn 0.745 -0.420 0.518
vn 0.507 -0.186 0.841
vn 0.603 0.265 -0.753
vn -0.402 0.916 0.015
vn 0.303 -0.953 0.007
vn -0.125 -0.034 -0.992
vn -0.333 -0.270 0.903
vn -0.772 0.557 -0.307
vn 0.969 -0.222 0.107
vn 0.835 0.386 -0.392
vn -0.984 -0.048 -0.172
vn -0.553 -0.805 0.215
vn -0.887 -0.333 0.320
vn 0.165 -0.440 -0.883
vn -0.019 0.520 -0.854
vn -0.850 -0.246 0.466
vn 0.242 -0.890 -0.388
vn -0.288 0.903 0.319
vn 0.778 0.311 -0.547
vn 0.432 -0.902 -0.006
vn -0.305 0.947 -0.097
vn 0.411 -0.911 -0.037
vn 0.470 -0.871 0.145
vn -0.739 0.673 0.028
vn -0.450 -0.865 -0.221
vn 0.634 -0.381 0.673
vn -0.912 0.404 -0.071
vn -0.275 -0.263 0.925
vn -0.245 0.309 -0.919
vn -0.913 0.385 -0.135
vn 0.194 -0.297 -0.935
vn 0.151 0.611 -0.777
vn 0.555 -0.671 -0.492
vn -0.316 0.820 0.478
vn -0.566 0.535 -0.628
vn 0.687 -0.432 0.584
vn 0.947 0.140 0.290
vn 0.724 -0.690 0.002
vn -0.926 -0.368 0.085
vn 0.511 0.290 0.809
vn 0.514 0.521 -0.681
vn -0.298 0.857 0.420
vn -0.018 0.089 -0.996
vn -0.245 -0.123 0.962
vn -0.255 0.201 0.946
vn -0.395 -0.186 0.900
vn -0.059 -0.190 -0.980
vn 0.534 -0.019 -0.845
vn 0.243 -0.099 -0.965
vn -0.049 -0.101 0.994
vn 0.485 0.068 -0.872
vn 0.023 0.338 0.941
vn -0.388 -0.177 0.904
vn -0.718 0.691 0.087
vn 0.228 -0.355 0.907
vn -0.844 0.254 -0.473
vn 0.720 -0.162 0.675
vn -0.204 -0.740 0.641
vn 0.489 0.646 -0.586
vn 0.938 0.278 0.208
vn -0.604 -0.797 0.013
vn 0.422 0.906 0.010
vn -0.681 -0.729 -0.067
vn -0.333 -0.663 -0.671
vn -0.947 -0.321 -0.005
vn -0.969 -0.026 0.246
vn -0.910 0.078 -0.408
vn 0.517 0.832 -0.203
vn -0.387 -0.866 0.317
vn 0.646 0.725 -0.239
vn 0.262 0.853 0.452
vn -0.366 -0.053 -0.929
vn 0.718 0.657 0.230
vn -0.930 -0.263 0.256
vn -0.950 -0.220 0.220
vn 0.056 0.839 -0.541
vn -0.798 0.021 -0.602
vn -0.270 -0.938 0.218
vn 0.537 0.840 -0.070
vn -0.453 -0.881 0.138
vn 0.666 0.641 0.380
vn -0.855 0.502 -0.130
vn -0.681 0.725 -0.105
vn -0.380 0.925 -0.031
vn 0.993 0.117 -0.018
vn -0.160 -0.437 0.885
vn -0.992 -0.118 0.047
vn -0.860 0.292 -0.420
vn -0.930 0.320 0.181
vn 0.348 0.922 -0.169
vn -0.996 0.084 0.019
vn -0.560 0.717 -0.414
vn -0.971 0.229 0.064
vn 0.961 -0.276 0.020
vn 0.881 -0.400 -0.253
vn 0.376 -0.058 -0.925
vn 0.416 -0.779 -0.469
vn 0.977 0.111 0.182
vn -1.000 0.006 0.005
vn -0.836 0.437 -0.332
vn -0.991 0.069 -0.112
vn -0.925 -0.160 -0.344
vn 0.980 -0.111 0.164
vn -0.067 0.965 -0.254
vn 0.881 0.449 -0.150
vn -0.746 -0.660 0.090
vn 0.358 0.742 0.567
vn 0.946 0.097 0.309
vn 0.975 0.216 0.059
vn -0.996 0.085 0.008
vn 0.986 0.098 -0.134
vn 0.993 -0.043 0.105
vn 0.090 -0.502 0.860
vn 0.354 0.926 -0.128
vn 0.864 -0.096 0.494
vn -0.997 0.067 0.036
vn 0.783 -0.249 0.570
vn 0.982 -0.110 -0.155
vn 0.991 -0.117 0.068
vn 0.978 0.178 -0.110
vn -0.527 0.785 -0.325
vn 0.535 -0.591 0.604
vn 0.965 0.091 0.247
vn 0.721 0.386 -0.576
vn 0.679 -0.398 0.617
vn 0.465 -0.723 -0.510
vn -0.993 -0.012 -0.116
vn -0.872 -0.394 -0.289
vn -0.080 0.286 -0.955
vn -0.987 0.108 0.117
vn -0.822 -0.383 -0.422
vn 0.631 0.430 -0.645
vn 0.989 -0.101 0.107
vn 0.871 0.334 -0.360
vn 0.316 -0.902 -0.293
vn 0.133 0.987 0.087
vn -0.417 -0.696 0.584
vn -0.114 0.967 0.228
vn -0.943 -0.313 0.112
vn 0.235 0.965 -0.117
vn -0.520 0.681 0.516
vn -0.026 0.018 1.000
vn -0.309 0.688 0.656
vn -0.238 -0.489 -0.839
vn 0.391 -0.282 -0.876
vn 0.876 0.193 0.441
vn 0.454 0.047 -0.890
vn -0.980 0.105 -0.170
vn -0.717 -0.603 0.350
vn -0.760 -0.438 -0.480
vn -0.981 0.027 0.191
vn -0.605 -0.257 -0.753
vn 0.611 -0.589 0.529
vn 0.541 0.118 0.833
vn -0.863 -0.078 0.500
vn -0.640 0.019 -0.768
vn -0.084 -0.001 0.996
vn 0.199 -0.366 -0.909
vn 0.484 0.477 0.734
vn -0.526 0.624 0.578
vn -0.824 -0.550 -0.135
vn 0.511 0.072 0.857
vn -0.794 0.190 -0.578
vn 0.936 -0.326 -0.134
vn -0.028 0.637 0.771
vn -0.218 0.083 0.972
vn -0.003 -0.494 0.869
vn -0.944 -0.053 0.326
vn 0.765 0.546 -0.343
vn -0.988 -0.149 -0.029
vn 0.475 0.107 0.873
vn -0.952 -0.199 -0.231
vn -0.883 0.132 0.450
vn -0.914 0.346 -0.214
vn 0.934 0.025 -0.356
vn -0.741 0.233 -0.630
vn 0.307 -0.425 0.851
vn 0.490 -0.268 0.829
vn 0.989 -0.053 -0.135
vn -0.568 -0.137 0.811
vn 0.656 -0.384 0.649
vn -0.989 -0.007 -0.145
vn 0.831 -0.534 0.157
vn 0.909 0.274 -0.315
vn 0.070 -0.994 -0.086
vn -0.414 0.286 -0.864
vn 0.970 0.075 -0.233
vn 0.997 -0.018 -0.069
vn -0.961 0.061 0.270
vn 0.624 0.425 -0.655
vn -0.564 -0.088 -0.821
vn -0.973 0.168 0.159
vn 0.794 -0.127 0.594
vn 0.752 0.316 -0.579
vn -0.425 -0.571 0.702
vn -0.132 0.453 -0.882
vn -0.769 0.247 0.590
vn 0.978 0.178 -0.108
vn 0.720 -0.105 0.686
vn -0.784 -0.585 0.205
vn 0.741 0.098 0.665
vn 0.951 -0.283 -0.129
vn 0.742 0.648 0.172
vn 0.723 0.415 0.552
vn -0.927 0.251 -0.280
vn -0.862 -0.085 0.500
vn -0.272 -0.468 0.841
vn -0.974 0.224 -0.007
vn 0.226 0.029 -0.974
vn 0.987 0.024 -0.157
vn -0.852 -0.366 -0.374
vn -0.943 0.242 0.229
vn -0.924 0.308 -0.224
vn -0.756 -0.274 0.595
vn 0.765 0.078 -0.640
vn -0.011 0.426 -0.905
vn -0.430 -0.553 0.713
vn 0.562 -0.258 0.786
vn -0.214 0.434 -0.875
vn -0.655 -0.132 0.744
vn -0.750 -0.219 0.624
vn 0.965 0.226 -0.134
vn -0.688 0.004 0.726
vn 0.125 -0.942 0.312
vn 0.259 0.150 0.954
vn 0.258 0.434 -0.863
vn -0.514 -0.169 0.841
vn -0.654 0.252 -0.713
vn 0.677 0.658 -0.330
vn -0.494 -0.213 0.843
vn 0.222 0.959 -0.174
vn 0.472 0.288 0.833
vn -0.252 0.342 0.905
vn 0.197 -0.371 -0.907
vn 0.020 0.459 -0.888
vn 0.140 0.511 -0.848
vn 0.206 -0.897 -0.391
vn -0.297 0.867 0.401
vn -0.434 0.892 0.121
vn 0.247 -0.955 -0.167
vn 0.352 -0.915 -0.199
vn -0.405 0.505 -0.762
vn 0.601 -0.753 0.270
vn 0.768 0.638 0.058
vn -0.558 -0.050 -0.828
vn 0.701 -0.177 0.691
vn -0.562 -0.827 0.027
vn -0.411 -0.091 0.907
vn 0.940 0.236 0.248
vn 0.150 -0.344 -0.927
vn -0.376 -0.512 0.772
vn 0.512 -0.686 -0.518
vn 0.832 -0.388 -0.396
vn 0.617 -0.654 0.438
vn 0.970 -0.039 0.238
vn -0.191 0.429 0.883
vn 0.694 0.304 0.653
vn -0.341 0.217 0.915
vn 0.317 0.220 -0.923
vn -0.424 0.766 0.482
vn 0.284 0.339 -0.897
vn 0.400 0.205 0.894
vn -0.971 0.074 -0.229
vn 0.471 -0.032 -0.882
vn -0.426 0.846 0.320
vn 0.076 0.894 0.441
vn -0.083 -0.321 -0.943
vn -0.389 -0.220 0.895
vn 0.723 0.322 0.611
vn 0.561 0.307 -0.769
vn 0.709 0.075 0.702
vn -0.740 -0.135 -0.659
vn -0.282 -0.598 0.750
vn 0.637 0.578 -0.510
vn -0.863 -0.462 -0.207
vn -0.958 -0.178 0.223
vn 0.395 0.918 -0.026
vn 0.505 0.861 0.060
vn -0.658 -0.744 -0.113
vn -0.295 -0.856 -0.424
vn -0.740 -0.536 0.406
vn 0.756 0.560 -0.338
vn -0.108 0.976 0.189
vn 0.799 -0.166 0.578
vn -0.342 -0.743 0.575
vn -0.363 -0.892 0.271
vn 0.696 0.696 -0.177
vn -0.413 -0.903 -0.119
vn 0.855 0.454 0.253
vn 0.610 0.734 0.299
vn -0.308 -0.846 0.436
vn 0.987 0.044 -0.156
vn -0.906 -0.023 -0.422
vn 0.806 -0.133 0.577
vn 0.242 -0.962 0.130
vn 0.703 0.701 -0.121
vn -0.292 -0.946 -0.139
vn 0.721 0.640 0.263
vn -0.812 -0.313 0.493
vn 0.941 -0.129 0.312
vn 0.957 -0.153 0.246
vn -0.910 0.353 -0.216
vn -0.977 0.209 0.045
vn 0.960 0.256 -0.117
vn -0.948 0.199 0.249
vn -0.989 -0.112 0.097
vn 0.997 -0.073 -0.027
vn -0.893 0.260 -0.369
vn -0.905 -0.425 -0.003
vn 0.596 -0.657 0.462
vn 0.975 -0.040 0.219
vn 0.925 0.093 0.367
vn 0.956 -0.076 0.284
vn 0.987 -0.048 -0.155
vn -0.997 -0.073 0.030
vn -0.929 -0.168 0.329
vn -0.779 -0.622 -0.082
vn -0.032 -0.258 -0.966
vn -0.944 -0.292 -0.156
vn -0.814 -0.557 0.161
vn -0.945 -0.184 -0.271
vn 0.946 0.001 0.326
vn -0.633 -0.698 0.335
vn -0.763 -0.593 0.259
vn -0.465 0.299 0.833
vn 0.360 0.522 -0.773
vn -0.972 0.139 0.191
vn -0.952 0.288 -0.107
vn -0.541 -0.558 0.630
vn 0.498 -0.840 0.216
vn 0.299 0.182 -0.937
vn -0.881 -0.204 -0.427
vn -0.882 -0.424 -0.204
vn -0.394 -0.816 -0.422
vn -0.568 -0.004 0.823
vn 0.796 0.482 0.367
vn 0.210 -0.079 0.974
vn -0.921 -0.145 0.362
vn 0.903 -0.426 -0.052
vn 0.265 -0.403 0.876
vn 0.513 -0.329 -0.793
vn 0.894 -0.208 0.397
vn -0.963 0.270 -0.022
vn 0.398 -0.499 -0.769
vn -0.760 0.406 0.507
vn 0.632 -0.705 0.323
vn 0.865 0.336 0.373
vn 0.113 -0.989 -0.092
vn 0.904 -0.250 -0.347
vn -0.942 -0.144 -0.303
vn -0.851 0.308 -0.425
vn -0.924 0.051 -0.379
vn 0.240 -0.093 0.966
vn -0.947 -0.147 0.287
vn -0.836 0.247 0.490
vn 0.000 0.000 0.000
vn 0.978 -0.057 0.199
vn 0.000 0.000 0.000
vn 0.863 -0.282 0.419
vn 0.037 0.394 0.918
vn 0.715 -0.155 0.682
vn -0.989 -0.096 -0.114
vn -0.627 -0.190 -0.756
vn -0.512 0.634 0.579
vn 0.806 -0.032 -0.591
vn 0.522 -0.122 0.844
vn -0.699 -0.380 0.606
vn -0.000 0.084 0.996
vn -0.855 0.360 0.373
vn -0.968 -0.230 -0.101
vn -0.557 -0.774 0.301
vn 0.028 -0.568 0.823
vn 0.870 -0.022 -0.493
vn 0.955 0.121 -0.269
vn 0.111 0.017 0.994
vn 0.349 0.221 0.911
vn 0.981 0.021 0.192
vn 0.988 -0.096 -0.118
vn 0.309 -0.252 0.917
vn 0.950 -0.268 -0.162
vn 0.616 0.786 -0.056
vn -0.300 0.818 -0.491
vn 0.365 -0.380 0.850
vn -0.978 -0.175 0.114
vn 0.967 0.132 -0.216
vn 0.741 -0.636 -0.216
vn -0.462 0.544 -0.700
vn -0.983 0.055 0.175
vn 0.903 -0.157 -0.400
vn -0.977 0.176 -0.118
vn 1.000 0.027 0.014
vn -0.292 0.728 0.620
vn 0.241 0.321 -0.916
vn -0.857 -0.129 0.498
vn 0.161 0.118 0.980
vn -0.668 0.296 -0.683
vn 0.915 -0.310 -0.257
vn 0.138 0.084 -0.987
vn -0.851 -0.519 -0.083
vn 0.756 0.203 0.622
vn 0.898 0.066 -0.435
vn 0.400 0.509 -0.762
vn -0.532 0.381 -0.756
vn -0.385 -0.618 0.686
vn -0.732 0.085 0.676
vn -0.936 0.280 0.215
vn 0.091 -0.397 0.913
vn 0.851 0.015 0.525
vn 0.621 -0.043 0.782
vn 0.032 0.316 0.948
vn -0.566 -0.558 0.607
vn 0.700 -0.419 -0.578
vn 0.854 -0.230 -0.467
vn -0.513 0.227 -0.828
vn 0.749 -0.052 0.660
vn -0.483 0.075 -0.872
vn 0.122 -0.214 0.969
vn 0.419 -0.465 -0.780
vn 0.322 -0.377 -0.868
vn -0.312 0.344 -0.886
vn 0.211 0.374 -0.903
vn -0.647 0.633 0.425
vn 0.232 -0.836 -0.498
vn -0.446 0.886 0.128
vn 0.022 0.024 -0.999
vn -0.361 0.800 -0.479
vn 0.856 0.336 -0.393
vn 0.852 -0.475 0.220
vn -0.977 -0.138 0.165
vn 0.786 0.082 -0.613
vn -0.340 0.790 -0.510
vn -0.256 0.457 0.852
vn -0.019 0.958 0.285
vn -0.314 0.712 0.627
vn 0.116 -0.740 -0.663
vn -0.375 -0.521 0.767
vn 0.651 0.664 -0.368
vn 0.414 -0.812 -0.411
vn -0.630 0.753 -0.190
vn 0.888 -0.416 0.196
vn -0.630 0.674 0.386
vn 0.276 -0.616 0.738
vn 0.002 -0.686 0.727
vn -0.259 0.229 0.938
vn 0.330 0.474 -0.816
vn -0.327 0.219 0.920
vn 0.333 -0.116 0.936
vn -0.392 0.230 0.891
vn -0.212 0.186 -0.959
vn 0.541 -0.072 -0.838
vn -0.232 -0.074 0.970
vn -0.474 0.098 0.875
vn -0.363 -0.312 -0.878
vn 0.776 0.154 -0.612
vn -0.353 -0.328 -0.876
vn 0.365 0.339 0.867
vn 0.851 0.191 -0.489
vn -0.089 -0.956 -0.278
vn 0.627 0.329 0.706
vn 0.292 -0.591 0.752
vn 0.721 0.511 -0.468
vn 0.987 -0.134 0.083
vn 0.288 -0.905 -0.314
vn -0.727 -0.685 0.052
vn 0.244 0.970 0.010
vn 0.738 -0.655 -0.160
vn 0.883 -0.467 -0.054
vn -0.306 -0.937 -0.171
vn -0.822 -0.359 0.442
vn 0.540 0.599 -0.591
vn 0.603 0.429 0.673
vn -0.328 -0.813 0.482
vn 0.720 0.333 -0.610
vn 0.667 0.721 -0.186
vn -0.767 -0.629 0.125
vn 0.514 0.845 0.151
vn -0.192 0.956 0.221
vn 0.832 0.464 0.303
vn -0.859 -0.411 0.307
vn 0.386 0.909 -0.156
vn 0.995 -0.016 -0.097
vn -0.240 0.959 -0.151
vn -0.962 -0.103 -0.254
vn -0.691 -0.721 0.046
vn 0.707 0.706 0.045
vn 0.000 0.000 0.000
vn 0.884 0.097 0.458
vn 0.873 0.097 0.479
vn 0.937 0.310 0.159
vn -0.947 0.086 -0.309
vn -0.038 -0.668 0.743
vn -0.995 0.092 -0.033
vn -0.983 -0.142 0.115
vn 0.980 -0.185 0.080
vn 0.987 0.159 0.019
vn -0.982 0.042 0.186
vn 0.612 -0.098 0.785
vn 0.612 0.001 0.791
vn -0.907 0.076 -0.414
vn -0.237 -0.098 -0.967
vn 0.802 0.062 0.594
vn 0.211 0.484 0.849
vn 0.897 0.002 -0.442
vn 0.530 0.350 -0.773
vn -0.412 -0.218 0.885
vn 0.000 0.000 0.000
vn 0.982 -0.140 -0.125
vn 0.020 -0.923 0.384
vn -0.637 -0.692 -0.339
vn 0.951 0.192 0.241
vn 0.843 0.402 0.358
vn 0.793 0.002 0.610
vn -0.963 -0.218 0.160
vn 0.509 -0.842 0.179
vn 0.134 -0.908 0.397
vn 0.879 -0.363 -0.309
vn 0.381 0.479 0.791
vn 0.150 0.018 -0.988
vn -0.507 0.148 -0.849
vn 0.000 0.000 0.000
vn -0.875 0.148 0.461
vn -0.379 0.141 0.915
vn 0.924 0.202 0.325
vn 0.422 -0.155 -0.893
vn -0.964 0.007 -0.265
vn 0.973 -0.203 -0.110
vn 0.101 0.103 -0.990
vn 0.934 0.254 0.251
vn 0.387 0.365 -0.846
vn 0.922 0.244 0.299
vn -0.186 -0.055 0.981
vn 0.942 -0.244 0.231
vn -0.989 -0.145 0.008
vn -0.956 -0.276 -0.095
vn 0.811 0.503 -0.299
vn -0.566 0.478 -0.671
vn 0.000 0.000 0.000
vn -0.713 -0.685 0.152
vn -0.977 -0.161 0.138
vn 0.965 -0.180 0.193
vn 0.888 -0.344 0.304
vn 0.984 0.122 0.126
vn 0.977 0.188 -0.097
vn 0.860 -0.363 0.359
vn -0.609 -0.615 0.500
vn 0.756 -0.434 -0.490
vn 0.000 0.000 0.000
vn 0.938 0.035 0.344
vn 0.927 -0.109 0.359
vn 0.922 -0.026 -0.387
vn -0.409 0.360 0.839
vn 0.976 -0.037 0.212
vn -0.338 0.603 -0.722
vn -0.990 0.136 -0.025
vn 0.928 -0.350 -0.123
vn -0.479 0.604 -0.636
vn -0.364 0.270 -0.891
vn 0.000 0.000 0.000
vn -0.514 0.778 0.361
vn -0.897 0.417 -0.147
vn -0.667 0.381 -0.641
vn 0.495 -0.465 0.734
vn 0.921 -0.157 -0.357
vn 0.727 -0.274 -0.630
vn -0.797 0.203 -0.569
vn 0.836 -0.052 0.546
vn 0.000 0.000 0.000
vn 0.632 -0.035 -0.774
vn -0.567 0.391 -0.725
vn -0.906 0.187 -0.379
vn 0.820 -0.097 -0.564
vn -0.666 0.341 0.663
vn -0.685 0.096 -0.722
vn 0.814 -0.159 0.558
vn 0.000 0.000 0.000
vn 0.949 0.312 -0.037
vn 0.506 -0.686 0.524
vn 0.476 -0.789 -0.389
vn -0.456 0.846 0.277
vn 0.538 -0.823 -0.179
vn -0.624 0.779 -0.056
vn 0.728 -0.664 -0.170
vn -0.661 0.691 -0.293
vn 0.689 -0.673 0.269
vn -0.988 0.079 -0.136
vn 0.849 -0.397 -0.348
vn 0.946 0.009 0.325
vn 0.742 -0.115 0.661
vn 0.394 -0.275 -0.877
vn -0.601 0.183 0.778
vn -0.275 0.492 -0.826
vn 0.481 0.837 0.259
vn 0.604 -0.738 -0.301
vn -0.426 -0.831 -0.357
vn -0.459 0.876 -0.146
vn 0.603 -0.748 0.277
vn -0.823 -0.205 0.529
vn -0.613 0.415 -0.672
vn 0.739 0.489 -0.465
vn -0.541 -0.690 0.480
vn 0.645 -0.194 -0.739
vn -0.066 0.249 0.966
vn 0.661 -0.710 -0.244
vn -0.965 0.199 -0.171
vn 0.986 -0.052 -0.158
vn -0.862 0.252 -0.440
vn 0.944 -0.076 -0.321
vn -0.623 -0.029 -0.782
vn -0.740 -0.542 0.399
vn 0.453 -0.196 0.870
vn -0.316 -0.170 0.933
vn -0.729 -0.294 -0.618
vn 0.659 0.183 -0.730
vn -0.545 -0.386 -0.744
vn 0.063 0.309 0.949
vn -0.561 -0.359 0.746
vn -0.468 -0.562 0.682
vn 0.858 0.508 0.076
vn -0.679 -0.680 0.278
vn 0.362 0.871 0.333
vn 0.684 0.707 0.182
vn -0.887 -0.459 -0.051
vn -0.930 -0.187 0.318
vn 0.484 0.461 -0.744
vn 0.832 -0.391 -0.394
vn 0.599 0.688 -0.409
vn 0.667 -0.591 -0.453
vn 0.527 -0.815 -0.239
vn -0.647 -0.759 0.072
vn -0.970 -0.122 -0.208
vn 0.788 0.613 -0.063
vn 0.726 0.680 0.105
vn 0.971 -0.142 0.191
vn -0.835 0.306 -0.458
vn -0.990 -0.048 0.135
vn -0.949 -0.302 -0.089
vn -0.690 -0.722 -0.047
vn -0.598 -0.755 0.268
vn 0.607 0.773 -0.185
vn -0.769 -0.635 -0.076
vn 0.996 -0.037 -0.081
vn 0.994 -0.062 0.090
vn -0.438 -0.721 0.537
vn 0.195 0.886 -0.420
vn -0.965 -0.263 0.016
vn -0.657 0.705 -0.267
vn 0.431 -0.441 -0.787
vn -0.162 -0.738 -0.655
vn -0.334 0.932 0.139
vn -0.481 0.836 -0.265
vn 0.968 0.228 0.102
vn 0.968 0.184 0.168
vn 0.397 -0.622 0.675
vn -0.483 -0.776 0.407
vn 0.000 0.000 0.000
vn 0.000 0.000 0.000
vn 0.157 0.026 -0.987
vn 0.000 0.000 0.000
vn -0.368 -0.188 -0.911
vn -0.843 -0.538 -0.008
vn 0.000 0.000 0.000
vn -0.488 -0.757 0.435
vn -0.847 -0.530 0.033
vn -0.049 0.502 -0.863
vn 0.954 0.253 -0.161
vn 0.893 0.239 0.382
vn 0.000 0.000 0.000
vn 0.000 0.000 0.000
vn 0.512 -0.234 0.826
vn 0.538 -0.098 0.837
vn 0.000 0.000 0.000
vn 0.000 0.000 0.000
vn -0.787 -0.012 0.617
vn 0.844 0.444 0.302
vn 0.019 0.082 -0.996
vn -0.949 -0.232 -0.216
vn -0.551 -0.781 0.294
vn 0.845 0.236 0.479
vn -0.308 -0.153 0.939
vn -0.470 -0.654 -0.593
vn 0.776 -0.245 -0.581
vn -0.544 -0.560 0.625
vn -0.480 0.429 -0.766
vn -0.071 -0.740 0.669
vn 0.868 -0.322 0.378
vn -0.131 -0.697 0.705
vn -0.662 0.576 0.479
vn -0.599 0.502 -0.624
vn -0.973 0.048 0.228
vn 0.908 -0.176 0.381
vn 0.310 -0.272 0.911
vn -0.876 0.097 0.472
vn 0.902 -0.126 -0.414
vn 0.420 -0.156 0.894
vn -0.944 0.065 0.324
vn 0.936 -0.213 -0.280
vn -0.642 0.332 -0.691
vn -0.364 0.270 -0.891
vn 0.841 -0.052 -0.538
vn 0.944 -0.125 -0.305
vn -0.944 0.178 -0.278
vn 0.962 -0.062 0.264
vn -0.944 0.141 0.298
vn 0.947 -0.192 -0.259
vn -0.973 0.104 -0.205
vn -0.578 0.280 0.766
vn 0.362 -0.776 0.516
vn -0.559 -0.344 -0.754
vn -0.491 0.827 0.273
vn 0.510 -0.849 -0.140
vn -0.672 0.740 0.025
vn -0.679 0.634 -0.369
vn 0.699 -0.682 0.213
vn -0.380 0.170 0.909
vn 0.487 0.171 0.856
vn -0.114 -0.063 0.991
vn -0.695 0.222 0.684
vn -0.551 0.507 -0.663
vn -0.338 0.776 0.533
vn 0.627 -0.730 -0.272
vn -0.656 0.703 -0.273
vn 0.823 -0.309 0.477
vn 0.893 -0.342 0.293
vn -0.892 0.072 0.446
vn 0.520 -0.716 -0.466
vn 0.829 -0.522 -0.201
vn -0.970 0.216 -0.113
vn -0.853 -0.389 0.348
vn -0.630 0.172 0.758
vn 0.620 -0.202 -0.758
vn 0.196 -0.270 0.943
vn 0.666 -0.668 -0.331
vn -0.988 0.154 -0.028
vn -0.982 0.183 -0.036
vn -0.926 0.195 0.323
vn -0.896 0.206 -0.393
vn -0.985 0.146 -0.093
vn -0.979 -0.016 -0.205
vn 0.552 -0.207 -0.808
vn -0.933 0.264 -0.244
vn -0.980 0.136 -0.145
vn -0.944 -0.004 -0.330
vn -0.418 0.113 0.901
vn 0.600 0.062 0.798
vn 0.392 -0.245 0.887
vn -0.454 -0.379 -0.806
vn 0.841 0.182 -0.510
vn -0.546 -0.676 0.494
vn -0.888 -0.447 -0.104
vn 0.980 0.166 -0.108
vn -0.167 -0.400 -0.901
vn 0.863 -0.039 0.503
vn -0.464 -0.366 0.807
vn 0.844 0.088 -0.529
vn -0.965 -0.193 -0.178
vn 0.321 0.323 0.890
vn 0.041 -0.990 0.133
vn -0.496 -0.789 0.363
vn -0.758 -0.652 0.012
vn 0.912 0.402 -0.084
vn 0.734 0.655 0.179
vn -0.363 -0.906 0.220
vn -0.398 -0.398 0.827
vn -0.895 -0.296 -0.333
vn 0.956 0.245 0.161
vn 0.776 0.154 -0.612
vn 0.529 -0.545 -0.650
vn 0.772 0.609 -0.185
vn -0.883 -0.391 -0.258
vn -0.531 0.829 0.175
vn -0.727 -0.682 0.084
vn 0.801 0.599 0.002
vn 0.857 0.501 0.124
vn 0.597 -0.358 -0.718
vn 0.977 0.089 -0.194
vn 0.753 0.629 0.193
vn -0.901 -0.300 -0.313
vn 0.937 0.018 0.350
vn -0.689 -0.674 0.265
vn 0.746 0.632 -0.211
vn -0.663 -0.747 -0.041
vn 0.955 0.267 0.128
vn 0.863 0.486 -0.136
vn 0.960 0.280 0.021
vn 0.985 -0.159 -0.065
vn 0.999 0.025 -0.044
vn 0.120 0.412 0.903
vn 0.584 0.587 -0.561
vn 0.789 0.239 0.567
vn 0.895 0.288 0.340
vn 0.000 0.000 0.000
vn 0.000 0.000 0.000
vn 0.000 0.000 0.000
vn 0.000 0.000 0.000
vn -0.715 -0.254 0.652
vn 0.000 0.000 0.000
vn 0.000 0.000 0.000
vn -0.416 -0.350 0.839
vn 0.955 0.206 0.211
vn 0.730 0.666 0.155
vn -0.695 0.567 0.442
vn 0.000 0.000 0.000
vn 0.000 0.000 0.000
vn -0.938 -0.311 -0.153
vn 0.739 0.130 0.661
vn -0.049 -0.702 0.710
vn 0.789 -0.194 0.582
vn -0.671 -0.084 -0.736
vn 0.810 -0.564 0.163
vn -0.956 0.247 0.159
vn 0.955 0.008 0.296
vn -0.940 0.065 0.334
vn 0.962 -0.270 -0.043
vn -0.972 0.190 0.136
vn -0.779 0.310 0.545
vn 0.991 -0.136 0.012
vn -0.953 0.289 -0.087
vn -0.530 -0.013 0.848
vn -0.975 0.135 0.176
vn -0.868 -0.369 -0.332
vn 0.806 -0.522 -0.278
vn 0.806 -0.436 0.401
vn 0.767 -0.547 0.335
vn 0.784 0.591 0.188
vn -0.789 -0.585 -0.188
vn -0.737 0.673 0.055
vn 0.053 -0.724 0.688
vn -0.953 0.156 0.261
vn 0.964 -0.149 -0.221
vn -0.910 0.008 0.414
vn 0.922 0.186 0.340
vn 0.878 -0.368 -0.306
vn -0.469 0.484 -0.739
vn -0.559 0.727 0.398
vn 0.620 -0.687 -0.379
vn 0.852 -0.511 -0.111
vn -0.888 0.444 -0.121
vn 0.774 -0.633 -0.018
vn 0.885 -0.333 0.326
vn -0.595 -0.073 0.800
vn -0.931 -0.205 0.301
vn -0.813 0.361 -0.456
vn -0.983 -0.029 0.183
vn 0.789 -0.260 -0.557
vn -0.966 -0.026 -0.258
vn -0.991 -0.037 0.131
vn 0.660 -0.621 -0.423
vn 0.908 -0.134 0.398
vn 0.961 -0.201 0.192
vn 0.857 -0.163 -0.488
vn 0.787 -0.366 -0.498
vn 0.948 0.214 -0.236
vn -0.894 0.401 -0.198
vn 0.359 -0.586 0.726
vn -0.091 -0.484 -0.871
vn 0.926 -0.048 -0.375
vn -0.948 0.317 0.010
vn 0.252 -0.963 -0.093
vn -0.937 0.233 -0.262
vn -0.956 0.163 0.245
vn -0.856 -0.024 0.517
vn -0.966 0.158 -0.207
vn -0.949 -0.000 -0.315
vn -0.815 0.008 0.579
vn 0.898 -0.027 -0.438
vn 0.687 -0.333 -0.647
vn 0.518 -0.080 -0.852
vn 0.975 -0.161 -0.154
vn -0.979 0.181 -0.094
vn -0.906 0.052 0.421
vn -0.763 0.014 0.646
vn 0.708 0.135 -0.693
vn 0.980 0.190 0.063
vn -0.982 -0.144 -0.119
vn -0.741 -0.607 -0.288
vn -0.611 -0.465 -0.641
vn 0.191 -0.546 -0.815
vn -0.750 -0.159 0.642
vn 0.905 0.085 -0.417
vn 0.976 0.208 -0.058
vn 0.519 0.774 -0.363
vn 0.938 0.304 0.169
vn -0.725 -0.627 -0.284
vn 0.859 0.101 -0.502
vn -0.889 0.154 0.430
vn 0.966 0.172 0.195
vn 0.924 0.266 -0.277
vn -0.949 -0.111 -0.295
vn -0.943 -0.306 -0.128
vn -0.718 -0.693 -0.065
vn 0.798 0.584 -0.146
vn -0.773 -0.631 0.072
vn -0.672 -0.737 0.072
vn 0.875 0.479 0.063
vn 0.834 0.523 0.176
vn 0.921 0.322 0.220
vn -0.584 -0.687 0.434
vn 0.957 0.259 -0.129
vn 0.983 0.166 -0.085
vn -0.965 -0.221 -0.139
vn 0.671 -0.533 -0.515
vn 0.879 -0.459 0.130
vn 0.874 0.336 -0.352
vn 0.379 0.590 0.713
vn 0.611 0.777 0.154
vn 0.634 0.356 0.686
vn 0.346 0.914 0.212
vn -0.720 -0.315 0.618
vn 0.746 -0.174 -0.643
vn 0.944 0.329 -0.005
vn -0.996 -0.061 -0.072
vn -0.707 0.707 0.033
vn -0.784 -0.613 0.099
vn 0.845 0.533 0.043
vn -0.873 -0.365 0.324
vn -0.710 -0.662 0.240
vn -0.263 -0.373 0.890
vn -0.903 -0.428 0.042
vn -0.710 -0.662 0.240
vn 0.000 0.000 0.000
vn 0.000 0.000 0.000
vn 0.986 0.037 -0.163
vn 0.086 -0.959 0.270
vn 0.000 0.000 0.000
vn -0.831 0.471 -0.295
vn 0.862 0.454 0.227
vn 0.000 0.000 0.000
vn 0.939 -0.280 -0.198
vn 0.923 -0.371 -0.104
vn 0.684 0.264 -0.680
vn 0.996 -0.001 -0.091
vn -0.931 0.245 0.272
vn 0.977 -0.166 0.136
vn -0.964 0.163 0.212
vn -0.939 0.150 0.310
vn -0.855 0.444 -0.268
vn 0.905 -0.197 -0.376
vn -0.639 0.481 -0.601
vn -0.782 0.558 0.278
vn -0.749 0.632 0.198
vn -0.399 0.798 -0.452
vn 0.716 -0.698 -0.013
vn -0.524 0.803 0.286
vn 0.845 -0.289 0.450
vn -0.898 0.441 0.003
vn 0.969 -0.245 0.042
vn -0.951 0.220 -0.216
vn 0.951 -0.135 -0.277
vn -0.703 -0.365 -0.610
vn -0.728 0.491 0.478
vn -0.894 0.193 0.404
vn -0.976 0.138 0.168
vn 0.778 -0.436 0.452
vn 0.791 -0.207 -0.576
vn 0.824 -0.163 -0.543
vn -0.877 0.460 -0.141
vn 0.929 -0.280 0.242
vn 0.870 -0.118 -0.478
vn 0.854 -0.072 0.516
vn -0.762 0.305 0.571
vn -0.959 0.122 -0.256
vn 0.968 -0.163 0.191
vn -0.512 0.147 0.846
vn 0.943 0.037 -0.330
vn -0.482 0.876 0.024
vn -0.962 0.117 -0.247
vn 0.030 -0.534 0.845
vn 0.862 -0.008 -0.506
vn -0.977 0.158 -0.141
vn 0.957 -0.221 0.189
vn -0.965 -0.068 -0.252
vn -0.506 -0.755 0.417
vn 0.962 -0.120 -0.246
vn -0.956 0.126 -0.264
vn -0.878 -0.120 -0.463
vn -0.994 -0.019 0.110
vn 0.981 -0.050 -0.187
vn 0.997 0.077 -0.010
vn -0.980 -0.100 0.174
vn -0.973 -0.130 -0.192
vn 0.853 -0.522 -0.021
vn 0.974 -0.170 -0.150
vn -0.771 -0.409 -0.488
vn -0.870 0.278 0.407
vn 0.904 0.135 -0.407
vn -0.967 -0.036 -0.251
vn -0.710 -0.702 0.051
vn -0.847 -0.452 0.279
vn 0.822 0.544 -0.167
vn -0.925 0.081 0.372
vn -0.866 -0.495 -0.072
vn 0.933 0.314 0.177
vn -0.853 -0.296 -0.429
vn 0.721 0.423 -0.550
vn -0.983 -0.181 -0.024
vn 0.965 0.055 -0.256
vn -0.974 -0.225 0.016
vn -0.905 -0.396 -0.153
vn -0.611 -0.549 0.570
vn 0.936 0.147 -0.321
vn 0.987 0.156 -0.047
vn -0.969 -0.220 -0.114
vn 0.954 0.184 0.238
vn 0.388 -0.699 0.600
vn -0.944 -0.212 0.253
vn 0.743 0.659 0.117
vn -0.867 -0.497 -0.050
vn 0.991 -0.101 0.091
vn 0.894 -0.447 0.006
vn -0.974 -0.217 -0.065
vn -0.947 -0.307 0.091
vn -0.922 -0.347 -0.173
vn 0.915 -0.117 0.386
vn 0.987 0.066 0.146
vn 0.933 0.199 0.298
vn -0.871 -0.443 0.211
vn 0.908 -0.035 0.418
vn -0.952 -0.176 0.250
vn 0.941 0.264 0.213
vn 0.000 0.000 0.000
vn 0.000 0.000 0.000
vn 0.000 0.000 0.000
vn 0.979 0.087 -0.184
vn 0.992 0.037 -0.119
vn 0.000 0.000 0.000
vn -0.359 0.651 0.669
vn -0.856 0.173 0.487
vn -0.993 -0.021 -0.116
vn 0.187 -0.735 -0.652
vn -0.766 0.568 -0.300
vn 0.904 -0.108 0.414
vn -0.794 0.531 0.295
vn 0.876 -0.479 0.060
vn -0.924 0.380 -0.040
vn 0.838 -0.496 0.228
vn 0.912 -0.213 0.350
vn -0.956 0.248 0.154
vn 0.932 -0.318 0.173
vn -0.994 0.097 0.057
vn -0.993 0.063 -0.100
vn 0.827 -0.449 -0.340
vn -0.899 0.391 -0.198
vn -0.944 -0.254 -0.209
vn -0.982 0.004 0.186
vn -0.995 0.051 -0.082
vn -0.366 -0.929 0.055
vn -0.876 0.479 -0.057
vn 0.499 -0.291 0.816
vn -0.978 -0.056 0.199
vn 0.897 0.036 -0.440
vn 0.999 -0.034 0.005
vn -0.995 0.035 -0.091
vn -0.983 -0.046 0.179
vn 0.682 -0.103 -0.724
vn -0.964 -0.139 -0.226
vn -0.992 0.119 -0.041
vn -0.941 -0.338 -0.010
vn -0.963 0.060 -0.264
vn -0.946 0.114 -0.302
vn -0.839 -0.294 0.459
vn -0.676 -0.102 0.730
vn -0.561 0.104 -0.821
vn -0.753 0.569 0.330
vn -0.992 0.033 0.118
vn -0.971 -0.034 0.238
vn 0.842 0.355 -0.406
vn 0.480 0.772 -0.416
vn -0.937 -0.042 0.346
vn 0.881 0.428 -0.203
vn -0.950 -0.133 -0.282
vn 0.935 -0.334 0.124
vn -0.267 -0.939 -0.215
vn 0.973 0.119 -0.200
vn -0.937 -0.270 -0.221
vn 0.948 -0.007 -0.317
vn -0.655 -0.211 0.726
vn 0.895 -0.051 -0.444
vn 0.939 -0.018 -0.343
vn 0.956 -0.001 0.294
vn 0.843 -0.518 0.147
vn 0.949 0.200 -0.244
vn 0.881 0.440 -0.172
vn 0.802 -0.342 0.490
vn -0.923 -0.241 -0.299
vn -0.948 0.029 0.317
vn 0.996 0.091 -0.020
vn -0.998 -0.060 -0.021
vn -0.995 -0.020 -0.099
vn 0.315 0.858 0.404
vn 0.990 -0.138 -0.035
vn 0.968 -0.064 -0.242
vn 1.000 0.016 0.018
vn -0.872 -0.450 -0.191
vn 0.977 -0.187 -0.101
vn -0.956 0.289 0.056
vn 0.758 0.616 -0.212
vn -0.722 0.552 0.416
vn -0.910 -0.413 -0.027
vn 0.959 0.237 0.153
vn 0.931 0.289 0.223
vn -0.989 -0.026 0.148
vn 0.992 0.126 0.008
vn -0.993 -0.115 0.019
vn -0.908 -0.312 -0.280
vn 0.907 0.150 0.394
vn 0.141 -0.731 0.668
vn 0.990 0.026 0.138
vn -0.825 -0.507 -0.248
vn 0.936 0.142 0.323
vn -0.951 -0.286 0.113
vn -0.384 0.778 0.496
vn -0.987 -0.138 0.080
vn 0.915 0.375 0.152
vn -0.976 -0.188 0.112
vn 0.952 -0.138 0.273
vn -0.949 0.273 0.154
vn 0.985 -0.110 0.134
vn -0.945 0.274 0.180
vn -0.929 -0.342 0.141
vn 0.955 -0.250 0.159
vn -0.984 0.171 0.043
vn 0.989 0.146 0.010
vn -0.931 -0.102 -0.350
vn 0.882 -0.262 0.391
vn -0.592 -0.748 -0.299
vn 0.890 -0.416 -0.185
vn -0.958 0.285 0.017
vn 0.948 -0.070 0.312
vn 0.956 -0.244 0.165
vn 0.942 -0.028 0.336
vn -0.987 0.156 0.023
vn 0.979 -0.135 0.155
vn 0.868 -0.154 -0.472
vn 0.932 -0.357 0.069
vn 0.840 -0.438 -0.321
vn -0.788 -0.442 -0.429
vn 0.905 -0.225 -0.362
vn 0.952 -0.138 -0.272
vn -0.987 0.148 -0.069
vn -0.980 0.000 -0.200
vn -0.840 0.088 0.535
vn -0.995 -0.095 -0.019
vn 0.180 0.074 0.981
vn -0.543 -0.411 0.732
vn 0.983 0.179 0.051
vn -0.995 -0.043 0.094
vn 0.929 -0.131 -0.346
vn 0.961 -0.002 -0.276
vn -0.982 -0.101 -0.161
vn 0.963 0.022 0.270
vn 0.999 0.007 0.053
vn -0.928 -0.344 0.147
vn -0.981 0.074 -0.182
vn 0.991 -0.126 0.040
vn -0.438 0.329 0.837
vn -0.996 0.039 0.081
vn -0.845 -0.471 -0.254
vn 0.961 0.225 -0.159
vn 0.939 0.327 -0.104
vn 0.914 0.406 -0.025
vn -0.938 -0.262 0.228
vn 0.876 0.311 0.370
vn 0.983 0.017 0.184
vn 0.901 0.103 0.422
vn -0.815 0.346 0.465
vn 0.990 -0.133 0.048
vn -0.704 0.691 0.162
vn 0.430 -0.589 0.685
vn 0.997 -0.028 0.075
vn -0.981 -0.188 -0.044
vn 0.952 -0.222 0.209
vn -0.958 -0.258 0.123
vn 0.956 0.293 0.021
vn 0.073 -0.177 0.981
vn -0.938 -0.327 0.114
vn -0.986 0.055 0.156
vn 0.989 0.077 0.125
vn -0.978 0.178 0.112
vn 0.973 -0.219 -0.076
vn -0.975 -0.096 0.202
vn 0.973 -0.169 0.155
vn 0.971 -0.185 0.152
vn 0.899 -0.178 -0.401
vn 0.826 -0.538 -0.170
vn 0.989 -0.122 0.079
vn -0.888 -0.429 -0.167
vn 0.968 -0.204 -0.149
vn 0.917 -0.389 0.088
vn -0.686 -0.705 0.182
vn 0.964 -0.206 0.166
vn 0.762 -0.365 0.534
vn -0.883 -0.133 -0.450
vn 0.988 -0.052 0.143
vn -0.886 -0.019 0.464
vn 0.998 -0.054 -0.026
vn 0.774 -0.551 0.313
vn -0.961 -0.269 -0.067
vn -0.973 -0.177 -0.149
vn 0.762 0.590 0.267
vn 0.967 0.250 0.049
vn 0.959 0.024 0.282
vn -0.962 -0.237 -0.135
vn 0.987 -0.061 0.152
f 1//1 2//2 8//8
f 1//1 2//2 31//31
f 1//1 7//7 8//8
f 1//1 7//7 30//30
f 1//1 30//30 31//31
f 2//2 8//8 31//31
f 3//3 4//4 10//10
f 3//3 4//4 34//34
f 3//3 9//9 10//10
f 3//3 9//9 46//46
f 3//3 10//10 34//34
f 3//3 33//33 34//34
f 3//3 33//33 46//46
f 4//4 5//5 11//11
f 4//4 5//5 36//36
f 4//4 10//10 11//11
f 4//4 34//34 35//35
f 4//4 35//35 36//36
f 5//5 11//11 12//12
f 5//5 12//12 13//13
f 5//5 13//13 37//37
f 5//5 36//36 37//37
f 6//6 7//7 15//15
f 6//6 7//7 41//41
f 6//6 15//15 41//41
f 7//7 8//8 16//16
f 7//7 15//15 16//16
f 7//7 30//30 42//42
f 7//7 41//41 42//42
f 8//8 16//16 54//54
f 8//8 31//31 43//43
f 8//8 43//43 54//54
f 9//9 10//10 18//18
f 9//9 17//17 18//18
f 9//9 17//17 56//56
f 9//9 46//46 56//56
f 10//10 11//11 19//19
f 10//10 18//18 19//19
f 11//11 12//12 19//19
f 12//12 13//13 20//20
f 12//12 19//19 20//20
f 13//13 20//20 21//21
f 13//13 21//21 47//47
f 13//13 37//37 47//47
f 14//14 15//15 52//52
f 15//15 16//16 53//53
f 15//15 41//41 52//52
f 15//15 52//52 53//53
f 15//15 53//53 63//63
f 16//16 53//53 54//54
f 17//17 18//18 66//66
f 17//17 56//56 66//66
f 18//18 19//19 23//23
f 18//18 22//22 23//23
f 18//18 22//22 66//66
f 19//19 20//20 23//23
f 20//20 21//21 25//25
f 20//20 23//23 24//24
f 20//20 24//24 25//25
f 21//21 25//25 57//57
f 21//21 47//47 57//57
f 22//22 23//23 67//67
f 22//22 66//66 67//67
f 23//23 24//24 68//68
f 23//23 67//67 68//68
f 24//24 25//25 70//70
f 24//24 68//68 69//69
f 24//24 69//69 70//70
f 25//25 57//57 70//70
f 26//26 27//27 34//34
f 26//26 27//27 90//90
f 26//26 34//34 89//89
f 26//26 89//89 90//90
f 27//27 28//28 35//35
f 27//27 28//28 91//91
f 27//27 34//34 35//35
f 27//27 90//90 91//91
f 28//28 35//35 36//36
f 28//28 36//36 37//37
f 28//28 36//36 91//91
f 28//28 37//37 92//92
f 28//28 91//91 92//92
f 29//29 30//30 41//41
f 29//29 30//30 96//96
f 29//29 41//41 96//96
f 30//30 31//31 97//97
f 30//30 41//41 42//42
f 30//30 96//96 97//97
f 31//31 32//32 44//44
f 31//31 32//32 99//99
f 31//31 43//43 44//44
f 31//31 86//86 87//87
f 31//31 86//86 97//97
f 31//31 87//87 98//98
f 31//31 98//98 99//99
f 32//32 44//44 99//99
f 33//33 34//34 100//100
f 33//33 46//46 100//100
f 34//34 89//89 101//101
f 34//34 100//100 101//101
f 37//37 38//38 47//47
f 37//37 38//38 103//103
f 37//37 92//92 102//102
f 37//37 102//102 103//103
f 38//38 47//47 48//48
f 38//38 48//48 113//113
f 38//38 103//103 113//113
f 39//39 40//40 49//49
f 39//39 40//40 106//106
f 39//39 49//49 105//105
f 39//39 105//105 106//106
f 40//40 49//49 50//50
f 40//40 50//50 106//106
f 41//41 52//52 109//109
f 41//41 96//96 109//109
f 43//43 44//44 55//55
f 43//43 44//44 110//110
f 43//43 54//54 55//55
f 44//44 55//55 122//122
f 44//44 99//99 110//110
f 44//44 110//110 122//122
f 45//45 46//46 56//56
f 45//45 46//46 111//111
f 45//45 56//56 123//123
f 45//45 111//111 123//123
f 46//46 100//100 112//112
f 46//46 111//111 112//112
f 47//47 48//48 58//58
f 47//47 57//57 58//58
f 48//48 58//58 113//113
f 49//49 50//50 59//59
f 49//49 59//59 116//116
f 49//49 105//105 116//116
f 50//50 59//59 60//60
f 50//50 60//60 129//129
f 50//50 106//106 117//117
f 50//50 117//117 129//129
f 51//51 61//61 118//118
f 52//52 53//53 62//62
f 52//52 62//62 134//134
f 52//52 109//109 121//121
f 52//52 121//121 134//134
f 53//53 54//54 64//64
f 53//53 62//62 63//63
f 53//53 63//63 64//64
f 54//54 55//55 122//122
f 54//54 64//64 135//135
f 54//54 122//122 135//135
f 56//56 66//66 124//124
f 56//56 123//123 124//124
f 57//57 58//58 71//71
f 57//57 70//70 71//71
f 58//58 71//71 139//139
f 58//58 113//113 125//125
f 58//58 125//125 126//126
f 58//58 125//125 139//139
f 59//59 60//60 129//129
f 59//59 116//116 128//128
f 59//59 128//128 129//129
f 59//59 128//128 142//142
f 60//60 61//61 72//72
f 60//60 61//61 129//129
f 60//60 72//72 129//129
f 61//61 72//72 73//73
f 61//61 73//73 144//144
f 61//61 117//117 118//118
f 61//61 117//117 129//129
f 61//61 118//118 130//130
f 61//61 130//130 144//144
f 62//62 63//63 75//75
f 62//62 75//75 147//147
f 62//62 134//134 147//147
f 63//63 64//64 77//77
f 63//63 75//75 76//76
f 63//63 76//76 77//77
f 64//64 65//65 78//78
f 64//64 65//65 135//135
f 64//64 77//77 78//78
f 65//65 78//78 135//135
f 66//66 67//67 152//152
f 66//66 124//124 137//137
f 66//66 137//137 138//138
f 66//66 138//138 152//152
f 67//67 68//68 79//79
f 67//67 79//79 152//152
f 68//68 69//69 80//80
f 68//68 79//79 80//80
f 69//69 70//70 81//81
f 69//69 80//80 81//81
f 70//70 71//71 139//139
f 70//70 81//81 82//82
f 70//70 82//82 155//155
f 70//70 139//139 156//156
f 70//70 155//155 156//156
f 72//72 73//73 144//144
f 72//72 129//129 143//143
f 72//72 143//143 144//144
f 73//73 74//74 144//144
f 73//73 144//144 160//160
f 74//74 130//130 144//144
f 74//74 130//130 145//145
f 74//74 131//131 145//145
f 74//74 144//144 145//145
f 75//75 76//76 147//147
f 76//76 77//77 83//83
f 76//76 83//83 163//163
f 76//76 147//147 148//148
f 76//76 148//148 163//163
f 77//77 78//78 150//150
f 77//77 83//83 84//84
f 77//77 84//84 164//164
f 77//77 149//149 150//150
f 77//77 149//149 164//164
f 78//78 135//135 150//150
f 79//79 80//80 152//152
f 80//80 81//81 154//154
f 80//80 152//152 153//153
f 80//80 153//153 154//154
f 81//81 82//82 155//155
f 81//81 154//154 155//155
f 83//83 84//84 163//163
f 84//84 163//163 164//164
f 85//85 86//86 97//97
f 85//85 86//86 180//180
f 85//85 96//96 97//97
f 85//85 96//96 179//179
f 85//85 179//179 180//180
f 86//86 87//87 181//181
f 86//86 180//180 181//181
f 87//87 88//88 98//98
f 87//87 88//88 182//182
f 87//87 181//181 182//182
f 88//88 98//98 99//99
f 88//88 99//99 195//195
f 88//88 182//182 195//195
f 89//89 90//90 185//185
f 89//89 100//100 101//101
f 89//89 100//100 183//183
f 89//89 183//183 184//184
f 89//89 184//184 185//185
f 90//90 91//91 185//185
f 91//91 92//92 187//187
f 91//91 185//185 186//186
f 91//91 186//186 187//187
f 92//92 93//93 103//103
f 92//92 93//93 188//188
f 92//92 102//102 103//103
f 92//92 187//187 188//188
f 93//93 103//103 188//188
f 94//94 106//106 107//107
f 94//94 106//106 189//189
f 94//94 106//106 190//190
f 94//94 107//107 191//191
f 94//94 189//189 190//190
f 94//94 190//190 191//191
f 95//95 96//96 108//108
f 95//95 96//96 193//193
f 95//95 108//108 193//193
f 96//96 108//108 109//109
f 96//96 179//179 194//194
f 96//96 193//193 194//194
f 99//99 110//110 195//195
f 100//100 111//111 112//112
f 100//100 111//111 196//196
f 100//100 183//183 197//197
f 100//100 196//196 197//197
f 103//103 104//104 113//113
f 103//103 104//104 199//199
f 103//103 188//188 198//198
f 103//103 198//198 199//199
f 104//104 113//113 114//114
f 104//104 114//114 199//199
f 105//105 106//106 189//189
f 105//105 116//116 209//209
f 105//105 189//189 200//200
f 105//105 200//200 209//209
f 106//106 107//107 118//118
f 106//106 107//107 201//201
f 106//106 117//117 118//118
f 107//107 118//118 201//201
f 107//107 191//191 201//201
f 108//108 109//109 120//120
f 108//108 120//120 213//213
f 108//108 193//193 203//203
f 108//108 203//203 213//213
f 109//109 120//120 121//121
f 110//110 122//122 215//215
f 110//110 195//195 204//204
f 110//110 204//204 215//215
f 111//111 123//123 216//216
f 111//111 196//196 205//205
f 111//111 205//205 216//216
f 113//113 114//114 126//126
f 113//113 125//125 126//126
f 114//114 126//126 206//206
f 114//114 199//199 206//206
f 115//115 116//116 127//127
f 115//115 116//116 209//209
f 115//115 127//127 219//219
f 115//115 208//208 209//209
f 115//115 208//208 219//219
f 116//116 127//127 128//128
f 118//118 119//119 131//131
f 118//118 119//119 211//211
f 118//118 130//130 131//131
f 118//118 201//201 210//210
f 118//118 210//210 211//211
f 119//119 131//131 211//211
f 120//120 121//121 213//213
f 121//121 134//134 214//214
f 121//121 213//213 214//214
f 122//122 135//135 215//215
f 123//123 124//124 136//136
f 123//123 136//136 224//224
f 123//123 216//216 223//223
f 123//123 223//223 224//224
f 124//124 136//136 137//137
f 125//125 126//126 139//139
f 126//126 139//139 226//226
f 126//126 206//206 217//217
f 126//126 217//217 226//226
f 127//127 128//128 141//141
f 127//127 141//141 228//228
f 127//127 219//219 228//228
f 128//128 129//129 142//142
f 128//128 141//141 142//142
f 129//129 142//142 143//143
f 130//130 131//131 145//145
f 131//131 132//132 145//145
f 131//131 132//132 221//221
f 131//131 211//211 220//220
f 131//131 220//220 221//221
f 132//132 145//145 221//221
f 133//133 134//134 146//146
f 133//133 134//134 222//222
f 133//133 146//146 231//231
f 133//133 222//222 231//231
f 134//134 146//146 147//147
f 134//134 214//214 222//222
f 135//135 150//150 223//223
f 135//135 215//215 223//223
f 136//136 137//137 225//225
f 136//136 223//223 224//224
f 136//136 224//224 225//225
f 136//136 224//224 233//233
f 137//137 138//138 152//152
f 137//137 151//151 152//152
f 137//137 151//151 234//234
f 137//137 225//225 234//234
f 139//139 140//140 226//226
f 139//139 156//156 237//237
f 139//139 226//226 238//238
f 139//139 237//237 238//238
f 141//141 142//142 157//157
f 141//141 157//157 239//239
f 141//141 228//228 239//239
f 142//142 143//143 158//158
f 142//142 157//157 158//158
f 143//143 144//144 160//160
f 143//143 158//158 159//159
f 143//143 159//159 160//160
f 144//144 145//145 160//160
f 145//145 160//160 161//161
f 145//145 161//161 229//229
f 145//145 221//221 229//229
f 146//146 147//147 231//231
f 147//147 148//148 163//163
f 147//147 162//162 163//163
f 147//147 162//162 244//244
f 147//147 231//231 244//244
f 149//149 150//150 165//165
f 149//149 164//164 165//165
f 150//150 165//165 247//247
f 150//150 223//223 232//232
f 150//150 232//232 247//247
f 151//151 152//152 234//234
f 152//152 153//153 250//250
f 152//152 234//234 235//235
f 152//152 235//235 250//250
f 153//153 154//154 251//251
f 153//153 166//166 250//250
f 153//153 166//166 251//251
f 154//154 155//155 251//251
f 154//154 167//167 251//251
f 155//155 156//156 236//236
f 155//155 236//236 251//251
f 156//156 236//236 237//237
f 157//157 158//158 254//254
f 157//157 239//239 254//254
f 158//158 159//159 240//240
f 158//158 240//240 255//255
f 158//158 254//254 255//255
f 159//159 160//160 168//168
f 159//159 160//160 241//241
f 159//159 168//168 256//256
f 159//159 240//240 241//241
f 159//159 241//241 256//256
f 160//160 161//161 243//243
f 160//160 168//168 169//169
f 160//160 169//169 257//257
f 160//160 242//242 243//243
f 160//160 242//242 257//257
f 161//161 229//229 243//243
f 162//162 163//163 245//245
f 162//162 244//244 245//245
f 163//163 164//164 171//171
f 163//163 170//170 171//171
f 163//163 170//170 259//259
f 163//163 245//245 246//246
f 163//163 246//246 259//259
f 164//164 165//165 260//260
f 164//164 171//171 260//260
f 165//165 247//247 261//261
f 165//165 260//260 261//261
f 166//166 250//250 251//251
f 168//168 169//169 256//256
f 169//169 256//256 257//257
f 170//170 171//171 260//260
f 170//170 259//259 260//260
f 172//172 173//173 177//177
f 172//172 173//173 279//279
f 172//172 176//176 177//177
f 172//172 176//176 289//289
f 172//172 279//279 289//289
f 173//173 177//177 280//280
f 173//173 277//277 279//279
f 173//173 277//277 280//280
f 174//174 179//179 180//180
f 174//174 179//179 282//282
f 174//174 180//180 283//283
f 174//174 282//282 283//283
f 175//175 180//180 181//181
f 175//175 180//180 283//283
f 175//175 181//181 283//283
f 176//176 177//177 192//192
f 176//176 191//191 192//192
f 176//176 191//191 303//303
f 176//176 289//289 303//303
f 177//177 192//192 304//304
f 177//177 280//280 290//290
f 177//177 290//290 304//304
f 178//178 179//179 193//193
f 179//179 193//193 194//194
f 179//179 193//193 291//291
f 179//179 281//281 282//282
f 179//179 281//281 292//292
f 179//179 291//291 292//292
f 181//181 182//182 294//294
f 181//181 283//283 293//293
f 181//181 293//293 294//294
f 182//182 195//195 294//294
f 183//183 184//184 295//295
f 183//183 197//197 295//295
f 184//184 185//185 296//296
f 184//184 295//295 296//296
f 185//185 186//186 285//285
f 185//185 284//284 285//285
f 185//185 284//284 297//297
f 185//185 296//296 297//297
f 186//186 187//187 285//285
f 187//187 188//188 298//298
f 187//187 285//285 286//286
f 187//187 286//286 298//298
f 188//188 198//198 300//300
f 188//188 298//298 299//299
f 188//188 299//299 300//300
f 189//189 190//190 302//302
f 189//189 200//200 301//301
f 189//189 301//301 302//302
f 190//190 191//191 303//303
f 190//190 288//288 302//302
f 190//190 302//302 303//303
f 191//191 192//192 303//303
f 191//191 201//201 303//303
f 192//192 303//303 304//304
f 193//193 203//203 317//317
f 193//193 291//291 305//305
f 193//193 305//305 317//317
f 195//195 204//204 318//318
f 195//195 294//294 306//306
f 195//195 306//306 318//318
f 196//196 197//197 307//307
f 196//196 205//205 307//307
f 197//197 295//295 308//308
f 197//197 307//307 308//308
f 198//198 199//199 300//300
f 199//199 206//206 309//309
f 199//199 300//300 309//309
f 200//200 209//209 312//312
f 200//200 301//301 312//312
f 201//201 202//202 210//210
f 201//201 202//202 313//313
f 201//201 303//303 313//313
f 202//202 210//210 211//211
f 202//202 211//211 324//324
f 202//202 313//313 314//314
f 202//202 314//314 324//324
f 203//203 213//213 327//327
f 203//203 317//317 327//327
f 204//204 215//215 318//318
f 205//205 216//216 319//319
f 205//205 307//307 319//319
f 206//206 207//207 217//217
f 206//206 207//207 321//321
f 206//206 309//309 320//320
f 206//206 320//320 321//321
f 207//207 217//217 218//218
f 207//207 218//218 321//321
f 208//208 209//209 311//311
f 208//208 219//219 322//322
f 208//208 311//311 322//322
f 209//209 311//311 323//323
f 209//209 312//312 323//323
f 211//211 212//212 220//220
f 211//211 212//212 325//325
f 211//211 324//324 325//325
f 212//212 220//220 221//221
f 212//212 221//221 325//325
f 213//213 214//214 222//222
f 213//213 222//222 327//327
f 215//215 216//216 223//223
f 215//215 216//216 328//328
f 215//215 318//318 328//328
f 216//216 319//319 329//329
f 216//216 328//328 329//329
f 217//217 218//218 226//226
f 218//218 219//219 227//227
f 218//218 219//219 330//330
f 218//218 226//226 227//227
f 218//218 321//321 330//330
f 219//219 227//227 228//228
f 219//219 322//322 331//331
f 219//219 330//330 331//331
f 221//221 229//229 230//230
f 221//221 230//230 332//332
f 221//221 325//325 332//332
f 222//222 231//231 334//334
f 222//222 327//327 334//334
f 223//223 224//224 232//232
f 224//224 225//225 233//233
f 224//224 232//232 233//233
f 225//225 233//233 234//234
f 226//226 227//227 335//335
f 226//226 238//238 344//344
f 226//226 335//335 344//344
f 227//227 228//228 335//335
f 228//228 239//239 346//346
f 228//228 335//335 336//336
f 228//228 336//336 345//345
f 228//228 345//345 346//346
f 229//229 230//230 338//338
f 229//229 243//243 347//347
f 229//229 337//337 347//347
f 229//229 338//338 347//347
f 230//230 332//332 338//338
f 231//231 244//244 348//348
f 231//231 334//334 340//340
f 231//231 340//340 348//348
f 232//232 233//233 247//247
f 233//233 234//234 248//248
f 233//233 247//247 248//248
f 234//234 235//235 342//342
f 234//234 248//248 341//341
f 234//234 341//341 342//342
f 235//235 249//249 250//250
f 235//235 249//249 342//342
f 236//236 237//237 253//253
f 236//236 251//251 252//252
f 236//236 252//252 253//253
f 237//237 238//238 344//344
f 237//237 253//253 357//357
f 237//237 343//343 344//344
f 237//237 343//343 357//357
f 239//239 254//254 360//360
f 239//239 345//345 346//346
f 239//239 345//345 360//360
f 240//240 241//241 255//255
f 241//241 255//255 256//256
f 242//242 243//243 347//347
f 242//242 257//257 347//347
f 244//244 245//245 349//349
f 244//244 348//348 349//349
f 245//245 246//246 258//258
f 245//245 258//258 366//366
f 245//245 349//349 366//366
f 246//246 258//258 259//259
f 247//247 248//248 351//351
f 247//247 260//260 261//261
f 247//247 261//261 350//350
f 247//247 350//350 351//351
f 248//248 341//341 351//351
f 249//249 250//250 354//354
f 249//249 342//342 353//353
f 249//249 353//353 354//354
f 250//250 251//251 354//354
f 251//251 252//252 355//355
f 251//251 354//354 355//355
f 252//252 253//253 357//357
f 252//252 355//355 356//356
f 252//252 356//356 357//357
f 254//254 255//255 372//372
f 254//254 359//359 360//360
f 254//254 360//360 372//372
f 255//255 256//256 262//262
f 255//255 262//262 373//373
f 255//255 361//361 372//372
f 255//255 361//361 373//373
f 256//256 257//257 362//362
f 256//256 262//262 263//263
f 256//256 263//263 362//362
f 257//257 347//347 364//364
f 257//257 362//362 375//375
f 257//257 363//363 364//364
f 257//257 363//363 375//375
f 258//258 259//259 366//366
f 259//259 260//260 367//367
f 259//259 366//366 367//367
f 260//260 261//261 369//369
f 260//260 367//367 368//368
f 260//260 368//368 369//369
f 261//261 350//350 369//369
f 262//262 263//263 373//373
f 262//262 372//372 373//373
f 263//263 362//362 374//374
f 263//263 373//373 374//374
f 264//264 265//265 383//383
f 264//264 265//265 385//385
f 264//264 383//383 385//385
f 265//265 266//266 268//268
f 265//265 266//266 386//386
f 265//265 267//267 268//268
f 265//265 267//267 388//388
f 265//265 383//383 386//386
f 265//265 385//385 388//388
f 266//266 268//268 389//389
f 266//266 386//386 389//389
f 267//267 268//268 388//388
f 268//268 388//388 389//389
f 269//269 270//270 391//391
f 269//269 270//270 392//392
f 269//269 391//391 392//392
f 270//270 391//391 392//392
f 271//271 272//272 273//273
f 271//271 272//272 401//401
f 271//271 273//273 400//400
f 271//271 400//400 401//401
f 272//272 273//273 274//274
f 272//272 274//274 401//401
f 273//273 274//274 407//407
f 273//273 275//275 406//406
f 273//273 400//400 403//403
f 273//273 403//403 406//406
f 273//273 406//406 407//407
f 274//274 401//401 404//404
f 274//274 404//404 407//407
f 276//276 277//277 279//279
f 276//276 277//277 416//416
f 276//276 279//279 416//416
f 277//277 280//280 417//417
f 277//277 416//416 417//417
f 277//277 417//417 418//418
f 278//278 279//279 289//289
f 278//278 279//279 421//421
f 278//278 288//288 289//289
f 278//278 288//288 435//435
f 278//278 421//421 435//435
f 279//279 416//416 422//422
f 279//279 421//421 422//422
f 280//280 290//290 423//423
f 280//280 417//417 423//423
f 281//281 282//282 426//426
f 281//281 292//292 425//425
f 281//281 425//425 426//426
f 282//282 283//283 420//420
f 282//282 419//419 420//420
f 282//282 419//419 426//426
f 283//283 293//293 440//440
f 283//283 420//420 427//427
f 283//283 427//427 440//440
f 284//284 285//285 431//431
f 284//284 296//296 297//297
f 284//284 296//296 429//429
f 284//284 429//429 430//430
f 284//284 430//430 431//431
f 285//285 286//286 432//432
f 285//285 431//431 432//432
f 286//286 298//298 299//299
f 286//286 299//299 433//433
f 286//286 432//432 433//433
f 287//287 288//288 301//301
f 287//287 288//288 435//435
f 287//287 301//301 434//434
f 287//287 434//434 435//435
f 288//288 289//289 303//303
f 288//288 301//301 302//302
f 288//288 302//302 303//303
f 290//290 304//304 436//436
f 290//290 423//423 424//424
f 290//290 424//424 436//436
f 291//291 292//292 438//438
f 291//291 305//305 452//452
f 291//291 438//438 585//585
f 291//291 452//452 585//585
f 292//292 425//425 439//439
f 292//292 438//438 439//439
f 293//293 294//294 441//441
f 293//293 440//440 441//441
f 294//294 306//306 441//441
f 295//295 296//296 443//443
f 295//295 308//308 442//442
f 295//295 442//442 443//443
f 296//296 429//429 443//443
f 299//299 300//300 445//445
f 299//299 433//433 444//444
f 299//299 444//444 445//445
f 300//300 309//309 445//445
f 301//301 312//312 447//447
f 301//301 434//434 447//447
f 303//303 304//304 449//449
f 303//303 313//313 448//448
f 303//303 448//448 449//449
f 304//304 314//314 449//449
f 304//304 436//436 449//449
f 305//305 317//317 452//452
f 306//306 307//307 319//319
f 306//306 307//307 454//454
f 306//306 318//318 319//319
f 306//306 441//441 453//453
f 306//306 453//453 454//454
f 307//307 308//308 442//442
f 307//307 442//442 454//454
f 309//309 310//310 320//320
f 309//309 310//310 455//455
f 309//309 445//445 455//455
f 310//310 320//320 321//321
f 310//310 321//321 456//456
f 310//310 455//455 456//456
f 311//311 312//312 323//323
f 311//311 312//312 457//457
f 311//311 322//322 457//457
f 312//312 447//447 458//458
f 312//312 457//457 458//458
f 313//313 314//314 459//459
f 313//313 448//448 459//459
f 314//314 315//315 325//325
f 314//314 315//315 461//461
f 314//314 324//324 325//325
f 314//314 449//449 459//459
f 314//314 449//449 460//460
f 314//314 460//460 461//461
f 315//315 324//324 325//325
f 315//315 325//325 465//465
f 315//315 461//461 465//465
f 316//316 317//317 326//326
f 316//316 317//317 462//462
f 316//316 326//326 462//462
f 317//317 326//326 327//327
f 317//317 452//452 462//462
f 318//318 319//319 329//329
f 318//318 328//328 329//329
f 321//321 322//322 331//331
f 321//321 322//322 464//464
f 321//321 330//330 331//331
f 321//321 456//456 463//463
f 321//321 457//457 463//463
f 321//321 457//457 464//464
f 322//322 457//457 464//464
f 325//325 332//332 465//465
f 326//326 327//327 333//333
f 326//326 333//333 468//468
f 326//326 462//462 466//466
f 326//326 466//466 468//468
f 327//327 333//333 334//334
f 332//332 338//338 469//469
f 332//332 465//465 467//467
f 332//332 467//467 469//469
f 333//333 334//334 339//339
f 333//333 339//339 470//470
f 333//333 468//468 470//470
f 334//334 339//339 340//340
f 335//335 336//336 345//345
f 335//335 344//344 345//345
f 337//337 338//338 347//347
f 337//337 338//338 474//474
f 337//337 347//347 474//474
f 338//338 469//469 475//475
f 338//338 474//474 475//475
f 339//339 340//340 471//471
f 339//339 470//470 471//471
f 340//340 348//348 477//477
f 340//340 471//471 477//477
f 341//341 342//342 352//352
f 341//341 351//351 352//352
f 342//342 352//352 353//353
f 343//343 344//344 357//357
f 344//344 345//345 473//473
f 344//344 357//357 358//358
f 344//344 358//358 485//485
f 344//344 472//472 473//473
f 344//344 472//472 485//485
f 345//345 359//359 360//360
f 345//345 359//359 486//486
f 345//345 473//473 486//486
f 347//347 364//364 488//488
f 347//347 474//474 488//488
f 348//348 349//349 366//366
f 348//348 365//365 366//366
f 348//348 365//365 489//489
f 348//348 477//477 489//489
f 350//350 351//351 370//370
f 350//350 369//369 370//370
f 351//351 352//352 478//478
f 351//351 370//370 493//493
f 351//351 478//478 493//493
f 352//352 353//353 479//479
f 352//352 478//478 479//479
f 353//353 354//354 481//481
f 353//353 479//479 480//480
f 353//353 480//480 481//481
f 354//354 355//355 481//481
f 354//354 481//481 494//494
f 355//355 356//356 483//483
f 355//355 481//481 482//482
f 355//355 482//482 495//495
f 355//355 483//483 495//495
f 356//356 357//357 484//484
f 356//356 483//483 484//484
f 357//357 358//358 485//485
f 357//357 484//484 485//485
f 359//359 360//360 371//371
f 359//359 371//371 497//497
f 359//359 486//486 497//497
f 360//360 371//371 372//372
f 361//361 372//372 373//373
f 362//362 374//374 375//375
f 363//363 364//364 488//488
f 363//363 375//375 500//500
f 363//363 487//487 488//488
f 363//363 487//487 500//500
f 365//365 366//366 489//489
f 366//366 367//367 491//491
f 366//366 489//489 490//490
f 366//366 490//490 491//491
f 367//367 368//368 377//377
f 367//367 376//376 377//377
f 367//367 376//376 503//503
f 367//367 491//491 503//503
f 368//368 369//369 378//378
f 368//368 377//377 504//504
f 368//368 378//378 505//505
f 368//368 504//504 505//505
f 369//369 370//370 493//493
f 369//369 378//378 505//505
f 369//369 492//492 493//493
f 369//369 492//492 505//505
f 371//371 372//372 497//497
f 372//372 373//373 498//498
f 372//372 497//497 498//498
f 373//373 374//374 380//380
f 373//373 379//379 380//380
f 373//373 379//379 507//507
f 373//373 498//498 506//506
f 373//373 506//506 507//507
f 374//374 375//375 500//500
f 374//374 380//380 508//508
f 374//374 499//499 500//500
f 374//374 499//499 508//508
f 376//376 377//377 503//503
f 377//377 503//503 504//504
f 379//379 380//380 508//508
f 379//379 507//507 508//508
f 381//381 382//382 511//511
f 382//382 511//511 512//512
f 383//383 384//384 386//386
f 383//383 384//384 515//515
f 383//383 385//385 515//515
f 384//384 386//386 518//518
f 384//384 515//515 516//516
f 384//384 516//516 518//518
f 385//385 388//388 520//520
f 385//385 515//515 517//517
f 385//385 517//517 520//520
f 386//386 387//387 389//389
f 386//386 387//387 390//390
f 386//386 387//387 519//519
f 386//386 518//518 519//519
f 387//387 389//389 390//390
f 387//387 390//390 519//519
f 388//388 389//389 521//521
f 388//388 520//520 521//521
f 389//389 390//390 391//391
f 389//389 391//391 523//523
f 389//389 521//521 523//523
f 390//390 391//391 392//392
f 390//390 392//392 522//522
f 390//390 519//519 522//522
f 391//391 392//392 394//394
f 391//391 394//394 523//523
f 392//392 393//393 396//396
f 392//392 393//393 525//525
f 392//392 394//394 395//395
f 392//392 395//395 396//396
f 392//392 522//522 524//524
f 392//392 524//524 525//525
f 393//393 396//396 529//529
f 393//393 525//525 529//529
f 394//394 395//395 528//528
f 394//394 523//523 527//527
f 394//394 527//527 528//528
f 395//395 396//396 398//398
f 395//395 397//397 398//398
f 395//395 397//397 528//528
f 396//396 398//398 532//532
f 396//396 529//529 532//532
f 397//397 398//398 532//532
f 397//397 528//528 531//531
f 397//397 531//531 532//532
f 398//398 399//399 532//532
f 398//398 399//399 535//535
f 398//398 532//532 535//535
f 399//399 400//400 535//535
f 399//399 532//532 535//535
f 400//400 401//401 535//535
f 400//400 403//403 540//540
f 400//400 535//535 540//540
f 400//400 539//539 540//540
f 401//401 404//404 541//541
f 401//401 535//535 541//541
f 402//402 403//403 405//405
f 402//402 403//403 544//544
f 402//402 405//405 549//549
f 402//402 543//543 544//544
f 402//402 543//543 549//549
f 403//403 405//405 406//406
f 403//403 540//540 544//544
f 404//404 407//407 545//545
f 404//404 541//541 545//545
f 405//405 406//406 549//549
f 405//405 406//406 550//550
f 405//405 411//411 549//549
f 405//405 411//411 555//555
f 405//405 549//549 550//550
f 405//405 549//549 555//555
f 406//406 407//407 550//550
f 406//406 412//412 550//550
f 406//406 412//412 556//556
f 406//406 550//550 556//556
f 407//407 545//545 551//551
f 407//407 550//550 551//551
f 408//408 409//409 414//414
f 408//408 409//409 552//552
f 408//408 413//413 414//414
f 408//408 413//413 552//552
f 409//409 414//414 553//553
f 409//409 552//552 553//553
f 410//410 411//411 416//416
f 410//410 411//411 554//554
f 410//410 416//416 554//554
f 411//411 412//412 417//417
f 411//411 412//412 556//556
f 411//411 416//416 417//417
f 411//411 549//549 555//555
f 411//411 554//554 555//555
f 411//411 555//555 556//556
f 412//412 417//417 418//418
f 412//412 418//418 564//564
f 412//412 550//550 556//556
f 412//412 556//556 564//564
f 413//413 414//414 419//419
f 413//413 419//419 559//559
f 413//413 552//552 559//559
f 414//414 419//419 420//420
f 414//414 420//420 568//568
f 414//414 553//553 560//560
f 414//414 560//560 568//568
f 415//415 416//416 422//422
f 415//415 416//416 562//562
f 415//415 421//421 422//422
f 415//415 421//421 562//562
f 416//416 554//554 563//563
f 416//416 562//562 563//563
f 417//417 418//418 423//423
f 418//418 423//423 424//424
f 418//418 424//424 571//571
f 418//418 564//564 571//571
f 419//419 426//426 567//567
f 419//419 559//559 567//567
f 420//420 427//427 575//575
f 420//420 568//568 575//575
f 421//421 435//435 570//570
f 421//421 562//562 570//570
f 424//424 436//436 437//437
f 424//424 437//437 584//584
f 424//424 571//571 584//584
f 425//425 426//426 567//567
f 425//425 439//439 586//586
f 425//425 567//567 573//573
f 425//425 573//573 586//586
f 427//427 428//428 440//440
f 427//427 428//428 575//575
f 427//427 574//574 575//575
f 428//428 440//440 441//441
f 428//428 441//441 575//575
f 429//429 430//430 577//577
f 429//429 443//443 576//576
f 429//429 576//576 577//577
f 430//430 431//431 577//577
f 431//431 432//432 579//579
f 431//431 577//577 578//578
f 431//431 578//578 579//579
f 432//432 433//433 580//580
f 432//432 579//579 580//580
f 433//433 444//444 580//580
f 434//434 435//435 582//582
f 434//434 447//447 582//582
f 435//435 570//570 583//583
f 435//435 582//582 583//583
f 436//436 437//437 584//584
f 436//436 449//449 595//595
f 436//436 584//584 595//595
f 438//438 439//439 585//585
f 438//438 452//452 585//585
f 439//439 585//585 586//586
f 441//441 453//453 587//587
f 441//441 575//575 587//587
f 442//442 443//443 590//590
f 442//442 454//454 589//589
f 442//442 589//589 590//590
f 443//443 576//576 590//590
f 444//444 445//445 591//591
f 444//444 580//580 591//591
f 445//445 446//446 456//456
f 445//445 446//446 592//592
f 445//445 455//455 456//456
f 445//445 591//591 592//592
f 446//446 456//456 592//592
f 447//447 457//457 458//458
f 447//447 457//457 594//594
f 447//447 458//458 594//594
f 447//447 582//582 594//594
f 448//448 449//449 459//459
f 449//449 450//450 460//460
f 449//449 450//450 595//595
f 450//450 460//460 461//461
f 450//450 461//461 596//596
f 450//450 595//595 596//596
f 451//451 452//452 597//597
f 452//452 462//462 597//597
f 452//452 585//585 598//598
f 452//452 597//597 598//598
f 453//453 454//454 600//600
f 453//453 587//587 599//599
f 453//453 599//599 600//600
f 454//454 588//588 589//589
f 454//454 588//588 600//600
f 456//456 457//457 463//463
f 456//456 457//457 602//602
f 456//456 592//592 601//601
f 456//456 592//592 602//602
f 457//457 593//593 594//594
f 457//457 593//593 602//602
f 461//461 465//465 603//603
f 461//461 596//596 603//603
f 462//462 466//466 606//606
f 462//462 597//597 604//604
f 462//462 604//604 606//606
f 462//462 604//604 757//757
f 465//465 467//467 607//607
f 465//465 603//603 605//605
f 465//465 605//605 607//607
f 466//466 468//468 608//608
f 466//466 606//606 608//608
f 467//467 469//469 609//609
f 467//467 607//607 609//609
f 468//468 470//470 610//610
f 468//468 608//608 610//610
f 469//469 474//474 475//475
f 469//469 475//475 612//612
f 469//469 609//609 612//612
f 470//470 471//471 477//477
f 470//470 476//476 477//477
f 470//470 476//476 613//613
f 470//470 610//610 613//613
f 472//472 473//473 485//485
f 473//473 485//485 486//486
f 474//474 475//475 611//611
f 474//474 488//488 620//620
f 474//474 611//611 620//620
f 475//475 611//611 612//612
f 476//476 477//477 613//613
f 477//477 489//489 621//621
f 477//477 613//613 614//614
f 477//477 614//614 621//621
f 478//478 479//479 615//615
f 478//478 493//493 615//615
f 479//479 480//480 616//616
f 479//479 615//615 616//616
f 480//480 481//481 494//494
f 480//480 494//494 625//625
f 480//480 616//616 625//625
f 481//481 482//482 495//495
f 481//481 494//494 495//495
f 481//481 494//494 626//626
f 483//483 484//484 617//617
f 483//483 495//495 496//496
f 483//483 496//496 629//629
f 483//483 617//617 629//629
f 484//484 485//485 618//618
f 484//484 617//617 618//618
f 484//484 617//617 629//629
f 485//485 486//486 618//618
f 486//486 497//497 619//619
f 486//486 618//618 619//619
f 487//487 488//488 500//500
f 488//488 500//500 501//501
f 488//488 501//501 633//633
f 488//488 620//620 633//633
f 489//489 490//490 621//621
f 490//490 491//491 503//503
f 490//490 502//502 503//503
f 490//490 502//502 634//634
f 490//490 621//621 622//622
f 490//490 622//622 634//634
f 492//492 493//493 623//623
f 492//492 505//505 637//637
f 492//492 623//623 637//637
f 493//493 615//615 623//623
f 494//494 495//495 627//627
f 494//494 625//625 626//626
f 494//494 626//626 627//627
f 495//495 496//496 628//628
f 495//495 627//627 628//628
f 496//496 628//628 629//629
f 497//497 498//498 630//630
f 497//497 619//619 630//630
f 498//498 506//506 631//631
f 498//498 630//630 631//631
f 499//499 500//500 508//508
f 500//500 501//501 633//633
f 500//500 508//508 642//642
f 500//500 509//509 642//642
f 500//500 509//509 643//643
f 500//500 632//632 633//633
f 500//500 632//632 643//643
f 502//502 503//503 634//634
f 503//503 504//504 636//636
f 503//503 634//634 635//635
f 503//503 635//635 636//636
f 503//503 635//635 782//782
f 504//504 505//505 636//636
f 505//505 636//636 637//637
f 505//505 637//637 638//638
f 506//506 507//507 640//640
f 506//506 630//630 631//631
f 506//506 630//630 639//639
f 506//506 639//639 640//640
f 507//507 508//508 641//641
f 507//507 640//640 641//641
f 508//508 641//641 642//642
f 509//509 642//642 643//643
f 510//510 511//511 514//514
f 510//510 511//511 648//648
f 510//510 513//513 514//514
f 510//510 513//513 647//647
f 510//510 647//647 648//648
f 511//511 512//512 514//514
f 511//511 512//512 648//648
f 511//511 512//512 652//652
f 511//511 514//514 652//652
f 511//511 647//647 648//648
f 511//511 648//648 799//799
f 512//512 648//648 800//800
f 512//512 649//649 652//652
f 512//512 649//649 800//800
f 513//513 514//514 651//651
f 513//513 647//647 651//651
f 514//514 651//651 652//652
f 515//515 516//516 654//654
f 515//515 517//517 654//654
f 515//515 654//654 805//805
f 516//516 518//518 655//655
f 516//516 654//654 655//655
f 517//517 520//520 663//663
f 517//517 654//654 658//658
f 517//517 658//658 663//663
f 518//518 519//519 660//660
f 518//518 655//655 659//659
f 518//518 659//659 660//660
f 519//519 522//522 660//660
f 520//520 521//521 664//664
f 520//520 663//663 664//664
f 521//521 523//523 664//664
f 522//522 524//524 525//525
f 522//522 525//525 668//668
f 522//522 660//660 665//665
f 522//522 665//665 668//668
f 523//523 527//527 667//667
f 523//523 664//664 667//667
f 525//525 529//529 671//671
f 525//525 668//668 671//671
f 527//527 528//528 669//669
f 527//527 667//667 669//669
f 528//528 531//531 672//672
f 528//528 669//669 670//670
f 528//528 670//670 672//672
f 529//529 532//532 673//673
f 529//529 671//671 673//673
f 531//531 532//532 535//535
f 531//531 534//534 535//535
f 531//531 534//534 677//677
f 531//531 672//672 677//677
f 532//532 535//535 673//673
f 534//534 535//535 540//540
f 534//534 539//539 540//540
f 534//534 539//539 685//685
f 534//534 677//677 685//685
f 535//535 536//536 541//541
f 535//535 536//536 679//679
f 535//535 673//673 678//678
f 535//535 678//678 679//679
f 536//536 541//541 679//679
f 537//537 538//538 681//681
f 537//537 538//538 682//682
f 537//537 542//542 688//688
f 537//537 681//681 682//682
f 537//537 681//681 688//688
f 538//538 681//681 682//682
f 539//539 540//540 544//544
f 539//539 543//543 544//544
f 539//539 543//543 685//685
f 541//541 545//545 686//686
f 541//541 679//679 686//686
f 543//543 549//549 691//691
f 543//543 685//685 691//691
f 545//545 551//551 700//700
f 545//545 686//686 692//692
f 545//545 692//692 700//700
f 547//547 548//548 552//552
f 547//547 548//548 696//696
f 547//547 552//552 696//696
f 548//548 552//552 553//553
f 548//548 553//553 697//697
f 548//548 696//696 697//697
f 549//549 550//550 555//555
f 549//549 554//554 555//555
f 549//549 554//554 699//699
f 549//549 691//691 699//699
f 550//550 551//551 556//556
f 550//550 555//555 556//556
f 551//551 556//556 557//557
f 551//551 556//556 709//709
f 551//551 700//700 709//709
f 552//552 559//559 714//714
f 552//552 696//696 705//705
f 552//552 705//705 714//714
f 553//553 560//560 706//706
f 553//553 697//697 706//706
f 554//554 563//563 708//708
f 554//554 698//698 699//699
f 554//554 698//698 708//708
f 556//556 564//564 709//709
f 558//558 565//565 711//711
f 559//559 567//567 714//714
f 560//560 561//561 569//569
f 560//560 561//561 715//715
f 560//560 568//568 569//569
f 560//560 706//706 715//715
f 561//561 569//569 723//723
f 561//561 715//715 723//723
f 562//562 563//563 717//717
f 562//562 570//570 725//725
f 562//562 716//716 717//717
f 562//562 716//716 725//725
f 563//563 708//708 717//717
f 564//564 571//571 726//726
f 564//564 709//709 718//718
f 564//564 718//718 726//726
f 565//565 711//711 719//719
f 566//566 567//567 573//573
f 566//566 567//567 721//721
f 566//566 573//573 730//730
f 566//566 721//721 730//730
f 567//567 714//714 722//722
f 567//567 721//721 722//722
f 568//568 569//569 575//575
f 569//569 575//575 723//723
f 570//570 582//582 583//583
f 570//570 582//582 741//741
f 570//570 725//725 741//741
f 571//571 584//584 742//742
f 571//571 726//726 742//742
f 572//572 573//573 585//585
f 572//572 573//573 730//730
f 572//572 585//585 729//729
f 572//572 729//729 730//730
f 573//573 585//585 586//586
f 575//575 587//587 744//744
f 575//575 723//723 731//731
f 575//575 731//731 744//744
f 576//576 577//577 734//734
f 576//576 590//590 733//733
f 576//576 733//733 734//734
f 577//577 578//578 735//735
f 577//577 734//734 735//735
f 578//578 579//579 735//735
f 579//579 580//580 737//737
f 579//579 735//735 736//736
f 579//579 736//736 737//737
f 580//580 581//581 591//591
f 580//580 581//581 738//738
f 580//580 737//737 738//738
f 581//581 591//591 738//738
f 582//582 594//594 741//741
f 584//584 595//595 596//596
f 584//584 596//596 751//751
f 584//584 742//742 751//751
f 585//585 598//598 753//753
f 585//585 729//729 743//743
f 585//585 743//743 753//753
f 587//587 599//599 744//744
f 588//588 589//589 746//746
f 588//588 600//600 745//745
f 588//588 745//745 746//746
f 589//589 590//590 746//746
f 590//590 733//733 746//746
f 591//591 592//592 748//748
f 591//591 738//738 747//747
f 591//591 747//747 748//748
f 592//592 593//593 602//602
f 592//592 593//593 749//749
f 592//592 748//748 749//749
f 593//593 594//594 750//750
f 593//593 749//749 750//750
f 594//594 741//741 750//750
f 596//596 603//603 751//751
f 597//597 598//598 752//752
f 597//597 604//604 752//752
f 598//598 752//752 753//753
f 599//599 600//600 754//754
f 599//599 744//744 754//754
f 600//600 745//745 755//755
f 600//600 754//754 755//755
f 603//603 605//605 756//756
f 603//603 751//751 756//756
f 604//604 606//606 759//759
f 604//604 752//752 757//757
f 604//604 757//757 759//759
f 605//605 607//607 760//760
f 605//605 756//756 758//758
f 605//605 758//758 760//760
f 606//606 608//608 759//759
f 607//607 609//609 762//762
f 607//607 760//760 762//762
f 608//608 610//610 761//761
f 608//608 759//759 761//761
f 609//609 612//612 765//765
f 609//609 762//762 765//765
f 610//610 613//613 766//766
f 610//610 761//761 763//763
f 610//610 763//763 766//766
f 611//611 612//612 765//765
f 611//611 620//620 768//768
f 611//611 764//764 765//765
f 611//611 764//764 768//768
f 613//613 614//614 766//766
f 614//614 621//621 770//770
f 614//614 766//766 770//770
f 615//615 616//616 625//625
f 615//615 623//623 624//624
f 615//615 624//624 625//625
f 617//617 618//618 767//767
f 617//617 629//629 776//776
f 617//617 767//767 776//776
f 618//618 619//619 767//767
f 619//619 630//630 777//777
f 619//619 767//767 777//777
f 620//620 633//633 779//779
f 620//620 768//768 779//779
f 621//621 622//622 770//770
f 622//622 634//634 781//781
f 622//622 770//770 781//781
f 623//623 624//624 771//771
f 623//623 637//637 638//638
f 623//623 638//638 785//785
f 623//623 771//771 785//785
f 624//624 625//625 772//772
f 624//624 771//771 772//772
f 625//625 626//626 773//773
f 625//625 772//772 773//773
f 626//626 627//627 774//774
f 626//626 773//773 774//774
f 627//627 628//628 775//775
f 627//627 774//774 775//775
f 628//628 629//629 776//776
f 628//628 775//775 776//776
f 630//630 639//639 787//787
f 630//630 777//777 778//778
f 630//630 778//778 787//787
f 632//632 633//633 644//644
f 632//632 643//643 644//644
f 633//633 644//644 791//791
f 633//633 779//779 791//791
f 634//634 635//635 781//781
f 635//635 636//636 783//783
f 635//635 781//781 782//782
f 635//635 782//782 783//783
f 636//636 637//637 784//784
f 636//636 783//783 784//784
f 637//637 638//638 785//785
f 637//637 784//784 785//785
f 639//639 640//640 787//787
f 639//639 640//640 788//788
f 639//639 787//787 788//788
f 640//640 641//641 788//788
f 641//641 642//642 645//645
f 641//641 645//645 794//794
f 641//641 788//788 789//789
f 641//641 789//789 794//794
f 642//642 643//643 646//646
f 642//642 645//645 646//646
f 642//642 646//646 795//795
f 643//643 644//644 791//791
f 643//643 646//646 795//795
f 643//643 790//790 791//791
f 643//643 790//790 796//796
f 643//643 795//795 796//796
f 645//645 646//646 795//795
f 645//645 794//794 795//795
f 647//647 648//648 798//798
f 647//647 651//651 798//798
f 648//648 798//798 799//799
f 648//648 799//799 800//800
f 649//649 652//652 653//653
f 649//649 652//652 803//803
f 649//649 800//800 804//804
f 649//649 800//800 985//985
f 649//649 803//803 804//804
f 650//650 651//651 656//656
f 650//650 651//651 802//802
f 650//650 656//656 801//801
f 650//650 801//801 802//802
f 651//651 652//652 657//657
f 651//651 656//656 657//657
f 651//651 657//657 802//802
f 651//651 657//657 808//808
f 651//651 798//798 802//802
f 651//651 802//802 808//808
f 652//652 657//657 808//808
f 652//652 803//803 809//809
f 652//652 808//808 809//809
f 654//654 655//655 805//805
f 654//654 658//658 805//805
f 654//654 805//805 991//991
f 655//655 659//659 811//811
f 655//655 805//805 806//806
f 655//655 806//806 811//811
f 656//656 657//657 662//662
f 656//656 661//661 662//662
f 656//656 661//661 807//807
f 656//656 801//801 807//807
f 657//657 662//662 814//814
f 657//657 802//802 808//808
f 657//657 808//808 814//814
f 658//658 663//663 810//810
f 658//658 805//805 810//810
f 659//659 660//660 812//812
f 659//659 811//811 812//812
f 660//660 665//665 816//816
f 660//660 812//812 816//816
f 661//661 662//662 813//813
f 661//661 807//807 813//813
f 661//661 813//813 818//818
f 662//662 813//813 814//814
f 663//663 664//664 667//667
f 663//663 667//667 820//820
f 663//663 810//810 815//815
f 663//663 815//815 820//820
f 665//665 666//666 668//668
f 665//665 666//666 816//816
f 666//666 668//668 822//822
f 666//666 816//816 822//822
f 667//667 669//669 825//825
f 667//667 820//820 821//821
f 667//667 821//821 825//825
f 668//668 671//671 827//827
f 668//668 822//822 827//827
f 669//669 670//670 825//825
f 670//670 672//672 826//826
f 670//670 825//825 826//826
f 671//671 673//673 831//831
f 671//671 827//827 831//831
f 672//672 677//677 830//830
f 672//672 826//826 830//830
f 673//673 678//678 839//839
f 673//673 831//831 839//839
f 675//675 676//676 683//683
f 675//675 676//676 836//836
f 675//675 683//683 846//846
f 675//675 836//836 846//846
f 676//676 683//683 684//684
f 676//676 684//684 847//847
f 676//676 836//836 837//837
f 676//676 837//837 847//847
f 677//677 685//685 838//838
f 677//677 830//830 838//838
f 678//678 679//679 840//840
f 678//678 839//839 840//840
f 679//679 686//686 840//840
f 682//682 842//842 843//843
f 683//683 684//684 690//690
f 683//683 689//689 690//690
f 683//683 689//689 846//846
f 684//684 690//690 856//856
f 684//684 847//847 856//856
f 685//685 691//691 848//848
f 685//685 838//838 848//848
f 686//686 692//692 859//859
f 686//686 840//840 849//849
f 686//686 849//849 859//859
f 687//687 688//688 850//850
f 687//687 688//688 851//851
f 687//687 850//850 851//851
f 688//688 693//693 851//851
f 688//688 693//693 861//861
f 688//688 850//850 851//851
f 688//688 851//851 861//861
f 689//689 690//690 696//696
f 689//689 695//695 696//696
f 689//689 695//695 855//855
f 689//689 846//846 855//855
f 690//690 696//696 697//697
f 690//690 696//696 856//856
f 690//690 697//697 865//865
f 690//690 856//856 857//857
f 690//690 857//857 865//865
f 691//691 699//699 858//858
f 691//691 848//848 858//858
f 692//692 700//700 868//868
f 692//692 859//859 868//868
f 693//693 694//694 704//704
f 693//693 694//694 862//862
f 693//693 703//703 704//704
f 693//693 703//703 870//870
f 693//693 851//851 861//861
f 693//693 862//862 870//870
f 694//694 704//704 871//871
f 694//694 862//862 871//871
f 695//695 696//696 863//863
f 695//695 855//855 863//863
f 696//696 705//705 873//873
f 696//696 863//863 864//864
f 696//696 864//864 873//873
f 697//697 706//706 874//874
f 697//697 865//865 874//874
f 698//698 699//699 867//867
f 698//698 708//708 866//866
f 698//698 866//866 867//867
f 699//699 858//858 867//867
f 700//700 709//709 710//710
f 700//700 710//710 868//868
f 702//702 703//703 869//869
f 702//702 703//703 870//870
f 702//702 869//869 870//870
f 703//703 704//704 871//871
f 703//703 713//713 870//870
f 703//703 869//869 870//870
f 703//703 870//870 871//871
f 705//705 714//714 883//883
f 705//705 873//873 883//883
f 706//706 707//707 715//715
f 706//706 707//707 875//875
f 706//706 865//865 874//874
f 706//706 874//874 875//875
f 707//707 715//715 884//884
f 707//707 875//875 884//884
f 708//708 717//717 876//876
f 708//708 866//866 876//876
f 709//709 710//710 878//878
f 709//709 718//718 887//887
f 709//709 877//877 878//878
f 709//709 877//877 887//887
f 710//710 868//868 878//878
f 712//712 720//720 889//889
f 712//712 880//880 889//889
f 713//713 870//870 881//881
f 714//714 722//722 883//883
f 715//715 723//723 892//892
f 715//715 884//884 892//892
f 716//716 717//717 886//886
f 716//716 725//725 885//885
f 716//716 885//885 886//886
f 717//717 876//876 886//886
f 718//718 726//726 895//895
f 718//718 887//887 895//895
f 719//719 727//727 896//896
f 719//719 727//727 897//897
f 719//719 888//888 889//889
f 719//719 888//888 896//896
f 719//719 889//889 897//897
f 720//720 889//889 897//897
f 721//721 722//722 890//890
f 721//721 730//730 890//890
f 722//722 883//883 891//891
f 722//722 890//890 891//891
f 723//723 731//731 892//892
f 724//724 725//725 741//741
f 724//724 725//725 893//893
f 724//724 741//741 893//893
f 725//725 885//885 894//894
f 725//725 893//893 894//894
f 726//726 742//742 895//895
f 727//727 896//896 897//897
f 728//728 897//897 898//898
f 729//729 730//730 899//899
f 729//729 743//743 916//916
f 729//729 899//899 916//916
f 730//730 890//890 900//900
f 730//730 899//899 900//900
f 731//731 744//744 901//901
f 731//731 892//892 901//901
f 732//732 733//733 746//746
f 732//732 733//733 902//902
f 732//732 746//746 902//902
f 733//733 734//734 904//904
f 733//733 902//902 903//903
f 733//733 903//903 904//904
f 734//734 735//735 904//904
f 735//735 736//736 906//906
f 735//735 904//904 905//905
f 735//735 905//905 906//906
f 736//736 737//737 907//907
f 736//736 906//906 907//907
f 737//737 738//738 908//908
f 737//737 907//907 908//908
f 738//738 739//739 748//748
f 738//738 739//739 909//909
f 738//738 747//747 748//748
f 738//738 908//908 909//909
f 739//739 740//740 749//749
f 739//739 740//740 909//909
f 739//739 748//748 749//749
f 740//740 741//741 749//749
f 740//740 741//741 910//910
f 740//740 909//909 910//910
f 741//741 749//749 750//750
f 741//741 893//893 911//911
f 741//741 910//910 911//911
f 742//742 751//751 912//912
f 742//742 895//895 912//912
f 743//743 752//752 753//753
f 743//743 752//752 915//915
f 743//743 915//915 916//916
f 744//744 754//754 917//917
f 744//744 901//901 917//917
f 745//745 746//746 918//918
f 745//745 755//755 923//923
f 745//745 918//918 923//923
f 746//746 902//902 919//919
f 746//746 918//918 919//919
f 751//751 756//756 920//920
f 751//751 912//912 920//920
f 752//752 757//757 925//925
f 752//752 915//915 921//921
f 752//752 921//921 925//925
f 754//754 755//755 923//923
f 754//754 917//917 922//922
f 754//754 922//922 923//923
f 756//756 758//758 924//924
f 756//756 920//920 924//924
f 757//757 759//759 925//925
f 758//758 760//760 928//928
f 758//758 924//924 926//926
f 758//758 926//926 928//928
f 759//759 761//761 929//929
f 759//759 925//925 927//927
f 759//759 927//927 929//929
f 760//760 762//762 930//930
f 760//760 928//928 930//930
f 761//761 763//763 929//929
f 762//762 765//765 933//933
f 762//762 930//930 933//933
f 763//763 766//766 934//934
f 763//763 929//929 931//931
f 763//763 931//931 934//934
f 764//764 765//765 932//932
f 764//764 768//768 932//932
f 765//765 932//932 933//933
f 766//766 769//769 770//770
f 766//766 769//769 934//934
f 767//767 776//776 777//777
f 768//768 779//779 935//935
f 768//768 932//932 935//935
f 769//769 770//770 938//938
f 769//769 934//934 937//937
f 769//769 937//937 938//938
f 770//770 780//780 781//781
f 770//770 780//780 949//949
f 770//770 938//938 949//949
f 771//771 772//772 940//940
f 771//771 785//785 786//786
f 771//771 786//786 954//954
f 771//771 939//939 940//940
f 771//771 939//939 954//954
f 772//772 773//773 940//940
f 773//773 774//774 941//941
f 773//773 940//940 941//941
f 774//774 775//775 943//943
f 774//774 941//941 942//942
f 774//774 942//942 943//943
f 775//775 776//776 944//944
f 775//775 943//943 944//944
f 776//776 777//777 944//944
f 777//777 778//778 946//946
f 777//777 944//944 945//945
f 777//777 945//945 946//946
f 778//778 787//787 955//955
f 778//778 945//945 946//946
f 778//778 946//946 955//955
f 779//779 791//791 957//957
f 779//779 935//935 947//947
f 779//779 947//947 957//957
f 780//780 781//781 950//950
f 780//780 949//949 950//950
f 781//781 782//782 951//951
f 781//781 950//950 951//951
f 782//782 783//783 960//960
f 782//782 951//951 952//952
f 782//782 952//952 960//960
f 783//783 784//784 792//792
f 783//783 792//792 960//960
f 784//784 785//785 953//953
f 784//784 792//792 961//961
f 784//784 793//793 961//961
f 784//784 953//953 961//961
f 785//785 786//786 954//954
f 785//785 953//953 954//954
f 787//787 788//788 955//955
f 788//788 789//789 956//956
f 788//788 955//955 956//956
f 789//789 794//794 964//964
f 789//789 956//956 964//964
f 790//790 791//791 796//796
f 791//791 796//796 797//797
f 791//791 797//797 967//967
f 791//791 957//957 967//967
f 792//792 960//960 961//961
f 794//794 795//795 965//965
f 794//794 964//964 965//965
f 795//795 796//796 965//965
f 795//795 965//965 970//970
f 796//796 797//797 967//967
f 796//796 965//965 966//966
f 796//796 966//966 967//967
f 796//796 966//966 971//971
f 798//798 799//799 983//983
f 798//798 802//802 983//983
f 799//799 800//800 985//985
f 799//799 983//983 984//984
f 799//799 984//984 985//985
f 800//800 804//804 985//985
f 800//800 985//985 986//986
f 801//801 802//802 988//988
f 801//801 807//807 994//994
f 801//801 987//987 988//988
f 801//801 987//987 994//994
f 802//802 983//983 988//988
f 803//803 804//804 990//990
f 803//803 809//809 996//996
f 803//803 989//989 990//990
f 803//803 989//989 996//996
f 804//804 985//985 990//990
f 805//805 806//806 991//991
f 805//805 810//810 997//997
f 805//805 991//991 997//997
f 805//805 991//991 1217//1217
f 806//806 811//811 998//998
f 806//806 991//991 992//992
f 806//806 992//992 998//998
f 807//807 813//813 1000//1000
f 807//807 994//994 1000//1000
f 808//808 809//809 996//996
f 808//808 814//814 1001//1001
f 808//808 995//995 996//996
f 808//808 995//995 1001//1001
f 810//810 815//815 997//997
f 810//810 997//997 1223//1223
f 811//811 812//812 999//999
f 811//811 998//998 999//999
f 812//812 816//816 1004//1004
f 812//812 999//999 1004//1004
f 813//813 814//814 819//819
f 813//813 818//818 819//819
f 813//813 818//818 1006//1006
f 813//813 1000//1000 1006//1006
f 814//814 819//819 1007//1007
f 814//814 1001//1001 1007//1007
f 815//815 820//820 1002//1002
f 815//815 997//997 1002//1002
f 816//816 817//817 822//822
f 816//816 822//822 1004//1004
f 818//818 819//819 823//823
f 818//818 823//823 1014//1014
f 818//818 1006//1006 1014//1014
f 819//819 823//823 824//824
f 819//819 824//824 1015//1015
f 819//819 1007//1007 1015//1015
f 820//820 821//821 1009//1009
f 820//820 1002//1002 1008//1008
f 820//820 1008//1008 1009//1009
f 821//821 825//825 1009//1009
f 822//822 827//827 1018//1018
f 822//822 1004//1004 1011//1011
f 822//822 1011//1011 1018//1018
f 823//823 824//824 1015//1015
f 823//823 829//829 1024//1024
f 823//823 1014//1014 1015//1015
f 823//823 1014//1014 1024//1024
f 825//825 826//826 1016//1016
f 825//825 1009//1009 1016//1016
f 826//826 830//830 1017//1017
f 826//826 1016//1016 1017//1017
f 827//827 831//831 1018//1018
f 828//828 834//834 1021//1021
f 828//828 834//834 1029//1029
f 828//828 1021//1021 1029//1029
f 829//829 837//837 1024//1024
f 829//829 837//837 1033//1033
f 829//829 1024//1024 1033//1033
f 830//830 838//838 1034//1034
f 830//830 1017//1017 1025//1025
f 830//830 1025//1025 1034//1034
f 831//831 839//839 1035//1035
f 831//831 1018//1018 1026//1026
f 831//831 1026//1026 1035//1035
f 832//832 841//841 1037//1037
f 832//832 1027//1027 1037//1037
f 834//834 1021//1021 1029//1029
f 836//836 837//837 1032//1032
f 836//836 846//846 1032//1032
f 837//837 847//847 1033//1033
f 837//837 1024//1024 1032//1032
f 838//838 848//848 1034//1034
f 839//839 840//840 1036//1036
f 839//839 1035//1035 1036//1036
f 840//840 849//849 1047//1047
f 840//840 1036//1036 1047//1047
f 841//841 850//850 1037//1037
f 841//841 850//850 1048//1048
f 841//841 1037//1037 1038//1038
f 841//841 1037//1037 1048//1048
f 842//842 851//851 1038//1038
f 842//842 851//851 1049//1049
f 842//842 1038//1038 1049//1049
f 844//844 853//853 1051//1051
f 845//845 846//846 854//854
f 845//845 846//846 1041//1041
f 845//845 854//854 1052//1052
f 845//845 1041//1041 1052//1052
f 846//846 854//854 855//855
f 846//846 1032//1032 1042//1042
f 846//846 1041//1041 1042//1042
f 847//847 856//856 857//857
f 847//847 857//857 1044//1044
f 847//847 1033//1033 1043//1043
f 847//847 1043//1043 1044//1044
f 848//848 858//858 1045//1045
f 848//848 1034//1034 1045//1045
f 849//849 859//859 1056//1056
f 849//849 1047//1047 1056//1056
f 850//850 851//851 861//861
f 850//850 851//851 1049//1049
f 850//850 860//860 861//861
f 850//850 860//860 1048//1048
f 850//850 1037//1037 1048//1048
f 850//850 1048//1048 1049//1049
f 851//851 852//852 1049//1049
f 851//851 852//852 1050//1050
f 851//851 861//861 862//862
f 851//851 861//861 1049//1049
f 851//851 861//861 1059//1059
f 851//851 862//862 1060//1060
f 851//851 1038//1038 1049//1049
f 851//851 1049//1049 1050//1050
f 851//851 1049//1049 1059//1059
f 851//851 1050//1050 1060//1060
f 852//852 1049//1049 1050//1050
f 854//854 855//855 1052//1052
f 855//855 863//863 1063//1063
f 855//855 1052//1052 1053//1053
f 855//855 1053//1053 1063//1063
f 856//856 857//857 865//865
f 857//857 865//865 1054//1054
f 857//857 1044//1044 1054//1054
f 858//858 867//867 1066//1066
f 858//858 1045//1045 1055//1055
f 858//858 1055//1055 1066//1066
f 859//859 868//868 1056//1056
f 860//860 861//861 870//870
f 860//860 861//861 1059//1059
f 860//860 869//869 870//870
f 860//860 869//869 1058//1058
f 860//860 869//869 1071//1071
f 860//860 1048//1048 1058//1058
f 860//860 1058//1058 1059//1059
f 860//860 1058//1058 1071//1071
f 861//861 862//862 870//870
f 861//861 862//862 1059//1059
f 861//861 862//862 1060//1060
f 861//861 870//870 1059//1059
f 861//861 870//870 1072//1072
f 861//861 1049//1049 1059//1059
f 861//861 1059//1059 1060//1060
f 861//861 1059//1059 1072//1072
f 862//862 870//870 871//871
f 862//862 871//871 1060//1060
f 862//862 1059//1059 1060//1060
f 863//863 864//864 872//872
f 863//863 872//872 1074//1074
f 863//863 1063//1063 1074//1074
f 864//864 872//872 873//873
f 865//865 874//874 1064//1064
f 865//865 1054//1054 1064//1064
f 866//866 867//867 1065//1065
f 866//866 876//876 1065//1065
f 867//867 1065//1065 1066//1066
f 868//868 878//878 1068//1068
f 868//868 1056//1056 1068//1068
f 869//869 870//870 880//880
f 869//869 870//870 1072//1072
f 869//869 880//880 1081//1081
f 869//869 1058//1058 1071//1071
f 869//869 1071//1071 1072//1072
f 869//869 1071//1071 1081//1081
f 870//870 871//871 1073//1073
f 870//870 880//880 881//881
f 870//870 881//881 1082//1082
f 870//870 1059//1059 1072//1072
f 870//870 1072//1072 1073//1073
f 870//870 1072//1072 1082//1082
f 871//871 1060//1060 1073//1073
f 872//872 873//873 883//883
f 872//872 882//882 883//883
f 872//872 882//882 1074//1074
f 874//874 875//875 1075//1075
f 874//874 1064//1064 1075//1075
f 875//875 884//884 1085//1085
f 875//875 1075//1075 1076//1076
f 875//875 1076//1076 1085//1085
f 876//876 886//886 1087//1087
f 876//876 1065//1065 1077//1077
f 876//876 1077//1077 1087//1087
f 877//877 878//878 1079//1079
f 877//877 887//887 1089//1089
f 877//877 1079//1079 1089//1089
f 878//878 1068//1068 1079//1079
f 879//879 880//880 889//889
f 879//879 880//880 1080//1080
f 879//879 880//880 1081//1081
f 879//879 888//888 889//889
f 879//879 888//888 1080//1080
f 879//879 1080//1080 1081//1081
f 880//880 881//881 1082//1082
f 880//880 889//889 1081//1081
f 880//880 889//889 1091//1091
f 880//880 1080//1080 1081//1081
f 880//880 1081//1081 1082//1082
f 880//880 1081//1081 1091//1091
f 882//882 883//883 890//890
f 882//882 883//883 1084//1084
f 882//882 890//890 1084//1084
f 882//882 1074//1074 1084//1084
f 883//883 890//890 891//891
f 884//884 892//892 1085//1085
f 885//885 886//886 1087//1087
f 885//885 894//894 1086//1086
f 885//885 1086//1086 1087//1087
f 887//887 895//895 1089//1089
f 888//888 889//889 897//897
f 888//888 889//889 1091//1091
f 888//888 896//896 897//897
f 888//888 1080//1080 1091//1091
f 889//889 897//897 1091//1091
f 889//889 1081//1081 1091//1091
f 890//890 900//900 1094//1094
f 890//890 1084//1084 1094//1094
f 892//892 901//901 1095//1095
f 892//892 1085//1085 1095//1095
f 893//893 894//894 1098//1098
f 893//893 911//911 1098//1098
f 894//894 1086//1086 1099//1099
f 894//894 1098//1098 1099//1099
f 895//895 912//912 1118//1118
f 895//895 1089//1089 1101//1101
f 895//895 1101//1101 1118//1118
f 897//897 898//898 913//913
f 897//897 898//898 1103//1103
f 897//897 913//913 1103//1103
f 897//897 913//913 1120//1120
f 897//897 1091//1091 1103//1103
f 897//897 1103//1103 1104//1104
f 897//897 1103//1103 1120//1120
f 897//897 1104//1104 1120//1120
f 898//898 913//913 914//914
f 898//898 914//914 1121//1121
f 898//898 1103//1103 1104//1104
f 898//898 1104//1104 1121//1121
f 899//899 900//900 1105//1105
f 899//899 916//916 1123//1123
f 899//899 1105//1105 1123//1123
f 900//900 1094//1094 1106//1106
f 900//900 1105//1105 1106//1106
f 901//901 917//917 1107//1107
f 901//901 1095//1095 1107//1107
f 902//902 903//903 1109//1109
f 902//902 919//919 1126//1126
f 902//902 1108//1108 1109//1109
f 902//902 1108//1108 1126//1126
f 903//903 904//904 1110//1110
f 903//903 1109//1109 1110//1110
f 904//904 905//905 1111//1111
f 904//904 1110//1110 1111//1111
f 905//905 906//906 1112//1112
f 905//905 1111//1111 1112//1112
f 906//906 907//907 1113//1113
f 906//906 1112//1112 1113//1113
f 907//907 908//908 1114//1114
f 907//907 1113//1113 1114//1114
f 908//908 909//909 1115//1115
f 908//908 1114//1114 1115//1115
f 909//909 910//910 1115//1115
f 910//910 911//911 1116//1116
f 910//910 1115//1115 1116//1116
f 911//911 1098//1098 1117//1117
f 911//911 1116//1116 1117//1117
f 912//912 920//920 1118//1118
f 913//913 914//914 1120//1120
f 913//913 1103//1103 1120//1120
f 914//914 1120//1120 1121//1121
f 915//915 916//916 921//921
f 916//916 921//921 1122//1122
f 916//916 1122//1122 1123//1123
f 917//917 922//922 1124//1124
f 917//917 1107//1107 1124//1124
f 918//918 919//919 1125//1125
f 918//918 923//923 1125//1125
f 919//919 1125//1125 1126//1126
f 920//920 924//924 1127//1127
f 920//920 1118//1118 1127//1127
f 921//921 925//925 1136//1136
f 921//921 1122//1122 1131//1131
f 921//921 1131//1131 1136//1136
f 922//922 923//923 1132//1132
f 922//922 1124//1124 1132//1132
f 923//923 1125//1125 1133//1133
f 923//923 1132//1132 1133//1133
f 924//924 926//926 1134//1134
f 924//924 1127//1127 1134//1134
f 925//925 927//927 1138//1138
f 925//925 1136//1136 1138//1138
f 926//926 928//928 1139//1139
f 926//926 1134//1134 1137//1137
f 926//926 1137//1137 1139//1139
f 927//927 929//929 1140//1140
f 927//927 1138//1138 1140//1140
f 928//928 930//930 1141//1141
f 928//928 1139//1139 1141//1141
f 929//929 931//931 1142//1142
f 929//929 1140//1140 1142//1142
f 930//930 933//933 1143//1143
f 930//930 1141//1141 1143//1143
f 931//931 934//934 1144//1144
f 931//931 1142//1142 1144//1144
f 932//932 933//933 935//935
f 933//933 935//935 936//936
f 933//933 936//936 1143//1143
f 934//934 937//937 1144//1144
f 935//935 936//936 947//947
f 935//935 936//936 1143//1143
f 935//935 936//936 1145//1145
f 935//935 1143//1143 1145//1145
f 936//936 947//947 948//948
f 936//936 948//948 1154//1154
f 936//936 1145//1145 1154//1154
f 937//937 938//938 1147//1147
f 937//937 1144//1144 1146//1146
f 937//937 1146//1146 1147//1147
f 938//938 949//949 1155//1155
f 938//938 1147//1147 1155//1155
f 939//939 940//940 954//954
f 940//940 941//941 1148//1148
f 940//940 954//954 1160//1160
f 940//940 1148//1148 1160//1160
f 941//941 942//942 1149//1149
f 941//941 1148//1148 1149//1149
f 942//942 943//943 1151//1151
f 942//942 1149//1149 1150//1150
f 942//942 1150//1150 1151//1151
f 943//943 944//944 1152//1152
f 943//943 1151//1151 1152//1152
f 944//944 945//945 1152//1152
f 945//945 946//946 1153//1153
f 945//945 1152//1152 1153//1153
f 946//946 955//955 1163//1163
f 946//946 1153//1153 1163//1163
f 947//947 948//948 958//958
f 947//947 957//957 958//958
f 948//948 958//958 1165//1165
f 948//948 1154//1154 1165//1165
f 949//949 950//950 1156//1156
f 949//949 1155//1155 1156//1156
f 950//950 951//951 1156//1156
f 951//951 952//952 960//960
f 951//951 959//959 960//960
f 951//951 959//959 1166//1166
f 951//951 1156//1156 1157//1157
f 951//951 1157//1157 1166//1166
f 953//953 954//954 1159//1159
f 953//953 961//961 962//962
f 953//953 962//962 1169//1169
f 953//953 1158//1158 1159//1159
f 953//953 1158//1158 1169//1169
f 954//954 1159//1159 1160//1160
f 955//955 956//956 1164//1164
f 955//955 1163//1163 1164//1164
f 956//956 963//963 964//964
f 956//956 963//963 1170//1170
f 956//956 1164//1164 1170//1170
f 957//957 958//958 968//968
f 957//957 967//967 968//968
f 958//958 968//968 1172//1172
f 958//958 1165//1165 1172//1172
f 959//959 960//960 1166//1166
f 960//960 961//961 1168//1168
f 960//960 1166//1166 1167//1167
f 960//960 1167//1167 1168//1168
f 961//961 962//962 1168//1168
f 962//962 1168//1168 1169//1169
f 963//963 964//964 1170//1170
f 964//964 965//965 970//970
f 964//964 969//969 970//970
f 964//964 969//969 1173//1173
f 964//964 1170//1170 1171//1171
f 964//964 1171//1171 1173//1173
f 965//965 966//966 971//971
f 965//965 970//970 971//971
f 966//966 967//967 971//971
f 967//967 968//968 973//973
f 967//967 971//971 972//972
f 967//967 972//972 973//973
f 968//968 973//973 1177//1177
f 968//968 1172//1172 1177//1177
f 969//969 970//970 1173//1173
f 970//970 971//971 1174//1174
f 970//970 1173//1173 1174//1174
f 971//971 972//972 1175//1175
f 971//971 1174//1174 1175//1175
f 972//972 973//973 1177//1177
f 972//972 1175//1175 1176//1176
f 972//972 1176//1176 1177//1177
f 974//974 975//975 978//978
f 974//974 975//975 1196//1196
f 974//974 978//978 1199//1199
f 974//974 1195//1195 1196//1196
f 974//974 1195//1195 1199//1199
f 975//975 978//978 1200//1200
f 975//975 1196//1196 1200//1200
f 977//977 978//978 1198//1198
f 978//978 1198//1198 1199//1199
f 978//978 1199//1199 1200//1200
f 979//979 980//980 982//982
f 979//979 980//980 1205//1205
f 979//979 981//981 982//982
f 979//979 981//981 1204//1204
f 979//979 1204//1204 1205//1205
f 980//980 982//982 1205//1205
f 981//981 982//982 1207//1207
f 981//981 1204//1204 1206//1206
f 981//981 1206//1206 1207//1207
f 982//982 1205//1205 1207//1207
f 983//983 984//984 1209//1209
f 983//983 988//988 1208//1208
f 983//983 1208//1208 1209//1209
f 984//984 985//985 1209//1209
f 985//985 986//986 1210//1210
f 985//985 986//986 1211//1211
f 985//985 990//990 1216//1216
f 985//985 1209//1209 1210//1210
f 985//985 1210//1210 1211//1211
f 985//985 1210//1210 1216//1216
f 986//986 1210//1210 1211//1211
f 987//987 988//988 1213//1213
f 987//987 994//994 1212//1212
f 987//987 1212//1212 1213//1213
f 988//988 1208//1208 1214//1214
f 988//988 1213//1213 1214//1214
f 989//989 990//990 1215//1215
f 989//989 996//996 1222//1222
f 989//989 1215//1215 1222//1222
f 990//990 1215//1215 1216//1216
f 991//991 992//992 1218//1218
f 991//991 997//997 1217//1217
f 991//991 1217//1217 1218//1218
f 992//992 998//998 1218//1218
f 993//993 994//994 1212//1212
f 993//993 994//994 1219//1219
f 993//993 1212//1212 1219//1219
f 994//994 1000//1000 1220//1220
f 994//994 1219//1219 1220//1220
f 995//995 996//996 1222//1222
f 995//995 1001//1001 1227//1227
f 995//995 1221//1221 1222//1222
f 995//995 1221//1221 1227//1227
f 997//997 1002//1002 1228//1228
f 997//997 1217//1217 1223//1223
f 997//997 1223//1223 1228//1228
f 997//997 1223//1223 1461//1461
f 998//998 999//999 1225//1225
f 998//998 1218//1218 1224//1224
f 998//998 1224//1224 1225//1225
f 999//999 1004//1004 1225//1225
f 1000//1000 1006//1006 1231//1231
f 1000//1000 1220//1220 1226//1226
f 1000//1000 1226//1226 1231//1231
f 1001//1001 1007//1007 1232//1232
f 1001//1001 1227//1227 1232//1232
f 1002//1002 1003//1003 1009//1009
f 1002//1002 1003//1003 1229//1229
f 1002//1002 1008//1008 1009//1009
f 1002//1002 1228//1228 1229//1229
f 1003//1003 1009//1009 1229//1229
f 1004//1004 1010//1010 1011//1011
f 1004//1004 1010//1010 1234//1234
f 1004//1004 1225//1225 1230//1230
f 1004//1004 1230//1230 1234//1234
f 1005//1005 1006//1006 1014//1014
f 1005//1005 1006//1006 1231//1231
f 1005//1005 1013//1013 1014//1014
f 1005//1005 1013//1013 1231//1231
f 1007//1007 1015//1015 1232//1232
f 1009//1009 1016//1016 1233//1233
f 1009//1009 1229//1229 1233//1233
f 1010//1010 1011//1011 1234//1234
f 1011//1011 1018//1018 1241//1241
f 1011//1011 1234//1234 1235//1235
f 1011//1011 1234//1234 1241//1241
f 1013//1013 1014//1014 1023//1023
f 1013//1013 1023//1023 1246//1246
f 1013//1013 1231//1231 1238//1238
f 1013//1013 1238//1238 1246//1246
f 1014//1014 1015//1015 1024//1024
f 1014//1014 1023//1023 1024//1024
f 1015//1015 1024//1024 1248//1248
f 1015//1015 1232//1232 1239//1239
f 1015//1015 1239//1239 1248//1248
f 1016//1016 1017//1017 1241//1241
f 1016//1016 1233//1233 1240//1240
f 1016//1016 1240//1240 1241//1241
f 1017//1017 1018//1018 1025//1025
f 1017//1017 1018//1018 1241//1241
f 1017//1017 1234//1234 1241//1241
f 1018//1018 1025//1025 1026//1026
f 1019//1019 1242//1242 1243//1243
f 1021//1021 1029//1029 1244//1244
f 1023//1023 1024//1024 1032//1032
f 1023//1023 1032//1032 1255//1255
f 1023//1023 1246//1246 1255//1255
f 1024//1024 1033//1033 1256//1256
f 1024//1024 1247//1247 1248//1248
f 1024//1024 1247//1247 1256//1256
f 1025//1025 1026//1026 1250//1250
f 1025//1025 1034//1034 1257//1257
f 1025//1025 1249//1249 1250//1250
f 1025//1025 1249//1249 1257//1257
f 1026//1026 1035//1035 1257//1257
f 1026//1026 1250//1250 1257//1257
f 1027//1027 1028//1028 1037//1037
f 1027//1027 1242//1242 1251//1251
f 1028//1028 1037//1037 1038//1038
f 1028//1028 1038//1038 1252//1252
f 1029//1029 1030//1030 1040//1040
f 1029//1029 1030//1030 1253//1253
f 1029//1029 1039//1039 1040//1040
f 1029//1029 1039//1039 1253//1253
f 1029//1029 1244//1244 1253//1253
f 1030//1030 1040//1040 1254//1254
f 1030//1030 1253//1253 1254//1254
f 1032//1032 1042//1042 1255//1255
f 1033//1033 1043//1043 1264//1264
f 1033//1033 1256//1256 1264//1264
f 1034//1034 1035//1035 1046//1046
f 1034//1034 1035//1035 1257//1257
f 1034//1034 1045//1045 1046//1046
f 1035//1035 1036//1036 1047//1047
f 1035//1035 1046//1046 1047//1047
f 1035//1035 1046//1046 1267//1267
f 1035//1035 1257//1257 1267//1267
f 1037//1037 1038//1038 1049//1049
f 1037//1037 1038//1038 1258//1258
f 1037//1037 1038//1038 1259//1259
f 1037//1037 1048//1048 1049//1049
f 1037//1037 1048//1048 1258//1258
f 1037//1037 1048//1048 1270//1270
f 1037//1037 1258//1258 1259//1259
f 1037//1037 1258//1258 1270//1270
f 1038//1038 1049//1049 1259//1259
f 1038//1038 1049//1049 1260//1260
f 1038//1038 1049//1049 1271//1271
f 1038//1038 1252//1252 1259//1259
f 1038//1038 1258//1258 1259//1259
f 1038//1038 1259//1259 1260//1260
f 1038//1038 1259//1259 1271//1271
f 1039//1039 1040//1040 1260//1260
f 1039//1039 1253//1253 1260//1260
f 1040//1040 1051//1051 1261//1261
f 1040//1040 1051//1051 1273//1273
f 1040//1040 1254//1254 1261//1261
f 1040//1040 1260//1260 1261//1261
f 1040//1040 1261//1261 1273//1273
f 1041//1041 1042//1042 1263//1263
f 1041//1041 1052//1052 1274//1274
f 1041//1041 1262//1262 1263//1263
f 1041//1041 1262//1262 1274//1274
f 1042//1042 1255//1255 1263//1263
f 1043//1043 1044//1044 1264//1264
f 1044//1044 1054//1054 1275//1275
f 1044//1044 1264//1264 1265//1265
f 1044//1044 1265//1265 1275//1275
f 1045//1045 1046//1046 1267//1267
f 1045//1045 1055//1055 1266//1266
f 1045//1045 1266//1266 1267//1267
f 1046//1046 1047//1047 1267//1267
f 1047//1047 1056//1056 1278//1278
f 1047//1047 1267//1267 1268//1268
f 1047//1047 1268//1268 1278//1278
f 1048//1048 1049//1049 1059//1059
f 1048//1048 1058//1058 1059//1059
f 1048//1048 1058//1058 1281//1281
f 1048//1048 1258//1258 1270//1270
f 1048//1048 1270//1270 1281//1281
f 1049//1049 1050//1050 1059//1059
f 1049//1049 1050//1050 1271//1271
f 1049//1049 1050//1050 1272//1272
f 1049//1049 1059//1059 1282//1282
f 1049//1049 1259//1259 1271//1271
f 1049//1049 1260//1260 1271//1271
f 1049//1049 1271//1271 1272//1272
f 1049//1049 1271//1271 1282//1282
f 1050//1050 1059//1059 1060//1060
f 1050//1050 1060//1060 1283//1283
f 1050//1050 1271//1271 1272//1272
f 1050//1050 1272//1272 1283//1283
f 1051//1051 1061//1061 1273//1273
f 1051//1051 1061//1061 1284//1284
f 1051//1051 1261//1261 1273//1273
f 1051//1051 1273//1273 1284//1284
f 1052//1052 1053//1053 1063//1063
f 1052//1052 1062//1062 1063//1063
f 1052//1052 1062//1062 1285//1285
f 1052//1052 1274//1274 1285//1285
f 1054//1054 1064//1064 1287//1287
f 1054//1054 1275//1275 1287//1287
f 1055//1055 1066//1066 1276//1276
f 1055//1055 1266//1266 1276//1276
f 1055//1055 1276//1276 1277//1277
f 1056//1056 1068//1068 1290//1290
f 1056//1056 1278//1278 1290//1290
f 1057//1057 1058//1058 1281//1281
f 1057//1057 1280//1280 1281//1281
f 1058//1058 1059//1059 1072//1072
f 1058//1058 1071//1071 1072//1072
f 1058//1058 1071//1071 1281//1281
f 1058//1058 1071//1071 1293//1293
f 1058//1058 1281//1281 1293//1293
f 1059//1059 1060//1060 1072//1072
f 1059//1059 1072//1072 1282//1282
f 1059//1059 1072//1072 1294//1294
f 1059//1059 1282//1282 1294//1294
f 1060//1060 1072//1072 1073//1073
f 1060//1060 1073//1073 1295//1295
f 1060//1060 1283//1283 1295//1295
f 1061//1061 1273//1273 1284//1284
f 1062//1062 1063//1063 1285//1285
f 1063//1063 1074//1074 1296//1296
f 1063//1063 1285//1285 1286//1286
f 1063//1063 1286//1286 1296//1296
f 1064//1064 1075//1075 1287//1287
f 1065//1065 1066//1066 1077//1077
f 1066//1066 1077//1077 1078//1078
f 1066//1066 1078//1078 1288//1288
f 1066//1066 1276//1276 1277//1277
f 1066//1066 1277//1277 1288//1288
f 1067//1067 1068//1068 1079//1079
f 1067//1067 1068//1068 1290//1290
f 1067//1067 1079//1079 1301//1301
f 1067//1067 1289//1289 1290//1290
f 1067//1067 1289//1289 1301//1301
f 1069//1069 1070//1070 1291//1291
f 1070//1070 1080//1080 1292//1292
f 1070//1070 1080//1080 1302//1302
f 1070//1070 1291//1291 1292//1292
f 1070//1070 1292//1292 1302//1302
f 1071//1071 1072//1072 1294//1294
f 1071//1071 1081//1081 1293//1293
f 1071//1071 1281//1281 1293//1293
f 1071//1071 1293//1293 1294//1294
f 1072//1072 1073//1073 1082//1082
f 1072//1072 1073//1073 1294//1294
f 1072//1072 1282//1282 1294//1294
f 1073//1073 1082//1082 1083//1083
f 1073//1073 1083//1083 1305//1305
f 1073//1073 1294//1294 1295//1295
f 1073//1073 1295//1295 1305//1305
f 1074//1074 1084//1084 1296//1296
f 1075//1075 1076//1076 1297//1297
f 1075//1075 1287//1287 1297//1297
f 1076//1076 1085//1085 1298//1298
f 1076//1076 1297//1297 1298//1298
f 1077//1077 1078//1078 1299//1299
f 1077//1077 1087//1087 1309//1309
f 1077//1077 1299//1299 1309//1309
f 1078//1078 1288//1288 1299//1299
f 1079//1079 1089//1089 1311//1311
f 1079//1079 1301//1301 1311//1311
f 1080//1080 1081//1081 1091//1091
f 1080//1080 1081//1081 1302//1302
f 1080//1080 1081//1081 1303//1303
f 1080//1080 1090//1090 1302//1302
f 1080//1080 1292//1292 1302//1302
f 1080//1080 1302//1302 1303//1303
f 1081//1081 1082//1082 1091//1091
f 1081//1081 1091//1091 1303//1303
f 1081//1081 1091//1091 1313//1313
f 1081//1081 1293//1293 1303//1303
f 1081//1081 1302//1302 1303//1303
f 1081//1081 1303//1303 1313//1313
f 1082//1082 1083//1083 1092//1092
f 1082//1082 1083//1083 1093//1093
f 1082//1082 1091//1091 1092//1092
f 1082//1082 1092//1092 1314//1314
f 1082//1082 1304//1304 1314//1314
f 1083//1083 1092//1092 1093//1093
f 1083//1083 1093//1093 1305//1305
f 1084//1084 1094//1094 1306//1306
f 1084//1084 1296//1296 1306//1306
f 1085//1085 1095//1095 1307//1307
f 1085//1085 1298//1298 1307//1307
f 1086//1086 1087//1087 1309//1309
f 1086//1086 1099//1099 1323//1323
f 1086//1086 1308//1308 1309//1309
f 1086//1086 1308//1308 1323//1323
f 1088//1088 1089//1089 1100//1100
f 1088//1088 1089//1089 1310//1310
f 1088//1088 1100//1100 1310//1310
f 1089//1089 1100//1100 1101//1101
f 1089//1089 1310//1310 1311//1311
f 1090//1090 1102//1102 1312//1312
f 1090//1090 1102//1102 1325//1325
f 1090//1090 1302//1302 1312//1312
f 1090//1090 1312//1312 1325//1325
f 1091//1091 1092//1092 1104//1104
f 1091//1091 1092//1092 1313//1313
f 1091//1091 1092//1092 1314//1314
f 1091//1091 1103//1103 1104//1104
f 1091//1091 1103//1103 1313//1313
f 1091//1091 1103//1103 1326//1326
f 1091//1091 1303//1303 1313//1313
f 1091//1091 1313//1313 1314//1314
f 1091//1091 1313//1313 1326//1326
f 1092//1092 1093//1093 1314//1314
f 1092//1092 1093//1093 1315//1315
f 1092//1092 1104//1104 1314//1314
f 1092//1092 1104//1104 1327//1327
f 1092//1092 1313//1313 1314//1314
f 1092//1092 1314//1314 1315//1315
f 1092//1092 1314//1314 1327//1327
f 1093//1093 1305//1305 1315//1315
f 1093//1093 1314//1314 1315//1315
f 1094//1094 1106//1106 1316//1316
f 1094//1094 1306//1306 1316//1316
f 1095//1095 1107//1107 1317//1317
f 1095//1095 1307//1307 1317//1317
f 1096//1096 1097//1097 1112//1112
f 1096//1096 1097//1097 1320//1320
f 1096//1096 1111//1111 1112//1112
f 1096//1096 1111//1111 1319//1319
f 1096//1096 1319//1319 1320//1320
f 1097//1097 1112//1112 1320//1320
f 1098//1098 1099//1099 1323//1323
f 1098//1098 1117//1117 1322//1322
f 1098//1098 1322//1322 1323//1323
f 1100//1100 1101//1101 1324//1324
f 1100//1100 1310//1310 1324//1324
f 1101//1101 1118//1118 1340//1340
f 1101//1101 1324//1324 1340//1340
f 1102//1102 1103//1103 1120//1120
f 1102//1102 1119//1119 1120//1120
f 1102//1102 1119//1119 1325//1325
f 1102//1102 1312//1312 1325//1325
f 1102//1102 1325//1325 1341//1341
f 1103//1103 1104//1104 1326//1326
f 1103//1103 1120//1120 1326//1326
f 1103//1103 1120//1120 1342//1342
f 1103//1103 1313//1313 1326//1326
f 1103//1103 1326//1326 1342//1342
f 1104//1104 1120//1120 1121//1121
f 1104//1104 1121//1121 1327//1327
f 1104//1104 1121//1121 1343//1343
f 1104//1104 1314//1314 1327//1327
f 1104//1104 1326//1326 1327//1327
f 1104//1104 1327//1327 1343//1343
f 1105//1105 1106//1106 1330//1330
f 1105//1105 1123//1123 1329//1329
f 1105//1105 1329//1329 1330//1330
f 1106//1106 1316//1316 1330//1330
f 1107//1107 1124//1124 1346//1346
f 1107//1107 1317//1317 1331//1331
f 1107//1107 1331//1331 1346//1346
f 1108//1108 1109//1109 1332//1332
f 1108//1108 1126//1126 1348//1348
f 1108//1108 1332//1332 1348//1348
f 1109//1109 1110//1110 1333//1333
f 1109//1109 1332//1332 1333//1333
f 1110//1110 1111//1111 1334//1334
f 1110//1110 1333//1333 1334//1334
f 1111//1111 1319//1319 1334//1334
f 1112//1112 1113//1113 1321//1321
f 1112//1112 1320//1320 1321//1321
f 1113//1113 1114//1114 1336//1336
f 1113//1113 1321//1321 1335//1335
f 1113//1113 1335//1335 1336//1336
f 1114//1114 1115//1115 1337//1337
f 1114//1114 1336//1336 1337//1337
f 1115//1115 1116//1116 1338//1338
f 1115//1115 1337//1337 1338//1338
f 1116//1116 1117//1117 1339//1339
f 1116//1116 1338//1338 1339//1339
f 1117//1117 1322//1322 1339//1339
f 1118//1118 1127//1127 1349//1349
f 1118//1118 1340//1340 1349//1349
f 1119//1119 1128//1128 1341//1341
f 1119//1119 1128//1128 1350//1350
f 1119//1119 1325//1325 1341//1341
f 1119//1119 1341//1341 1350//1350
f 1120//1120 1121//1121 1342//1342
f 1120//1120 1129//1129 1342//1342
f 1120//1120 1129//1129 1351//1351
f 1120//1120 1326//1326 1342//1342
f 1120//1120 1342//1342 1351//1351
f 1121//1121 1130//1130 1352//1352
f 1121//1121 1327//1327 1343//1343
f 1121//1121 1342//1342 1343//1343
f 1121//1121 1343//1343 1352//1352
f 1122//1122 1123//1123 1344//1344
f 1122//1122 1131//1131 1344//1344
f 1123//1123 1329//1329 1345//1345
f 1123//1123 1344//1344 1345//1345
f 1124//1124 1132//1132 1346//1346
f 1125//1125 1126//1126 1347//1347
f 1125//1125 1133//1133 1354//1354
f 1125//1125 1347//1347 1354//1354
f 1126//1126 1347//1347 1348//1348
f 1127//1127 1134//1134 1349//1349
f 1128//1128 1341//1341 1350//1350
f 1129//1129 1135//1135 1356//1356
f 1129//1129 1342//1342 1351//1351
f 1129//1129 1351//1351 1356//1356
f 1131//1131 1136//1136 1357//1357
f 1131//1131 1344//1344 1353//1353
f 1131//1131 1353//1353 1357//1357
f 1132//1132 1133//1133 1354//1354
f 1132//1132 1346//1346 1354//1354
f 1134//1134 1137//1137 1358//1358
f 1134//1134 1349//1349 1355//1355
f 1134//1134 1355//1355 1358//1358
f 1136//1136 1138//1138 1360//1360
f 1136//1136 1357//1357 1360//1360
f 1137//1137 1139//1139 1361//1361
f 1137//1137 1358//1358 1361//1361
f 1138//1138 1140//1140 1362//1362
f 1138//1138 1360//1360 1362//1362
f 1139//1139 1141//1141 1364//1364
f 1139//1139 1361//1361 1364//1364
f 1140//1140 1142//1142 1363//1363
f 1140//1140 1362//1362 1363//1363
f 1141//1141 1143//1143 1364//1364
f 1142//1142 1144//1144 1368//1368
f 1142//1142 1363//1363 1366//1366
f 1142//1142 1366//1366 1368//1368
f 1143//1143 1145//1145 1367//1367
f 1143//1143 1364//1364 1367//1367
f 1144//1144 1146//1146 1368//1368
f 1145//1145 1154//1154 1369//1369
f 1145//1145 1367//1367 1369//1369
f 1146//1146 1147//1147 1371//1371
f 1146//1146 1368//1368 1370//1370
f 1146//1146 1370//1370 1371//1371
f 1147//1147 1155//1155 1377//1377
f 1147//1147 1371//1371 1377//1377
f 1148//1148 1149//1149 1381//1381
f 1148//1148 1160//1160 1381//1381
f 1149//1149 1150//1150 1382//1382
f 1149//1149 1372//1372 1382//1382
f 1149//1149 1381//1381 1382//1382
f 1150//1150 1151//1151 1384//1384
f 1150//1150 1161//1161 1382//1382
f 1150//1150 1161//1161 1383//1383
f 1150//1150 1383//1383 1384//1384
f 1151//1151 1152//1152 1374//1374
f 1151//1151 1373//1373 1384//1384
f 1151//1151 1373//1373 1385//1385
f 1151//1151 1374//1374 1385//1385
f 1152//1152 1153//1153 1375//1375
f 1152//1152 1374//1374 1375//1375
f 1153//1153 1162//1162 1163//1163
f 1153//1153 1162//1162 1386//1386
f 1153//1153 1375//1375 1386//1386
f 1154//1154 1165//1165 1376//1376
f 1154//1154 1369//1369 1376//1376
f 1155//1155 1156//1156 1378//1378
f 1155//1155 1377//1377 1378//1378
f 1156//1156 1157//1157 1390//1390
f 1156//1156 1378//1378 1389//1389
f 1156//1156 1389//1389 1390//1390
f 1157//1157 1166//1166 1390//1390
f 1158//1158 1159//1159 1379//1379
f 1158//1158 1169//1169 1379//1379
f 1159//1159 1160//1160 1380//1380
f 1159//1159 1379//1379 1380//1380
f 1160//1160 1380//1380 1381//1381
f 1161//1161 1382//1382 1383//1383
f 1162//1162 1163//1163 1386//1386
f 1163//1163 1164//1164 1170//1170
f 1163//1163 1170//1170 1394//1394
f 1163//1163 1386//1386 1387//1387
f 1163//1163 1387//1387 1394//1394
f 1165//1165 1172//1172 1397//1397
f 1165//1165 1376//1376 1388//1388
f 1165//1165 1388//1388 1397//1397
f 1166//1166 1167//1167 1391//1391
f 1166//1166 1390//1390 1391//1391
f 1167//1167 1168//1168 1391//1391
f 1168//1168 1169//1169 1393//1393
f 1168//1168 1391//1391 1392//1392
f 1168//1168 1392//1392 1393//1393
f 1169//1169 1379//1379 1393//1393
f 1170//1170 1171//1171 1395//1395
f 1170//1170 1394//1394 1395//1395
f 1171//1171 1173//1173 1396//1396
f 1171//1171 1395//1395 1396//1396
f 1172//1172 1177//1177 1401//1401
f 1172//1172 1397//1397 1401//1401
f 1173//1173 1174//1174 1399//1399
f 1173//1173 1396//1396 1399//1399
f 1174//1174 1175//1175 1179//1179
f 1174//1174 1179//1179 1407//1407
f 1174//1174 1399//1399 1400//1400
f 1174//1174 1400//1400 1407//1407
f 1175//1175 1176//1176 1179//1179
f 1176//1176 1177//1177 1180//1180
f 1176//1176 1179//1179 1180//1180
f 1177//1177 1180//1180 1181//1181
f 1177//1177 1181//1181 1409//1409
f 1177//1177 1401//1401 1409//1409
f 1178//1178 1182//1182 1183//1183
f 1178//1178 1182//1182 1411//1411
f 1178//1178 1183//1183 1403//1403
f 1178//1178 1402//1402 1403//1403
f 1178//1178 1402//1402 1411//1411
f 1179//1179 1180//1180 1418//1418
f 1179//1179 1407//1407 1408//1408
f 1179//1179 1408//1408 1417//1417
f 1179//1179 1417//1417 1418//1418
f 1180//1180 1181//1181 1187//1187
f 1180//1180 1186//1186 1187//1187
f 1180//1180 1186//1186 1418//1418
f 1181//1181 1187//1187 1419//1419
f 1181//1181 1409//1409 1419//1419
f 1182//1182 1183//1183 1189//1189
f 1182//1182 1188//1188 1189//1189
f 1182//1182 1188//1188 1411//1411
f 1182//1182 1402//1402 1411//1411
f 1183//1183 1184//1184 1189//1189
f 1183//1183 1184//1184 1413//1413
f 1183//1183 1403//1403 1412//1412
f 1183//1183 1412//1412 1413//1413
f 1184//1184 1189//1189 1190//1190
f 1184//1184 1190//1190 1413//1413
f 1186//1186 1187//1187 1419//1419
f 1186//1186 1418//1418 1419//1419
f 1187//1187 1419//1419 1427//1427
f 1188//1188 1189//1189 1194//1194
f 1188//1188 1193//1193 1194//1194
f 1188//1188 1193//1193 1429//1429
f 1188//1188 1411//1411 1421//1421
f 1188//1188 1421//1421 1429//1429
f 1189//1189 1190//1190 1194//1194
f 1190//1190 1194//1194 1195//1195
f 1190//1190 1195//1195 1422//1422
f 1190//1190 1413//1413 1422//1422
f 1193//1193 1194//1194 1429//1429
f 1194//1194 1195//1195 1198//1198
f 1194//1194 1198//1198 1437//1437
f 1194//1194 1429//1429 1437//1437
f 1195//1195 1196//1196 1431//1431
f 1195//1195 1198//1198 1199//1199
f 1195//1195 1422//1422 1430//1430
f 1195//1195 1430//1430 1431//1431
f 1196//1196 1200//1200 1439//1439
f 1196//1196 1431//1431 1439//1439
f 1197//1197 1201//1201 1435//1435
f 1197//1197 1201//1201 1440//1440
f 1197//1197 1435//1435 1440//1440
f 1198//1198 1199//1199 1202//1202
f 1198//1198 1202//1202 1442//1442
f 1198//1198 1437//1437 1442//1442
f 1199//1199 1200//1200 1438//1438
f 1199//1199 1202//1202 1203//1203
f 1199//1199 1203//1203 1443//1443
f 1199//1199 1438//1438 1443//1443
f 1200//1200 1438//1438 1439//1439
f 1201//1201 1435//1435 1440//1440
f 1202//1202 1203//1203 1443//1443
f 1202//1202 1204//1204 1442//1442
f 1202//1202 1204//1204 1444//1444
f 1202//1202 1442//1442 1443//1443
f 1202//1202 1442//1442 1444//1444
f 1204//1204 1205//1205 1207//1207
f 1204//1204 1206//1206 1207//1207
f 1204//1204 1206//1206 1444//1444
f 1204//1204 1206//1206 1445//1445
f 1204//1204 1442//1442 1444//1444
f 1204//1204 1444//1444 1445//1445
f 1206//1206 1207//1207 1445//1445
f 1206//1206 1444//1444 1445//1445
f 1207//1207 1445//1445 1446//1446
f 1208//1208 1209//1209 1447//1447
f 1208//1208 1214//1214 1447//1447
f 1209//1209 1210//1210 1449//1449
f 1209//1209 1447//1447 1448//1448
f 1209//1209 1448//1448 1693//1693
f 1209//1209 1449//1449 1694//1694
f 1209//1209 1693//1693 1694//1694
f 1210//1210 1211//1211 1449//1449
f 1210//1210 1216//1216 1454//1454
f 1210//1210 1449//1449 1454//1454
f 1212//1212 1213//1213 1451//1451
f 1212//1212 1219//1219 1450//1450
f 1212//1212 1450//1450 1451//1451
f 1213//1213 1214//1214 1452//1452
f 1213//1213 1451//1451 1452//1452
f 1214//1214 1447//1447 1452//1452
f 1215//1215 1216//1216 1453//1453
f 1215//1215 1222//1222 1460//1460
f 1215//1215 1453//1453 1460//1460
f 1216//1216 1453//1453 1454//1454
f 1217//1217 1218//1218 1456//1456
f 1217//1217 1223//1223 1455//1455
f 1217//1217 1455//1455 1456//1456
f 1218//1218 1224//1224 1456//1456
f 1219//1219 1220//1220 1226//1226
f 1219//1219 1226//1226 1457//1457
f 1219//1219 1450//1450 1457//1457
f 1221//1221 1222//1222 1459//1459
f 1221//1221 1227//1227 1466//1466
f 1221//1221 1459//1459 1466//1466
f 1222//1222 1459//1459 1460//1460
f 1223//1223 1228//1228 1461//1461
f 1223//1223 1455//1455 1461//1461
f 1224//1224 1225//1225 1462//1462
f 1224//1224 1456//1456 1462//1462
f 1225//1225 1230//1230 1463//1463
f 1225//1225 1462//1462 1463//1463
f 1226//1226 1231//1231 1470//1470
f 1226//1226 1457//1457 1464//1464
f 1226//1226 1464//1464 1470//1470
f 1227//1227 1232//1232 1471//1471
f 1227//1227 1466//1466 1471//1471
f 1228//1228 1229//1229 1467//1467
f 1228//1228 1461//1461 1467//1467
f 1229//1229 1230//1230 1233//1233
f 1229//1229 1230//1230 1468//1468
f 1229//1229 1467//1467 1468//1468
f 1230//1230 1233//1233 1234//1234
f 1230//1230 1234//1234 1473//1473
f 1230//1230 1463//1463 1469//1469
f 1230//1230 1468//1468 1469//1469
f 1231//1231 1238//1238 1470//1470
f 1232//1232 1239//1239 1471//1471
f 1233//1233 1234//1234 1473//1473
f 1233//1233 1240//1240 1472//1472
f 1233//1233 1472//1472 1473//1473
f 1234//1234 1241//1241 1479//1479
f 1234//1234 1473//1473 1479//1479
f 1238//1238 1246//1246 1484//1484
f 1238//1238 1470//1470 1475//1475
f 1238//1238 1475//1475 1484//1484
f 1239//1239 1247//1247 1248//1248
f 1239//1239 1248//1248 1486//1486
f 1239//1239 1471//1471 1477//1477
f 1239//1239 1477//1477 1486//1486
f 1240//1240 1241//1241 1479//1479
f 1240//1240 1472//1472 1478//1478
f 1240//1240 1478//1478 1479//1479
f 1244//1244 1245//1245 1482//1482
f 1244//1244 1245//1245 1483//1483
f 1244//1244 1482//1482 1483//1483
f 1245//1245 1482//1482 1483//1483
f 1246//1246 1255//1255 1492//1492
f 1246//1246 1484//1484 1492//1492
f 1247//1247 1248//1248 1485//1485
f 1247//1247 1256//1256 1485//1485
f 1248//1248 1485//1485 1486//1486
f 1249//1249 1250//1250 1257//1257
f 1251//1251 1252//1252 1488//1488
f 1251//1251 1252//1252 1489//1489
f 1251//1251 1258//1258 1488//1488
f 1251//1251 1480//1480 1488//1488
f 1251//1251 1480//1480 1489//1489
f 1251//1251 1488//1488 1489//1489
f 1252//1252 1488//1488 1489//1489
f 1253//1253 1254//1254 1260//1260
f 1254//1254 1260//1260 1261//1261
f 1255//1255 1263//1263 1492//1492
f 1256//1256 1264//1264 1501//1501
f 1256//1256 1485//1485 1493//1493
f 1256//1256 1493//1493 1501//1501
f 1258//1258 1270//1270 1495//1495
f 1258//1258 1270//1270 1507//1507
f 1258//1258 1488//1488 1495//1495
f 1258//1258 1495//1495 1507//1507
f 1259//1259 1260//1260 1272//1272
f 1259//1259 1271//1271 1272//1272
f 1259//1259 1489//1489 1496//1496
f 1260//1260 1271//1271 1272//1272
f 1261//1261 1273//1273 1498//1498
f 1261//1261 1273//1273 1510//1510
f 1261//1261 1498//1498 1510//1510
f 1262//1262 1263//1263 1500//1500
f 1262//1262 1274//1274 1499//1499
f 1262//1262 1499//1499 1500//1500
f 1263//1263 1492//1492 1500//1500
f 1264//1264 1265//1265 1501//1501
f 1265//1265 1275//1275 1512//1512
f 1265//1265 1501//1501 1502//1502
f 1265//1265 1502//1502 1512//1512
f 1266//1266 1267//1267 1276//1276
f 1267//1267 1268//1268 1503//1503
f 1267//1267 1276//1276 1277//1277
f 1267//1267 1277//1277 1503//1503
f 1268//1268 1278//1278 1514//1514
f 1268//1268 1503//1503 1504//1504
f 1268//1268 1504//1504 1514//1514
f 1269//1269 1280//1280 1516//1516
f 1270//1270 1281//1281 1507//1507
f 1270//1270 1281//1281 1517//1517
f 1270//1270 1495//1495 1507//1507
f 1270//1270 1507//1507 1517//1517
f 1271//1271 1272//1272 1282//1282
f 1271//1271 1272//1272 1509//1509
f 1271//1271 1282//1282 1508//1508
f 1271//1271 1282//1282 1518//1518
f 1271//1271 1508//1508 1509//1509
f 1271//1271 1508//1508 1518//1518
f 1272//1272 1273//1273 1283//1283
f 1272//1272 1273//1273 1284//1284
f 1272//1272 1282//1282 1283//1283
f 1272//1272 1283//1283 1284//1284
f 1272//1272 1283//1283 1519//1519
f 1272//1272 1509//1509 1519//1519
f 1273//1273 1283//1283 1284//1284
f 1273//1273 1284//1284 1510//1510
f 1273//1273 1284//1284 1520//1520
f 1273//1273 1498//1498 1510//1510
f 1273//1273 1510//1510 1520//1520
f 1274//1274 1285//1285 1286//1286
f 1274//1274 1286//1286 1521//1521
f 1274//1274 1499//1499 1511//1511
f 1274//1274 1511//1511 1521//1521
f 1275//1275 1287//1287 1512//1512
f 1277//1277 1288//1288 1289//1289
f 1277//1277 1289//1289 1513//1513
f 1277//1277 1503//1503 1513//1513
f 1278//1278 1290//1290 1525//1525
f 1278//1278 1513//1513 1514//1514
f 1278//1278 1513//1513 1525//1525
f 1279//1279 1280//1280 1291//1291
f 1279//1279 1280//1280 1292//1292
f 1279//1279 1291//1291 1292//1292
f 1280//1280 1281//1281 1516//1516
f 1280//1280 1281//1281 1517//1517
f 1280//1280 1291//1291 1292//1292
f 1280//1280 1516//1516 1517//1517
f 1281//1281 1282//1282 1293//1293
f 1281//1281 1282//1282 1517//1517
f 1281//1281 1293//1293 1517//1517
f 1281//1281 1293//1293 1528//1528
f 1281//1281 1507//1507 1517//1517
f 1281//1281 1516//1516 1517//1517
f 1281//1281 1517//1517 1528//1528
f 1282//1282 1283//1283 1294//1294
f 1282//1282 1293//1293 1294//1294
f 1282//1282 1508//1508 1518//1518
f 1282//1282 1517//1517 1518//1518
f 1283//1283 1284//1284 1519//1519
f 1283//1283 1284//1284 1520//1520
f 1283//1283 1284//1284 1529//1529
f 1283//1283 1294//1294 1295//1295
f 1283//1283 1295//1295 1529//1529
f 1283//1283 1519//1519 1520//1520
f 1283//1283 1519//1519 1529//1529
f 1284//1284 1510//1510 1520//1520
f 1284//1284 1519//1519 1520//1520
f 1284//1284 1520//1520 1530//1530
f 1284//1284 1529//1529 1530//1530
f 1286//1286 1296//1296 1531//1531
f 1286//1286 1521//1521 1522//1522
f 1286//1286 1522//1522 1531//1531
f 1287//1287 1297//1297 1532//1532
f 1287//1287 1512//1512 1523//1523
f 1287//1287 1523//1523 1532//1532
f 1288//1288 1289//1289 1525//1525
f 1288//1288 1299//1299 1300//1300
f 1288//1288 1300//1300 1535//1535
f 1288//1288 1524//1524 1525//1525
f 1288//1288 1524//1524 1535//1535
f 1289//1289 1290//1290 1525//1525
f 1289//1289 1301//1301 1536//1536
f 1289//1289 1513//1513 1525//1525
f 1289//1289 1525//1525 1536//1536
f 1291//1291 1292//1292 1302//1302
f 1291//1291 1292//1292 1526//1526
f 1291//1291 1292//1292 1527//1527
f 1291//1291 1526//1526 1527//1527
f 1292//1292 1293//1293 1303//1303
f 1292//1292 1302//1302 1303//1303
f 1292//1292 1302//1302 1527//1527
f 1292//1292 1302//1302 1538//1538
f 1292//1292 1526//1526 1527//1527
f 1292//1292 1527//1527 1538//1538
f 1293//1293 1303//1303 1528//1528
f 1293//1293 1517//1517 1528//1528
f 1293//1293 1527//1527 1528//1528
f 1295//1295 1305//1305 1540//1540
f 1295//1295 1529//1529 1540//1540
f 1296//1296 1306//1306 1541//1541
f 1296//1296 1531//1531 1541//1541
f 1297//1297 1298//1298 1533//1533
f 1297//1297 1532//1532 1533//1533
f 1298//1298 1307//1307 1533//1533
f 1299//1299 1300//1300 1534//1534
f 1299//1299 1309//1309 1545//1545
f 1299//1299 1534//1534 1545//1545
f 1300//1300 1534//1534 1535//1535
f 1301//1301 1310//1310 1311//1311
f 1301//1301 1310//1310 1535//1535
f 1301//1301 1535//1535 1536//1536
f 1302//1302 1303//1303 1313//1313
f 1302//1302 1303//1303 1538//1538
f 1302//1302 1312//1312 1313//1313
f 1302//1302 1312//1312 1538//1538
f 1302//1302 1527//1527 1538//1538
f 1303//1303 1528//1528 1539//1539
f 1303//1303 1538//1538 1539//1539
f 1305//1305 1315//1315 1549//1549
f 1305//1305 1540//1540 1549//1549
f 1306//1306 1316//1316 1541//1541
f 1307//1307 1317//1317 1543//1543
f 1307//1307 1533//1533 1543//1543
f 1308//1308 1309//1309 1544//1544
f 1308//1308 1323//1323 1544//1544
f 1308//1308 1544//1544 1559//1559
f 1309//1309 1544//1544 1545//1545
f 1310//1310 1324//1324 1561//1561
f 1310//1310 1535//1535 1546//1546
f 1310//1310 1546//1546 1561//1561
f 1312//1312 1313//1313 1325//1325
f 1312//1312 1325//1325 1547//1547
f 1312//1312 1325//1325 1563//1563
f 1312//1312 1538//1538 1547//1547
f 1312//1312 1547//1547 1563//1563
f 1313//1313 1325//1325 1326//1326
f 1314//1314 1315//1315 1327//1327
f 1315//1315 1327//1327 1328//1328
f 1315//1315 1328//1328 1566//1566
f 1315//1315 1549//1549 1566//1566
f 1316//1316 1330//1330 1568//1568
f 1316//1316 1541//1541 1550//1550
f 1316//1316 1550//1550 1568//1568
f 1317//1317 1331//1331 1552//1552
f 1317//1317 1543//1543 1552//1552
f 1318//1318 1319//1319 1334//1334
f 1318//1318 1319//1319 1554//1554
f 1318//1318 1334//1334 1553//1553
f 1318//1318 1553//1553 1554//1554
f 1319//1319 1320//1320 1554//1554
f 1320//1320 1321//1321 1556//1556
f 1320//1320 1554//1554 1555//1555
f 1320//1320 1555//1555 1556//1556
f 1321//1321 1335//1335 1556//1556
f 1322//1322 1323//1323 1559//1559
f 1322//1322 1339//1339 1577//1577
f 1322//1322 1558//1558 1559//1559
f 1322//1322 1558//1558 1577//1577
f 1323//1323 1544//1544 1559//1559
f 1324//1324 1340//1340 1579//1579
f 1324//1324 1561//1561 1578//1578
f 1324//1324 1578//1578 1579//1579
f 1325//1325 1326//1326 1341//1341
f 1325//1325 1326//1326 1563//1563
f 1325//1325 1326//1326 1564//1564
f 1325//1325 1341//1341 1581//1581
f 1325//1325 1547//1547 1563//1563
f 1325//1325 1563//1563 1564//1564
f 1325//1325 1563//1563 1581//1581
f 1326//1326 1327//1327 1343//1343
f 1326//1326 1341//1341 1342//1342
f 1326//1326 1342//1342 1343//1343
f 1326//1326 1342//1342 1564//1564
f 1326//1326 1342//1342 1582//1582
f 1326//1326 1563//1563 1564//1564
f 1326//1326 1564//1564 1582//1582
f 1327//1327 1328//1328 1565//1565
f 1327//1327 1343//1343 1583//1583
f 1327//1327 1565//1565 1583//1583
f 1328//1328 1565//1565 1566//1566
f 1329//1329 1330//1330 1567//1567
f 1329//1329 1345//1345 1586//1586
f 1329//1329 1567//1567 1586//1586
f 1330//1330 1567//1567 1568//1568
f 1331//1331 1346//1346 1587//1587
f 1331//1331 1552//1552 1569//1569
f 1331//1331 1569//1569 1587//1587
f 1332//1332 1333//1333 1571//1571
f 1332//1332 1348//1348 1589//1589
f 1332//1332 1570//1570 1571//1571
f 1332//1332 1570//1570 1589//1589
f 1333//1333 1334//1334 1572//1572
f 1333//1333 1571//1571 1572//1572
f 1334//1334 1553//1553 1572//1572
f 1335//1335 1336//1336 1574//1574
f 1335//1335 1556//1556 1573//1573
f 1335//1335 1573//1573 1574//1574
f 1336//1336 1337//1337 1575//1575
f 1336//1336 1574//1574 1575//1575
f 1337//1337 1338//1338 1575//1575
f 1338//1338 1339//1339 1576//1576
f 1338//1338 1575//1575 1576//1576
f 1339//1339 1576//1576 1577//1577
f 1340//1340 1349//1349 1590//1590
f 1340//1340 1579//1579 1590//1590
f 1341//1341 1342//1342 1351//1351
f 1341//1341 1350//1350 1351//1351
f 1341//1341 1350//1350 1591//1591
f 1341//1341 1581//1581 1591//1591
f 1342//1342 1343//1343 1351//1351
f 1342//1342 1564//1564 1582//1582
f 1343//1343 1351//1351 1352//1352
f 1343//1343 1352//1352 1593//1593
f 1343//1343 1583//1583 1593//1593
f 1344//1344 1345//1345 1586//1586
f 1344//1344 1353//1353 1594//1594
f 1344//1344 1585//1585 1586//1586
f 1344//1344 1585//1585 1594//1594
f 1346//1346 1354//1354 1595//1595
f 1346//1346 1587//1587 1595//1595
f 1347//1347 1348//1348 1588//1588
f 1347//1347 1354//1354 1587//1587
f 1347//1347 1587//1587 1588//1588
f 1348//1348 1588//1588 1589//1589
f 1349//1349 1355//1355 1596//1596
f 1349//1349 1590//1590 1596//1596
f 1350//1350 1351//1351 1591//1591
f 1351//1351 1352//1352 1592//1592
f 1351//1351 1352//1352 1593//1593
f 1351//1351 1352//1352 1599//1599
f 1351//1351 1356//1356 1592//1592
f 1351//1351 1356//1356 1598//1598
f 1351//1351 1591//1591 1592//1592
f 1351//1351 1592//1592 1593//1593
f 1351//1351 1592//1592 1598//1598
f 1351//1351 1592//1592 1599//1599
f 1352//1352 1592//1592 1593//1593
f 1352//1352 1593//1593 1599//1599
f 1353//1353 1357//1357 1594//1594
f 1354//1354 1587//1587 1595//1595
f 1355//1355 1358//1358 1601//1601
f 1355//1355 1596//1596 1601//1601
f 1356//1356 1592//1592 1598//1598
f 1357//1357 1360//1360 1605//1605
f 1357//1357 1594//1594 1600//1600
f 1357//1357 1600//1600 1605//1605
f 1358//1358 1361//1361 1606//1606
f 1358//1358 1601//1601 1606//1606
f 1359//1359 1360//1360 1604//1604
f 1359//1359 1360//1360 1605//1605
f 1359//1359 1604//1604 1605//1605
f 1360//1360 1362//1362 1609//1609
f 1360//1360 1604//1604 1609//1609
f 1361//1361 1364//1364 1610//1610
f 1361//1361 1606//1606 1610//1610
f 1362//1362 1363//1363 1613//1613
f 1362//1362 1609//1609 1613//1613
f 1363//1363 1366//1366 1613//1613
f 1364//1364 1367//1367 1615//1615
f 1364//1364 1610//1610 1615//1615
f 1365//1365 1366//1366 1613//1613
f 1366//1366 1368//1368 1614//1614
f 1366//1366 1613//1613 1614//1614
f 1367//1367 1369//1369 1617//1617
f 1367//1367 1615//1615 1617//1617
f 1368//1368 1370//1370 1616//1616
f 1368//1368 1614//1614 1616//1616
f 1369//1369 1376//1376 1620//1620
f 1369//1369 1617//1617 1620//1620
f 1370//1370 1371//1371 1618//1618
f 1370//1370 1616//1616 1618//1618
f 1371//1371 1377//1377 1622//1622
f 1371//1371 1618//1618 1619//1619
f 1371//1371 1619//1619 1622//1622
f 1373//1373 1384//1384 1385//1385
f 1374//1374 1375//1375 1385//1385
f 1375//1375 1385//1385 1630//1630
f 1375//1375 1386//1386 1630//1630
f 1376//1376 1388//1388 1632//1632
f 1376//1376 1620//1620 1632//1632
f 1377//1377 1378//1378 1623//1623
f 1377//1377 1622//1622 1623//1623
f 1378//1378 1389//1389 1634//1634
f 1378//1378 1623//1623 1634//1634
f 1379//1379 1380//1380 1393//1393
f 1380//1380 1381//1381 1625//1625
f 1380//1380 1393//1393 1624//1624
f 1380//1380 1624//1624 1625//1625
f 1381//1381 1382//1382 1625//1625
f 1382//1382 1383//1383 1627//1627
f 1382//1382 1625//1625 1626//1626
f 1382//1382 1626//1626 1627//1627
f 1383//1383 1384//1384 1628//1628
f 1383//1383 1627//1627 1628//1628
f 1384//1384 1385//1385 1629//1629
f 1384//1384 1628//1628 1629//1629
f 1385//1385 1629//1629 1630//1630
f 1386//1386 1387//1387 1630//1630
f 1387//1387 1394//1394 1640//1640
f 1387//1387 1630//1630 1631//1631
f 1387//1387 1631//1631 1640//1640
f 1388//1388 1397//1397 1633//1633
f 1388//1388 1632//1632 1633//1633
f 1389//1389 1390//1390 1635//1635
f 1389//1389 1634//1634 1635//1635
f 1390//1390 1391//1391 1635//1635
f 1391//1391 1392//1392 1636//1636
f 1391//1391 1635//1635 1636//1636
f 1392//1392 1393//1393 1637//1637
f 1392//1392 1636//1636 1637//1637
f 1393//1393 1624//1624 1639//1639
f 1393//1393 1637//1637 1638//1638
f 1393//1393 1638//1638 1639//1639
f 1394//1394 1395//1395 1641//1641
f 1394//1394 1640//1640 1641//1641
f 1395//1395 1396//1396 1641//1641
f 1396//1396 1399//1399 1647//1647
f 1396//1396 1641//1641 1646//1646
f 1396//1396 1646//1646 1647//1647
f 1397//1397 1401//1401 1649//1649
f 1397//1397 1633//1633 1643//1643
f 1397//1397 1642//1642 1643//1643
f 1397//1397 1642//1642 1649//1649
f 1398//1398 1399//1399 1406//1406
f 1398//1398 1399//1399 1647//1647
f 1398//1398 1405//1405 1406//1406
f 1398//1398 1405//1405 1646//1646
f 1398//1398 1646//1646 1647//1647
f 1399//1399 1400//1400 1406//1406
f 1400//1400 1406//1406 1407//1407
f 1401//1401 1409//1409 1658//1658
f 1401//1401 1648//1648 1649//1649
f 1401//1401 1649//1649 1658//1658
f 1402//1402 1403//1403 1650//1650
f 1402//1402 1411//1411 1650//1650
f 1403//1403 1404//1404 1412//1412
f 1403//1403 1404//1404 1652//1652
f 1403//1403 1650//1650 1651//1651
f 1403//1403 1651//1651 1652//1652
f 1404//1404 1412//1412 1413//1413
f 1404//1404 1413//1413 1652//1652
f 1405//1405 1406//1406 1654//1654
f 1405//1405 1646//1646 1654//1654
f 1406//1406 1407//1407 1415//1415
f 1406//1406 1415//1415 1662//1662
f 1406//1406 1654//1654 1655//1655
f 1406//1406 1655//1655 1662//1662
f 1407//1407 1408//1408 1416//1416
f 1407//1407 1408//1408 1656//1656
f 1407//1407 1408//1408 1657//1657
f 1407//1407 1415//1415 1416//1416
f 1407//1407 1656//1656 1657//1657
f 1408//1408 1416//1416 1417//1417
f 1408//1408 1417//1417 1664//1664
f 1408//1408 1656//1656 1657//1657
f 1408//1408 1657//1657 1664//1664
f 1409//1409 1410//1410 1420//1420
f 1409//1409 1410//1410 1658//1658
f 1409//1409 1419//1419 1420//1420
f 1410//1410 1420//1420 1658//1658
f 1411//1411 1421//1421 1666//1666
f 1411//1411 1650//1650 1659//1659
f 1411//1411 1658//1658 1659//1659
f 1411//1411 1658//1658 1666//1666
f 1413//1413 1414//1414 1422//1422
f 1413//1413 1414//1414 1661//1661
f 1413//1413 1652//1652 1660//1660
f 1413//1413 1660//1660 1661//1661
f 1414//1414 1422//1422 1667//1667
f 1414//1414 1661//1661 1667//1667
f 1415//1415 1416//1416 1662//1662
f 1415//1415 1416//1416 1663//1663
f 1415//1415 1662//1662 1663//1663
f 1416//1416 1417//1417 1424//1424
f 1416//1416 1424//1424 1663//1663
f 1416//1416 1662//1662 1663//1663
f 1417//1417 1418//1418 1426//1426
f 1417//1417 1418//1418 1664//1664
f 1417//1417 1424//1424 1425//1425
f 1417//1417 1425//1425 1670//1670
f 1417//1417 1664//1664 1670//1670
f 1418//1418 1419//1419 1427//1427
f 1418//1418 1426//1426 1427//1427
f 1418//1418 1426//1426 1665//1665
f 1418//1418 1664//1664 1665//1665
f 1419//1419 1420//1420 1428//1428
f 1419//1419 1427//1427 1428//1428
f 1420//1420 1421//1421 1429//1429
f 1420//1420 1421//1421 1666//1666
f 1420//1420 1428//1428 1429//1429
f 1420//1420 1658//1658 1666//1666
f 1422//1422 1423//1423 1430//1430
f 1422//1422 1423//1423 1667//1667
f 1423//1423 1430//1430 1431//1431
f 1423//1423 1431//1431 1667//1667
f 1424//1424 1425//1425 1433//1433
f 1424//1424 1425//1425 1669//1669
f 1424//1424 1425//1425 1670//1670
f 1424//1424 1432//1432 1433//1433
f 1424//1424 1432//1432 1673//1673
f 1424//1424 1663//1663 1669//1669
f 1424//1424 1669//1669 1670//1670
f 1424//1424 1669//1669 1673//1673
f 1425//1425 1433//1433 1674//1674
f 1425//1425 1669//1669 1670//1670
f 1425//1425 1670//1670 1674//1674
f 1426//1426 1427//1427 1434//1434
f 1426//1426 1434//1434 1671//1671
f 1426//1426 1665//1665 1671//1671
f 1427//1427 1428//1428 1435//1435
f 1427//1427 1434//1434 1435//1435
f 1428//1428 1429//1429 1435//1435
f 1429//1429 1435//1435 1436//1436
f 1429//1429 1436//1436 1437//1437
f 1431//1431 1439//1439 1679//1679
f 1431//1431 1667//1667 1672//1672
f 1431//1431 1672//1672 1679//1679
f 1432//1432 1433//1433 1674//1674
f 1432//1432 1673//1673 1674//1674
f 1434//1434 1435//1435 1676//1676
f 1434//1434 1671//1671 1675//1675
f 1434//1434 1675//1675 1676//1676
f 1435//1435 1436//1436 1683//1683
f 1435//1435 1676//1676 1677//1677
f 1435//1435 1677//1677 1682//1682
f 1435//1435 1682//1682 1683//1683
f 1436//1436 1437//1437 1441//1441
f 1436//1436 1441//1441 1683//1683
f 1437//1437 1441//1441 1442//1442
f 1438//1438 1439//1439 1678//1678
f 1438//1438 1443//1443 1678//1678
f 1439//1439 1678//1678 1679//1679
f 1441//1441 1442//1442 1683//1683
f 1442//1442 1443//1443 1685//1685
f 1442//1442 1444//1444 1684//1684
f 1442//1442 1444//1444 1688//1688
f 1442//1442 1683//1683 1684//1684
f 1442//1442 1684//1684 1685//1685
f 1442//1442 1684//1684 1688//1688
f 1443//1443 1678//1678 1685//1685
f 1444//1444 1445//1445 1446//1446
f 1444//1444 1445//1445 1688//1688
f 1444//1444 1445//1445 1690//1690
f 1444//1444 1684//1684 1688//1688
f 1444//1444 1687//1687 1688//1688
f 1444//1444 1688//1688 1690//1690
f 1445//1445 1446//1446 1690//1690
f 1445//1445 1446//1446 1691//1691
f 1445//1445 1688//1688 1690//1690
f 1445//1445 1690//1690 1691//1691
f 1446//1446 1690//1690 1691//1691
f 1447//1447 1448//1448 1692//1692
f 1447//1447 1452//1452 1692//1692
f 1448//1448 1692//1692 1693//1693
f 1449//1449 1454//1454 1694//1694
f 1450//1450 1451//1451 1457//1457
f 1451//1451 1452//1452 1695//1695
f 1451//1451 1457//1457 1458//1458
f 1451//1451 1458//1458 1701//1701
f 1451//1451 1695//1695 1701//1701
f 1452//1452 1692//1692 1696//1696
f 1452//1452 1695//1695 1696//1696
f 1453//1453 1454//1454 1698//1698
f 1453//1453 1460//1460 1696//1696
f 1453//1453 1696//1696 1697//1697
f 1453//1453 1697//1697 1698//1698
f 1454//1454 1694//1694 1698//1698
f 1455//1455 1456//1456 1700//1700
f 1455//1455 1461//1461 1703//1703
f 1455//1455 1699//1699 1700//1700
f 1455//1455 1699//1699 1703//1703
f 1456//1456 1462//1462 1700//1700
f 1457//1457 1458//1458 1464//1464
f 1457//1457 1458//1458 1701//1701
f 1458//1458 1464//1464 1465//1465
f 1458//1458 1465//1465 1705//1705
f 1458//1458 1701//1701 1705//1705
f 1459//1459 1460//1460 1702//1702
f 1459//1459 1466//1466 1702//1702
f 1459//1459 1696//1696 1702//1702
f 1460//1460 1696//1696 1702//1702
f 1461//1461 1467//1467 1703//1703
f 1462//1462 1463//1463 1469//1469
f 1462//1462 1463//1463 1704//1704
f 1462//1462 1468//1468 1469//1469
f 1462//1462 1468//1468 1704//1704
f 1462//1462 1700//1700 1704//1704
f 1464//1464 1465//1465 1705//1705
f 1464//1464 1470//1470 1710//1710
f 1464//1464 1705//1705 1710//1710
f 1466//1466 1471//1471 1711//1711
f 1466//1466 1702//1702 1706//1706
f 1466//1466 1706//1706 1711//1711
f 1467//1467 1468//1468 1708//1708
f 1467//1467 1703//1703 1707//1707
f 1467//1467 1707//1707 1708//1708
f 1468//1468 1704//1704 1708//1708
f 1470//1470 1475//1475 1714//1714
f 1470//1470 1709//1709 1710//1710
f 1470//1470 1709//1709 1714//1714
f 1471//1471 1477//1477 1710//1710
f 1471//1471 1710//1710 1711//1711
f 1472//1472 1473//1473 1478//1478
f 1473//1473 1478//1478 1479//1479
f 1475//1475 1484//1484 1721//1721
f 1475//1475 1714//1714 1721//1721
f 1476//1476 1477//1477 1485//1485
f 1476//1476 1477//1477 1715//1715
f 1476//1476 1485//1485 1715//1715
f 1477//1477 1485//1485 1486//1486
f 1477//1477 1710//1710 1715//1715
f 1480//1480 1481//1481 1488//1488
f 1480//1480 1481//1481 1717//1717
f 1480//1480 1488//1488 1489//1489
f 1480//1480 1488//1488 1717//1717
f 1481//1481 1488//1488 1489//1489
f 1481//1481 1488//1488 1718//1718
f 1481//1481 1489//1489 1718//1718
f 1481//1481 1489//1489 1725//1725
f 1481//1481 1717//1717 1718//1718
f 1481//1481 1718//1718 1725//1725
f 1482//1482 1490//1490 1719//1719
f 1484//1484 1492//1492 1721//1721
f 1485//1485 1493//1493 1729//1729
f 1485//1485 1715//1715 1722//1722
f 1485//1485 1722//1722 1729//1729
f 1487//1487 1494//1494 1723//1723
f 1488//1488 1495//1495 1724//1724
f 1488//1488 1495//1495 1731//1731
f 1488//1488 1717//1717 1718//1718
f 1488//1488 1724//1724 1731//1731
f 1489//1489 1496//1496 1725//1725
f 1489//1489 1496//1496 1732//1732
f 1489//1489 1718//1718 1725//1725
f 1489//1489 1725//1725 1726//1726
f 1489//1489 1725//1725 1732//1732
f 1490//1490 1497//1497 1726//1726
f 1490//1490 1497//1497 1733//1733
f 1490//1490 1719//1719 1726//1726
f 1490//1490 1726//1726 1733//1733
f 1491//1491 1498//1498 1727//1727
f 1491//1491 1726//1726 1727//1727
f 1492//1492 1500//1500 1728//1728
f 1492//1492 1721//1721 1728//1728
f 1493//1493 1501//1501 1729//1729
f 1495//1495 1507//1507 1731//1731
f 1495//1495 1507//1507 1741//1741
f 1495//1495 1724//1724 1731//1731
f 1495//1495 1731//1731 1741//1741
f 1496//1496 1497//1497 1509//1509
f 1496//1496 1497//1497 1732//1732
f 1496//1496 1508//1508 1509//1509
f 1496//1496 1508//1508 1732//1732
f 1496//1496 1508//1508 1742//1742
f 1496//1496 1725//1725 1732//1732
f 1496//1496 1732//1732 1742//1742
f 1497//1497 1508//1508 1509//1509
f 1497//1497 1509//1509 1733//1733
f 1497//1497 1509//1509 1743//1743
f 1497//1497 1726//1726 1733//1733
f 1497//1497 1732//1732 1733//1733
f 1497//1497 1733//1733 1743//1743
f 1498//1498 1510//1510 1744//1744
f 1498//1498 1727//1727 1734//1734
f 1498//1498 1733//1733 1734//1734
f 1499//1499 1500//1500 1736//1736
f 1499//1499 1511//1511 1735//1735
f 1499//1499 1735//1735 1736//1736
f 1500//1500 1728//1728 1736//1736
f 1501//1501 1502//1502 1737//1737
f 1501//1501 1729//1729 1737//1737
f 1502//1502 1512//1512 1738//1738
f 1502//1502 1737//1737 1738//1738
f 1503//1503 1504//1504 1514//1514
f 1503//1503 1513//1513 1514//1514
f 1505//1505 1515//1515 1739//1739
f 1505//1505 1515//1515 1749//1749
f 1505//1505 1739//1739 1749//1749
f 1506//1506 1516//1516 1517//1517
f 1506//1506 1516//1516 1740//1740
f 1507//1507 1508//1508 1741//1741
f 1507//1507 1508//1508 1742//1742
f 1507//1507 1517//1517 1741//1741
f 1507//1507 1517//1517 1751//1751
f 1507//1507 1731//1731 1741//1741
f 1507//1507 1741//1741 1742//1742
f 1507//1507 1741//1741 1751//1751
f 1508//1508 1518//1518 1742//1742
f 1508//1508 1518//1518 1751//1751
f 1508//1508 1732//1732 1742//1742
f 1508//1508 1741//1741 1742//1742
f 1508//1508 1741//1741 1751//1751
f 1509//1509 1519//1519 1753//1753
f 1509//1509 1733//1733 1743//1743
f 1509//1509 1743//1743 1753//1753
f 1510//1510 1520//1520 1744//1744
f 1510//1510 1520//1520 1754//1754
f 1510//1510 1743//1743 1744//1744
f 1510//1510 1743//1743 1753//1753
f 1510//1510 1744//1744 1754//1754
f 1510//1510 1753//1753 1754//1754
f 1511//1511 1521//1521 1522//1522
f 1511//1511 1521//1521 1745//1745
f 1511//1511 1735//1735 1745//1745
f 1512//1512 1523//1523 1748//1748
f 1512//1512 1738//1738 1748//1748
f 1515//1515 1739//1739 1749//1749
f 1516//1516 1527//1527 1750//1750
f 1516//1516 1527//1527 1760//1760
f 1516//1516 1750//1750 1760//1760
f 1517//1517 1518//1518 1751//1751
f 1517//1517 1528//1528 1751//1751
f 1517//1517 1741//1741 1751//1751
f 1518//1518 1742//1742 1752//1752
f 1519//1519 1520//1520 1754//1754
f 1519//1519 1529//1529 1753//1753
f 1519//1519 1529//1529 1762//1762
f 1519//1519 1753//1753 1754//1754
f 1519//1519 1753//1753 1762//1762
f 1520//1520 1530//1530 1754//1754
f 1520//1520 1530//1530 1763//1763
f 1520//1520 1744//1744 1754//1754
f 1520//1520 1754//1754 1763//1763
f 1521//1521 1522//1522 1755//1755
f 1521//1521 1745//1745 1755//1755
f 1522//1522 1531//1531 1756//1756
f 1522//1522 1755//1755 1756//1756
f 1523//1523 1532//1532 1766//1766
f 1523//1523 1748//1748 1758//1758
f 1523//1523 1758//1758 1766//1766
f 1524//1524 1525//1525 1535//1535
f 1525//1525 1535//1535 1536//1536
f 1526//1526 1527//1527 1537//1537
f 1526//1526 1527//1527 1538//1538
f 1526//1526 1527//1527 1760//1760
f 1526//1526 1537//1537 1538//1538
f 1526//1526 1759//1759 1760//1760
f 1527//1527 1528//1528 1539//1539
f 1527//1527 1528//1528 1760//1760
f 1527//1527 1537//1537 1538//1538
f 1527//1527 1538//1538 1539//1539
f 1527//1527 1538//1538 1760//1760
f 1527//1527 1538//1538 1768//1768
f 1527//1527 1750//1750 1760//1760
f 1527//1527 1760//1760 1768//1768
f 1528//1528 1751//1751 1761//1761
f 1528//1528 1760//1760 1761//1761
f 1529//1529 1530//1530 1763//1763
f 1529//1529 1540//1540 1762//1762
f 1529//1529 1753//1753 1762//1762
f 1529//1529 1762//1762 1763//1763
f 1530//1530 1754//1754 1763//1763
f 1531//1531 1541//1541 1542//1542
f 1531//1531 1542//1542 1764//1764
f 1531//1531 1756//1756 1764//1764
f 1532//1532 1533//1533 1766//1766
f 1533//1533 1543//1543 1767//1767
f 1533//1533 1766//1766 1767//1767
f 1534//1534 1535//1535 1545//1545
f 1535//1535 1545//1545 1546//1546
f 1538//1538 1539//1539 1548//1548
f 1538//1538 1547//1547 1548//1548
f 1538//1538 1547//1547 1776//1776
f 1538//1538 1760//1760 1768//1768
f 1538//1538 1768//1768 1776//1776
f 1540//1540 1549//1549 1777//1777
f 1540//1540 1762//1762 1769//1769
f 1540//1540 1769//1769 1777//1777
f 1541//1541 1542//1542 1770//1770
f 1541//1541 1550//1550 1551//1551
f 1541//1541 1551//1551 1770//1770
f 1542//1542 1764//1764 1765//1765
f 1542//1542 1765//1765 1770//1770
f 1543//1543 1552//1552 1772//1772
f 1543//1543 1767//1767 1772//1772
f 1544//1544 1545//1545 1773//1773
f 1544//1544 1559//1559 1788//1788
f 1544//1544 1773//1773 1788//1788
f 1545//1545 1546//1546 1560//1560
f 1545//1545 1560//1560 1789//1789
f 1545//1545 1773//1773 1789//1789
f 1545//1545 1774//1774 1789//1789
f 1546//1546 1560//1560 1561//1561
f 1547//1547 1563//1563 1776//1776
f 1547//1547 1563//1563 1792//1792
f 1547//1547 1776//1776 1792//1792
f 1549//1549 1566//1566 1793//1793
f 1549//1549 1777//1777 1793//1793
f 1550//1550 1551//1551 1779//1779
f 1550//1550 1568//1568 1778//1778
f 1550//1550 1778//1778 1779//1779
f 1551//1551 1770//1770 1779//1779
f 1552//1552 1569//1569 1797//1797
f 1552//1552 1772//1772 1781//1781
f 1552//1552 1780//1780 1781//1781
f 1552//1552 1781//1781 1797//1797
f 1553//1553 1554//1554 1782//1782
f 1553//1553 1572//1572 1800//1800
f 1553//1553 1782//1782 1800//1800
f 1554//1554 1555//1555 1783//1783
f 1554//1554 1782//1782 1783//1783
f 1555//1555 1556//1556 1785//1785
f 1555//1555 1783//1783 1784//1784
f 1555//1555 1784//1784 1785//1785
f 1556//1556 1557//1557 1573//1573
f 1556//1556 1557//1557 1786//1786
f 1556//1556 1785//1785 1786//1786
f 1557//1557 1573//1573 1574//1574
f 1557//1557 1574//1574 1786//1786
f 1558//1558 1559//1559 1788//1788
f 1558//1558 1577//1577 1787//1787
f 1558//1558 1787//1787 1788//1788
f 1560//1560 1561//1561 1790//1790
f 1560//1560 1789//1789 1790//1790
f 1561//1561 1578//1578 1579//1579
f 1561//1561 1579//1579 1805//1805
f 1561//1561 1790//1790 1805//1805
f 1561//1561 1790//1790 2002//2002
f 1562//1562 1563//1563 1580//1580
f 1562//1562 1563//1563 1581//1581
f 1562//1562 1580//1580 1581//1581
f 1562//1562 1580//1580 1791//1791
f 1562//1562 1580//1580 1807//1807
f 1562//1562 1791//1791 1807//1807
f 1563//1563 1564//1564 1582//1582
f 1563//1563 1580//1580 1581//1581
f 1563//1563 1581//1581 1582//1582
f 1563//1563 1581//1581 1808//1808
f 1563//1563 1776//1776 1792//1792
f 1563//1563 1792//1792 1808//1808
f 1565//1565 1566//1566 1793//1793
f 1565//1565 1583//1583 1809//1809
f 1565//1565 1793//1793 1809//1809
f 1566//1566 1584//1584 1810//1810
f 1566//1566 1793//1793 1810//1810
f 1567//1567 1568//1568 1795//1795
f 1567//1567 1586//1586 1794//1794
f 1567//1567 1794//1794 1795//1795
f 1568//1568 1778//1778 1795//1795
f 1569//1569 1587//1587 1814//1814
f 1569//1569 1796//1796 1797//1797
f 1569//1569 1797//1797 1814//1814
f 1570//1570 1571//1571 1798//1798
f 1570//1570 1589//1589 1816//1816
f 1570//1570 1798//1798 1816//1816
f 1571//1571 1572//1572 1799//1799
f 1571//1571 1798//1798 1799//1799
f 1572//1572 1799//1799 1800//1800
f 1574//1574 1575//1575 1802//1802
f 1574//1574 1786//1786 1801//1801
f 1574//1574 1801//1801 1802//1802
f 1575//1575 1576//1576 1803//1803
f 1575//1575 1802//1802 1803//1803
f 1576//1576 1577//1577 1804//1804
f 1576//1576 1803//1803 1804//1804
f 1577//1577 1787//1787 1804//1804
f 1579//1579 1590//1590 1817//1817
f 1579//1579 1805//1805 1806//1806
f 1579//1579 1806//1806 1817//1817
f 1580//1580 1581//1581 1807//1807
f 1580//1580 1581//1581 1808//1808
f 1580//1580 1791//1791 1807//1807
f 1580//1580 1807//1807 1808//1808
f 1581//1581 1591//1591 1819//1819
f 1581//1581 1807//1807 1808//1808
f 1581//1581 1808//1808 1819//1819
f 1583//1583 1584//1584 1809//1809
f 1583//1583 1584//1584 1810//1810
f 1583//1583 1593//1593 1810//1810
f 1584//1584 1809//1809 1810//1810
f 1585//1585 1586//1586 1811//1811
f 1585//1585 1594//1594 1811//1811
f 1586//1586 1794//1794 1812//1812
f 1586//1586 1811//1811 1812//1812
f 1587//1587 1588//1588 1814//1814
f 1587//1587 1595//1595 1814//1814
f 1588//1588 1589//1589 1815//1815
f 1588//1588 1814//1814 1815//1815
f 1589//1589 1815//1815 1816//1816
f 1590//1590 1596//1596 1817//1817
f 1591//1591 1592//1592 1598//1598
f 1591//1591 1597//1597 1598//1598
f 1591//1591 1597//1597 1819//1819
f 1592//1592 1598//1598 1599//1599
f 1593//1593 1599//1599 1827//1827
f 1593//1593 1810//1810 1821//1821
f 1593//1593 1820//1820 1821//1821
f 1593//1593 1820//1820 1827//1827
f 1594//1594 1600//1600 1829//1829
f 1594//1594 1811//1811 1822//1822
f 1594//1594 1822//1822 1829//1829
f 1595//1595 1814//1814 1823//1823
f 1596//1596 1601//1601 1830//1830
f 1596//1596 1817//1817 1824//1824
f 1596//1596 1824//1824 1830//1830
f 1597//1597 1598//1598 1603//1603
f 1597//1597 1602//1602 1603//1603
f 1597//1597 1602//1602 1825//1825
f 1597//1597 1602//1602 1831//1831
f 1597//1597 1819//1819 1825//1825
f 1597//1597 1825//1825 1831//1831
f 1598//1598 1599//1599 1827//1827
f 1598//1598 1603//1603 1826//1826
f 1598//1598 1826//1826 1832//1832
f 1598//1598 1827//1827 1832//1832
f 1600//1600 1605//1605 1835//1835
f 1600//1600 1829//1829 1835//1835
f 1601//1601 1606//1606 1836//1836
f 1601//1601 1830//1830 1836//1836
f 1602//1602 1603//1603 1831//1831
f 1602//1602 1825//1825 1831//1831
f 1603//1603 1607//1607 1832//1832
f 1603//1603 1607//1607 1838//1838
f 1603//1603 1826//1826 1832//1832
f 1603//1603 1831//1831 1832//1832
f 1603//1603 1832//1832 1838//1838
f 1604//1604 1605//1605 1835//1835
f 1604//1604 1609//1609 1840//1840
f 1604//1604 1834//1834 1835//1835
f 1604//1604 1834//1834 1840//1840
f 1606//1606 1610//1610 1836//1836
f 1607//1607 1608//1608 1611//1611
f 1607//1607 1608//1608 1839//1839
f 1607//1607 1611//1611 1838//1838
f 1607//1607 1832//1832 1838//1838
f 1607//1607 1838//1838 1839//1839
f 1608//1608 1611//1611 1612//1612
f 1608//1608 1612//1612 1839//1839
f 1608//1608 1612//1612 1844//1844
f 1608//1608 1839//1839 1844//1844
f 1609//1609 1613//1613 1845//1845
f 1609//1609 1840//1840 1845//1845
f 1610//1610 1615//1615 1841//1841
f 1610//1610 1836//1836 1841//1841
f 1611//1611 1612//1612 1843//1843
f 1611//1611 1838//1838 1843//1843
f 1612//1612 1839//1839 1844//1844
f 1612//1612 1843//1843 1844//1844
f 1613//1613 1614//1614 1616//1616
f 1613//1613 1616//1616 1849//1849
f 1613//1613 1845//1845 2054//2054
f 1613//1613 1849//1849 2054//2054
f 1615//1615 1617//1617 1846//1846
f 1615//1615 1841//1841 1846//1846
f 1616//1616 1618//1618 1852//1852
f 1616//1616 1849//1849 2059//2059
f 1616//1616 1852//1852 2059//2059
f 1617//1617 1620//1620 1850//1850
f 1617//1617 1846//1846 1850//1850
f 1618//1618 1619//1619 1853//1853
f 1618//1618 1852//1852 1853//1853
f 1618//1618 1852//1852 2062//2062
f 1619//1619 1622//1622 1857//1857
f 1619//1619 1853//1853 1857//1857
f 1620//1620 1621//1621 1632//1632
f 1620//1620 1621//1621 1855//1855
f 1620//1620 1850//1850 1854//1854
f 1620//1620 1854//1854 1855//1855
f 1621//1621 1632//1632 1633//1633
f 1621//1621 1633//1633 1855//1855
f 1622//1622 1623//1623 1858//1858
f 1622//1622 1857//1857 1858//1858
f 1623//1623 1634//1634 1871//1871
f 1623//1623 1858//1858 1871//1871
f 1624//1624 1625//1625 1859//1859
f 1624//1624 1639//1639 1876//1876
f 1624//1624 1859//1859 1876//1876
f 1625//1625 1626//1626 1860//1860
f 1625//1625 1859//1859 1860//1860
f 1626//1626 1627//1627 1861//1861
f 1626//1626 1860//1860 1861//1861
f 1627//1627 1628//1628 1863//1863
f 1627//1627 1861//1861 1862//1862
f 1627//1627 1862//1862 1863//1863
f 1628//1628 1629//1629 1864//1864
f 1628//1628 1863//1863 1864//1864
f 1629//1629 1630//1630 1864//1864
f 1630//1630 1631//1631 1865//1865
f 1630//1630 1864//1864 1865//1865
f 1631//1631 1640//1640 1866//1866
f 1631//1631 1865//1865 1866//1866
f 1633//1633 1643//1643 1879//1879
f 1633//1633 1855//1855 1867//1867
f 1633//1633 1867//1867 1879//1879
f 1634//1634 1635//1635 1871//1871
f 1635//1635 1636//1636 1873//1873
f 1635//1635 1871//1871 1872//1872
f 1635//1635 1872//1872 1873//1873
f 1636//1636 1637//1637 1874//1874
f 1636//1636 1873//1873 1874//1874
f 1637//1637 1638//1638 1874//1874
f 1638//1638 1639//1639 1876//1876
f 1638//1638 1874//1874 1875//1875
f 1638//1638 1875//1875 1876//1876
f 1640//1640 1641//1641 1646//1646
f 1640//1640 1641//1641 1877//1877
f 1640//1640 1641//1641 1878//1878
f 1640//1640 1866//1866 1877//1877
f 1640//1640 1877//1877 1878//1878
f 1641//1641 1646//1646 1878//1878
f 1641//1641 1646//1646 1886//1886
f 1641//1641 1877//1877 1878//1878
f 1641//1641 1878//1878 1886//1886
f 1642//1642 1643//1643 1649//1649
f 1643//1643 1649//1649 1879//1879
f 1644//1644 1645//1645 1651//1651
f 1644//1644 1645//1645 1881//1881
f 1644//1644 1651//1651 1889//1889
f 1644//1644 1880//1880 1881//1881
f 1644//1644 1880//1880 1889//1889
f 1645//1645 1651//1651 1652//1652
f 1645//1645 1652//1652 1890//1890
f 1645//1645 1881//1881 1890//1890
f 1646//1646 1654//1654 1886//1886
f 1646//1646 1878//1878 1886//1886
f 1649//1649 1658//1658 1887//1887
f 1649//1649 1879//1879 1887//1887
f 1650//1650 1651//1651 1888//1888
f 1650//1650 1659//1659 1888//1888
f 1651//1651 1888//1888 1889//1889
f 1652//1652 1653//1653 1661//1661
f 1652//1652 1653//1653 1891//1891
f 1652//1652 1660//1660 1661//1661
f 1652//1652 1890//1890 1891//1891
f 1653//1653 1661//1661 1891//1891
f 1654//1654 1655//1655 1893//1893
f 1654//1654 1886//1886 1893//1893
f 1655//1655 1662//1662 1899//1899
f 1655//1655 1893//1893 1899//1899
f 1658//1658 1659//1659 1894//1894
f 1658//1658 1887//1887 1894//1894
f 1659//1659 1888//1888 1895//1895
f 1659//1659 1894//1894 1895//1895
f 1661//1661 1667//1667 1896//1896
f 1661//1661 1891//1891 1896//1896
f 1662//1662 1663//1663 1669//1669
f 1662//1662 1668//1668 1669//1669
f 1662//1662 1668//1668 1899//1899
f 1662//1662 1899//1899 1901//1901
f 1664//1664 1665//1665 1670//1670
f 1665//1665 1670//1670 1671//1671
f 1667//1667 1672//1672 1900//1900
f 1667//1667 1896//1896 1900//1900
f 1668//1668 1669//1669 1901//1901
f 1668//1668 1899//1899 1901//1901
f 1669//1669 1673//1673 1902//1902
f 1669//1669 1901//1901 1902//1902
f 1670//1670 1671//1671 1675//1675
f 1670//1670 1674//1674 1675//1675
f 1671//1671 1675//1675 1903//1903
f 1671//1671 1675//1675 1907//1907
f 1671//1671 1903//1903 1907//1907
f 1672//1672 1679//1679 1909//1909
f 1672//1672 1900//1900 1904//1904
f 1672//1672 1904//1904 1909//1909
f 1673//1673 1674//1674 1680//1680
f 1673//1673 1680//1680 1910//1910
f 1673//1673 1902//1902 1905//1905
f 1673//1673 1905//1905 1910//1910
f 1674//1674 1675//1675 1907//1907
f 1674//1674 1680//1680 1911//1911
f 1674//1674 1906//1906 1907//1907
f 1674//1674 1906//1906 1911//1911
f 1675//1675 1676//1676 1908//1908
f 1675//1675 1903//1903 1907//1907
f 1675//1675 1907//1907 1908//1908
f 1676//1676 1677//1677 1681//1681
f 1676//1676 1677//1677 1682//1682
f 1676//1676 1681//1681 1912//1912
f 1676//1676 1908//1908 1912//1912
f 1677//1677 1681//1681 1682//1682
f 1678//1678 1679//1679 1909//1909
f 1678//1678 1685//1685 1915//1915
f 1678//1678 1909//1909 1915//1915
f 1680//1680 1910//1910 1911//1911
f 1681//1681 1682//1682 1913//1913
f 1681//1681 1912//1912 1913//1913
f 1682//1682 1683//1683 1913//1913
f 1682//1682 1686//1686 1913//1913
f 1682//1682 1686//1686 1917//1917
f 1682//1682 1913//1913 1917//1917
f 1683//1683 1684//1684 1688//1688
f 1683//1683 1687//1687 1688//1688
f 1683//1683 1687//1687 1918//1918
f 1683//1683 1913//1913 1914//1914
f 1683//1683 1914//1914 1918//1918
f 1684//1684 1685//1685 1688//1688
f 1685//1685 1688//1688 1689//1689
f 1685//1685 1689//1689 1920//1920
f 1685//1685 1915//1915 1920//1920
f 1686//1686 1913//1913 1917//1917
f 1687//1687 1688//1688 1918//1918
f 1688//1688 1689//1689 1691//1691
f 1688//1688 1690//1690 1691//1691
f 1688//1688 1690//1690 1921//1921
f 1688//1688 1918//1918 1919//1919
f 1688//1688 1919//1919 1921//1921
f 1689//1689 1691//1691 1922//1922
f 1689//1689 1920//1920 1922//1922
f 1690//1690 1691//1691 1922//1922
f 1690//1690 1921//1921 1922//1922
f 1692//1692 1693//1693 1924//1924
f 1692//1692 1696//1696 1927//1927
f 1692//1692 1923//1923 1924//1924
f 1692//1692 1923//1923 1927//1927
f 1693//1693 1694//1694 1924//1924
f 1694//1694 1697//1697 1698//1698
f 1694//1694 1697//1697 1928//1928
f 1694//1694 1924//1924 1925//1925
f 1694//1694 1925//1925 1928//1928
f 1695//1695 1696//1696 1926//1926
f 1695//1695 1701//1701 1926//1926
f 1696//1696 1697//1697 1927//1927
f 1696//1696 1702//1702 1930//1930
f 1696//1696 1926//1926 1927//1927
f 1696//1696 1927//1927 1930//1930
f 1697//1697 1927//1927 1928//1928
f 1699//1699 1700//1700 1703//1703
f 1699//1699 1700//1700 1704//1704
f 1700//1700 1703//1703 1704//1704
f 1701//1701 1705//1705 1931//1931
f 1701//1701 1926//1926 1929//1929
f 1701//1701 1929//1929 1931//1931
f 1702//1702 1706//1706 1930//1930
f 1703//1703 1704//1704 1708//1708
f 1703//1703 1707//1707 1708//1708
f 1705//1705 1706//1706 1711//1711
f 1705//1705 1706//1706 1931//1931
f 1705//1705 1710//1710 1711//1711
f 1706//1706 1930//1930 1932//1932
f 1706//1706 1931//1931 1932//1932
f 1709//1709 1710//1710 1715//1715
f 1709//1709 1714//1714 1715//1715
f 1712//1712 1718//1718 1938//1938
f 1712//1712 1718//1718 1943//1943
f 1712//1712 1938//1938 1943//1943
f 1713//1713 1720//1720 1940//1940
f 1713//1713 1720//1720 1945//1945
f 1713//1713 1940//1940 1945//1945
f 1714//1714 1715//1715 1721//1721
f 1715//1715 1721//1721 1722//1722
f 1715//1715 1722//1722 1947//1947
f 1717//1717 1724//1724 1942//1942
f 1717//1717 1724//1724 1949//1949
f 1717//1717 1942//1942 1949//1949
f 1718//1718 1719//1719 1725//1725
f 1718//1718 1719//1719 1944//1944
f 1718//1718 1725//1725 1950//1950
f 1718//1718 1938//1938 1943//1943
f 1718//1718 1943//1943 1944//1944
f 1718//1718 1943//1943 1950//1950
f 1719//1719 1725//1725 1726//1726
f 1719//1719 1726//1726 1944//1944
f 1719//1719 1726//1726 1951//1951
f 1719//1719 1944//1944 1951//1951
f 1720//1720 1727//1727 1945//1945
f 1720//1720 1727//1727 1952//1952
f 1720//1720 1940//1940 1945//1945
f 1720//1720 1945//1945 1952//1952
f 1721//1721 1722//1722 1728//1728
f 1722//1722 1728//1728 1729//1729
f 1722//1722 1729//1729 1947//1947
f 1722//1722 1729//1729 1955//1955
f 1722//1722 1947//1947 1955//1955
f 1724//1724 1725//1725 1731//1731
f 1724//1724 1725//1725 1949//1949
f 1724//1724 1731//1731 1949//1949
f 1724//1724 1942//1942 1949//1949
f 1725//1725 1726//1726 1733//1733
f 1725//1725 1726//1726 1950//1950
f 1725//1725 1731//1731 1732//1732
f 1725//1725 1732//1732 1733//1733
f 1725//1725 1732//1732 1950//1950
f 1725//1725 1732//1732 1958//1958
f 1725//1725 1949//1949 1950//1950
f 1725//1725 1950//1950 1958//1958
f 1726//1726 1727//1727 1733//1733
f 1726//1726 1727//1727 1734//1734
f 1726//1726 1733//1733 1734//1734
f 1726//1726 1733//1733 1951//1951
f 1726//1726 1733//1733 1959//1959
f 1726//1726 1944//1944 1951//1951
f 1726//1726 1950//1950 1951//1951
f 1726//1726 1951//1951 1959//1959
f 1727//1727 1733//1733 1734//1734
f 1727//1727 1945//1945 1952//1952
f 1728//1728 1729//1729 1954//1954
f 1728//1728 1736//1736 1962//1962
f 1728//1728 1954//1954 1962//1962
f 1729//1729 1737//1737 1955//1955
f 1729//1729 1947//1947 1955//1955
f 1729//1729 1954//1954 1955//1955
f 1730//1730 1740//1740 1956//1956
f 1730//1730 1740//1740 1965//1965
f 1730//1730 1956//1956 1965//1965
f 1731//1731 1732//1732 1742//1742
f 1731//1731 1741//1741 1742//1742
f 1731//1731 1741//1741 1957//1957
f 1731//1731 1949//1949 1957//1957
f 1732//1732 1733//1733 1951//1951
f 1732//1732 1742//1742 1958//1958
f 1732//1732 1742//1742 1967//1967
f 1732//1732 1950//1950 1951//1951
f 1732//1732 1950//1950 1958//1958
f 1732//1732 1958//1958 1967//1967
f 1733//1733 1734//1734 1743//1743
f 1733//1733 1734//1734 1959//1959
f 1733//1733 1743//1743 1959//1959
f 1733//1733 1951//1951 1959//1959
f 1734//1734 1743//1743 1744//1744
f 1734//1734 1744//1744 1960//1960
f 1734//1734 1744//1744 1969//1969
f 1734//1734 1959//1959 1969//1969
f 1734//1734 1960//1960 1969//1969
f 1735//1735 1736//1736 1962//1962
f 1735//1735 1745//1745 1962//1962
f 1737//1737 1738//1738 1748//1748
f 1737//1737 1747//1747 1748//1748
f 1737//1737 1747//1747 1963//1963
f 1737//1737 1955//1955 1963//1963
f 1740//1740 1750//1750 1974//1974
f 1740//1740 1956//1956 1965//1965
f 1740//1740 1965//1965 1974//1974
f 1741//1741 1751//1751 1966//1966
f 1741//1741 1957//1957 1966//1966
f 1742//1742 1958//1958 1967//1967
f 1743//1743 1959//1959 1968//1968
f 1744//1744 1754//1754 1969//1969
f 1744//1744 1754//1754 1976//1976
f 1744//1744 1960//1960 1969//1969
f 1744//1744 1969//1969 1976//1976
f 1745//1745 1746//1746 1756//1756
f 1745//1745 1746//1746 1971//1971
f 1745//1745 1755//1755 1756//1756
f 1745//1745 1962//1962 1970//1970
f 1745//1745 1970//1970 1971//1971
f 1746//1746 1756//1756 1971//1971
f 1747//1747 1748//1748 1758//1758
f 1747//1747 1748//1748 1972//1972
f 1747//1747 1757//1757 1758//1758
f 1747//1747 1757//1757 1972//1972
f 1747//1747 1758//1758 1972//1972
f 1747//1747 1963//1963 1972//1972
f 1750//1750 1751//1751 1761//1761
f 1750//1750 1751//1751 1975//1975
f 1750//1750 1760//1760 1761//1761
f 1750//1750 1760//1760 1974//1974
f 1750//1750 1760//1760 1980//1980
f 1750//1750 1974//1974 1975//1975
f 1750//1750 1974//1974 1980//1980
f 1751//1751 1966//1966 1975//1975
f 1753//1753 1754//1754 1763//1763
f 1753//1753 1762//1762 1763//1763
f 1754//1754 1763//1763 1976//1976
f 1754//1754 1763//1763 1982//1982
f 1754//1754 1969//1969 1976//1976
f 1754//1754 1976//1976 1982//1982
f 1756//1756 1757//1757 1765//1765
f 1756//1756 1757//1757 1977//1977
f 1756//1756 1764//1764 1765//1765
f 1756//1756 1971//1971 1977//1977
f 1757//1757 1758//1758 1765//1765
f 1757//1757 1972//1972 1978//1978
f 1757//1757 1977//1977 1978//1978
f 1758//1758 1765//1765 1766//1766
f 1760//1760 1768//1768 1980//1980
f 1760//1760 1974//1974 1980//1980
f 1762//1762 1763//1763 1981//1981
f 1762//1762 1763//1763 1982//1982
f 1762//1762 1769//1769 1986//1986
f 1762//1762 1981//1981 1982//1982
f 1762//1762 1981//1981 1986//1986
f 1763//1763 1976//1976 1982//1982
f 1763//1763 1981//1981 1982//1982
f 1765//1765 1766//1766 1984//1984
f 1765//1765 1770//1770 1987//1987
f 1765//1765 1983//1983 1984//1984
f 1765//1765 1983//1983 1987//1987
f 1766//1766 1767//1767 1772//1772
f 1766//1766 1771//1771 1772//1772
f 1766//1766 1771//1771 1988//1988
f 1766//1766 1984//1984 1988//1988
f 1768//1768 1776//1776 1990//1990
f 1768//1768 1980//1980 1985//1985
f 1768//1768 1985//1985 1990//1990
f 1769//1769 1777//1777 1986//1986
f 1770//1770 1779//1779 1993//1993
f 1770//1770 1987//1987 1993//1993
f 1771//1771 1772//1772 1781//1781
f 1771//1771 1780//1780 1781//1781
f 1771//1771 1780//1780 1994//1994
f 1771//1771 1988//1988 1994//1994
f 1773//1773 1788//1788 1789//1789
f 1775//1775 1776//1776 1989//1989
f 1775//1775 1776//1776 1990//1990
f 1775//1775 1989//1989 1990//1990
f 1776//1776 1792//1792 2004//2004
f 1776//1776 1989//1989 1990//1990
f 1776//1776 1990//1990 2004//2004
f 1777//1777 1793//1793 2005//2005
f 1777//1777 1986//1986 1991//1991
f 1777//1777 1991//1991 2005//2005
f 1778//1778 1779//1779 1992//1992
f 1778//1778 1795//1795 2007//2007
f 1778//1778 1992//1992 2007//2007
f 1779//1779 1992//1992 1993//1993
f 1780//1780 1781//1781 1797//1797
f 1780//1780 1796//1796 1797//1797
f 1780//1780 1796//1796 2008//2008
f 1780//1780 1994//1994 2008//2008
f 1782//1782 1783//1783 1996//1996
f 1782//1782 1800//1800 2012//2012
f 1782//1782 1995//1995 1996//1996
f 1782//1782 1995//1995 2012//2012
f 1783//1783 1784//1784 1997//1997
f 1783//1783 1996//1996 1997//1997
f 1784//1784 1785//1785 1997//1997
f 1785//1785 1786//1786 1999//1999
f 1785//1785 1997//1997 1998//1998
f 1785//1785 1998//1998 1999//1999
f 1786//1786 1801//1801 1999//1999
f 1787//1787 1788//1788 1804//1804
f 1788//1788 1789//1789 2000//2000
f 1788//1788 1804//1804 2000//2000
f 1789//1789 1790//1790 2001//2001
f 1789//1789 2000//2000 2001//2001
f 1790//1790 1805//1805 2018//2018
f 1790//1790 2001//2001 2002//2002
f 1790//1790 2002//2002 2018//2018
f 1790//1790 2002//2002 2192//2192
f 1792//1792 1808//1808 2004//2004
f 1793//1793 1809//1809 1810//1810
f 1793//1793 1810//1810 2023//2023
f 1793//1793 2005//2005 2023//2023
f 1794//1794 1795//1795 2007//2007
f 1794//1794 1812//1812 2025//2025
f 1794//1794 2006//2006 2007//2007
f 1794//1794 2006//2006 2025//2025
f 1794//1794 2006//2006 2196//2196
f 1796//1796 1797//1797 1813//1813
f 1796//1796 1813//1813 2026//2026
f 1796//1796 2008//2008 2026//2026
f 1797//1797 1813//1813 1814//1814
f 1798//1798 1799//1799 2010//2010
f 1798//1798 1815//1815 1816//1816
f 1798//1798 1815//1815 2009//2009
f 1798//1798 2009//2009 2010//2010
f 1799//1799 1800//1800 2011//2011
f 1799//1799 2010//2010 2011//2011
f 1800//1800 2011//2011 2012//2012
f 1801//1801 1802//1802 2014//2014
f 1801//1801 1999//1999 2013//2013
f 1801//1801 2013//2013 2014//2014
f 1802//1802 1803//1803 2015//2015
f 1802//1802 2014//2014 2015//2015
f 1803//1803 1804//1804 2016//2016
f 1803//1803 2015//2015 2016//2016
f 1804//1804 2000//2000 2017//2017
f 1804//1804 2016//2016 2017//2017
f 1805//1805 1806//1806 2018//2018
f 1806//1806 1817//1817 2029//2029
f 1806//1806 2018//2018 2019//2019
f 1806//1806 2019//2019 2029//2029
f 1807//1807 1808//1808 1819//1819
f 1807//1807 1808//1808 2020//2020
f 1807//1807 1818//1818 1819//1819
f 1807//1807 1818//1818 2030//2030
f 1807//1807 2020//2020 2030//2030
f 1808//1808 2004//2004 2021//2021
f 1808//1808 2020//2020 2021//2021
f 1809//1809 1810//1810 1820//1820
f 1809//1809 1810//1810 2022//2022
f 1809//1809 1820//1820 2023//2023
f 1809//1809 2022//2022 2023//2023
f 1809//1809 2023//2023 2033//2033
f 1810//1810 1820//1820 1821//1821
f 1810//1810 2022//2022 2023//2023
f 1811//1811 1812//1812 2025//2025
f 1811//1811 1822//1822 2024//2024
f 1811//1811 2024//2024 2025//2025
f 1812//1812 2025//2025 2214//2214
f 1813//1813 1814//1814 2026//2026
f 1813//1813 1814//1814 2027//2027
f 1813//1813 2026//2026 2027//2027
f 1814//1814 1815//1815 2027//2027
f 1814//1814 1823//1823 2027//2027
f 1814//1814 1823//1823 2035//2035
f 1814//1814 2027//2027 2035//2035
f 1815//1815 2009//2009 2028//2028
f 1815//1815 2027//2027 2028//2028
f 1817//1817 1824//1824 2029//2029
f 1818//1818 1819//1819 2031//2031
f 1818//1818 2030//2030 2031//2031
f 1819//1819 1825//1825 2031//2031
f 1820//1820 1821//1821 1827//1827
f 1820//1820 1821//1821 2033//2033
f 1820//1820 1827//1827 2032//2032
f 1820//1820 1827//1827 2038//2038
f 1820//1820 2023//2023 2033//2033
f 1820//1820 2032//2032 2033//2033
f 1820//1820 2032//2032 2038//2038
f 1821//1821 1827//1827 1828//1828
f 1821//1821 1828//1828 2039//2039
f 1821//1821 2033//2033 2039//2039
f 1822//1822 1829//1829 2034//2034
f 1822//1822 2024//2024 2034//2034
f 1823//1823 2027//2027 2035//2035
f 1824//1824 1830//1830 2041//2041
f 1824//1824 2029//2029 2036//2036
f 1824//1824 2036//2036 2041//2041
f 1825//1825 1831//1831 2042//2042
f 1825//1825 2031//2031 2037//2037
f 1825//1825 2037//2037 2042//2042
f 1827//1827 1828//1828 2039//2039
f 1827//1827 1832//1832 1833//1833
f 1827//1827 1833//1833 2043//2043
f 1827//1827 2032//2032 2038//2038
f 1827//1827 2038//2038 2039//2039
f 1827//1827 2038//2038 2043//2043
f 1829//1829 1835//1835 2040//2040
f 1829//1829 2034//2034 2040//2040
f 1830//1830 1836//1836 2041//2041
f 1831//1831 1832//1832 1837//1837
f 1831//1831 1837//1837 2047//2047
f 1831//1831 2042//2042 2047//2047
f 1832//1832 1833//1833 1839//1839
f 1832//1832 1837//1837 1838//1838
f 1832//1832 1838//1838 1839//1839
f 1833//1833 1839//1839 2048//2048
f 1833//1833 2043//2043 2048//2048
f 1834//1834 1835//1835 2045//2045
f 1834//1834 1840//1840 2044//2044
f 1834//1834 2044//2044 2045//2045
f 1835//1835 2040//2040 2045//2045
f 1836//1836 1841//1841 2046//2046
f 1836//1836 2041//2041 2046//2046
f 1837//1837 1838//1838 1843//1843
f 1837//1837 1842//1842 1843//1843
f 1837//1837 1842//1842 2047//2047
f 1839//1839 1844//1844 2053//2053
f 1839//1839 2048//2048 2053//2053
f 1840//1840 1845//1845 2054//2054
f 1840//1840 2044//2044 2049//2049
f 1840//1840 2049//2049 2054//2054
f 1840//1840 2049//2049 2237//2237
f 1841//1841 1846//1846 2055//2055
f 1841//1841 2046//2046 2050//2050
f 1841//1841 2050//2050 2055//2055
f 1842//1842 1843//1843 2051//2051
f 1842//1842 2047//2047 2051//2051
f 1843//1843 1844//1844 1848//1848
f 1843//1843 1847//1847 1848//1848
f 1843//1843 1847//1847 2056//2056
f 1843//1843 2051//2051 2052//2052
f 1843//1843 2052//2052 2056//2056
f 1844//1844 1845//1845 1848//1848
f 1844//1844 1845//1845 2054//2054
f 1844//1844 2053//2053 2054//2054
f 1845//1845 1848//1848 2058//2058
f 1845//1845 2054//2054 2058//2058
f 1846//1846 1850//1850 2060//2060
f 1846//1846 2055//2055 2060//2060
f 1847//1847 1848//1848 2056//2056
f 1848//1848 2056//2056 2057//2057
f 1848//1848 2057//2057 2058//2058
f 1849//1849 2054//2054 2058//2058
f 1849//1849 2058//2058 2059//2059
f 1849//1849 2059//2059 2249//2249
f 1850//1850 1851//1851 1855//1855
f 1850//1850 1851//1851 2061//2061
f 1850//1850 1854//1854 1855//1855
f 1850//1850 2060//2060 2061//2061
f 1851//1851 1855//1855 2064//2064
f 1851//1851 2061//2061 2064//2064
f 1852//1852 1853//1853 1857//1857
f 1852//1852 1857//1857 2062//2062
f 1852//1852 2059//2059 2062//2062
f 1852//1852 2062//2062 2254//2254
f 1855//1855 1867//1867 2078//2078
f 1855//1855 2064//2064 2078//2078
f 1856//1856 1869//1869 2066//2066
f 1856//1856 1869//1869 2080//2080
f 1856//1856 2066//2066 2080//2080
f 1857//1857 1858//1858 2068//2068
f 1857//1857 2062//2062 2063//2063
f 1857//1857 2063//2063 2068//2068
f 1858//1858 1871//1871 2082//2082
f 1858//1858 2068//2068 2069//2069
f 1858//1858 2069//2069 2082//2082
f 1859//1859 1860//1860 2071//2071
f 1859//1859 1876//1876 2070//2070
f 1859//1859 2070//2070 2071//2071
f 1860//1860 1861//1861 2072//2072
f 1860//1860 2071//2071 2072//2072
f 1861//1861 1862//1862 2072//2072
f 1862//1862 1863//1863 2073//2073
f 1862//1862 2072//2072 2073//2073
f 1863//1863 1864//1864 2074//2074
f 1863//1863 2073//2073 2074//2074
f 1864//1864 1865//1865 2076//2076
f 1864//1864 2074//2074 2075//2075
f 1864//1864 2075//2075 2076//2076
f 1865//1865 1866//1866 2076//2076
f 1866//1866 1877//1877 2089//2089
f 1866//1866 2076//2076 2077//2077
f 1866//1866 2077//2077 2089//2089
f 1867//1867 1879//1879 2078//2078
f 1868//1868 1869//1869 1882//1882
f 1868//1868 1869//1869 2079//2079
f 1868//1868 1882//1882 2093//2093
f 1868//1868 2079//2079 2093//2093
f 1869//1869 1870//1870 1883//1883
f 1869//1869 1870//1870 2081//2081
f 1869//1869 1882//1882 1883//1883
f 1869//1869 2066//2066 2080//2080
f 1869//1869 2079//2079 2080//2080
f 1869//1869 2080//2080 2081//2081
f 1870//1870 1883//1883 1884//1884
f 1870//1870 1884//1884 2095//2095
f 1870//1870 2081//2081 2095//2095
f 1871//1871 1872//1872 2083//2083
f 1871//1871 2082//2082 2083//2083
f 1872//1872 1873//1873 2083//2083
f 1873//1873 1874//1874 2084//2084
f 1873//1873 2083//2083 2084//2084
f 1874//1874 1875//1875 2085//2085
f 1874//1874 2084//2084 2085//2085
f 1875//1875 1876//1876 2087//2087
f 1875//1875 2085//2085 2086//2086
f 1875//1875 2086//2086 2087//2087
f 1876//1876 2070//2070 2087//2087
f 1877//1877 1878//1878 1885//1885
f 1877//1877 1885//1885 2096//2096
f 1877//1877 2089//2089 2096//2096
f 1878//1878 1885//1885 1886//1886
f 1879//1879 1887//1887 2098//2098
f 1879//1879 2078//2078 2090//2090
f 1879//1879 2090//2090 2098//2098
f 1880//1880 1881//1881 2092//2092
f 1880//1880 1888//1888 1889//1889
f 1880//1880 1888//1888 2091//2091
f 1880//1880 2091//2091 2092//2092
f 1881//1881 1882//1882 1890//1890
f 1881//1881 1882//1882 2093//2093
f 1881//1881 2092//2092 2093//2093
f 1882//1882 1883//1883 2094//2094
f 1882//1882 1890//1890 1891//1891
f 1882//1882 1891//1891 2100//2100
f 1882//1882 2094//2094 2100//2100
f 1883//1883 1884//1884 2094//2094
f 1884//1884 2094//2094 2095//2095
f 1885//1885 1886//1886 2096//2096
f 1885//1885 1886//1886 2097//2097
f 1885//1885 2096//2096 2097//2097
f 1886//1886 1893//1893 2097//2097
f 1886//1886 2096//2096 2097//2097
f 1887//1887 1888//1888 1894//1894
f 1887//1887 1888//1888 2098//2098
f 1888//1888 1894//1894 1895//1895
f 1888//1888 2091//2091 2099//2099
f 1888//1888 2098//2098 2099//2099
f 1891//1891 1892//1892 1896//1896
f 1891//1891 1892//1892 2100//2100
f 1892//1892 1896//1896 1897//1897
f 1892//1892 1897//1897 2101//2101
f 1892//1892 2100//2100 2101//2101
f 1893//1893 1898//1898 1899//1899
f 1893//1893 1898//1898 2107//2107
f 1893//1893 2097//2097 2104//2104
f 1893//1893 2104//2104 2107//2107
f 1896//1896 1897//1897 2106//2106
f 1896//1896 1900//1900 2105//2105
f 1896//1896 2105//2105 2106//2106
f 1897//1897 2101//2101 2106//2106
f 1898//1898 1899//1899 2108//2108
f 1898//1898 2107//2107 2108//2108
f 1899//1899 1901//1901 2108//2108
f 1900//1900 1904//1904 2109//2109
f 1900//1900 2105//2105 2109//2109
f 1901//1901 1902//1902 2112//2112
f 1901//1901 2108//2108 2111//2111
f 1901//1901 2111//2111 2112//2112
f 1902//1902 1905//1905 2112//2112
f 1904//1904 1909//1909 2113//2113
f 1904//1904 2109//2109 2113//2113
f 1905//1905 1910//1910 2118//2118
f 1905//1905 2112//2112 2114//2114
f 1905//1905 2114//2114 2118//2118
f 1906//1906 1907//1907 2115//2115
f 1906//1906 1911//1911 2115//2115
f 1907//1907 1908//1908 2120//2120
f 1907//1907 2115//2115 2120//2120
f 1908//1908 1912//1912 2120//2120
f 1909//1909 1915//1915 1916//1916
f 1909//1909 1916//1916 2124//2124
f 1909//1909 2113//2113 2116//2116
f 1909//1909 2116//2116 2124//2124
f 1910//1910 1911//1911 2118//2118
f 1911//1911 2115//2115 2120//2120
f 1911//1911 2118//2118 2119//2119
f 1911//1911 2119//2119 2120//2120
f 1912//1912 1913//1913 2121//2121
f 1912//1912 2120//2120 2121//2121
f 1913//1913 1914//1914 1917//1917
f 1913//1913 1917//1917 2122//2122
f 1913//1913 2121//2121 2122//2122
f 1914//1914 1917//1917 1918//1918
f 1915//1915 1916//1916 2124//2124
f 1915//1915 1920//1920 2128//2128
f 1915//1915 2123//2123 2124//2124
f 1915//1915 2123//2123 2128//2128
f 1917//1917 1918//1918 2125//2125
f 1917//1917 2122//2122 2125//2125
f 1918//1918 1919//1919 2127//2127
f 1918//1918 2125//2125 2126//2126
f 1918//1918 2126//2126 2127//2127
f 1919//1919 1920//1920 1922//1922
f 1919//1919 1920//1920 2128//2128
f 1919//1919 1921//1921 1922//1922
f 1919//1919 2127//2127 2128//2128
f 1923//1923 1924//1924 1927//1927
f 1923//1923 1924//1924 2129//2129
f 1924//1924 1925//1925 1928//1928
f 1924//1924 1925//1925 2129//2129
f 1924//1924 1925//1925 2130//2130
f 1924//1924 1927//1927 1928//1928
f 1924//1924 1928//1928 2129//2129
f 1924//1924 1928//1928 2131//2131
f 1924//1924 2129//2129 2130//2130
f 1924//1924 2129//2129 2131//2131
f 1925//1925 2129//2129 2130//2130
f 1926//1926 1927//1927 1930//1930
f 1926//1926 1929//1929 1930//1930
f 1928//1928 2129//2129 2131//2131
f 1929//1929 1930//1930 1932//1932
f 1929//1929 1931//1931 1932//1932
f 1939//1939 1940//1940 2139//2139
f 1939//1939 1940//1940 2140//2140
f 1939//1939 1944//1944 2139//2139
f 1939//1939 2135//2135 2139//2139
f 1939//1939 2139//2139 2140//2140
f 1940//1940 1945//1945 2140//2140
f 1940//1940 1945//1945 2146//2146
f 1940//1940 2139//2139 2140//2140
f 1940//1940 2140//2140 2146//2146
f 1942//1942 1943//1943 1949//1949
f 1942//1942 1943//1943 2143//2143
f 1942//1942 1949//1949 2143//2143
f 1942//1942 1949//1949 2149//2149
f 1942//1942 2143//2143 2149//2149
f 1943//1943 1944//1944 1950//1950
f 1943//1943 1944//1944 1951//1951
f 1943//1943 1944//1944 2144//2144
f 1943//1943 1944//1944 2145//2145
f 1943//1943 1949//1949 1950//1950
f 1943//1943 1950//1950 1951//1951
f 1943//1943 1950//1950 2144//2144
f 1943//1943 1950//1950 2150//2150
f 1943//1943 2143//2143 2144//2144
f 1943//1943 2144//2144 2145//2145
f 1943//1943 2144//2144 2150//2150
f 1944//1944 1951//1951 2145//2145
f 1944//1944 2144//2144 2145//2145
f 1945//1945 1952//1952 2146//2146
f 1945//1945 1952//1952 2152//2152
f 1945//1945 2140//2140 2146//2146
f 1945//1945 2146//2146 2152//2152
f 1946//1946 1953//1953 2153//2153
f 1946//1946 2147//2147 2153//2153
f 1948//1948 1956//1956 2148//2148
f 1949//1949 1957//1957 2149//2149
f 1949//1949 2143//2143 2149//2149
f 1950//1950 1951//1951 2150//2150
f 1950//1950 2144//2144 2150//2150
f 1951//1951 1959//1959 1960//1960
f 1951//1951 1959//1959 2151//2151
f 1951//1951 1959//1959 2156//2156
f 1951//1951 2145//2145 2151//2151
f 1951//1951 2150//2150 2151//2151
f 1951//1951 2151//2151 2156//2156
f 1952//1952 1960//1960 2152//2152
f 1952//1952 1960//1960 2157//2157
f 1952//1952 2146//2146 2152//2152
f 1952//1952 2152//2152 2157//2157
f 1954//1954 1955//1955 1963//1963
f 1954//1954 1962//1962 1963//1963
f 1956//1956 1965//1965 2162//2162
f 1956//1956 2148//2148 2154//2154
f 1956//1956 2154//2154 2162//2162
f 1957//1957 1966//1966 2155//2155
f 1957//1957 2149//2149 2155//2155
f 1959//1959 1960//1960 1969//1969
f 1959//1959 1960//1960 2156//2156
f 1959//1959 1968//1968 1969//1969
f 1959//1959 2151//2151 2156//2156
f 1959//1959 2156//2156 2164//2164
f 1960//1960 1961//1961 2157//2157
f 1960//1960 1961//1961 2158//2158
f 1960//1960 1969//1969 2165//2165
f 1960//1960 2152//2152 2157//2157
f 1960//1960 2156//2156 2157//2157
f 1960//1960 2157//2157 2158//2158
f 1960//1960 2157//2157 2165//2165
f 1961//1961 2157//2157 2158//2158
f 1962//1962 1963//1963 2160//2160
f 1962//1962 1970//1970 1971//1971
f 1962//1962 1971//1971 2166//2166
f 1962//1962 2159//2159 2160//2160
f 1962//1962 2159//2159 2166//2166
f 1963//1963 1972//1972 2167//2167
f 1963//1963 2160//2160 2167//2167
f 1965//1965 1966//1966 1974//1974
f 1965//1965 1966//1966 2162//2162
f 1965//1965 1966//1966 2163//2163
f 1965//1965 1974//1974 2162//2162
f 1965//1965 1974//1974 2168//2168
f 1965//1965 2162//2162 2163//2163
f 1965//1965 2162//2162 2168//2168
f 1966//1966 1974//1974 1975//1975
f 1966//1966 2155//2155 2163//2163
f 1966//1966 2162//2162 2163//2163
f 1969//1969 1976//1976 2165//2165
f 1971//1971 1972//1972 1978//1978
f 1971//1971 1972//1972 2166//2166
f 1971//1971 1977//1977 1978//1978
f 1972//1972 2166//2166 2167//2167
f 1973//1973 1974//1974 1980//1980
f 1973//1973 1979//1979 1980//1980
f 1974//1974 1980//1980 2168//2168
f 1974//1974 2162//2162 2168//2168
f 1976//1976 1982//1982 2172//2172
f 1976//1976 2165//2165 2169//2169
f 1976//1976 2169//2169 2172//2172
f 1980//1980 1985//1985 2174//2174
f 1980//1980 2168//2168 2170//2170
f 1980//1980 2170//2170 2174//2174
f 1981//1981 1982//1982 2171//2171
f 1981//1981 1982//1982 2172//2172
f 1981//1981 1986//1986 2175//2175
f 1981//1981 2171//2171 2172//2172
f 1981//1981 2171//2171 2175//2175
f 1982//1982 2171//2171 2172//2172
f 1983//1983 1984//1984 1988//1988
f 1983//1983 1987//1987 1988//1988
f 1985//1985 1990//1990 2178//2178
f 1985//1985 2170//2170 2174//2174
f 1985//1985 2174//2174 2178//2178
f 1986//1986 1991//1991 2175//2175
f 1987//1987 1988//1988 1994//1994
f 1987//1987 1993//1993 1994//1994
f 1989//1989 1990//1990 2004//2004
f 1989//1989 1990//1990 2177//2177
f 1989//1989 2003//2003 2004//2004
f 1989//1989 2003//2003 2177//2177
f 1990//1990 2177//2177 2178//2178
f 1991//1991 2005//2005 2195//2195
f 1991//1991 2175//2175 2179//2179
f 1991//1991 2179//2179 2180//2180
f 1991//1991 2179//2179 2195//2195
f 1992//1992 1993//1993 2182//2182
f 1992//1992 2007//2007 2197//2197
f 1992//1992 2181//2181 2182//2182
f 1992//1992 2181//2181 2197//2197
f 1993//1993 1994//1994 2183//2183
f 1993//1993 2182//2182 2183//2183
f 1994//1994 2008//2008 2183//2183
f 1995//1995 1996//1996 2185//2185
f 1995//1995 2012//2012 2184//2184
f 1995//1995 2184//2184 2185//2185
f 1996//1996 1997//1997 2186//2186
f 1996//1996 2185//2185 2186//2186
f 1996//1996 2185//2185 2362//2362
f 1997//1997 1998//1998 2187//2187
f 1997//1997 2186//2186 2187//2187
f 1998//1998 1999//1999 2188//2188
f 1998//1998 2187//2187 2188//2188
f 1999//1999 2013//2013 2014//2014
f 1999//1999 2014//2014 2188//2188
f 2000//2000 2001//2001 2191//2191
f 2000//2000 2017//2017 2190//2190
f 2000//2000 2190//2190 2191//2191
f 2001//2001 2002//2002 2192//2192
f 2001//2001 2191//2191 2192//2192
f 2002//2002 2018//2018 2209//2209
f 2002//2002 2192//2192 2209//2209
f 2003//2003 2004//2004 2021//2021
f 2003//2003 2020//2020 2021//2021
f 2003//2003 2020//2020 2193//2193
f 2003//2003 2177//2177 2193//2193
f 2005//2005 2023//2023 2195//2195
f 2006//2006 2007//2007 2196//2196
f 2006//2006 2025//2025 2196//2196
f 2007//2007 2196//2196 2197//2197
f 2008//2008 2026//2026 2215//2215
f 2008//2008 2183//2183 2199//2199
f 2008//2008 2199//2199 2215//2215
f 2009//2009 2010//2010 2202//2202
f 2009//2009 2028//2028 2201//2201
f 2009//2009 2201//2201 2202//2202
f 2010//2010 2011//2011 2202//2202
f 2011//2011 2012//2012 2204//2204
f 2011//2011 2202//2202 2203//2203
f 2011//2011 2203//2203 2204//2204
f 2012//2012 2184//2184 2204//2204
f 2014//2014 2015//2015 2206//2206
f 2014//2014 2188//2188 2205//2205
f 2014//2014 2205//2205 2206//2206
f 2015//2015 2016//2016 2206//2206
f 2016//2016 2017//2017 2208//2208
f 2016//2016 2206//2206 2207//2207
f 2016//2016 2207//2207 2208//2208
f 2017//2017 2190//2190 2208//2208
f 2018//2018 2019//2019 2210//2210
f 2018//2018 2209//2209 2210//2210
f 2019//2019 2029//2029 2218//2218
f 2019//2019 2210//2210 2218//2218
f 2020//2020 2030//2030 2219//2219
f 2020//2020 2193//2193 2211//2211
f 2020//2020 2211//2211 2219//2219
f 2023//2023 2033//2033 2221//2221
f 2023//2023 2195//2195 2212//2212
f 2023//2023 2212//2212 2221//2221
f 2024//2024 2025//2025 2213//2213
f 2024//2024 2034//2034 2213//2213
f 2025//2025 2196//2196 2214//2214
f 2025//2025 2213//2213 2214//2214
f 2025//2025 2214//2214 2392//2392
f 2026//2026 2027//2027 2216//2216
f 2026//2026 2215//2215 2216//2216
f 2027//2027 2028//2028 2217//2217
f 2027//2027 2216//2216 2217//2217
f 2028//2028 2201//2201 2217//2217
f 2028//2028 2216//2216 2217//2217
f 2029//2029 2036//2036 2218//2218
f 2030//2030 2031//2031 2220//2220
f 2030//2030 2219//2219 2220//2220
f 2031//2031 2037//2037 2220//2220
f 2033//2033 2039//2039 2227//2227
f 2033//2033 2221//2221 2227//2227
f 2034//2034 2040//2040 2228//2228
f 2034//2034 2213//2213 2222//2222
f 2034//2034 2222//2222 2228//2228
f 2036//2036 2041//2041 2229//2229
f 2036//2036 2218//2218 2223//2223
f 2036//2036 2223//2223 2229//2229
f 2037//2037 2042//2042 2225//2225
f 2037//2037 2220//2220 2225//2225
f 2038//2038 2039//2039 2227//2227
f 2038//2038 2043//2043 2231//2231
f 2038//2038 2226//2226 2227//2227
f 2038//2038 2226//2226 2231//2231
f 2040//2040 2045//2045 2228//2228
f 2041//2041 2046//2046 2234//2234
f 2041//2041 2229//2229 2234//2234
f 2042//2042 2047//2047 2235//2235
f 2042//2042 2225//2225 2230//2230
f 2042//2042 2230//2230 2235//2235
f 2043//2043 2048//2048 2231//2231
f 2044//2044 2045//2045 2233//2233
f 2044//2044 2049//2049 2237//2237
f 2044//2044 2232//2232 2233//2233
f 2044//2044 2232//2232 2237//2237
f 2045//2045 2228//2228 2233//2233
f 2046//2046 2050//2050 2234//2234
f 2047//2047 2051//2051 2235//2235
f 2048//2048 2053//2053 2236//2236
f 2048//2048 2231//2231 2236//2236
f 2049//2049 2054//2054 2242//2242
f 2049//2049 2237//2237 2242//2242
f 2050//2050 2055//2055 2243//2243
f 2050//2050 2234//2234 2238//2238
f 2050//2050 2238//2238 2243//2243
f 2051//2051 2052//2052 2239//2239
f 2051//2051 2235//2235 2239//2239
f 2052//2052 2056//2056 2240//2240
f 2052//2052 2239//2239 2240//2240
f 2053//2053 2054//2054 2242//2242
f 2053//2053 2236//2236 2241//2241
f 2053//2053 2241//2241 2242//2242
f 2054//2054 2058//2058 2242//2242
f 2054//2054 2058//2058 2248//2248
f 2054//2054 2242//2242 2248//2248
f 2055//2055 2060//2060 2061//2061
f 2055//2055 2061//2061 2244//2244
f 2055//2055 2243//2243 2244//2244
f 2056//2056 2057//2057 2246//2246
f 2056//2056 2057//2057 2247//2247
f 2056//2056 2240//2240 2246//2246
f 2056//2056 2246//2246 2247//2247
f 2057//2057 2058//2058 2248//2248
f 2057//2057 2246//2246 2247//2247
f 2057//2057 2247//2247 2248//2248
f 2057//2057 2247//2247 2252//2252
f 2058//2058 2059//2059 2249//2249
f 2058//2058 2242//2242 2248//2248
f 2058//2058 2248//2248 2249//2249
f 2059//2059 2062//2062 2249//2249
f 2061//2061 2064//2064 2256//2256
f 2061//2061 2244//2244 2250//2250
f 2061//2061 2250//2250 2256//2256
f 2062//2062 2063//2063 2254//2254
f 2062//2062 2249//2249 2254//2254
f 2063//2063 2068//2068 2254//2254
f 2064//2064 2078//2078 2269//2269
f 2064//2064 2256//2256 2269//2269
f 2065//2065 2066//2066 2080//2080
f 2065//2065 2066//2066 2257//2257
f 2065//2065 2079//2079 2080//2080
f 2065//2065 2079//2079 2257//2257
f 2066//2066 2067//2067 2080//2080
f 2066//2066 2067//2067 2259//2259
f 2066//2066 2257//2257 2258//2258
f 2066//2066 2258//2258 2259//2259
f 2067//2067 2080//2080 2081//2081
f 2067//2067 2081//2081 2272//2272
f 2067//2067 2259//2259 2272//2272
f 2068//2068 2069//2069 2260//2260
f 2068//2068 2254//2254 2260//2260
f 2068//2068 2260//2260 2436//2436
f 2069//2069 2082//2082 2261//2261
f 2069//2069 2260//2260 2261//2261
f 2070//2070 2071//2071 2263//2263
f 2070//2070 2087//2087 2262//2262
f 2070//2070 2262//2262 2263//2263
f 2071//2071 2072//2072 2264//2264
f 2071//2071 2263//2263 2264//2264
f 2072//2072 2073//2073 2264//2264
f 2073//2073 2074//2074 2266//2266
f 2073//2073 2264//2264 2265//2265
f 2073//2073 2265//2265 2266//2266
f 2074//2074 2075//2075 2266//2266
f 2075//2075 2076//2076 2267//2267
f 2075//2075 2266//2266 2267//2267
f 2076//2076 2077//2077 2088//2088
f 2076//2076 2088//2088 2268//2268
f 2076//2076 2267//2267 2268//2268
f 2077//2077 2088//2088 2089//2089
f 2078//2078 2090//2090 2281//2281
f 2078//2078 2269//2269 2281//2281
f 2079//2079 2092//2092 2093//2093
f 2079//2079 2092//2092 2271//2271
f 2079//2079 2257//2257 2271//2271
f 2081//2081 2095//2095 2285//2285
f 2081//2081 2272//2272 2285//2285
f 2082//2082 2083//2083 2273//2273
f 2082//2082 2261//2261 2273//2273
f 2083//2083 2084//2084 2274//2274
f 2083//2083 2273//2273 2274//2274
f 2083//2083 2274//2274 2451//2451
f 2084//2084 2085//2085 2275//2275
f 2084//2084 2274//2274 2275//2275
f 2085//2085 2086//2086 2277//2277
f 2085//2085 2275//2275 2276//2276
f 2085//2085 2276//2276 2277//2277
f 2086//2086 2087//2087 2278//2278
f 2086//2086 2277//2277 2278//2278
f 2087//2087 2262//2262 2278//2278
f 2088//2088 2089//2089 2279//2279
f 2088//2088 2268//2268 2279//2279
f 2089//2089 2096//2096 2280//2280
f 2089//2089 2279//2279 2280//2280
f 2090//2090 2098//2098 2282//2282
f 2090//2090 2281//2281 2282//2282
f 2091//2091 2092//2092 2283//2283
f 2091//2091 2099//2099 2288//2288
f 2091//2091 2283//2283 2288//2288
f 2092//2092 2270//2270 2271//2271
f 2092//2092 2270//2270 2284//2284
f 2092//2092 2283//2283 2284//2284
f 2094//2094 2095//2095 2101//2101
f 2094//2094 2100//2100 2101//2101
f 2095//2095 2101//2101 2102//2102
f 2095//2095 2102//2102 2290//2290
f 2095//2095 2285//2285 2290//2290
f 2096//2096 2097//2097 2103//2103
f 2096//2096 2097//2097 2104//2104
f 2096//2096 2103//2103 2286//2286
f 2096//2096 2280//2280 2286//2286
f 2097//2097 2103//2103 2104//2104
f 2098//2098 2099//2099 2287//2287
f 2098//2098 2282//2282 2287//2287
f 2099//2099 2287//2287 2288//2288
f 2101//2101 2102//2102 2290//2290
f 2101//2101 2106//2106 2289//2289
f 2101//2101 2289//2289 2290//2290
f 2103//2103 2104//2104 2291//2291
f 2103//2103 2286//2286 2291//2291
f 2104//2104 2107//2107 2294//2294
f 2104//2104 2291//2291 2292//2292
f 2104//2104 2292//2292 2294//2294
f 2105//2105 2106//2106 2109//2109
f 2106//2106 2109//2109 2110//2110
f 2106//2106 2110//2110 2293//2293
f 2106//2106 2289//2289 2293//2293
f 2107//2107 2108//2108 2294//2294
f 2108//2108 2111//2111 2295//2295
f 2108//2108 2294//2294 2295//2295
f 2109//2109 2110//2110 2297//2297
f 2109//2109 2113//2113 2300//2300
f 2109//2109 2296//2296 2297//2297
f 2109//2109 2296//2296 2300//2300
f 2110//2110 2293//2293 2297//2297
f 2111//2111 2112//2112 2299//2299
f 2111//2111 2295//2295 2298//2298
f 2111//2111 2298//2298 2299//2299
f 2112//2112 2114//2114 2302//2302
f 2112//2112 2299//2299 2302//2302
f 2113//2113 2116//2116 2300//2300
f 2114//2114 2118//2118 2302//2302
f 2115//2115 2120//2120 2309//2309
f 2115//2115 2304//2304 2309//2309
f 2116//2116 2117//2117 2305//2305
f 2116//2116 2117//2117 2306//2306
f 2116//2116 2124//2124 2305//2305
f 2116//2116 2300//2300 2305//2305
f 2116//2116 2305//2305 2306//2306
f 2117//2117 2305//2305 2306//2306
f 2118//2118 2119//2119 2307//2307
f 2118//2118 2302//2302 2307//2307
f 2119//2119 2120//2120 2309//2309
f 2119//2119 2307//2307 2308//2308
f 2119//2119 2308//2308 2309//2309
f 2120//2120 2121//2121 2309//2309
f 2121//2121 2122//2122 2313//2313
f 2121//2121 2309//2309 2310//2310
f 2121//2121 2310//2310 2313//2313
f 2122//2122 2125//2125 2314//2314
f 2122//2122 2313//2313 2314//2314
f 2123//2123 2124//2124 2312//2312
f 2123//2123 2128//2128 2311//2311
f 2123//2123 2311//2311 2312//2312
f 2124//2124 2305//2305 2312//2312
f 2125//2125 2126//2126 2314//2314
f 2126//2126 2127//2127 2315//2315
f 2126//2126 2314//2314 2315//2315
f 2127//2127 2128//2128 2316//2316
f 2127//2127 2315//2315 2316//2316
f 2128//2128 2311//2311 2317//2317
f 2128//2128 2316//2316 2317//2317
f 2133//2133 2134//2134 2322//2322
f 2134//2134 2135//2135 2138//2138
f 2134//2134 2135//2135 2323//2323
f 2134//2134 2138//2138 2323//2323
f 2134//2134 2138//2138 2327//2327
f 2134//2134 2322//2322 2323//2323
f 2134//2134 2323//2323 2324//2324
f 2134//2134 2323//2323 2327//2327
f 2134//2134 2324//2324 2328//2328
f 2134//2134 2327//2327 2328//2328
f 2135//2135 2138//2138 2139//2139
f 2135//2135 2139//2139 2328//2328
f 2135//2135 2323//2323 2324//2324
f 2135//2135 2324//2324 2328//2328
f 2136//2136 2142//2142 2330//2330
f 2137//2137 2143//2143 2326//2326
f 2138//2138 2139//2139 2145//2145
f 2138//2138 2144//2144 2145//2145
f 2138//2138 2144//2144 2327//2327
f 2138//2138 2323//2323 2327//2327
f 2139//2139 2140//2140 2328//2328
f 2139//2139 2140//2140 2329//2329
f 2139//2139 2145//2145 2328//2328
f 2139//2139 2328//2328 2329//2329
f 2140//2140 2146//2146 2329//2329
f 2140//2140 2146//2146 2334//2334
f 2140//2140 2328//2328 2329//2329
f 2140//2140 2329//2329 2334//2334
f 2143//2143 2144//2144 2331//2331
f 2143//2143 2144//2144 2332//2332
f 2143//2143 2149//2149 2331//2331
f 2143//2143 2326//2326 2331//2331
f 2143//2143 2331//2331 2332//2332
f 2143//2143 2331//2331 2336//2336
f 2144//2144 2145//2145 2151//2151
f 2144//2144 2150//2150 2151//2151
f 2144//2144 2327//2327 2332//2332
f 2145//2145 2151//2151 2333//2333
f 2145//2145 2328//2328 2333//2333
f 2146//2146 2152//2152 2334//2334
f 2146//2146 2152//2152 2338//2338
f 2146//2146 2329//2329 2334//2334
f 2146//2146 2334//2334 2338//2338
f 2149//2149 2155//2155 2336//2336
f 2149//2149 2155//2155 2341//2341
f 2149//2149 2331//2331 2336//2336
f 2149//2149 2336//2336 2341//2341
f 2151//2151 2152//2152 2156//2156
f 2151//2151 2152//2152 2157//2157
f 2151//2151 2156//2156 2157//2157
f 2151//2151 2156//2156 2342//2342
f 2151//2151 2333//2333 2337//2337
f 2151//2151 2337//2337 2342//2342
f 2152//2152 2153//2153 2338//2338
f 2152//2152 2153//2153 2339//2339
f 2152//2152 2156//2156 2157//2157
f 2152//2152 2157//2157 2338//2338
f 2152//2152 2157//2157 2343//2343
f 2152//2152 2334//2334 2338//2338
f 2152//2152 2338//2338 2343//2343
f 2153//2153 2338//2338 2339//2339
f 2154//2154 2155//2155 2162//2162
f 2154//2154 2155//2155 2340//2340
f 2154//2154 2162//2162 2340//2340
f 2154//2154 2162//2162 2344//2344
f 2154//2154 2340//2340 2344//2344
f 2155//2155 2162//2162 2163//2163
f 2155//2155 2336//2336 2341//2341
f 2155//2155 2340//2340 2341//2341
f 2156//2156 2157//2157 2343//2343
f 2156//2156 2342//2342 2343//2343
f 2157//2157 2165//2165 2343//2343
f 2157//2157 2165//2165 2345//2345
f 2157//2157 2338//2338 2343//2343
f 2157//2157 2343//2343 2345//2345
f 2159//2159 2160//2160 2166//2166
f 2160//2160 2166//2166 2167//2167
f 2162//2162 2168//2168 2344//2344
f 2162//2162 2340//2340 2344//2344
f 2165//2165 2169//2169 2345//2345
f 2165//2165 2343//2343 2345//2345
f 2168//2168 2170//2170 2350//2350
f 2168//2168 2344//2344 2347//2347
f 2168//2168 2347//2347 2350//2350
f 2169//2169 2172//2172 2348//2348
f 2169//2169 2345//2345 2348//2348
f 2170//2170 2174//2174 2350//2350
f 2170//2170 2174//2174 2354//2354
f 2170//2170 2350//2350 2354//2354
f 2171//2171 2172//2172 2175//2175
f 2171//2171 2172//2172 2351//2351
f 2171//2171 2175//2175 2355//2355
f 2171//2171 2351//2351 2355//2355
f 2172//2172 2175//2175 2176//2176
f 2172//2172 2348//2348 2352//2352
f 2172//2172 2351//2351 2352//2352
f 2173//2173 2174//2174 2178//2178
f 2173//2173 2349//2349 2353//2353
f 2174//2174 2178//2178 2354//2354
f 2174//2174 2178//2178 2358//2358
f 2174//2174 2350//2350 2354//2354
f 2174//2174 2354//2354 2358//2358
f 2175//2175 2176//2176 2179//2179
f 2175//2175 2176//2176 2356//2356
f 2175//2175 2355//2355 2356//2356
f 2176//2176 2179//2179 2180//2180
f 2176//2176 2180//2180 2360//2360
f 2176//2176 2356//2356 2360//2360
f 2177//2177 2178//2178 2194//2194
f 2177//2177 2193//2193 2194//2194
f 2178//2178 2194//2194 2358//2358
f 2178//2178 2354//2354 2358//2358
f 2179//2179 2180//2180 2195//2195
f 2179//2179 2195//2195 2359//2359
f 2180//2180 2195//2195 2372//2372
f 2180//2180 2360//2360 2373//2373
f 2180//2180 2372//2372 2373//2373
f 2181//2181 2182//2182 2198//2198
f 2181//2181 2197//2197 2198//2198
f 2182//2182 2183//2183 2199//2199
f 2182//2182 2198//2198 2199//2199
f 2184//2184 2185//2185 2362//2362
f 2184//2184 2204//2204 2382//2382
f 2184//2184 2361//2361 2362//2362
f 2184//2184 2361//2361 2382//2382
f 2185//2185 2186//2186 2363//2363
f 2185//2185 2362//2362 2363//2363
f 2185//2185 2362//2362 2540//2540
f 2186//2186 2187//2187 2364//2364
f 2186//2186 2363//2363 2364//2364
f 2187//2187 2188//2188 2364//2364
f 2188//2188 2189//2189 2205//2205
f 2188//2188 2205//2205 2366//2366
f 2188//2188 2364//2364 2365//2365
f 2188//2188 2365//2365 2366//2366
f 2190//2190 2191//2191 2368//2368
f 2190//2190 2208//2208 2367//2367
f 2190//2190 2367//2367 2368//2368
f 2191//2191 2192//2192 2368//2368
f 2192//2192 2209//2209 2387//2387
f 2192//2192 2368//2368 2369//2369
f 2192//2192 2369//2369 2387//2387
f 2193//2193 2194//2194 2371//2371
f 2193//2193 2211//2211 2370//2370
f 2193//2193 2370//2370 2371//2371
f 2194//2194 2358//2358 2371//2371
f 2195//2195 2212//2212 2390//2390
f 2195//2195 2359//2359 2372//2372
f 2195//2195 2372//2372 2390//2390
f 2196//2196 2197//2197 2374//2374
f 2196//2196 2214//2214 2392//2392
f 2196//2196 2374//2374 2392//2392
f 2197//2197 2198//2198 2375//2375
f 2197//2197 2374//2374 2375//2375
f 2198//2198 2199//2199 2376//2376
f 2198//2198 2375//2375 2376//2376
f 2199//2199 2200//2200 2216//2216
f 2199//2199 2200//2200 2378//2378
f 2199//2199 2215//2215 2216//2216
f 2199//2199 2215//2215 2393//2393
f 2199//2199 2376//2376 2377//2377
f 2199//2199 2377//2377 2378//2378
f 2199//2199 2377//2377 2393//2393
f 2200//2200 2216//2216 2378//2378
f 2201//2201 2202//2202 2379//2379
f 2201//2201 2217//2217 2379//2379
f 2202//2202 2203//2203 2380//2380
f 2202//2202 2379//2379 2380//2380
f 2203//2203 2204//2204 2382//2382
f 2203//2203 2380//2380 2381//2381
f 2203//2203 2381//2381 2382//2382
f 2205//2205 2206//2206 2384//2384
f 2205//2205 2366//2366 2383//2383
f 2205//2205 2383//2383 2384//2384
f 2206//2206 2207//2207 2384//2384
f 2207//2207 2208//2208 2386//2386
f 2207//2207 2384//2384 2385//2385
f 2207//2207 2385//2385 2386//2386
f 2208//2208 2367//2367 2386//2386
f 2209//2209 2210//2210 2387//2387
f 2210//2210 2218//2218 2396//2396
f 2210//2210 2387//2387 2388//2388
f 2210//2210 2388//2388 2396//2396
f 2211//2211 2219//2219 2389//2389
f 2211//2211 2370//2370 2389//2389
f 2212//2212 2221//2221 2390//2390
f 2212//2212 2221//2221 2398//2398
f 2212//2212 2390//2390 2398//2398
f 2213//2213 2214//2214 2392//2392
f 2213//2213 2222//2222 2399//2399
f 2213//2213 2391//2391 2392//2392
f 2213//2213 2391//2391 2399//2399
f 2215//2215 2216//2216 2394//2394
f 2216//2216 2217//2217 2394//2394
f 2216//2216 2378//2378 2394//2394
f 2217//2217 2379//2379 2395//2395
f 2217//2217 2394//2394 2395//2395
f 2218//2218 2223//2223 2400//2400
f 2218//2218 2396//2396 2400//2400
f 2219//2219 2220//2220 2224//2224
f 2219//2219 2220//2220 2225//2225
f 2219//2219 2224//2224 2225//2225
f 2219//2219 2224//2224 2401//2401
f 2219//2219 2389//2389 2397//2397
f 2219//2219 2397//2397 2401//2401
f 2220//2220 2224//2224 2225//2225
f 2221//2221 2227//2227 2404//2404
f 2221//2221 2390//2390 2398//2398
f 2221//2221 2398//2398 2404//2404
f 2222//2222 2228//2228 2405//2405
f 2222//2222 2399//2399 2405//2405
f 2223//2223 2229//2229 2400//2400
f 2224//2224 2225//2225 2401//2401
f 2225//2225 2230//2230 2407//2407
f 2225//2225 2401//2401 2402//2402
f 2225//2225 2402//2402 2407//2407
f 2226//2226 2227//2227 2231//2231
f 2226//2226 2227//2227 2403//2403
f 2226//2226 2231//2231 2408//2408
f 2226//2226 2403//2403 2408//2408
f 2227//2227 2231//2231 2232//2232
f 2227//2227 2403//2403 2404//2404
f 2228//2228 2233//2233 2405//2405
f 2229//2229 2234//2234 2411//2411
f 2229//2229 2400//2400 2406//2406
f 2229//2229 2406//2406 2411//2411
f 2230//2230 2235//2235 2412//2412
f 2230//2230 2407//2407 2412//2412
f 2231//2231 2236//2236 2408//2408
f 2232//2232 2233//2233 2237//2237
f 2233//2233 2237//2237 2410//2410
f 2233//2233 2405//2405 2410//2410
f 2234//2234 2238//2238 2416//2416
f 2234//2234 2411//2411 2416//2416
f 2235//2235 2239//2239 2412//2412
f 2236//2236 2237//2237 2241//2241
f 2236//2236 2237//2237 2414//2414
f 2236//2236 2408//2408 2413//2413
f 2236//2236 2413//2413 2414//2414
f 2237//2237 2241//2241 2242//2242
f 2237//2237 2242//2242 2414//2414
f 2237//2237 2242//2242 2418//2418
f 2237//2237 2410//2410 2414//2414
f 2237//2237 2414//2414 2418//2418
f 2238//2238 2243//2243 2419//2419
f 2238//2238 2416//2416 2419//2419
f 2239//2239 2240//2240 2246//2246
f 2239//2239 2245//2245 2246//2246
f 2239//2239 2245//2245 2417//2417
f 2239//2239 2412//2412 2417//2417
f 2242//2242 2248//2248 2418//2418
f 2242//2242 2248//2248 2423//2423
f 2242//2242 2414//2414 2418//2418
f 2242//2242 2418//2418 2423//2423
f 2243//2243 2244//2244 2420//2420
f 2243//2243 2419//2419 2420//2420
f 2244//2244 2250//2250 2420//2420
f 2245//2245 2246//2246 2421//2421
f 2245//2245 2417//2417 2421//2421
f 2246//2246 2247//2247 2252//2252
f 2246//2246 2251//2251 2252//2252
f 2246//2246 2251//2251 2427//2427
f 2246//2246 2421//2421 2422//2422
f 2246//2246 2422//2422 2427//2427
f 2247//2247 2248//2248 2253//2253
f 2247//2247 2252//2252 2253//2253
f 2248//2248 2249//2249 2253//2253
f 2248//2248 2249//2249 2423//2423
f 2248//2248 2249//2249 2424//2424
f 2248//2248 2418//2418 2423//2423
f 2248//2248 2423//2423 2424//2424
f 2249//2249 2253//2253 2254//2254
f 2249//2249 2254//2254 2424//2424
f 2249//2249 2423//2423 2424//2424
f 2250//2250 2256//2256 2425//2425
f 2250//2250 2420//2420 2425//2425
f 2251//2251 2252//2252 2427//2427
f 2251//2251 2252//2252 2428//2428
f 2251//2251 2427//2427 2428//2428
f 2252//2252 2253//2253 2428//2428
f 2252//2252 2427//2427 2428//2428
f 2253//2253 2254//2254 2429//2429
f 2253//2253 2428//2428 2429//2429
f 2254//2254 2255//2255 2260//2260
f 2254//2254 2255//2255 2430//2430
f 2254//2254 2424//2424 2430//2430
f 2254//2254 2429//2429 2430//2430
f 2255//2255 2260//2260 2430//2430
f 2256//2256 2269//2269 2445//2445
f 2256//2256 2425//2425 2432//2432
f 2256//2256 2432//2432 2445//2445
f 2257//2257 2258//2258 2434//2434
f 2257//2257 2271//2271 2433//2433
f 2257//2257 2433//2433 2434//2434
f 2258//2258 2259//2259 2435//2435
f 2258//2258 2426//2426 2434//2434
f 2258//2258 2434//2434 2435//2435
f 2259//2259 2272//2272 2449//2449
f 2259//2259 2435//2435 2449//2449
f 2260//2260 2261//2261 2436//2436
f 2260//2260 2430//2430 2431//2431
f 2260//2260 2431//2431 2436//2436
f 2261//2261 2273//2273 2450//2450
f 2261//2261 2436//2436 2437//2437
f 2261//2261 2437//2437 2450//2450
f 2262//2262 2263//2263 2438//2438
f 2262//2262 2278//2278 2455//2455
f 2262//2262 2438//2438 2455//2455
f 2263//2263 2264//2264 2439//2439
f 2263//2263 2438//2438 2439//2439
f 2264//2264 2265//2265 2440//2440
f 2264//2264 2439//2439 2440//2440
f 2265//2265 2266//2266 2441//2441
f 2265//2265 2440//2440 2441//2441
f 2266//2266 2267//2267 2442//2442
f 2266//2266 2441//2441 2442//2442
f 2267//2267 2268//2268 2444//2444
f 2267//2267 2442//2442 2443//2443
f 2267//2267 2443//2443 2444//2444
f 2268//2268 2279//2279 2444//2444
f 2269//2269 2281//2281 2282//2282
f 2269//2269 2282//2282 2446//2446
f 2269//2269 2445//2445 2446//2446
f 2270//2270 2271//2271 2448//2448
f 2270//2270 2284//2284 2447//2447
f 2270//2270 2447//2447 2448//2448
f 2271//2271 2433//2433 2448//2448
f 2272//2272 2285//2285 2461//2461
f 2272//2272 2449//2449 2461//2461
f 2273//2273 2274//2274 2451//2451
f 2273//2273 2450//2450 2451//2451
f 2274//2274 2275//2275 2451//2451
f 2275//2275 2276//2276 2452//2452
f 2275//2275 2451//2451 2452//2452
f 2275//2275 2452//2452 2628//2628
f 2276//2276 2277//2277 2454//2454
f 2276//2276 2452//2452 2453//2453
f 2276//2276 2453//2453 2454//2454
f 2277//2277 2278//2278 2455//2455
f 2277//2277 2454//2454 2455//2455
f 2279//2279 2280//2280 2456//2456
f 2279//2279 2444//2444 2456//2456
f 2280//2280 2286//2286 2457//2457
f 2280//2280 2456//2456 2457//2457
f 2282//2282 2287//2287 2458//2458
f 2282//2282 2446//2446 2458//2458
f 2283//2283 2284//2284 2460//2460
f 2283//2283 2288//2288 2465//2465
f 2283//2283 2459//2459 2460//2460
f 2283//2283 2459//2459 2465//2465
f 2284//2284 2447//2447 2460//2460
f 2285//2285 2290//2290 2461//2461
f 2286//2286 2291//2291 2462//2462
f 2286//2286 2457//2457 2462//2462
f 2287//2287 2288//2288 2465//2465
f 2287//2287 2458//2458 2464//2464
f 2287//2287 2464//2464 2465//2465
f 2289//2289 2290//2290 2293//2293
f 2290//2290 2293//2293 2466//2466
f 2290//2290 2461//2461 2466//2466
f 2291//2291 2292//2292 2467//2467
f 2291//2291 2462//2462 2467//2467
f 2292//2292 2294//2294 2468//2468
f 2292//2292 2467//2467 2468//2468
f 2293//2293 2297//2297 2473//2473
f 2293//2293 2466//2466 2469//2469
f 2293//2293 2469//2469 2473//2473
f 2294//2294 2295//2295 2471//2471
f 2294//2294 2468//2468 2471//2471
f 2295//2295 2298//2298 2472//2472
f 2295//2295 2298//2298 2474//2474
f 2295//2295 2471//2471 2472//2472
f 2295//2295 2472//2472 2474//2474
f 2296//2296 2297//2297 2300//2300
f 2297//2297 2300//2300 2301//2301
f 2297//2297 2301//2301 2473//2473
f 2298//2298 2299//2299 2475//2475
f 2298//2298 2472//2472 2474//2474
f 2298//2298 2474//2474 2475//2475
f 2299//2299 2302//2302 2479//2479
f 2299//2299 2475//2475 2479//2479
f 2300//2300 2301//2301 2476//2476
f 2300//2300 2305//2305 2481//2481
f 2300//2300 2476//2476 2481//2481
f 2301//2301 2473//2473 2476//2476
f 2302//2302 2303//2303 2308//2308
f 2302//2302 2303//2303 2480//2480
f 2302//2302 2307//2307 2308//2308
f 2302//2302 2479//2479 2480//2480
f 2303//2303 2308//2308 2483//2483
f 2303//2303 2480//2480 2483//2483
f 2305//2305 2306//2306 2481//2481
f 2305//2305 2306//2306 2482//2482
f 2305//2305 2312//2312 2487//2487
f 2305//2305 2481//2481 2482//2482
f 2305//2305 2481//2481 2487//2487
f 2306//2306 2481//2481 2482//2482
f 2308//2308 2309//2309 2483//2483
f 2309//2309 2310//2310 2484//2484
f 2309//2309 2483//2483 2484//2484
f 2310//2310 2313//2313 2485//2485
f 2310//2310 2484//2484 2485//2485
f 2311//2311 2312//2312 2486//2486
f 2311//2311 2317//2317 2486//2486
f 2312//2312 2318//2318 2487//2487
f 2312//2312 2318//2318 2493//2493
f 2312//2312 2486//2486 2487//2487
f 2312//2312 2487//2487 2493//2493
f 2313//2313 2314//2314 2488//2488
f 2313//2313 2485//2485 2488//2488
f 2314//2314 2315//2315 2489//2489
f 2314//2314 2488//2488 2489//2489
f 2315//2315 2316//2316 2490//2490
f 2315//2315 2319//2319 2490//2490
f 2315//2315 2319//2319 2494//2494
f 2315//2315 2489//2489 2490//2490
f 2315//2315 2490//2490 2494//2494
f 2316//2316 2317//2317 2491//2491
f 2316//2316 2490//2490 2491//2491
f 2317//2317 2318//2318 2492//2492
f 2317//2317 2486//2486 2492//2492
f 2317//2317 2491//2491 2492//2492
f 2318//2318 2487//2487 2493//2493
f 2318//2318 2492//2492 2493//2493
f 2319//2319 2490//2490 2494//2494
f 2321//2321 2323//2323 2500//2500
f 2322//2322 2323//2323 2327//2327
f 2322//2322 2323//2323 2503//2503
f 2322//2322 2326//2326 2327//2327
f 2323//2323 2327//2327 2503//2503
f 2323//2323 2327//2327 2508//2508
f 2323//2323 2500//2500 2503//2503
f 2323//2323 2503//2503 2508//2508
f 2325//2325 2329//2329 2505//2505
f 2326//2326 2331//2331 2507//2507
f 2326//2326 2331//2331 2512//2512
f 2326//2326 2507//2507 2512//2512
f 2327//2327 2328//2328 2509//2509
f 2327//2327 2332//2332 2513//2513
f 2327//2327 2503//2503 2508//2508
f 2327//2327 2508//2508 2509//2509
f 2327//2327 2508//2508 2513//2513
f 2328//2328 2333//2333 2509//2509
f 2329//2329 2334//2334 2510//2510
f 2329//2329 2334//2334 2515//2515
f 2329//2329 2505//2505 2510//2510
f 2329//2329 2510//2510 2515//2515
f 2330//2330 2335//2335 2511//2511
f 2330//2330 2335//2335 2516//2516
f 2330//2330 2511//2511 2516//2516
f 2331//2331 2332//2332 2512//2512
f 2331//2331 2336//2336 2512//2512
f 2331//2331 2336//2336 2517//2517
f 2331//2331 2507//2507 2512//2512
f 2331//2331 2512//2512 2517//2517
f 2332//2332 2512//2512 2513//2513
f 2333//2333 2337//2337 2518//2518
f 2333//2333 2509//2509 2514//2514
f 2333//2333 2514//2514 2518//2518
f 2334//2334 2338//2338 2515//2515
f 2334//2334 2338//2338 2519//2519
f 2334//2334 2510//2510 2515//2515
f 2334//2334 2515//2515 2519//2519
f 2335//2335 2336//2336 2340//2340
f 2335//2335 2336//2336 2517//2517
f 2335//2335 2340//2340 2516//2516
f 2335//2335 2340//2340 2520//2520
f 2335//2335 2511//2511 2516//2516
f 2335//2335 2516//2516 2517//2517
f 2335//2335 2516//2516 2520//2520
f 2336//2336 2340//2340 2341//2341
f 2336//2336 2512//2512 2517//2517
f 2337//2337 2338//2338 2342//2342
f 2337//2337 2338//2338 2519//2519
f 2337//2337 2514//2514 2518//2518
f 2337//2337 2514//2514 2519//2519
f 2337//2337 2518//2518 2519//2519
f 2338//2338 2342//2342 2343//2343
f 2338//2338 2343//2343 2519//2519
f 2338//2338 2343//2343 2523//2523
f 2338//2338 2515//2515 2519//2519
f 2338//2338 2519//2519 2523//2523
f 2340//2340 2344//2344 2520//2520
f 2340//2340 2516//2516 2520//2520
f 2343//2343 2345//2345 2523//2523
f 2343//2343 2345//2345 2526//2526
f 2343//2343 2519//2519 2523//2523
f 2343//2343 2523//2523 2526//2526
f 2344//2344 2347//2347 2527//2527
f 2344//2344 2520//2520 2525//2525
f 2344//2344 2525//2525 2527//2527
f 2345//2345 2348//2348 2528//2528
f 2345//2345 2523//2523 2526//2526
f 2345//2345 2526//2526 2528//2528
f 2347//2347 2350//2350 2529//2529
f 2347//2347 2527//2527 2529//2529
f 2348//2348 2352//2352 2531//2531
f 2348//2348 2528//2528 2531//2531
f 2350//2350 2354//2354 2529//2529
f 2351//2351 2352//2352 2531//2531
f 2351//2351 2355//2355 2530//2530
f 2351//2351 2530//2530 2531//2531
f 2354//2354 2358//2358 2536//2536
f 2354//2354 2529//2529 2532//2532
f 2354//2354 2532//2532 2536//2536
f 2355//2355 2356//2356 2534//2534
f 2355//2355 2530//2530 2533//2533
f 2355//2355 2533//2533 2534//2534
f 2356//2356 2360//2360 2534//2534
f 2357//2357 2358//2358 2370//2370
f 2357//2357 2358//2358 2371//2371
f 2357//2357 2370//2370 2371//2371
f 2358//2358 2370//2370 2371//2371
f 2358//2358 2371//2371 2536//2536
f 2359//2359 2360//2360 2373//2373
f 2359//2359 2372//2372 2373//2373
f 2360//2360 2373//2373 2538//2538
f 2360//2360 2534//2534 2538//2538
f 2361//2361 2362//2362 2540//2540
f 2361//2361 2382//2382 2539//2539
f 2361//2361 2539//2539 2540//2540
f 2362//2362 2363//2363 2540//2540
f 2363//2363 2364//2364 2541//2541
f 2363//2363 2540//2540 2541//2541
f 2364//2364 2365//2365 2543//2543
f 2364//2364 2541//2541 2542//2542
f 2364//2364 2542//2542 2543//2543
f 2365//2365 2366//2366 2383//2383
f 2365//2365 2383//2383 2543//2543
f 2367//2367 2368//2368 2545//2545
f 2367//2367 2386//2386 2563//2563
f 2367//2367 2544//2544 2545//2545
f 2367//2367 2544//2544 2563//2563
f 2368//2368 2369//2369 2545//2545
f 2369//2369 2387//2387 2564//2564
f 2369//2369 2545//2545 2546//2546
f 2369//2369 2546//2546 2564//2564
f 2370//2370 2371//2371 2548//2548
f 2370//2370 2389//2389 2566//2566
f 2370//2370 2547//2547 2548//2548
f 2370//2370 2547//2547 2566//2566
f 2371//2371 2536//2536 2548//2548
f 2372//2372 2373//2373 2549//2549
f 2372//2372 2390//2390 2549//2549
f 2373//2373 2537//2537 2538//2538
f 2373//2373 2537//2537 2549//2549
f 2374//2374 2375//2375 2552//2552
f 2374//2374 2392//2392 2551//2551
f 2374//2374 2551//2551 2552//2552
f 2375//2375 2376//2376 2552//2552
f 2376//2376 2377//2377 2554//2554
f 2376//2376 2552//2552 2553//2553
f 2376//2376 2553//2553 2554//2554
f 2377//2377 2378//2378 2554//2554
f 2378//2378 2394//2394 2571//2571
f 2378//2378 2554//2554 2555//2555
f 2378//2378 2555//2555 2571//2571
f 2379//2379 2380//2380 2557//2557
f 2379//2379 2395//2395 2556//2556
f 2379//2379 2556//2556 2557//2557
f 2380//2380 2381//2381 2558//2558
f 2380//2380 2557//2557 2558//2558
f 2381//2381 2382//2382 2559//2559
f 2381//2381 2558//2558 2559//2559
f 2382//2382 2539//2539 2559//2559
f 2383//2383 2384//2384 2560//2560
f 2383//2383 2543//2543 2560//2560
f 2384//2384 2385//2385 2561//2561
f 2384//2384 2560//2560 2561//2561
f 2385//2385 2386//2386 2562//2562
f 2385//2385 2561//2561 2562//2562
f 2386//2386 2562//2562 2563//2563
f 2387//2387 2388//2388 2564//2564
f 2388//2388 2396//2396 2565//2565
f 2388//2388 2564//2564 2565//2565
f 2389//2389 2397//2397 2574//2574
f 2389//2389 2566//2566 2574//2574
f 2390//2390 2398//2398 2575//2575
f 2390//2390 2549//2549 2568//2568
f 2390//2390 2568//2568 2575//2575
f 2391//2391 2392//2392 2569//2569
f 2391//2391 2399//2399 2569//2569
f 2392//2392 2551//2551 2570//2570
f 2392//2392 2569//2569 2570//2570
f 2394//2394 2395//2395 2572//2572
f 2394//2394 2571//2571 2572//2572
f 2395//2395 2556//2556 2572//2572
f 2396//2396 2400//2400 2577//2577
f 2396//2396 2565//2565 2573//2573
f 2396//2396 2573//2573 2577//2577
f 2397//2397 2401//2401 2578//2578
f 2397//2397 2574//2574 2578//2578
f 2398//2398 2404//2404 2575//2575
f 2399//2399 2405//2405 2581//2581
f 2399//2399 2569//2569 2576//2576
f 2399//2399 2576//2576 2581//2581
f 2400//2400 2406//2406 2577//2577
f 2401//2401 2402//2402 2578//2578
f 2402//2402 2407//2407 2579//2579
f 2402//2402 2578//2578 2579//2579
f 2403//2403 2404//2404 2408//2408
f 2403//2403 2404//2404 2409//2409
f 2403//2403 2408//2408 2409//2409
f 2404//2404 2408//2408 2409//2409
f 2404//2404 2409//2409 2585//2585
f 2404//2404 2575//2575 2580//2580
f 2404//2404 2580//2580 2585//2585
f 2405//2405 2410//2410 2581//2581
f 2406//2406 2411//2411 2582//2582
f 2406//2406 2577//2577 2582//2582
f 2407//2407 2412//2412 2583//2583
f 2407//2407 2579//2579 2583//2583
f 2408//2408 2409//2409 2413//2413
f 2408//2408 2409//2409 2584//2584
f 2409//2409 2413//2413 2414//2414
f 2409//2409 2414//2414 2590//2590
f 2409//2409 2584//2584 2585//2585
f 2409//2409 2584//2584 2590//2590
f 2410//2410 2414//2414 2415//2415
f 2410//2410 2415//2415 2586//2586
f 2410//2410 2581//2581 2586//2586
f 2411//2411 2416//2416 2587//2587
f 2411//2411 2582//2582 2587//2587
f 2412//2412 2417//2417 2588//2588
f 2412//2412 2583//2583 2588//2588
f 2414//2414 2415//2415 2418//2418
f 2414//2414 2415//2415 2591//2591
f 2414//2414 2418//2418 2590//2590
f 2415//2415 2418//2418 2597//2597
f 2415//2415 2586//2586 2591//2591
f 2415//2415 2591//2591 2597//2597
f 2416//2416 2419//2419 2420//2420
f 2416//2416 2420//2420 2593//2593
f 2416//2416 2587//2587 2592//2592
f 2416//2416 2592//2592 2593//2593
f 2417//2417 2421//2421 2599//2599
f 2417//2417 2588//2588 2594//2594
f 2417//2417 2594//2594 2599//2599
f 2418//2418 2423//2423 2596//2596
f 2418//2418 2590//2590 2596//2596
f 2418//2418 2596//2596 2597//2597
f 2420//2420 2425//2425 2602//2602
f 2420//2420 2593//2593 2598//2598
f 2420//2420 2598//2598 2602//2602
f 2421//2421 2422//2422 2599//2599
f 2422//2422 2427//2427 2604//2604
f 2422//2422 2599//2599 2600//2600
f 2422//2422 2600//2600 2604//2604
f 2423//2423 2596//2596 2601//2601
f 2425//2425 2432//2432 2608//2608
f 2425//2425 2602//2602 2608//2608
f 2426//2426 2434//2434 2603//2603
f 2426//2426 2434//2434 2610//2610
f 2426//2426 2603//2603 2610//2610
f 2427//2427 2428//2428 2604//2604
f 2428//2428 2429//2429 2606//2606
f 2428//2428 2604//2604 2605//2605
f 2428//2428 2605//2605 2606//2606
f 2429//2429 2430//2430 2606//2606
f 2430//2430 2431//2431 2607//2607
f 2430//2430 2606//2606 2607//2607
f 2431//2431 2436//2436 2612//2612
f 2431//2431 2607//2607 2612//2612
f 2432//2432 2445//2445 2608//2608
f 2433//2433 2434//2434 2610//2610
f 2433//2433 2448//2448 2624//2624
f 2433//2433 2609//2609 2610//2610
f 2433//2433 2609//2609 2624//2624
f 2434//2434 2435//2435 2611//2611
f 2434//2434 2603//2603 2610//2610
f 2434//2434 2610//2610 2611//2611
f 2435//2435 2449//2449 2625//2625
f 2435//2435 2611//2611 2625//2625
f 2435//2435 2611//2611 2805//2805
f 2436//2436 2437//2437 2613//2613
f 2436//2436 2612//2612 2613//2613
f 2437//2437 2450//2450 2626//2626
f 2437//2437 2613//2613 2626//2626
f 2438//2438 2439//2439 2615//2615
f 2438//2438 2455//2455 2631//2631
f 2438//2438 2614//2614 2615//2615
f 2438//2438 2614//2614 2631//2631
f 2439//2439 2440//2440 2615//2615
f 2440//2440 2441//2441 2616//2616
f 2440//2440 2615//2615 2616//2616
f 2441//2441 2442//2442 2618//2618
f 2441//2441 2616//2616 2617//2617
f 2441//2441 2617//2617 2618//2618
f 2442//2442 2443//2443 2618//2618
f 2443//2443 2444//2444 2620//2620
f 2443//2443 2618//2618 2619//2619
f 2443//2443 2619//2619 2620//2620
f 2444//2444 2456//2456 2632//2632
f 2444//2444 2620//2620 2632//2632
f 2445//2445 2446//2446 2621//2621
f 2445//2445 2608//2608 2621//2621
f 2446//2446 2458//2458 2634//2634
f 2446//2446 2621//2621 2622//2622
f 2446//2446 2622//2622 2634//2634
f 2447//2447 2448//2448 2624//2624
f 2447//2447 2460//2460 2636//2636
f 2447//2447 2623//2623 2624//2624
f 2447//2447 2623//2623 2636//2636
f 2449//2449 2461//2461 2637//2637
f 2449//2449 2625//2625 2637//2637
f 2450//2450 2451//2451 2626//2626
f 2451//2451 2452//2452 2627//2627
f 2451//2451 2626//2626 2627//2627
f 2452//2452 2453//2453 2628//2628
f 2452//2452 2627//2627 2628//2628
f 2453//2453 2454//2454 2629//2629
f 2453//2453 2628//2628 2629//2629
f 2454//2454 2455//2455 2631//2631
f 2454//2454 2629//2629 2630//2630
f 2454//2454 2630//2630 2631//2631
f 2456//2456 2457//2457 2632//2632
f 2457//2457 2462//2462 2633//2633
f 2457//2457 2632//2632 2633//2633
f 2458//2458 2464//2464 2640//2640
f 2458//2458 2634//2634 2640//2640
f 2459//2459 2460//2460 2636//2636
f 2459//2459 2465//2465 2641//2641
f 2459//2459 2635//2635 2636//2636
f 2459//2459 2635//2635 2641//2641
f 2461//2461 2466//2466 2637//2637
f 2462//2462 2463//2463 2467//2467
f 2462//2462 2463//2463 2639//2639
f 2462//2462 2467//2467 2638//2638
f 2462//2462 2467//2467 2643//2643
f 2462//2462 2633//2633 2638//2638
f 2462//2462 2638//2638 2639//2639
f 2462//2462 2638//2638 2643//2643
f 2463//2463 2467//2467 2468//2468
f 2463//2463 2467//2467 2638//2638
f 2463//2463 2638//2638 2639//2639
f 2464//2464 2465//2465 2641//2641
f 2464//2464 2640//2640 2641//2641
f 2466//2466 2469//2469 2470//2470
f 2466//2466 2470//2470 2642//2642
f 2466//2466 2637//2637 2642//2642
f 2467//2467 2468//2468 2644//2644
f 2467//2467 2643//2643 2644//2644
f 2468//2468 2471//2471 2647//2647
f 2468//2468 2644//2644 2647//2647
f 2469//2469 2470//2470 2646//2646
f 2469//2469 2473//2473 2645//2645
f 2469//2469 2645//2645 2646//2646
f 2470//2470 2642//2642 2646//2646
f 2471//2471 2472//2472 2647//2647
f 2472//2472 2474//2474 2648//2648
f 2472//2472 2647//2647 2648//2648
f 2473//2473 2476//2476 2477//2477
f 2473//2473 2477//2477 2653//2653
f 2473//2473 2645//2645 2649//2649
f 2473//2473 2649//2649 2653//2653
f 2474//2474 2475//2475 2478//2478
f 2474//2474 2478//2478 2650//2650
f 2474//2474 2648//2648 2650//2650
f 2475//2475 2478//2478 2479//2479
f 2476//2476 2477//2477 2652//2652
f 2476//2476 2481//2481 2652//2652
f 2477//2477 2652//2652 2653//2653
f 2478//2478 2479//2479 2655//2655
f 2478//2478 2650//2650 2654//2654
f 2478//2478 2654//2654 2655//2655
f 2479//2479 2480//2480 2483//2483
f 2479//2479 2480//2480 2655//2655
f 2480//2480 2483//2483 2656//2656
f 2480//2480 2655//2655 2656//2656
f 2481//2481 2482//2482 2487//2487
f 2481//2481 2487//2487 2663//2663
f 2481//2481 2652//2652 2657//2657
f 2481//2481 2657//2657 2663//2663
f 2483//2483 2484//2484 2660//2660
f 2483//2483 2656//2656 2660//2660
f 2484//2484 2485//2485 2661//2661
f 2484//2484 2660//2660 2661//2661
f 2485//2485 2488//2488 2662//2662
f 2485//2485 2661//2661 2662//2662
f 2486//2486 2487//2487 2492//2492
f 2487//2487 2492//2492 2493//2493
f 2487//2487 2493//2493 2669//2669
f 2487//2487 2663//2663 2669//2669
f 2488//2488 2489//2489 2665//2665
f 2488//2488 2662//2662 2664//2664
f 2488//2488 2664//2664 2665//2665
f 2489//2489 2490//2490 2665//2665
f 2490//2490 2491//2491 2494//2494
f 2490//2490 2494//2494 2666//2666
f 2490//2490 2665//2665 2666//2666
f 2491//2491 2492//2492 2667//2667
f 2491//2491 2494//2494 2495//2495
f 2491//2491 2495//2495 2672//2672
f 2491//2491 2667//2667 2672//2672
f 2492//2492 2493//2493 2669//2669
f 2492//2492 2667//2667 2668//2668
f 2492//2492 2668//2668 2669//2669
f 2494//2494 2495//2495 2671//2671
f 2494//2494 2666//2666 2671//2671
f 2495//2495 2671//2671 2672//2672
f 2496//2496 2497//2497 2498//2498
f 2496//2496 2497//2497 2675//2675
f 2496//2496 2498//2498 2674//2674
f 2496//2496 2674//2674 2675//2675
f 2497//2497 2498//2498 2499//2499
f 2497//2497 2499//2499 2679//2679
f 2497//2497 2675//2675 2679//2679
f 2498//2498 2499//2499 2678//2678
f 2498//2498 2674//2674 2678//2678
f 2499//2499 2678//2678 2679//2679
f 2500//2500 2503//2503 2687//2687
f 2500//2500 2683//2683 2687//2687
f 2502//2502 2503//2503 2687//2687
f 2502//2502 2507//2507 2508//2508
f 2503//2503 2504//2504 2508//2508
f 2503//2503 2504//2504 2687//2687
f 2503//2503 2504//2504 2688//2688
f 2503//2503 2508//2508 2687//2687
f 2503//2503 2508//2508 2692//2692
f 2503//2503 2687//2687 2688//2688
f 2503//2503 2687//2687 2692//2692
f 2504//2504 2505//2505 2689//2689
f 2504//2504 2508//2508 2509//2509
f 2504//2504 2509//2509 2688//2688
f 2504//2504 2509//2509 2693//2693
f 2504//2504 2687//2687 2688//2688
f 2504//2504 2688//2688 2693//2693
f 2505//2505 2510//2510 2689//2689
f 2505//2505 2510//2510 2694//2694
f 2505//2505 2689//2689 2694//2694
f 2506//2506 2507//2507 2690//2690
f 2506//2506 2507//2507 2691//2691
f 2506//2506 2690//2690 2691//2691
f 2507//2507 2508//2508 2512//2512
f 2507//2507 2508//2508 2692//2692
f 2507//2507 2512//2512 2691//2691
f 2507//2507 2690//2690 2691//2691
f 2507//2507 2691//2691 2692//2692
f 2508//2508 2512//2512 2513//2513
f 2508//2508 2687//2687 2692//2692
f 2509//2509 2514//2514 2693//2693
f 2509//2509 2514//2514 2698//2698
f 2509//2509 2688//2688 2693//2693
f 2510//2510 2689//2689 2694//2694
f 2511//2511 2512//2512 2516//2516
f 2511//2511 2512//2512 2517//2517
f 2511//2511 2516//2516 2517//2517
f 2512//2512 2516//2516 2517//2517
f 2512//2512 2517//2517 2701//2701
f 2512//2512 2691//2691 2696//2696
f 2512//2512 2696//2696 2701//2701
f 2514//2514 2515//2515 2519//2519
f 2514//2514 2518//2518 2519//2519
f 2514//2514 2518//2518 2698//2698
f 2514//2514 2518//2518 2702//2702
f 2514//2514 2693//2693 2698//2698
f 2514//2514 2698//2698 2702//2702
f 2515//2515 2519//2519 2699//2699
f 2515//2515 2519//2519 2703//2703
f 2515//2515 2699//2699 2703//2703
f 2516//2516 2517//2517 2701//2701
f 2516//2516 2520//2520 2700//2700
f 2516//2516 2700//2700 2701//2701
f 2517//2517 2521//2521 2707//2707
f 2517//2517 2701//2701 2707//2707
f 2518//2518 2519//2519 2703//2703
f 2518//2518 2522//2522 2702//2702
f 2518//2518 2522//2522 2708//2708
f 2518//2518 2698//2698 2702//2702
f 2518//2518 2702//2702 2703//2703
f 2518//2518 2702//2702 2708//2708
f 2519//2519 2523//2523 2703//2703
f 2519//2519 2523//2523 2709//2709
f 2519//2519 2699//2699 2703//2703
f 2519//2519 2703//2703 2709//2709
f 2520//2520 2525//2525 2706//2706
f 2520//2520 2700//2700 2706//2706
f 2520//2520 2705//2705 2706//2706
f 2520//2520 2706//2706 2711//2711
f 2522//2522 2702//2702 2708//2708
f 2523//2523 2526//2526 2709//2709
f 2523//2523 2703//2703 2709//2709
f 2525//2525 2527//2527 2711//2711
f 2525//2525 2706//2706 2711//2711
f 2526//2526 2528//2528 2713//2713
f 2526//2526 2709//2709 2713//2713
f 2527//2527 2529//2529 2718//2718
f 2527//2527 2711//2711 2715//2715
f 2527//2527 2715//2715 2718//2718
f 2528//2528 2531//2531 2716//2716
f 2528//2528 2713//2713 2716//2716
f 2529//2529 2532//2532 2718//2718
f 2530//2530 2531//2531 2724//2724
f 2530//2530 2533//2533 2724//2724
f 2531//2531 2716//2716 2720//2720
f 2531//2531 2720//2720 2724//2724
f 2532//2532 2536//2536 2722//2722
f 2532//2532 2718//2718 2722//2722
f 2533//2533 2534//2534 2537//2537
f 2533//2533 2534//2534 2538//2538
f 2533//2533 2537//2537 2538//2538
f 2533//2533 2537//2537 2723//2723
f 2533//2533 2723//2723 2724//2724
f 2534//2534 2537//2537 2538//2538
f 2535//2535 2536//2536 2547//2547
f 2535//2535 2536//2536 2548//2548
f 2535//2535 2536//2536 2726//2726
f 2535//2535 2547//2547 2548//2548
f 2535//2535 2547//2547 2725//2725
f 2535//2535 2725//2725 2726//2726
f 2536//2536 2547//2547 2548//2548
f 2536//2536 2547//2547 2725//2725
f 2536//2536 2548//2548 2726//2726
f 2536//2536 2548//2548 2738//2738
f 2536//2536 2722//2722 2726//2726
f 2536//2536 2725//2725 2726//2726
f 2536//2536 2726//2726 2738//2738
f 2537//2537 2538//2538 2549//2549
f 2537//2537 2538//2538 2550//2550
f 2537//2537 2538//2538 2727//2727
f 2537//2537 2549//2549 2550//2550
f 2537//2537 2549//2549 2727//2727
f 2537//2537 2723//2723 2727//2727
f 2538//2538 2549//2549 2550//2550
f 2538//2538 2727//2727 2728//2728
f 2539//2539 2540//2540 2730//2730
f 2539//2539 2559//2559 2748//2748
f 2539//2539 2729//2729 2934//2934
f 2539//2539 2730//2730 2935//2935
f 2539//2539 2748//2748 2934//2934
f 2539//2539 2934//2934 2935//2935
f 2540//2540 2541//2541 2730//2730
f 2541//2541 2542//2542 2731//2731
f 2541//2541 2730//2730 2731//2731
f 2542//2542 2543//2543 2733//2733
f 2542//2542 2731//2731 2732//2732
f 2542//2542 2732//2732 2733//2733
f 2543//2543 2560//2560 2733//2733
f 2544//2544 2545//2545 2734//2734
f 2544//2544 2563//2563 2734//2734
f 2545//2545 2546//2546 2564//2564
f 2545//2545 2564//2564 2736//2736
f 2545//2545 2734//2734 2735//2735
f 2545//2545 2735//2735 2736//2736
f 2547//2547 2566//2566 2737//2737
f 2547//2547 2566//2566 2755//2755
f 2547//2547 2725//2725 2737//2737
f 2547//2547 2737//2737 2755//2755
f 2548//2548 2567//2567 2738//2738
f 2548//2548 2567//2567 2756//2756
f 2548//2548 2726//2726 2738//2738
f 2548//2548 2738//2738 2756//2756
f 2549//2549 2568//2568 2739//2739
f 2549//2549 2727//2727 2739//2739
f 2551//2551 2552//2552 2741//2741
f 2551//2551 2570//2570 2740//2740
f 2551//2551 2740//2740 2741//2741
f 2552//2552 2553//2553 2741//2741
f 2553//2553 2554//2554 2743//2743
f 2553//2553 2741//2741 2742//2742
f 2553//2553 2742//2742 2743//2743
f 2554//2554 2555//2555 2743//2743
f 2555//2555 2571//2571 2762//2762
f 2555//2555 2743//2743 2744//2744
f 2555//2555 2744//2744 2762//2762
f 2556//2556 2557//2557 2746//2746
f 2556//2556 2572//2572 2745//2745
f 2556//2556 2745//2745 2746//2746
f 2557//2557 2558//2558 2747//2747
f 2557//2557 2746//2746 2747//2747
f 2558//2558 2559//2559 2748//2748
f 2558//2558 2747//2747 2748//2748
f 2560//2560 2561//2561 2750//2750
f 2560//2560 2733//2733 2749//2749
f 2560//2560 2749//2749 2750//2750
f 2561//2561 2562//2562 2750//2750
f 2562//2562 2563//2563 2752//2752
f 2562//2562 2750//2750 2751//2751
f 2562//2562 2751//2751 2752//2752
f 2562//2562 2751//2751 2958//2958
f 2563//2563 2734//2734 2752//2752
f 2564//2564 2565//2565 2573//2573
f 2564//2564 2573//2573 2754//2754
f 2564//2564 2736//2736 2753//2753
f 2564//2564 2753//2753 2754//2754
f 2566//2566 2574//2574 2755//2755
f 2566//2566 2737//2737 2755//2755
f 2567//2567 2738//2738 2756//2756
f 2568//2568 2575//2575 2757//2757
f 2568//2568 2739//2739 2757//2757
f 2569//2569 2570//2570 2759//2759
f 2569//2569 2576//2576 2758//2758
f 2569//2569 2758//2758 2759//2759
f 2570//2570 2740//2740 2759//2759
f 2571//2571 2572//2572 2763//2763
f 2571//2571 2762//2762 2763//2763
f 2572//2572 2745//2745 2763//2763
f 2573//2573 2577//2577 2768//2768
f 2573//2573 2754//2754 2764//2764
f 2573//2573 2764//2764 2768//2768
f 2574//2574 2578//2578 2769//2769
f 2574//2574 2755//2755 2765//2765
f 2574//2574 2765//2765 2769//2769
f 2575//2575 2580//2580 2771//2771
f 2575//2575 2757//2757 2766//2766
f 2575//2575 2766//2766 2771//2771
f 2576//2576 2581//2581 2767//2767
f 2576//2576 2758//2758 2767//2767
f 2577//2577 2582//2582 2773//2773
f 2577//2577 2768//2768 2773//2773
f 2578//2578 2579//2579 2769//2769
f 2579//2579 2583//2583 2774//2774
f 2579//2579 2769//2769 2770//2770
f 2579//2579 2770//2770 2774//2774
f 2580//2580 2585//2585 2776//2776
f 2580//2580 2771//2771 2776//2776
f 2581//2581 2586//2586 2777//2777
f 2581//2581 2767//2767 2772//2772
f 2581//2581 2772//2772 2777//2777
f 2582//2582 2587//2587 2773//2773
f 2583//2583 2588//2588 2779//2779
f 2583//2583 2774//2774 2779//2779
f 2584//2584 2585//2585 2775//2775
f 2584//2584 2589//2589 2590//2590
f 2584//2584 2589//2589 2780//2780
f 2584//2584 2775//2775 2780//2780
f 2585//2585 2775//2775 2776//2776
f 2586//2586 2591//2591 2777//2777
f 2587//2587 2592//2592 2783//2783
f 2587//2587 2773//2773 2778//2778
f 2587//2587 2778//2778 2783//2783
f 2588//2588 2594//2594 2785//2785
f 2588//2588 2779//2779 2785//2785
f 2589//2589 2590//2590 2780//2780
f 2590//2590 2596//2596 2787//2787
f 2590//2590 2780//2780 2781//2781
f 2590//2590 2781//2781 2787//2787
f 2591//2591 2597//2597 2782//2782
f 2591//2591 2777//2777 2782//2782
f 2592//2592 2593//2593 2783//2783
f 2593//2593 2598//2598 2790//2790
f 2593//2593 2783//2783 2784//2784
f 2593//2593 2784//2784 2790//2790
f 2594//2594 2595//2595 2599//2599
f 2594//2594 2595//2595 2785//2785
f 2595//2595 2599//2599 2600//2600
f 2595//2595 2600//2600 2786//2786
f 2595//2595 2785//2785 2786//2786
f 2596//2596 2597//2597 2787//2787
f 2596//2596 2601//2601 2787//2787
f 2596//2596 2601//2601 2793//2793
f 2596//2596 2787//2787 2793//2793
f 2597//2597 2782//2782 2788//2788
f 2597//2597 2787//2787 2788//2788
f 2598//2598 2602//2602 2790//2790
f 2600//2600 2604//2604 2791//2791
f 2600//2600 2786//2786 2791//2791
f 2601//2601 2787//2787 2793//2793
f 2602//2602 2608//2608 2795//2795
f 2602//2602 2790//2790 2795//2795
f 2603//2603 2610//2610 2796//2796
f 2603//2603 2610//2610 2804//2804
f 2603//2603 2796//2796 2804//2804
f 2604//2604 2605//2605 2797//2797
f 2604//2604 2791//2791 2797//2797
f 2605//2605 2606//2606 2798//2798
f 2605//2605 2797//2797 2798//2798
f 2606//2606 2607//2607 2799//2799
f 2606//2606 2798//2798 2799//2799
f 2607//2607 2612//2612 2800//2800
f 2607//2607 2799//2799 2800//2800
f 2608//2608 2621//2621 2802//2802
f 2608//2608 2795//2795 2802//2802
f 2609//2609 2610//2610 2804//2804
f 2609//2609 2624//2624 2803//2803
f 2609//2609 2803//2803 2804//2804
f 2610//2610 2611//2611 2796//2796
f 2610//2610 2796//2796 2804//2804
f 2611//2611 2625//2625 2805//2805
f 2611//2611 2796//2796 2805//2805
f 2612//2612 2613//2613 2806//2806
f 2612//2612 2800//2800 2801//2801
f 2612//2612 2801//2801 2806//2806
f 2613//2613 2626//2626 2807//2807
f 2613//2613 2806//2806 2807//2807
f 2614//2614 2615//2615 2809//2809
f 2614//2614 2631//2631 2808//2808
f 2614//2614 2808//2808 2809//2809
f 2615//2615 2616//2616 2810//2810
f 2615//2615 2809//2809 2810//2810
f 2616//2616 2617//2617 2811//2811
f 2616//2616 2810//2810 2811//2811
f 2617//2617 2618//2618 2812//2812
f 2617//2617 2811//2811 2812//2812
f 2618//2618 2619//2619 2812//2812
f 2619//2619 2620//2620 2813//2813
f 2619//2619 2812//2812 2813//2813
f 2620//2620 2632//2632 2814//2814
f 2620//2620 2813//2813 2814//2814
f 2621//2621 2622//2622 2815//2815
f 2621//2621 2802//2802 2815//2815
f 2622//2622 2634//2634 2828//2828
f 2622//2622 2815//2815 2816//2816
f 2622//2622 2816//2816 2828//2828
f 2623//2623 2624//2624 2817//2817
f 2623//2623 2636//2636 2817//2817
f 2624//2624 2803//2803 2818//2818
f 2624//2624 2817//2817 2818//2818
f 2625//2625 2637//2637 2831//2831
f 2625//2625 2805//2805 2819//2819
f 2625//2625 2819//2819 2831//2831
f 2626//2626 2627//2627 2820//2820
f 2626//2626 2807//2807 2820//2820
f 2627//2627 2628//2628 2821//2821
f 2627//2627 2820//2820 2821//2821
f 2627//2627 2821//2821 3024//3024
f 2628//2628 2629//2629 2823//2823
f 2628//2628 2821//2821 2822//2822
f 2628//2628 2822//2822 2823//2823
f 2629//2629 2630//2630 2824//2824
f 2629//2629 2823//2823 2824//2824
f 2630//2630 2631//2631 2824//2824
f 2631//2631 2808//2808 2825//2825
f 2631//2631 2824//2824 2825//2825
f 2632//2632 2633//2633 2827//2827
f 2632//2632 2814//2814 2826//2826
f 2632//2632 2826//2826 2827//2827
f 2633//2633 2638//2638 2827//2827
f 2634//2634 2640//2640 2834//2834
f 2634//2634 2828//2828 2834//2834
f 2635//2635 2636//2636 2829//2829
f 2635//2635 2641//2641 2829//2829
f 2636//2636 2817//2817 2830//2830
f 2636//2636 2829//2829 2830//2830
f 2637//2637 2642//2642 2831//2831
f 2638//2638 2643//2643 2644//2644
f 2638//2638 2643//2643 2832//2832
f 2638//2638 2644//2644 2838//2838
f 2638//2638 2827//2827 2832//2832
f 2638//2638 2832//2832 2833//2833
f 2638//2638 2833//2833 2838//2838
f 2640//2640 2641//2641 2835//2835
f 2640//2640 2834//2834 2835//2835
f 2641//2641 2829//2829 2835//2835
f 2642//2642 2646//2646 2836//2836
f 2642//2642 2831//2831 2836//2836
f 2644//2644 2647//2647 2838//2838
f 2645//2645 2646//2646 2839//2839
f 2645//2645 2649//2649 2843//2843
f 2645//2645 2839//2839 2843//2843
f 2646//2646 2836//2836 2840//2840
f 2646//2646 2839//2839 2840//2840
f 2647//2647 2648//2648 2841//2841
f 2647//2647 2838//2838 2841//2841
f 2648//2648 2650//2650 2842//2842
f 2648//2648 2841//2841 2842//2842
f 2649//2649 2653//2653 2847//2847
f 2649//2649 2843//2843 2847//2847
f 2650//2650 2651//2651 2655//2655
f 2650//2650 2651//2651 2845//2845
f 2650//2650 2654//2654 2655//2655
f 2650//2650 2842//2842 2844//2844
f 2650//2650 2844//2844 2845//2845
f 2651//2651 2655//2655 2849//2849
f 2651//2651 2845//2845 2849//2849
f 2652//2652 2653//2653 2847//2847
f 2652//2652 2657//2657 2846//2846
f 2652//2652 2846//2846 2847//2847
f 2655//2655 2656//2656 2659//2659
f 2655//2655 2659//2659 2660//2660
f 2655//2655 2659//2659 2849//2849
f 2656//2656 2659//2659 2660//2660
f 2657//2657 2663//2663 2856//2856
f 2657//2657 2846//2846 2850//2850
f 2657//2657 2850//2850 2856//2856
f 2659//2659 2660//2660 2853//2853
f 2659//2659 2849//2849 2852//2852
f 2659//2659 2852//2852 2853//2853
f 2660//2660 2661//2661 2853//2853
f 2661//2661 2662//2662 2855//2855
f 2661//2661 2853//2853 2854//2854
f 2661//2661 2854//2854 2855//2855
f 2662//2662 2664//2664 2857//2857
f 2662//2662 2855//2855 2857//2857
f 2663//2663 2669//2669 2862//2862
f 2663//2663 2856//2856 2862//2862
f 2664//2664 2665//2665 2857//2857
f 2665//2665 2666//2666 2670//2670
f 2665//2665 2670//2670 2863//2863
f 2665//2665 2857//2857 2858//2858
f 2665//2665 2858//2858 2863//2863
f 2666//2666 2670//2670 2671//2671
f 2667//2667 2668//2668 2860//2860
f 2667//2667 2672//2672 2865//2865
f 2667//2667 2860//2860 2865//2865
f 2668//2668 2669//2669 2862//2862
f 2668//2668 2860//2860 2861//2861
f 2668//2668 2861//2861 2862//2862
f 2670//2670 2671//2671 2864//2864
f 2670//2670 2863//2863 2864//2864
f 2671//2671 2672//2672 2864//2864
f 2671//2671 2859//2859 2864//2864
f 2672//2672 2859//2859 2864//2864
f 2672//2672 2859//2859 2865//2865
f 2673//2673 2674//2674 2677//2677
f 2673//2673 2674//2674 2866//2866
f 2673//2673 2674//2674 2870//2870
f 2673//2673 2677//2677 2870//2870
f 2674//2674 2675//2675 2868//2868
f 2674//2674 2677//2677 2678//2678
f 2674//2674 2866//2866 2867//2867
f 2674//2674 2866//2866 2870//2870
f 2674//2674 2867//2867 2868//2868
f 2675//2675 2676//2676 2868//2868
f 2675//2675 2676//2676 2869//2869
f 2675//2675 2679//2679 2872//2872
f 2675//2675 2868//2868 2869//2869
f 2675//2675 2868//2868 2872//2872
f 2675//2675 2868//2868 3073//3073
f 2676//2676 2868//2868 2869//2869
f 2677//2677 2678//2678 2681//2681
f 2677//2677 2678//2678 2870//2870
f 2677//2677 2680//2680 2681//2681
f 2677//2677 2680//2680 2870//2870
f 2678//2678 2679//2679 2871//2871
f 2678//2678 2681//2681 2875//2875
f 2678//2678 2871//2871 2875//2875
f 2679//2679 2871//2871 2872//2872
f 2679//2679 2872//2872 2875//2875
f 2680//2680 2681//2681 2684//2684
f 2680//2680 2684//2684 2880//2880
f 2680//2680 2870//2870 2874//2874
f 2680//2680 2873//2873 2874//2874
f 2680//2680 2873//2873 2879//2879
f 2680//2680 2879//2879 2880//2880
f 2681//2681 2684//2684 2685//2685
f 2681//2681 2685//2685 2881//2881
f 2681//2681 2875//2875 2881//2881
f 2682//2682 2683//2683 2877//2877
f 2682//2682 2683//2683 2878//2878
f 2682//2682 2877//2877 2878//2878
f 2683//2683 2687//2687 2878//2878
f 2683//2683 2687//2687 2883//2883
f 2683//2683 2877//2877 2878//2878
f 2683//2683 2878//2878 2883//2883
f 2684//2684 2685//2685 2880//2880
f 2685//2685 2880//2880 2881//2881
f 2686//2686 2687//2687 2882//2882
f 2687//2687 2688//2688 2693//2693
f 2687//2687 2692//2692 2693//2693
f 2687//2687 2692//2692 2888//2888
f 2687//2687 2878//2878 2883//2883
f 2687//2687 2882//2882 2883//2883
f 2687//2687 2883//2883 2888//2888
f 2691//2691 2692//2692 2696//2696
f 2691//2691 2692//2692 2697//2697
f 2691//2691 2696//2696 2697//2697
f 2691//2691 2696//2696 2887//2887
f 2692//2692 2693//2693 2889//2889
f 2692//2692 2696//2696 2697//2697
f 2692//2692 2697//2697 2893//2893
f 2692//2692 2888//2888 2889//2889
f 2692//2692 2888//2888 2893//2893
f 2693//2693 2698//2698 2889//2889
f 2693//2693 2698//2698 2894//2894
f 2693//2693 2889//2889 2894//2894
f 2695//2695 2696//2696 2700//2700
f 2695//2695 2696//2696 2701//2701
f 2695//2695 2700//2700 2701//2701
f 2695//2695 2700//2700 2897//2897
f 2695//2695 2891//2891 2897//2897
f 2696//2696 2697//2697 2893//2893
f 2696//2696 2700//2700 2701//2701
f 2696//2696 2701//2701 2892//2892
f 2696//2696 2887//2887 2892//2892
f 2696//2696 2892//2892 2893//2893
f 2698//2698 2702//2702 2894//2894
f 2698//2698 2702//2702 2899//2899
f 2698//2698 2889//2889 2894//2894
f 2698//2698 2894//2894 2899//2899
f 2700//2700 2701//2701 2898//2898
f 2700//2700 2706//2706 2897//2897
f 2700//2700 2897//2897 2898//2898
f 2701//2701 2707//2707 2898//2898
f 2701//2701 2707//2707 2905//2905
f 2701//2701 2892//2892 2898//2898
f 2701//2701 2898//2898 2905//2905
f 2702//2702 2703//2703 2709//2709
f 2702//2702 2703//2703 2900//2900
f 2702//2702 2894//2894 2899//2899
f 2702//2702 2899//2899 2900//2900
f 2703//2703 2709//2709 2900//2900
f 2703//2703 2709//2709 2907//2907
f 2703//2703 2900//2900 2907//2907
f 2704//2704 2902//2902 2909//2909
f 2705//2705 2706//2706 2710//2710
f 2705//2705 2706//2706 2711//2711
f 2705//2705 2710//2710 2711//2711
f 2706//2706 2710//2710 2711//2711
f 2706//2706 2711//2711 2904//2904
f 2706//2706 2897//2897 2904//2904
f 2707//2707 2712//2712 2904//2904
f 2707//2707 2712//2712 2912//2912
f 2707//2707 2898//2898 2905//2905
f 2707//2707 2904//2904 2905//2905
f 2707//2707 2905//2905 2912//2912
f 2709//2709 2713//2713 2907//2907
f 2709//2709 2713//2713 2915//2915
f 2709//2709 2900//2900 2907//2907
f 2709//2709 2907//2907 2915//2915
f 2710//2710 2711//2711 2715//2715
f 2710//2710 2714//2714 2715//2715
f 2711//2711 2715//2715 2918//2918
f 2711//2711 2904//2904 2911//2911
f 2711//2711 2911//2911 2918//2918
f 2712//2712 2904//2904 2911//2911
f 2712//2712 2911//2911 2912//2912
f 2713//2713 2716//2716 2915//2915
f 2713//2713 2716//2716 2921//2921
f 2713//2713 2907//2907 2915//2915
f 2715//2715 2717//2717 2718//2718
f 2715//2715 2718//2718 2918//2918
f 2716//2716 2720//2720 2921//2921
f 2716//2716 2915//2915 2921//2921
f 2716//2716 2920//2920 2921//2921
f 2717//2717 2718//2718 2721//2721
f 2718//2718 2721//2721 2722//2722
f 2718//2718 2722//2722 2927//2927
f 2718//2718 2918//2918 2923//2923
f 2718//2718 2923//2923 2927//2927
f 2719//2719 2720//2720 2724//2724
f 2719//2719 2720//2720 2925//2925
f 2719//2719 2723//2723 2724//2724
f 2719//2719 2723//2723 2929//2929
f 2719//2719 2925//2925 2929//2929
f 2720//2720 2921//2921 2925//2925
f 2721//2721 2722//2722 2725//2725
f 2721//2721 2722//2722 2726//2726
f 2721//2721 2725//2725 2726//2726
f 2721//2721 2725//2725 2926//2926
f 2721//2721 2725//2725 2930//2930
f 2721//2721 2926//2926 2930//2930
f 2722//2722 2725//2725 2726//2726
f 2722//2722 2726//2726 2931//2931
f 2722//2722 2927//2927 2931//2931
f 2723//2723 2724//2724 2727//2727
f 2723//2723 2724//2724 2928//2928
f 2723//2723 2724//2724 2929//2929
f 2723//2723 2727//2727 2728//2728
f 2723//2723 2928//2928 2929//2929
f 2724//2724 2727//2727 2933//2933
f 2724//2724 2928//2928 2929//2929
f 2724//2724 2929//2929 2933//2933
f 2725//2725 2726//2726 2931//2931
f 2725//2725 2737//2737 2930//2930
f 2725//2725 2737//2737 2943//2943
f 2725//2725 2926//2926 2930//2930
f 2725//2725 2930//2930 2931//2931
f 2725//2725 2930//2930 2943//2943
f 2727//2727 2728//2728 2932//2932
f 2727//2727 2728//2728 2933//2933
f 2727//2727 2739//2739 2932//2932
f 2728//2728 2932//2932 2933//2933
f 2730//2730 2731//2731 2936//2936
f 2730//2730 2935//2935 2936//2936
f 2730//2730 2935//2935 3157//3157
f 2731//2731 2732//2732 2937//2937
f 2731//2731 2936//2936 2937//2937
f 2732//2732 2733//2733 2938//2938
f 2732//2732 2937//2937 2938//2938
f 2733//2733 2749//2749 2938//2938
f 2734//2734 2735//2735 2940//2940
f 2734//2734 2752//2752 2940//2940
f 2735//2735 2736//2736 2941//2941
f 2735//2735 2940//2940 2941//2941
f 2736//2736 2753//2753 2942//2942
f 2736//2736 2941//2941 2942//2942
f 2737//2737 2755//2755 2943//2943
f 2737//2737 2930//2930 2943//2943
f 2739//2739 2757//2757 2945//2945
f 2739//2739 2932//2932 2945//2945
f 2740//2740 2741//2741 2947//2947
f 2740//2740 2759//2759 2966//2966
f 2740//2740 2946//2946 2947//2947
f 2740//2740 2946//2946 2966//2966
f 2741//2741 2742//2742 2948//2948
f 2741//2741 2947//2947 2948//2948
f 2742//2742 2743//2743 2761//2761
f 2742//2742 2760//2760 2761//2761
f 2742//2742 2760//2760 2948//2948
f 2743//2743 2744//2744 2950//2950
f 2743//2743 2761//2761 2968//2968
f 2743//2743 2949//2949 2950//2950
f 2743//2743 2949//2949 2968//2968
f 2744//2744 2762//2762 2969//2969
f 2744//2744 2950//2950 2969//2969
f 2745//2745 2746//2746 2952//2952
f 2745//2745 2763//2763 2970//2970
f 2745//2745 2951//2951 2952//2952
f 2745//2745 2951//2951 2970//2970
f 2746//2746 2747//2747 2952//2952
f 2747//2747 2748//2748 2953//2953
f 2747//2747 2952//2952 2953//2953
f 2748//2748 2934//2934 2954//2954
f 2748//2748 2953//2953 2954//2954
f 2749//2749 2750//2750 2957//2957
f 2749//2749 2938//2938 2955//2955
f 2749//2749 2955//2955 2956//2956
f 2749//2749 2956//2956 2957//2957
f 2750//2750 2751//2751 2958//2958
f 2750//2750 2957//2957 2958//2958
f 2751//2751 2752//2752 2958//2958
f 2751//2751 2958//2958 3179//3179
f 2752//2752 2940//2940 2959//2959
f 2752//2752 2958//2958 2959//2959
f 2753//2753 2754//2754 2960//2960
f 2753//2753 2942//2942 2960//2960
f 2754//2754 2764//2764 2961//2961
f 2754//2754 2960//2960 2961//2961
f 2755//2755 2765//2765 2962//2962
f 2755//2755 2765//2765 2972//2972
f 2755//2755 2943//2943 2962//2962
f 2755//2755 2962//2962 2972//2972
f 2757//2757 2766//2766 2973//2973
f 2757//2757 2945//2945 2964//2964
f 2757//2757 2964//2964 2973//2973
f 2758//2758 2759//2759 2965//2965
f 2758//2758 2767//2767 2974//2974
f 2758//2758 2965//2965 2974//2974
f 2759//2759 2965//2965 2966//2966
f 2760//2760 2761//2761 2968//2968
f 2760//2760 2948//2948 2967//2967
f 2760//2760 2967//2967 2968//2968
f 2762//2762 2763//2763 2969//2969
f 2762//2762 2968//2968 2969//2969
f 2763//2763 2969//2969 2970//2970
f 2764//2764 2768//2768 2975//2975
f 2764//2764 2961//2961 2971//2971
f 2764//2764 2971//2971 2975//2975
f 2765//2765 2769//2769 2972//2972
f 2766//2766 2771//2771 2979//2979
f 2766//2766 2973//2973 2979//2979
f 2767//2767 2772//2772 2974//2974
f 2768//2768 2773//2773 2981//2981
f 2768//2768 2975//2975 2981//2981
f 2769//2769 2770//2770 2977//2977
f 2769//2769 2972//2972 2976//2976
f 2769//2769 2976//2976 2977//2977
f 2770//2770 2774//2774 2977//2977
f 2771//2771 2776//2776 2984//2984
f 2771//2771 2979//2979 2984//2984
f 2772//2772 2777//2777 2980//2980
f 2772//2772 2974//2974 2980//2980
f 2773//2773 2778//2778 2986//2986
f 2773//2773 2981//2981 2986//2986
f 2774//2774 2779//2779 2987//2987
f 2774//2774 2977//2977 2982//2982
f 2774//2774 2982//2982 2987//2987
f 2775//2775 2776//2776 2781//2781
f 2775//2775 2776//2776 2983//2983
f 2775//2775 2780//2780 2781//2781
f 2775//2775 2780//2780 2988//2988
f 2775//2775 2983//2983 2988//2988
f 2776//2776 2983//2983 2984//2984
f 2777//2777 2782//2782 2985//2985
f 2777//2777 2980//2980 2985//2985
f 2778//2778 2783//2783 2991//2991
f 2778//2778 2986//2986 2991//2991
f 2779//2779 2785//2785 2987//2987
f 2780//2780 2781//2781 2989//2989
f 2780//2780 2988//2988 2989//2989
f 2781//2781 2782//2782 2787//2787
f 2781//2781 2782//2782 2989//2989
f 2781//2781 2787//2787 2989//2989
f 2781//2781 2787//2787 2994//2994
f 2781//2781 2989//2989 2994//2994
f 2782//2782 2787//2787 2788//2788
f 2782//2782 2985//2985 2990//2990
f 2782//2782 2989//2989 2990//2990
f 2783//2783 2784//2784 2790//2790
f 2783//2783 2789//2789 2790//2790
f 2783//2783 2789//2789 2991//2991
f 2785//2785 2786//2786 2791//2791
f 2785//2785 2786//2786 2993//2993
f 2785//2785 2987//2987 2992//2992
f 2785//2785 2992//2992 2993//2993
f 2786//2786 2791//2791 2993//2993
f 2787//2787 2793//2793 2994//2994
f 2787//2787 2989//2989 2994//2994
f 2789//2789 2790//2790 2995//2995
f 2789//2789 2991//2991 2995//2995
f 2790//2790 2795//2795 3001//3001
f 2790//2790 2995//2995 2996//2996
f 2790//2790 2996//2996 3001//3001
f 2791//2791 2792//2792 2798//2798
f 2791//2791 2792//2792 2997//2997
f 2791//2791 2797//2797 2798//2798
f 2791//2791 2993//2993 2997//2997
f 2792//2792 2798//2798 2998//2998
f 2792//2792 2997//2997 2998//2998
f 2793//2793 2794//2794 2800//2800
f 2793//2793 2794//2794 3000//3000
f 2793//2793 2799//2799 2800//2800
f 2793//2793 2799//2799 3004//3004
f 2793//2793 2994//2994 2999//2999
f 2793//2793 2999//2999 3000//3000
f 2793//2793 2999//2999 3004//3004
f 2794//2794 2800//2800 3000//3000
f 2794//2794 3000//3000 3221//3221
f 2794//2794 3000//3000 3222//3222
f 2794//2794 3221//3221 3222//3222
f 2795//2795 2802//2802 3001//3001
f 2796//2796 2804//2804 3008//3008
f 2796//2796 2805//2805 3008//3008
f 2797//2797 2798//2798 3002//3002
f 2797//2797 2798//2798 3003//3003
f 2797//2797 3002//3002 3003//3003
f 2798//2798 2799//2799 3004//3004
f 2798//2798 2998//2998 3003//3003
f 2798//2798 3002//3002 3003//3003
f 2798//2798 3003//3003 3004//3004
f 2799//2799 2800//2800 3004//3004
f 2800//2800 2801//2801 3010//3010
f 2800//2800 3000//3000 3005//3005
f 2800//2800 3005//3005 3010//3010
f 2801//2801 2806//2806 3010//3010
f 2802//2802 2815//2815 3019//3019
f 2802//2802 3001//3001 3006//3006
f 2802//2802 3006//3006 3019//3019
f 2803//2803 2804//2804 3008//3008
f 2803//2803 2818//2818 3007//3007
f 2803//2803 3007//3007 3008//3008
f 2805//2805 2819//2819 3022//3022
f 2805//2805 3008//3008 3009//3009
f 2805//2805 3009//3009 3022//3022
f 2806//2806 2807//2807 3011//3011
f 2806//2806 3010//3010 3011//3011
f 2807//2807 2820//2820 3023//3023
f 2807//2807 3011//3011 3023//3023
f 2808//2808 2809//2809 3012//3012
f 2808//2808 2825//2825 3028//3028
f 2808//2808 3012//3012 3028//3028
f 2809//2809 2810//2810 3013//3013
f 2809//2809 3012//3012 3013//3013
f 2810//2810 2811//2811 3015//3015
f 2810//2810 3013//3013 3014//3014
f 2810//2810 3014//3014 3015//3015
f 2811//2811 2812//2812 3015//3015
f 2812//2812 2813//2813 3016//3016
f 2812//2812 3015//3015 3016//3016
f 2813//2813 2814//2814 3017//3017
f 2813//2813 3016//3016 3017//3017
f 2814//2814 2826//2826 3018//3018
f 2814//2814 3017//3017 3018//3018
f 2815//2815 2816//2816 2828//2828
f 2815//2815 2828//2828 3032//3032
f 2815//2815 3019//3019 3032//3032
f 2817//2817 2818//2818 3021//3021
f 2817//2817 2830//2830 3020//3020
f 2817//2817 3020//3020 3021//3021
f 2818//2818 3007//3007 3021//3021
f 2819//2819 2831//2831 3035//3035
f 2819//2819 3022//3022 3035//3035
f 2820//2820 2821//2821 3023//3023
f 2821//2821 2822//2822 3025//3025
f 2821//2821 3023//3023 3024//3024
f 2821//2821 3024//3024 3025//3025
f 2821//2821 3024//3024 3247//3247
f 2822//2822 2823//2823 3026//3026
f 2822//2822 3025//3025 3026//3026
f 2823//2823 2824//2824 3027//3027
f 2823//2823 3026//3026 3027//3027
f 2824//2824 2825//2825 3028//3028
f 2824//2824 3027//3027 3028//3028
f 2825//2825 3027//3027 3028//3028
f 2826//2826 2827//2827 3029//3029
f 2826//2826 3018//3018 3029//3029
f 2827//2827 2832//2832 3036//3036
f 2827//2827 3029//3029 3030//3030
f 2827//2827 3030//3030 3036//3036
f 2828//2828 2834//2834 3038//3038
f 2828//2828 3032//3032 3038//3038
f 2829//2829 2830//2830 3034//3034
f 2829//2829 2835//2835 3033//3033
f 2829//2829 3033//3033 3034//3034
f 2830//2830 3020//3020 3034//3034
f 2831//2831 2836//2836 3040//3040
f 2831//2831 3035//3035 3040//3040
f 2832//2832 2833//2833 2837//2837
f 2832//2832 2837//2837 3036//3036
f 2832//2832 3036//3036 3041//3041
f 2833//2833 2837//2837 2838//2838
f 2834//2834 2835//2835 3039//3039
f 2834//2834 3038//3038 3039//3039
f 2834//2834 3038//3038 3262//3262
f 2835//2835 3033//3033 3039//3039
f 2836//2836 2840//2840 3040//3040
f 2837//2837 2838//2838 3041//3041
f 2837//2837 2838//2838 3042//3042
f 2837//2837 3036//3036 3041//3041
f 2837//2837 3041//3041 3042//3042
f 2838//2838 2841//2841 3045//3045
f 2838//2838 3042//3042 3045//3045
f 2839//2839 2840//2840 3043//3043
f 2839//2839 2843//2843 3047//3047
f 2839//2839 3043//3043 3047//3047
f 2840//2840 3040//3040 3044//3044
f 2840//2840 3043//3043 3044//3044
f 2841//2841 2842//2842 3045//3045
f 2842//2842 2844//2844 3046//3046
f 2842//2842 3045//3045 3046//3046
f 2843//2843 2847//2847 3051//3051
f 2843//2843 3047//3047 3051//3051
f 2844//2844 2845//2845 2849//2849
f 2844//2844 2845//2845 3048//3048
f 2844//2844 2848//2848 2849//2849
f 2844//2844 2848//2848 3052//3052
f 2844//2844 2849//2849 3048//3048
f 2844//2844 3046//3046 3048//3048
f 2844//2844 3048//3048 3052//3052
f 2845//2845 2849//2849 3053//3053
f 2845//2845 3048//3048 3049//3049
f 2845//2845 3049//3049 3053//3053
f 2846//2846 2847//2847 3051//3051
f 2846//2846 2850//2850 3050//3050
f 2846//2846 3050//3050 3051//3051
f 2848//2848 2849//2849 3052//3052
f 2849//2849 2852//2852 3053//3053
f 2849//2849 3048//3048 3053//3053
f 2849//2849 3052//3052 3053//3053
f 2850//2850 2851//2851 2856//2856
f 2850//2850 2856//2856 3059//3059
f 2850//2850 3050//3050 3054//3054
f 2850//2850 3054//3054 3059//3059
f 2852//2852 2853//2853 3055//3055
f 2852//2852 3053//3053 3055//3055
f 2853//2853 2854//2854 3057//3057
f 2853//2853 3055//3055 3056//3056
f 2853//2853 3056//3056 3057//3057
f 2854//2854 2855//2855 3058//3058
f 2854//2854 3057//3057 3058//3058
f 2855//2855 2857//2857 3058//3058
f 2856//2856 2862//2862 3059//3059
f 2856//2856 2862//2862 3065//3065
f 2856//2856 3059//3059 3065//3065
f 2857//2857 2858//2858 3060//3060
f 2857//2857 3058//3058 3060//3060
f 2858//2858 2859//2859 2864//2864
f 2858//2858 2859//2859 3061//3061
f 2858//2858 2863//2863 2864//2864
f 2858//2858 2863//2863 3061//3061
f 2858//2858 2863//2863 3066//3066
f 2858//2858 3060//3060 3061//3061
f 2858//2858 3061//3061 3066//3066
f 2859//2859 2860//2860 2865//2865
f 2859//2859 2860//2860 3063//3063
f 2859//2859 3061//3061 3062//3062
f 2859//2859 3062//3062 3063//3063
f 2860//2860 2861//2861 3067//3067
f 2860//2860 2865//2865 3063//3063
f 2860//2860 2865//2865 3067//3067
f 2861//2861 2862//2862 3065//3065
f 2861//2861 3064//3064 3065//3065
f 2861//2861 3064//3064 3068//3068
f 2861//2861 3067//3067 3068//3068
f 2862//2862 3059//3059 3065//3065
f 2863//2863 3061//3061 3066//3066
f 2865//2865 3063//3063 3067//3067
f 2866//2866 2867//2867 3071//3071
f 2866//2866 2870//2870 3071//3071
f 2867//2867 2868//2868 3072//3072
f 2867//2867 3071//3071 3072//3072
f 2868//2868 2869//2869 3073//3073
f 2868//2868 2869//2869 3074//3074
f 2868//2868 2872//2872 3077//3077
f 2868//2868 3072//3072 3073//3073
f 2868//2868 3073//3073 3077//3077
f 2868//2868 3073//3073 3294//3294
f 2868//2868 3074//3074 3294//3294
f 2869//2869 3073//3073 3074//3074
f 2870//2870 2874//2874 3076//3076
f 2870//2870 3071//3071 3076//3076
f 2871//2871 2872//2872 2875//2875
f 2872//2872 2875//2875 2876//2876
f 2872//2872 2876//2876 3081//3081
f 2872//2872 3077//3077 3081//3081
f 2873//2873 2874//2874 3078//3078
f 2873//2873 2879//2879 3083//3083
f 2873//2873 3078//3078 3083//3083
f 2874//2874 3076//3076 3079//3079
f 2874//2874 3078//3078 3079//3079
f 2875//2875 2876//2876 3080//3080
f 2875//2875 2881//2881 3080//3080
f 2876//2876 3080//3080 3081//3081
f 2878//2878 2883//2883 3082//3082
f 2878//2878 2883//2883 3087//3087
f 2878//2878 3082//3082 3087//3087
f 2879//2879 2880//2880 3083//3083
f 2880//2880 2881//2881 3085//3085
f 2880//2880 2885//2885 3090//3090
f 2880//2880 3083//3083 3084//3084
f 2880//2880 3084//3084 3085//3085
f 2880//2880 3084//3084 3090//3090
f 2881//2881 3080//3080 3085//3085
f 2882//2882 2883//2883 3086//3086
f 2882//2882 2883//2883 3087//3087
f 2882//2882 3086//3086 3087//3087
f 2883//2883 2888//2888 3094//3094
f 2883//2883 3082//3082 3087//3087
f 2883//2883 3086//3086 3087//3087
f 2883//2883 3087//3087 3094//3094
f 2884//2884 2889//2889 3095//3095
f 2884//2884 3088//3088 3095//3095
f 2886//2886 2887//2887 3092//3092
f 2886//2886 2887//2887 3093//3093
f 2886//2886 3092//3092 3093//3093
f 2887//2887 2892//2892 3093//3093
f 2887//2887 3092//3092 3093//3093
f 2888//2888 2889//2889 3094//3094
f 2888//2888 2893//2893 3101//3101
f 2888//2888 3094//3094 3101//3101
f 2889//2889 2890//2890 2895//2895
f 2889//2889 2894//2894 2895//2895
f 2889//2889 2894//2894 3102//3102
f 2889//2889 3094//3094 3095//3095
f 2889//2889 3095//3095 3102//3102
f 2891//2891 2892//2892 2897//2897
f 2892//2892 2893//2893 3101//3101
f 2892//2892 2897//2897 2898//2898
f 2892//2892 2898//2898 3100//3100
f 2892//2892 2898//2898 3108//3108
f 2892//2892 2898//2898 3109//3109
f 2892//2892 3093//3093 3100//3100
f 2892//2892 3100//3100 3108//3108
f 2892//2892 3101//3101 3109//3109
f 2894//2894 2895//2895 2900//2900
f 2894//2894 2895//2895 3103//3103
f 2894//2894 2899//2899 2900//2900
f 2894//2894 3102//3102 3103//3103
f 2895//2895 2900//2900 3103//3103
f 2896//2896 2902//2902 3105//3105
f 2897//2897 2898//2898 2904//2904
f 2897//2897 2904//2904 3107//3107
f 2897//2897 3107//3107 3115//3115
f 2898//2898 2904//2904 2905//2905
f 2898//2898 2905//2905 3108//3108
f 2898//2898 2905//2905 3116//3116
f 2898//2898 3100//3100 3108//3108
f 2898//2898 3108//3108 3109//3109
f 2898//2898 3108//3108 3116//3116
f 2900//2900 2907//2907 3111//3111
f 2900//2900 3103//3103 3111//3111
f 2901//2901 2902//2902 2909//2909
f 2901//2901 2902//2902 3112//3112
f 2901//2901 2908//2908 2909//2909
f 2901//2901 2908//2908 3121//3121
f 2901//2901 3112//3112 3121//3121
f 2902//2902 2909//2909 2910//2910
f 2902//2902 2910//2910 3114//3114
f 2902//2902 3105//3105 3112//3112
f 2902//2902 3105//3105 3113//3113
f 2902//2902 3113//3113 3114//3114
f 2904//2904 2905//2905 2911//2911
f 2904//2904 2905//2905 3115//3115
f 2904//2904 2911//2911 3125//3125
f 2904//2904 3107//3107 3115//3115
f 2904//2904 3115//3115 3125//3125
f 2905//2905 2911//2911 2912//2912
f 2905//2905 2912//2912 2913//2913
f 2905//2905 2912//2912 3116//3116
f 2905//2905 2912//2912 3126//3126
f 2905//2905 2913//2913 3117//3117
f 2905//2905 3108//3108 3116//3116
f 2905//2905 3115//3115 3116//3116
f 2905//2905 3116//3116 3117//3117
f 2905//2905 3116//3116 3126//3126
f 2906//2906 2907//2907 2915//2915
f 2906//2906 2907//2907 3118//3118
f 2906//2906 2914//2914 2915//2915
f 2906//2906 2914//2914 3128//3128
f 2906//2906 3118//3118 3128//3128
f 2907//2907 3111//3111 3119//3119
f 2907//2907 3118//3118 3119//3119
f 2908//2908 2909//2909 3121//3121
f 2909//2909 2910//2910 3123//3123
f 2909//2909 2916//2916 3122//3122
f 2909//2909 2916//2916 3131//3131
f 2909//2909 3121//3121 3122//3122
f 2909//2909 3122//3122 3123//3123
f 2909//2909 3122//3122 3131//3131
f 2910//2910 3114//3114 3123//3123
f 2911//2911 2918//2918 3125//3125
f 2912//2912 2913//2913 3127//3127
f 2912//2912 2919//2919 3126//3126
f 2912//2912 2919//2919 3135//3135
f 2912//2912 3116//3116 3126//3126
f 2912//2912 3126//3126 3127//3127
f 2912//2912 3126//3126 3135//3135
f 2913//2913 3117//3117 3127//3127
f 2914//2914 2915//2915 2920//2920
f 2914//2914 2920//2920 3128//3128
f 2915//2915 2920//2920 2921//2921
f 2916//2916 3122//3122 3131//3131
f 2917//2917 2922//2922 2923//2923
f 2918//2918 2923//2923 3134//3134
f 2918//2918 3125//3125 3134//3134
f 2919//2919 3126//3126 3135//3135
f 2920//2920 2921//2921 2924//2924
f 2920//2920 2921//2921 2925//2925
f 2920//2920 2924//2924 2925//2925
f 2920//2920 2924//2924 3141//3141
f 2920//2920 3128//3128 3136//3136
f 2920//2920 3136//3136 3141//3141
f 2921//2921 2924//2924 2925//2925
f 2922//2922 2923//2923 3139//3139
f 2922//2922 2923//2923 3140//3140
f 2922//2922 3139//3139 3140//3140
f 2923//2923 2927//2927 3140//3140
f 2923//2923 3134//3134 3140//3140
f 2923//2923 3139//3139 3140//3140
f 2924//2924 2925//2925 2928//2928
f 2924//2924 2928//2928 3146//3146
f 2924//2924 3141//3141 3146//3146
f 2925//2925 2928//2928 2929//2929
f 2927//2927 2931//2931 3152//3152
f 2927//2927 3140//3140 3145//3145
f 2927//2927 3145//3145 3152//3152
f 2928//2928 2929//2929 2932//2932
f 2928//2928 2929//2929 2933//2933
f 2928//2928 2929//2929 3146//3146
f 2928//2928 2932//2932 2933//2933
f 2929//2929 2932//2932 2933//2933
f 2929//2929 2933//2933 3146//3146
f 2930//2930 2931//2931 2943//2943
f 2930//2930 2931//2931 3151//3151
f 2930//2930 2943//2943 3151//3151
f 2931//2931 2943//2943 2944//2944
f 2931//2931 3151//3151 3152//3152
f 2932//2932 2933//2933 2945//2945
f 2932//2932 2933//2933 3153//3153
f 2932//2932 2945//2945 3167//3167
f 2932//2932 3153//3153 3167//3167
f 2933//2933 3146//3146 3153//3153
f 2933//2933 3153//3153 3154//3154
f 2934//2934 2935//2935 3156//3156
f 2934//2934 2954//2954 3156//3156
f 2935//2935 2936//2936 3157//3157
f 2935//2935 3156//3156 3157//3157
f 2936//2936 2937//2937 3158//3158
f 2936//2936 3157//3157 3158//3158
f 2937//2937 2938//2938 3159//3159
f 2937//2937 3158//3158 3159//3159
f 2938//2938 2955//2955 3176//3176
f 2938//2938 3159//3159 3160//3160
f 2938//2938 3160//3160 3176//3176
f 2939//2939 2940//2940 2958//2958
f 2939//2939 2940//2940 3162//3162
f 2939//2939 2958//2958 3161//3161
f 2939//2939 3161//3161 3162//3162
f 2940//2940 2941//2941 3162//3162
f 2940//2940 2958//2958 2959//2959
f 2941//2941 2942//2942 3163//3163
f 2941//2941 2942//2942 3164//3164
f 2941//2941 3162//3162 3163//3163
f 2941//2941 3163//3163 3164//3164
f 2942//2942 2960//2960 3164//3164
f 2943//2943 2962//2962 3165//3165
f 2943//2943 3151//3151 3165//3165
f 2943//2943 3165//3165 3166//3166
f 2945//2945 2964//2964 3167//3167
f 2946//2946 2947//2947 3168//3168
f 2946//2946 2966//2966 3187//3187
f 2946//2946 3168//3168 3187//3187
f 2947//2947 2948//2948 3170//3170
f 2947//2947 3168//3168 3169//3169
f 2947//2947 3169//3169 3170//3170
f 2948//2948 2967//2967 3188//3188
f 2948//2948 3170//3170 3188//3188
f 2949//2949 2950//2950 2969//2969
f 2949//2949 2968//2968 2969//2969
f 2951//2951 2952//2952 3173//3173
f 2951//2951 2970//2970 3172//3172
f 2951//2951 3172//3172 3173//3173
f 2952//2952 2953//2953 3174//3174
f 2952//2952 3173//3173 3174//3174
f 2953//2953 2954//2954 3175//3175
f 2953//2953 3174//3174 3175//3175
f 2954//2954 3156//3156 3175//3175
f 2955//2955 2956//2956 3176//3176
f 2956//2956 2957//2957 3177//3177
f 2956//2956 3176//3176 3177//3177
f 2957//2957 2958//2958 3179//3179
f 2957//2957 3177//3177 3178//3178
f 2957//2957 3178//3178 3179//3179
f 2958//2958 3161//3161 3179//3179
f 2960//2960 2961//2961 3181//3181
f 2960//2960 3164//3164 3180//3180
f 2960//2960 3180//3180 3181//3181
f 2961//2961 2971//2971 3181//3181
f 2962//2962 2972//2972 3192//3192
f 2962//2962 3165//3165 3182//3182
f 2962//2962 3182//3182 3192//3192
f 2963//2963 2964//2964 2973//2973
f 2964//2964 2973//2973 3185//3185
f 2964//2964 3167//3167 3185//3185
f 2965//2965 2966//2966 3187//3187
f 2965//2965 2974//2974 3196//3196
f 2965//2965 3186//3186 3187//3187
f 2965//2965 3186//3186 3196//3196
f 2965//2965 3186//3186 3417//3417
f 2967//2967 2968//2968 3188//3188
f 2968//2968 2969//2969 3188//3188
f 2969//2969 2970//2970 3190//3190
f 2969//2969 3188//3188 3189//3189
f 2969//2969 3189//3189 3190//3190
f 2970//2970 3172//3172 3190//3190
f 2971//2971 2975//2975 3191//3191
f 2971//2971 3181//3181 3191//3191
f 2972//2972 2976//2976 3192//3192
f 2973//2973 2979//2979 3201//3201
f 2973//2973 3185//3185 3195//3195
f 2973//2973 3195//3195 3201//3201
f 2974//2974 2980//2980 3202//3202
f 2974//2974 3196//3196 3202//3202
f 2975//2975 2981//2981 3197//3197
f 2975//2975 3191//3191 3197//3197
f 2976//2976 2977//2977 3198//3198
f 2976//2976 3192//3192 3198//3198
f 2977//2977 2982//2982 3204//3204
f 2977//2977 3198//3198 3199//3199
f 2977//2977 3199//3199 3204//3204
f 2978//2978 2979//2979 2984//2984
f 2978//2978 2979//2979 3201//3201
f 2978//2978 2983//2983 2984//2984
f 2978//2978 2983//2983 3200//3200
f 2978//2978 3200//3200 3201//3201
f 2979//2979 2983//2983 2984//2984
f 2980//2980 2985//2985 3207//3207
f 2980//2980 3202//3202 3207//3207
f 2981//2981 2986//2986 3208//3208
f 2981//2981 3197//3197 3203//3203
f 2981//2981 3203//3203 3208//3208
f 2982//2982 2987//2987 3204//3204
f 2983//2983 2988//2988 3205//3205
f 2983//2983 3200//3200 3205//3205
f 2984//2984 2985//2985 2989//2989
f 2984//2984 2985//2985 3207//3207
f 2984//2984 2989//2989 3211//3211
f 2984//2984 3206//3206 3207//3207
f 2984//2984 3206//3206 3211//3211
f 2985//2985 2989//2989 2990//2990
f 2986//2986 2991//2991 3212//3212
f 2986//2986 3208//3208 3212//3212
f 2987//2987 2992//2992 3209//3209
f 2987//2987 3204//3204 3209//3209
f 2988//2988 2989//2989 3210//3210
f 2988//2988 3205//3205 3210//3210
f 2989//2989 2994//2994 3211//3211
f 2989//2989 2994//2994 3216//3216
f 2989//2989 3210//3210 3211//3211
f 2989//2989 3211//3211 3216//3216
f 2991//2991 2995//2995 3217//3217
f 2991//2991 3212//3212 3217//3217
f 2992//2992 2993//2993 3213//3213
f 2992//2992 3209//3209 3213//3213
f 2993//2993 2997//2997 3214//3214
f 2993//2993 3213//3213 3214//3214
f 2994//2994 2999//2999 3221//3221
f 2994//2994 3211//3211 3216//3216
f 2994//2994 3216//3216 3221//3221
f 2995//2995 2996//2996 3218//3218
f 2995//2995 3217//3217 3218//3218
f 2996//2996 3001//3001 3224//3224
f 2996//2996 3218//3218 3224//3224
f 2997//2997 2998//2998 3002//3002
f 2997//2997 2998//2998 3003//3003
f 2997//2997 2998//2998 3220//3220
f 2997//2997 3002//3002 3003//3003
f 2997//2997 3214//3214 3219//3219
f 2997//2997 3219//3219 3220//3220
f 2998//2998 2999//2999 3004//3004
f 2998//2998 2999//2999 3220//3220
f 2998//2998 3002//3002 3003//3003
f 2998//2998 3003//3003 3004//3004
f 2999//2999 3000//3000 3221//3221
f 2999//2999 3220//3220 3221//3221
f 3000//3000 3005//3005 3222//3222
f 3000//3000 3222//3222 3455//3455
f 3001//3001 3006//3006 3227//3227
f 3001//3001 3224//3224 3227//3227
f 3005//3005 3010//3010 3226//3226
f 3005//3005 3222//3222 3225//3225
f 3005//3005 3225//3225 3226//3226
f 3006//3006 3019//3019 3241//3241
f 3006//3006 3227//3227 3241//3241
f 3007//3007 3008//3008 3229//3229
f 3007//3007 3021//3021 3243//3243
f 3007//3007 3228//3228 3229//3229
f 3007//3007 3228//3228 3243//3243
f 3008//3008 3009//3009 3230//3230
f 3008//3008 3229//3229 3230//3230
f 3009//3009 3022//3022 3230//3230
f 3010//3010 3011//3011 3232//3232
f 3010//3010 3226//3226 3231//3231
f 3010//3010 3231//3231 3232//3232
f 3011//3011 3023//3023 3232//3232
f 3012//3012 3013//3013 3233//3233
f 3012//3012 3028//3028 3251//3251
f 3012//3012 3233//3233 3251//3251
f 3013//3013 3014//3014 3234//3234
f 3013//3013 3233//3233 3234//3234
f 3014//3014 3015//3015 3235//3235
f 3014//3014 3234//3234 3235//3235
f 3015//3015 3016//3016 3236//3236
f 3015//3015 3235//3235 3236//3236
f 3016//3016 3017//3017 3237//3237
f 3016//3016 3236//3236 3237//3237
f 3017//3017 3018//3018 3238//3238
f 3017//3017 3237//3237 3238//3238
f 3018//3018 3029//3029 3239//3239
f 3018//3018 3238//3238 3239//3239
f 3019//3019 3031//3031 3032//3032
f 3019//3019 3031//3031 3254//3254
f 3019//3019 3241//3241 3254//3254
f 3020//3020 3021//3021 3243//3243
f 3020//3020 3034//3034 3256//3256
f 3020//3020 3242//3242 3243//3243
f 3020//3020 3242//3242 3256//3256
f 3022//3022 3035//3035 3258//3258
f 3022//3022 3230//3230 3245//3245
f 3022//3022 3245//3245 3258//3258
f 3023//3023 3024//3024 3247//3247
f 3023//3023 3232//3232 3246//3246
f 3023//3023 3246//3246 3247//3247
f 3024//3024 3025//3025 3247//3247
f 3025//3025 3026//3026 3249//3249
f 3025//3025 3247//3247 3248//3248
f 3025//3025 3248//3248 3249//3249
f 3026//3026 3027//3027 3249//3249
f 3027//3027 3028//3028 3250//3250
f 3027//3027 3249//3249 3250//3250
f 3028//3028 3250//3250 3251//3251
f 3029//3029 3030//3030 3252//3252
f 3029//3029 3239//3239 3252//3252
f 3030//3030 3036//3036 3259//3259
f 3030//3030 3252//3252 3253//3253
f 3030//3030 3253//3253 3259//3259
f 3031//3031 3032//3032 3254//3254
f 3032//3032 3038//3038 3262//3262
f 3032//3032 3254//3254 3262//3262
f 3033//3033 3034//3034 3255//3255
f 3033//3033 3039//3039 3255//3255
f 3033//3033 3255//3255 3256//3256
f 3034//3034 3255//3255 3256//3256
f 3035//3035 3040//3040 3258//3258
f 3036//3036 3037//3037 3042//3042
f 3036//3036 3037//3037 3259//3259
f 3036//3036 3041//3041 3042//3042
f 3037//3037 3042//3042 3265//3265
f 3037//3037 3259//3259 3260//3260
f 3037//3037 3260//3260 3265//3265
f 3038//3038 3039//3039 3255//3255
f 3038//3038 3255//3255 3262//3262
f 3040//3040 3043//3043 3044//3044
f 3040//3040 3043//3043 3263//3263
f 3040//3040 3258//3258 3264//3264
f 3040//3040 3263//3263 3264//3264
f 3042//3042 3045//3045 3265//3265
f 3043//3043 3047//3047 3270//3270
f 3043//3043 3263//3263 3266//3266
f 3043//3043 3266//3266 3270//3270
f 3045//3045 3046//3046 3268//3268
f 3045//3045 3265//3265 3267//3267
f 3045//3045 3267//3267 3268//3268
f 3046//3046 3048//3048 3268//3268
f 3046//3046 3048//3048 3271//3271
f 3046//3046 3268//3268 3271//3271
f 3047//3047 3050//3050 3051//3051
f 3047//3047 3050//3050 3272//3272
f 3047//3047 3270//3270 3272//3272
f 3048//3048 3049//3049 3053//3053
f 3048//3048 3052//3052 3053//3053
f 3048//3048 3052//3052 3271//3271
f 3048//3048 3268//3268 3271//3271
f 3050//3050 3054//3054 3272//3272
f 3052//3052 3053//3053 3273//3273
f 3052//3052 3271//3271 3273//3273
f 3053//3053 3055//3055 3274//3274
f 3053//3053 3273//3273 3274//3274
f 3054//3054 3059//3059 3282//3282
f 3054//3054 3272//3272 3276//3276
f 3054//3054 3276//3276 3282//3282
f 3055//3055 3056//3056 3277//3277
f 3055//3055 3274//3274 3277//3277
f 3056//3056 3057//3057 3278//3278
f 3056//3056 3277//3277 3278//3278
f 3057//3057 3058//3058 3279//3279
f 3057//3057 3278//3278 3279//3279
f 3058//3058 3060//3060 3280//3280
f 3058//3058 3279//3279 3280//3280
f 3059//3059 3065//3065 3282//3282
f 3060//3060 3061//3061 3283//3283
f 3060//3060 3280//3280 3283//3283
f 3061//3061 3062//3062 3285//3285
f 3061//3061 3283//3283 3284//3284
f 3061//3061 3284//3284 3285//3285
f 3062//3062 3063//3063 3286//3286
f 3062//3062 3285//3285 3286//3286
f 3063//3063 3064//3064 3068//3068
f 3063//3063 3064//3064 3286//3286
f 3063//3063 3067//3067 3068//3068
f 3063//3063 3067//3067 3286//3286
f 3064//3064 3065//3065 3288//3288
f 3064//3064 3286//3286 3287//3287
f 3064//3064 3287//3287 3288//3288
f 3065//3065 3282//3282 3288//3288
f 3069//3069 3070//3070 3290//3290
f 3069//3069 3070//3070 3291//3291
f 3069//3069 3075//3075 3290//3290
f 3069//3069 3075//3075 3296//3296
f 3069//3069 3290//3290 3291//3291
f 3069//3069 3290//3290 3296//3296
f 3070//3070 3290//3290 3291//3291
f 3071//3071 3072//3072 3293//3293
f 3071//3071 3076//3076 3298//3298
f 3071//3071 3292//3292 3293//3293
f 3071//3071 3292//3292 3298//3298
f 3072//3072 3073//3073 3293//3293
f 3073//3073 3074//3074 3294//3294
f 3073//3073 3077//3077 3299//3299
f 3073//3073 3293//3293 3294//3294
f 3073//3073 3294//3294 3299//3299
f 3073//3073 3294//3294 3534//3534
f 3074//3074 3294//3294 3295//3295
f 3075//3075 3290//3290 3296//3296
f 3076//3076 3079//3079 3298//3298
f 3077//3077 3081//3081 3305//3305
f 3077//3077 3299//3299 3305//3305
f 3078//3078 3079//3079 3302//3302
f 3078//3078 3083//3083 3308//3308
f 3078//3078 3302//3302 3308//3308
f 3079//3079 3298//3298 3303//3303
f 3079//3079 3302//3302 3303//3303
f 3080//3080 3081//3081 3304//3304
f 3080//3080 3085//3085 3304//3304
f 3081//3081 3304//3304 3305//3305
f 3083//3083 3084//3084 3090//3090
f 3083//3083 3089//3089 3090//3090
f 3083//3083 3089//3089 3308//3308
f 3084//3084 3085//3085 3090//3090
f 3085//3085 3090//3090 3091//3091
f 3085//3085 3091//3091 3309//3309
f 3085//3085 3304//3304 3309//3309
f 3087//3087 3088//3088 3094//3094
f 3087//3087 3088//3088 3095//3095
f 3087//3087 3094//3094 3095//3095
f 3087//3087 3094//3094 3311//3311
f 3087//3087 3094//3094 3316//3316
f 3087//3087 3311//3311 3316//3316
f 3088//3088 3094//3094 3095//3095
f 3088//3088 3095//3095 3317//3317
f 3088//3088 3312//3312 3317//3317
f 3089//3089 3090//3090 3098//3098
f 3089//3089 3097//3097 3098//3098
f 3089//3089 3097//3097 3313//3313
f 3089//3089 3308//3308 3313//3313
f 3090//3090 3091//3091 3314//3314
f 3090//3090 3098//3098 3321//3321
f 3090//3090 3314//3314 3321//3321
f 3091//3091 3309//3309 3314//3314
f 3093//3093 3100//3100 3315//3315
f 3093//3093 3100//3100 3323//3323
f 3093//3093 3315//3315 3323//3323
f 3094//3094 3095//3095 3316//3316
f 3094//3094 3101//3101 3324//3324
f 3094//3094 3311//3311 3316//3316
f 3094//3094 3316//3316 3324//3324
f 3095//3095 3102//3102 3317//3317
f 3095//3095 3102//3102 3325//3325
f 3095//3095 3316//3316 3317//3317
f 3095//3095 3317//3317 3325//3325
f 3097//3097 3098//3098 3105//3105
f 3097//3097 3105//3105 3319//3319
f 3097//3097 3313//3313 3319//3319
f 3098//3098 3105//3105 3320//3320
f 3098//3098 3320//3320 3321//3321
f 3099//3099 3107//3107 3322//3322
f 3099//3099 3107//3107 3331//3331
f 3099//3099 3322//3322 3331//3331
f 3100//3100 3101//3101 3108//3108
f 3100//3100 3101//3101 3109//3109
f 3100//3100 3108//3108 3109//3109
f 3100//3100 3315//3315 3323//3323
f 3100//3100 3322//3322 3323//3323
f 3101//3101 3108//3108 3109//3109
f 3101//3101 3109//3109 3333//3333
f 3101//3101 3324//3324 3333//3333
f 3102//3102 3103//3103 3110//3110
f 3102//3102 3110//3110 3325//3325
f 3102//3102 3317//3317 3325//3325
f 3103//3103 3110//3110 3111//3111
f 3104//3104 3105//3105 3112//3112
f 3104//3104 3105//3105 3328//3328
f 3104//3104 3112//3112 3328//3328
f 3105//3105 3106//3106 3113//3113
f 3105//3105 3106//3106 3330//3330
f 3105//3105 3319//3319 3328//3328
f 3105//3105 3320//3320 3329//3329
f 3105//3105 3329//3329 3330//3330
f 3106//3106 3113//3113 3114//3114
f 3106//3106 3114//3114 3330//3330
f 3107//3107 3108//3108 3115//3115
f 3107//3107 3108//3108 3116//3116
f 3107//3107 3115//3115 3116//3116
f 3107//3107 3115//3115 3331//3331
f 3107//3107 3115//3115 3339//3339
f 3107//3107 3322//3322 3331//3331
f 3107//3107 3331//3331 3339//3339
f 3108//3108 3109//3109 3117//3117
f 3108//3108 3115//3115 3116//3116
f 3108//3108 3116//3116 3117//3117
f 3108//3108 3116//3116 3332//3332
f 3108//3108 3116//3116 3340//3340
f 3108//3108 3332//3332 3340//3340
f 3109//3109 3117//3117 3341//3341
f 3109//3109 3333//3333 3341//3341
f 3110//3110 3111//3111 3119//3119
f 3110//3110 3111//3111 3335//3335
f 3110//3110 3118//3118 3119//3119
f 3110//3110 3118//3118 3334//3334
f 3110//3110 3118//3118 3342//3342
f 3110//3110 3119//3119 3335//3335
f 3110//3110 3325//3325 3334//3334
f 3110//3110 3334//3334 3335//3335
f 3110//3110 3334//3334 3342//3342
f 3112//3112 3121//3121 3337//3337
f 3112//3112 3328//3328 3337//3337
f 3114//3114 3123//3123 3347//3347
f 3114//3114 3330//3330 3338//3338
f 3114//3114 3338//3338 3347//3347
f 3115//3115 3116//3116 3340//3340
f 3115//3115 3125//3125 3339//3339
f 3115//3115 3125//3125 3349//3349
f 3115//3115 3331//3331 3339//3339
f 3115//3115 3339//3339 3340//3340
f 3115//3115 3339//3339 3349//3349
f 3116//3116 3126//3126 3340//3340
f 3116//3116 3332//3332 3340//3340
f 3117//3117 3127//3127 3341//3341
f 3117//3117 3127//3127 3351//3351
f 3117//3117 3341//3341 3351//3351
f 3118//3118 3119//3119 3342//3342
f 3118//3118 3128//3128 3352//3352
f 3118//3118 3334//3334 3342//3342
f 3118//3118 3342//3342 3352//3352
f 3119//3119 3335//3335 3343//3343
f 3119//3119 3342//3342 3343//3343
f 3120//3120 3129//3129 3344//3344
f 3121//3121 3122//3122 3131//3131
f 3121//3121 3130//3130 3131//3131
f 3121//3121 3130//3130 3356//3356
f 3121//3121 3337//3337 3346//3346
f 3121//3121 3346//3346 3356//3356
f 3122//3122 3123//3123 3131//3131
f 3123//3123 3131//3131 3132//3132
f 3123//3123 3132//3132 3358//3358
f 3123//3123 3347//3347 3358//3358
f 3124//3124 3125//3125 3134//3134
f 3124//3124 3133//3133 3134//3134
f 3125//3125 3134//3134 3349//3349
f 3125//3125 3134//3134 3360//3360
f 3125//3125 3339//3339 3349//3349
f 3125//3125 3349//3349 3360//3360
f 3126//3126 3127//3127 3350//3350
f 3126//3126 3127//3127 3351//3351
f 3126//3126 3135//3135 3350//3350
f 3126//3126 3135//3135 3361//3361
f 3126//3126 3340//3340 3350//3350
f 3126//3126 3350//3350 3351//3351
f 3127//3127 3341//3341 3351//3351
f 3128//3128 3136//3136 3352//3352
f 3129//3129 3344//3344 3354//3354
f 3129//3129 3353//3353 3354//3354
f 3129//3129 3354//3354 3364//3364
f 3130//3130 3131//3131 3137//3137
f 3130//3130 3137//3137 3356//3356
f 3131//3131 3132//3132 3357//3357
f 3131//3131 3137//3137 3138//3138
f 3131//3131 3138//3138 3357//3357
f 3132//3132 3357//3357 3358//3358
f 3134//3134 3140//3140 3360//3360
f 3134//3134 3140//3140 3370//3370
f 3134//3134 3349//3349 3360//3360
f 3134//3134 3360//3360 3370//3370
f 3135//3135 3350//3350 3361//3361
f 3136//3136 3141//3141 3362//3362
f 3136//3136 3352//3352 3362//3362
f 3137//3137 3138//3138 3143//3143
f 3137//3137 3142//3142 3143//3143
f 3137//3137 3142//3142 3366//3366
f 3137//3137 3356//3356 3366//3366
f 3138//3138 3143//3143 3374//3374
f 3138//3138 3357//3357 3367//3367
f 3138//3138 3367//3367 3374//3374
f 3140//3140 3145//3145 3376//3376
f 3140//3140 3360//3360 3370//3370
f 3140//3140 3370//3370 3376//3376
f 3141//3141 3146//3146 3371//3371
f 3141//3141 3362//3362 3371//3371
f 3142//3142 3143//3143 3148//3148
f 3142//3142 3148//3148 3380//3380
f 3142//3142 3366//3366 3373//3373
f 3142//3142 3373//3373 3380//3380
f 3143//3143 3148//3148 3149//3149
f 3143//3143 3149//3149 3381//3381
f 3143//3143 3374//3374 3381//3381
f 3144//3144 3145//3145 3151//3151
f 3144//3144 3145//3145 3152//3152
f 3144//3144 3151//3151 3152//3152
f 3145//3145 3151//3151 3152//3152
f 3145//3145 3152//3152 3376//3376
f 3145//3145 3152//3152 3384//3384
f 3145//3145 3376//3376 3384//3384
f 3146//3146 3147//3147 3153//3153
f 3146//3146 3153//3153 3385//3385
f 3146//3146 3371//3371 3377//3377
f 3146//3146 3377//3377 3385//3385
f 3147//3147 3153//3153 3154//3154
f 3148//3148 3149//3149 3162//3162
f 3148//3148 3149//3149 3381//3381
f 3148//3148 3161//3161 3162//3162
f 3148//3148 3161//3161 3380//3380
f 3148//3148 3380//3380 3381//3381
f 3149//3149 3150//3150 3163//3163
f 3149//3149 3150//3150 3382//3382
f 3149//3149 3162//3162 3163//3163
f 3149//3149 3381//3381 3382//3382
f 3150//3150 3163//3163 3382//3382
f 3151//3151 3152//3152 3384//3384
f 3151//3151 3165//3165 3383//3383
f 3151//3151 3383//3383 3384//3384
f 3151//3151 3383//3383 3398//3398
f 3152//3152 3376//3376 3384//3384
f 3153//3153 3167//3167 3385//3385
f 3155//3155 3169//3169 3387//3387
f 3156//3156 3157//3157 3390//3390
f 3156//3156 3175//3175 3389//3389
f 3156//3156 3389//3389 3390//3390
f 3157//3157 3158//3158 3390//3390
f 3158//3158 3159//3159 3391//3391
f 3158//3158 3390//3390 3391//3391
f 3158//3158 3391//3391 3647//3647
f 3159//3159 3160//3160 3392//3392
f 3159//3159 3391//3391 3647//3647
f 3159//3159 3392//3392 3647//3647
f 3160//3160 3176//3176 3407//3407
f 3160//3160 3392//3392 3393//3393
f 3160//3160 3393//3393 3407//3407
f 3161//3161 3179//3179 3410//3410
f 3161//3161 3380//3380 3395//3395
f 3161//3161 3395//3395 3410//3410
f 3163//3163 3164//3164 3396//3396
f 3163//3163 3382//3382 3396//3396
f 3164//3164 3180//3180 3411//3411
f 3164//3164 3396//3396 3397//3397
f 3164//3164 3397//3397 3411//3411
f 3165//3165 3166//3166 3182//3182
f 3165//3165 3182//3182 3413//3413
f 3165//3165 3383//3383 3398//3398
f 3165//3165 3398//3398 3413//3413
f 3167//3167 3185//3185 3416//3416
f 3167//3167 3385//3385 3400//3400
f 3167//3167 3400//3400 3416//3416
f 3168//3168 3169//3169 3387//3387
f 3168//3168 3187//3187 3401//3401
f 3168//3168 3386//3386 3387//3387
f 3168//3168 3386//3386 3401//3401
f 3169//3169 3170//3170 3387//3387
f 3170//3170 3171//3171 3188//3188
f 3170//3170 3171//3171 3403//3403
f 3170//3170 3387//3387 3388//3388
f 3170//3170 3388//3388 3402//3402
f 3170//3170 3402//3402 3403//3403
f 3171//3171 3188//3188 3403//3403
f 3172//3172 3173//3173 3190//3190
f 3173//3173 3174//3174 3405//3405
f 3173//3173 3190//3190 3404//3404
f 3173//3173 3404//3404 3405//3405
f 3174//3174 3175//3175 3405//3405
f 3175//3175 3389//3389 3406//3406
f 3175//3175 3405//3405 3406//3406
f 3176//3176 3177//3177 3407//3407
f 3177//3177 3178//3178 3409//3409
f 3177//3177 3407//3407 3408//3408
f 3177//3177 3408//3408 3409//3409
f 3178//3178 3179//3179 3410//3410
f 3178//3178 3409//3409 3410//3410
f 3180//3180 3181//3181 3411//3411
f 3181//3181 3191//3191 3423//3423
f 3181//3181 3411//3411 3412//3412
f 3181//3181 3412//3412 3423//3423
f 3182//3182 3183//3183 3192//3192
f 3182//3182 3183//3183 3193//3193
f 3182//3182 3192//3192 3193//3193
f 3182//3182 3192//3192 3424//3424
f 3182//3182 3413//3413 3424//3424
f 3183//3183 3192//3192 3193//3193
f 3184//3184 3415//3415 3426//3426
f 3185//3185 3195//3195 3416//3416
f 3185//3185 3195//3195 3427//3427
f 3185//3185 3416//3416 3427//3427
f 3186//3186 3187//3187 3418//3418
f 3186//3186 3196//3196 3417//3417
f 3186//3186 3417//3417 3418//3418
f 3187//3187 3401//3401 3418//3418
f 3188//3188 3189//3189 3419//3419
f 3188//3188 3403//3403 3419//3419
f 3189//3189 3190//3190 3421//3421
f 3189//3189 3419//3419 3420//3420
f 3189//3189 3420//3420 3421//3421
f 3189//3189 3420//3420 3429//3429
f 3190//3190 3404//3404 3421//3421
f 3190//3190 3421//3421 3677//3677
f 3191//3191 3197//3197 3423//3423
f 3192//3192 3193//3193 3198//3198
f 3192//3192 3193//3193 3424//3424
f 3193//3193 3198//3198 3199//3199
f 3193//3193 3199//3199 3425//3425
f 3193//3193 3424//3424 3425//3425
f 3195//3195 3201//3201 3433//3433
f 3195//3195 3416//3416 3427//3427
f 3195//3195 3427//3427 3433//3433
f 3196//3196 3202//3202 3434//3434
f 3196//3196 3417//3417 3428//3428
f 3196//3196 3428//3428 3434//3434
f 3197//3197 3203//3203 3430//3430
f 3197//3197 3423//3423 3430//3430
f 3199//3199 3204//3204 3436//3436
f 3199//3199 3425//3425 3431//3431
f 3199//3199 3431//3431 3436//3436
f 3200//3200 3201//3201 3432//3432
f 3200//3200 3205//3205 3438//3438
f 3200//3200 3432//3432 3438//3438
f 3201//3201 3432//3432 3433//3433
f 3202//3202 3207//3207 3440//3440
f 3202//3202 3434//3434 3440//3440
f 3203//3203 3208//3208 3435//3435
f 3203//3203 3430//3430 3435//3435
f 3204//3204 3209//3209 3442//3442
f 3204//3204 3436//3436 3442//3442
f 3205//3205 3210//3210 3444//3444
f 3205//3205 3438//3438 3444//3444
f 3206//3206 3207//3207 3439//3439
f 3206//3206 3211//3211 3445//3445
f 3206//3206 3439//3439 3445//3445
f 3207//3207 3439//3439 3440//3440
f 3208//3208 3212//3212 3446//3446
f 3208//3208 3435//3435 3441//3441
f 3208//3208 3441//3441 3446//3446
f 3209//3209 3213//3213 3442//3442
f 3210//3210 3211//3211 3215//3215
f 3210//3210 3215//3215 3444//3444
f 3210//3210 3438//3438 3444//3444
f 3211//3211 3215//3215 3216//3216
f 3211//3211 3216//3216 3445//3445
f 3212//3212 3217//3217 3451//3451
f 3212//3212 3446//3446 3451//3451
f 3213//3213 3214//3214 3448//3448
f 3213//3213 3442//3442 3447//3447
f 3213//3213 3447//3447 3448//3448
f 3214//3214 3219//3219 3448//3448
f 3215//3215 3216//3216 3221//3221
f 3215//3215 3220//3220 3221//3221
f 3215//3215 3220//3220 3449//3449
f 3215//3215 3444//3444 3449//3449
f 3216//3216 3221//3221 3454//3454
f 3216//3216 3445//3445 3450//3450
f 3216//3216 3450//3450 3454//3454
f 3217//3217 3218//3218 3223//3223
f 3217//3217 3223//3223 3451//3451
f 3218//3218 3223//3223 3224//3224
f 3219//3219 3220//3220 3453//3453
f 3219//3219 3448//3448 3452//3452
f 3219//3219 3452//3452 3453//3453
f 3220//3220 3449//3449 3453//3453
f 3221//3221 3222//3222 3454//3454
f 3222//3222 3225//3225 3458//3458
f 3222//3222 3454//3454 3455//3455
f 3222//3222 3455//3455 3458//3458
f 3222//3222 3455//3455 3707//3707
f 3223//3223 3224//3224 3456//3456
f 3223//3223 3451//3451 3456//3456
f 3224//3224 3227//3227 3457//3457
f 3224//3224 3456//3456 3457//3457
f 3225//3225 3226//3226 3459//3459
f 3225//3225 3458//3458 3459//3459
f 3225//3225 3458//3458 3709//3709
f 3226//3226 3231//3231 3459//3459
f 3227//3227 3241//3241 3474//3474
f 3227//3227 3457//3457 3461//3461
f 3227//3227 3461//3461 3474//3474
f 3228//3228 3229//3229 3243//3243
f 3229//3229 3230//3230 3463//3463
f 3229//3229 3243//3243 3244//3244
f 3229//3229 3244//3244 3462//3462
f 3229//3229 3244//3244 3476//3476
f 3229//3229 3462//3462 3476//3476
f 3229//3229 3463//3463 3476//3476
f 3230//3230 3245//3245 3477//3477
f 3230//3230 3463//3463 3477//3477
f 3231//3231 3232//3232 3464//3464
f 3231//3231 3459//3459 3464//3464
f 3232//3232 3246//3246 3478//3478
f 3232//3232 3464//3464 3465//3465
f 3232//3232 3465//3465 3478//3478
f 3233//3233 3234//3234 3467//3467
f 3233//3233 3251//3251 3483//3483
f 3233//3233 3466//3466 3467//3467
f 3233//3233 3466//3466 3483//3483
f 3234//3234 3235//3235 3468//3468
f 3234//3234 3467//3467 3468//3468
f 3235//3235 3236//3236 3468//3468
f 3236//3236 3237//3237 3470//3470
f 3236//3236 3468//3468 3469//3469
f 3236//3236 3469//3469 3470//3470
f 3237//3237 3238//3238 3471//3471
f 3237//3237 3470//3470 3471//3471
f 3238//3238 3239//3239 3472//3472
f 3238//3238 3471//3471 3472//3472
f 3239//3239 3252//3252 3253//3253
f 3239//3239 3253//3253 3472//3472
f 3241//3241 3254//3254 3486//3486
f 3241//3241 3474//3474 3486//3486
f 3242//3242 3243//3243 3256//3256
f 3243//3243 3244//3244 3475//3475
f 3243//3243 3244//3244 3476//3476
f 3243//3243 3256//3256 3488//3488
f 3243//3243 3257//3257 3489//3489
f 3243//3243 3475//3475 3476//3476
f 3243//3243 3475//3475 3489//3489
f 3243//3243 3488//3488 3489//3489
f 3244//3244 3462//3462 3476//3476
f 3244//3244 3475//3475 3476//3476
f 3245//3245 3258//3258 3491//3491
f 3245//3245 3477//3477 3491//3491
f 3246//3246 3247//3247 3479//3479
f 3246//3246 3478//3478 3479//3479
f 3247//3247 3248//3248 3479//3479
f 3248//3248 3249//3249 3480//3480
f 3248//3248 3479//3479 3480//3480
f 3249//3249 3250//3250 3481//3481
f 3249//3249 3480//3480 3481//3481
f 3250//3250 3251//3251 3482//3482
f 3250//3250 3481//3481 3482//3482
f 3251//3251 3482//3482 3483//3483
f 3253//3253 3259//3259 3485//3485
f 3253//3253 3259//3259 3492//3492
f 3253//3253 3472//3472 3485//3485
f 3253//3253 3485//3485 3492//3492
f 3254//3254 3261//3261 3262//3262
f 3254//3254 3261//3261 3486//3486
f 3255//3255 3256//3256 3488//3488
f 3255//3255 3262//3262 3495//3495
f 3255//3255 3487//3487 3488//3488
f 3255//3255 3487//3487 3495//3495
f 3258//3258 3264//3264 3498//3498
f 3258//3258 3491//3491 3498//3498
f 3259//3259 3260//3260 3492//3492
f 3259//3259 3485//3485 3492//3492
f 3260//3260 3265//3265 3499//3499
f 3260//3260 3492//3492 3493//3493
f 3260//3260 3493//3493 3499//3499
f 3261//3261 3262//3262 3495//3495
f 3261//3261 3486//3486 3494//3494
f 3261//3261 3494//3494 3495//3495
f 3263//3263 3264//3264 3498//3498
f 3263//3263 3266//3266 3504//3504
f 3263//3263 3497//3497 3498//3498
f 3263//3263 3497//3497 3504//3504
f 3265//3265 3267//3267 3499//3499
f 3266//3266 3270//3270 3504//3504
f 3267//3267 3268//3268 3505//3505
f 3267//3267 3499//3499 3505//3505
f 3268//3268 3271//3271 3506//3506
f 3268//3268 3505//3505 3506//3506
f 3269//3269 3270//3270 3272//3272
f 3269//3269 3270//3270 3507//3507
f 3269//3269 3272//3272 3507//3507
f 3270//3270 3504//3504 3507//3507
f 3271//3271 3273//3273 3511//3511
f 3271//3271 3506//3506 3508//3508
f 3271//3271 3508//3508 3511//3511
f 3272//3272 3276//3276 3514//3514
f 3272//3272 3507//3507 3510//3510
f 3272//3272 3510//3510 3514//3514
f 3273//3273 3274//3274 3512//3512
f 3273//3273 3511//3511 3512//3512
f 3274//3274 3275//3275 3278//3278
f 3274//3274 3275//3275 3512//3512
f 3274//3274 3277//3277 3278//3278
f 3275//3275 3278//3278 3513//3513
f 3275//3275 3512//3512 3513//3513
f 3276//3276 3282//3282 3514//3514
f 3278//3278 3279//3279 3516//3516
f 3278//3278 3513//3513 3516//3516
f 3279//3279 3280//3280 3518//3518
f 3279//3279 3516//3516 3517//3517
f 3279//3279 3517//3517 3518//3518
f 3280//3280 3283//3283 3518//3518
f 3281//3281 3282//3282 3288//3288
f 3281//3281 3282//3282 3521//3521
f 3281//3281 3287//3287 3288//3288
f 3281//3281 3287//3287 3527//3527
f 3281//3281 3521//3521 3527//3527
f 3282//3282 3514//3514 3522//3522
f 3282//3282 3521//3521 3522//3522
f 3283//3283 3284//3284 3523//3523
f 3283//3283 3518//3518 3523//3523
f 3284//3284 3285//3285 3524//3524
f 3284//3284 3519//3519 3524//3524
f 3284//3284 3523//3523 3524//3524
f 3285//3285 3286//3286 3526//3526
f 3285//3285 3524//3524 3525//3525
f 3285//3285 3525//3525 3526//3526
f 3286//3286 3287//3287 3527//3527
f 3286//3286 3526//3526 3527//3527
f 3287//3287 3288//3288 3527//3527
f 3289//3289 3290//3290 3529//3529
f 3290//3290 3291//3291 3296//3296
f 3290//3290 3291//3291 3531//3531
f 3290//3290 3296//3296 3538//3538
f 3290//3290 3529//3529 3530//3530
f 3290//3290 3529//3529 3538//3538
f 3290//3290 3530//3530 3531//3531
f 3291//3291 3296//3296 3297//3297
f 3291//3291 3297//3297 3539//3539
f 3291//3291 3531//3531 3539//3539
f 3292//3292 3293//3293 3533//3533
f 3292//3292 3298//3298 3532//3532
f 3292//3292 3532//3532 3533//3533
f 3293//3293 3294//3294 3534//3534
f 3293//3293 3533//3533 3534//3534
f 3294//3294 3295//3295 3534//3534
f 3294//3294 3295//3295 3535//3535
f 3294//3294 3299//3299 3541//3541
f 3294//3294 3534//3534 3535//3535
f 3294//3294 3534//3534 3541//3541
f 3294//3294 3534//3534 3793//3793
f 3295//3295 3534//3534 3535//3535
f 3296//3296 3297//3297 3539//3539
f 3296//3296 3538//3538 3539//3539
f 3298//3298 3303//3303 3546//3546
f 3298//3298 3532//3532 3540//3540
f 3298//3298 3540//3540 3546//3546
f 3299//3299 3305//3305 3548//3548
f 3299//3299 3541//3541 3548//3548
f 3300//3300 3301//3301 3542//3542
f 3300//3300 3301//3301 3543//3543
f 3300//3300 3542//3542 3543//3543
f 3300//3300 3542//3542 3550//3550
f 3301//3301 3307//3307 3542//3542
f 3301//3301 3307//3307 3551//3551
f 3301//3301 3537//3537 3543//3543
f 3301//3301 3543//3543 3551//3551
f 3302//3302 3303//3303 3546//3546
f 3302//3302 3308//3308 3552//3552
f 3302//3302 3545//3545 3546//3546
f 3302//3302 3545//3545 3552//3552
f 3304//3304 3305//3305 3547//3547
f 3304//3304 3309//3309 3553//3553
f 3304//3304 3547//3547 3553//3553
f 3305//3305 3547//3547 3548//3548
f 3307//3307 3542//3542 3551//3551
f 3308//3308 3313//3313 3560//3560
f 3308//3308 3552//3552 3560//3560
f 3309//3309 3314//3314 3561//3561
f 3309//3309 3553//3553 3561//3561
f 3311//3311 3312//3312 3316//3316
f 3311//3311 3312//3312 3317//3317
f 3311//3311 3312//3312 3556//3556
f 3311//3311 3312//3312 3557//3557
f 3311//3311 3316//3316 3317//3317
f 3311//3311 3556//3556 3557//3557
f 3312//3312 3316//3316 3317//3317
f 3312//3312 3556//3556 3557//3557
f 3313//3313 3319//3319 3560//3560
f 3314//3314 3321//3321 3569//3569
f 3314//3314 3561//3561 3569//3569
f 3316//3316 3317//3317 3564//3564
f 3316//3316 3317//3317 3565//3565
f 3316//3316 3324//3324 3564//3564
f 3316//3316 3324//3324 3573//3573
f 3316//3316 3564//3564 3565//3565
f 3316//3316 3564//3564 3573//3573
f 3317//3317 3325//3325 3565//3565
f 3319//3319 3328//3328 3577//3577
f 3319//3319 3560//3560 3568//3568
f 3319//3319 3568//3568 3577//3577
f 3320//3320 3321//3321 3329//3329
f 3321//3321 3329//3329 3330//3330
f 3321//3321 3330//3330 3578//3578
f 3321//3321 3569//3569 3578//3578
f 3322//3322 3323//3323 3331//3331
f 3322//3322 3323//3323 3332//3332
f 3322//3322 3331//3331 3332//3332
f 3323//3323 3324//3324 3332//3332
f 3323//3323 3324//3324 3581//3581
f 3323//3323 3331//3331 3332//3332
f 3323//3323 3332//3332 3581//3581
f 3323//3323 3572//3572 3581//3581
f 3324//3324 3332//3332 3333//3333
f 3324//3324 3333//3333 3573//3573
f 3324//3324 3333//3333 3581//3581
f 3324//3324 3333//3333 3582//3582
f 3324//3324 3564//3564 3573//3573
f 3324//3324 3573//3573 3582//3582
f 3325//3325 3334//3334 3583//3583
f 3325//3325 3565//3565 3574//3574
f 3325//3325 3574//3574 3583//3583
f 3326//3326 3334//3334 3335//3335
f 3327//3327 3336//3336 3576//3576
f 3327//3327 3336//3336 3585//3585
f 3327//3327 3576//3576 3585//3585
f 3328//3328 3337//3337 3577//3577
f 3330//3330 3338//3338 3587//3587
f 3330//3330 3578//3578 3587//3587
f 3331//3331 3332//3332 3339//3339
f 3331//3331 3339//3339 3580//3580
f 3331//3331 3339//3339 3589//3589
f 3331//3331 3580//3580 3589//3589
f 3332//3332 3333//3333 3581//3581
f 3332//3332 3339//3339 3340//3340
f 3332//3332 3340//3340 3590//3590
f 3332//3332 3581//3581 3590//3590
f 3333//3333 3341//3341 3582//3582
f 3333//3333 3341//3341 3591//3591
f 3333//3333 3573//3573 3582//3582
f 3333//3333 3582//3582 3591//3591
f 3334//3334 3335//3335 3343//3343
f 3334//3334 3342//3342 3343//3343
f 3334//3334 3342//3342 3583//3583
f 3334//3334 3342//3342 3592//3592
f 3334//3334 3583//3583 3592//3592
f 3335//3335 3336//3336 3343//3343
f 3335//3335 3336//3336 3584//3584
f 3335//3335 3343//3343 3584//3584
f 3336//3336 3343//3343 3344//3344
f 3336//3336 3344//3344 3585//3585
f 3336//3336 3576//3576 3585//3585
f 3336//3336 3584//3584 3585//3585
f 3337//3337 3346//3346 3586//3586
f 3337//3337 3577//3577 3586//3586
f 3338//3338 3347//3347 3587//3587
f 3339//3339 3340//3340 3349//3349
f 3339//3339 3349//3349 3589//3589
f 3339//3339 3349//3349 3599//3599
f 3339//3339 3580//3580 3589//3589
f 3339//3339 3589//3589 3599//3599
f 3340//3340 3341//3341 3351//3351
f 3340//3340 3341//3341 3591//3591
f 3340//3340 3349//3349 3350//3350
f 3340//3340 3350//3350 3351//3351
f 3340//3340 3350//3350 3590//3590
f 3340//3340 3350//3350 3600//3600
f 3340//3340 3590//3590 3591//3591
f 3340//3340 3590//3590 3600//3600
f 3341//3341 3582//3582 3591//3591
f 3342//3342 3352//3352 3602//3602
f 3342//3342 3583//3583 3592//3592
f 3342//3342 3592//3592 3602//3602
f 3343//3343 3344//3344 3353//3353
f 3343//3343 3353//3353 3593//3593
f 3343//3343 3584//3584 3593//3593
f 3344//3344 3345//3345 3355//3355
f 3344//3344 3345//3345 3595//3595
f 3344//3344 3353//3353 3354//3354
f 3344//3344 3354//3354 3355//3355
f 3344//3344 3585//3585 3594//3594
f 3344//3344 3594//3594 3595//3595
f 3345//3345 3355//3355 3595//3595
f 3346//3346 3356//3356 3605//3605
f 3346//3346 3586//3586 3596//3596
f 3346//3346 3596//3596 3605//3605
f 3347//3347 3358//3358 3606//3606
f 3347//3347 3587//3587 3597//3597
f 3347//3347 3597//3597 3606//3606
f 3348//3348 3359//3359 3607//3607
f 3349//3349 3350//3350 3600//3600
f 3349//3349 3360//3360 3599//3599
f 3349//3349 3360//3360 3608//3608
f 3349//3349 3589//3589 3599//3599
f 3349//3349 3599//3599 3600//3600
f 3349//3349 3599//3599 3608//3608
f 3350//3350 3361//3361 3600//3600
f 3350//3350 3590//3590 3600//3600
f 3352//3352 3362//3362 3611//3611
f 3352//3352 3602//3602 3611//3611
f 3353//3353 3354//3354 3364//3364
f 3353//3353 3363//3363 3364//3364
f 3353//3353 3363//3363 3612//3612
f 3353//3353 3593//3593 3603//3603
f 3353//3353 3603//3603 3612//3612
f 3354//3354 3355//3355 3365//3365
f 3354//3354 3364//3364 3365//3365
f 3355//3355 3365//3365 3614//3614
f 3355//3355 3595//3595 3604//3604
f 3355//3355 3604//3604 3614//3614
f 3356//3356 3366//3366 3615//3615
f 3356//3356 3605//3605 3615//3615
f 3357//3357 3358//3358 3367//3367
f 3358//3358 3367//3367 3368//3368
f 3358//3358 3368//3368 3606//3606
f 3360//3360 3370//3370 3608//3608
f 3360//3360 3370//3370 3619//3619
f 3360//3360 3599//3599 3608//3608
f 3360//3360 3608//3608 3619//3619
f 3361//3361 3600//3600 3609//3609
f 3362//3362 3371//3371 3611//3611
f 3362//3362 3371//3371 3621//3621
f 3362//3362 3611//3611 3621//3621
f 3363//3363 3364//3364 3613//3613
f 3363//3363 3612//3612 3613//3613
f 3364//3364 3365//3365 3613//3613
f 3365//3365 3613//3613 3614//3614
f 3366//3366 3373//3373 3615//3615
f 3367//3367 3368//3368 3616//3616
f 3367//3367 3374//3374 3626//3626
f 3367//3367 3616//3616 3626//3626
f 3368//3368 3606//3606 3617//3617
f 3368//3368 3616//3616 3617//3617
f 3369//3369 3370//3370 3376//3376
f 3369//3369 3370//3370 3619//3619
f 3369//3369 3375//3375 3376//3376
f 3369//3369 3375//3375 3628//3628
f 3369//3369 3618//3618 3619//3619
f 3369//3369 3618//3618 3628//3628
f 3370//3370 3376//3376 3619//3619
f 3370//3370 3376//3376 3629//3629
f 3370//3370 3608//3608 3619//3619
f 3370//3370 3619//3619 3629//3629
f 3371//3371 3377//3377 3621//3621
f 3371//3371 3611//3611 3621//3621
f 3372//3372 3378//3378 3623//3623
f 3373//3373 3380//3380 3625//3625
f 3373//3373 3615//3615 3625//3625
f 3374//3374 3381//3381 3636//3636
f 3374//3374 3626//3626 3636//3636
f 3375//3375 3376//3376 3628//3628
f 3376//3376 3384//3384 3639//3639
f 3376//3376 3619//3619 3629//3629
f 3376//3376 3628//3628 3629//3629
f 3376//3376 3629//3629 3639//3639
f 3377//3377 3385//3385 3630//3630
f 3377//3377 3621//3621 3630//3630
f 3378//3378 3379//3379 3388//3388
f 3378//3378 3379//3379 3633//3633
f 3378//3378 3387//3387 3388//3388
f 3378//3378 3387//3387 3632//3632
f 3378//3378 3623//3623 3624//3624
f 3378//3378 3623//3623 3632//3632
f 3378//3378 3624//3624 3633//3633
f 3379//3379 3388//3388 3643//3643
f 3379//3379 3633//3633 3643//3643
f 3380//3380 3395//3395 3635//3635
f 3380//3380 3625//3625 3635//3635
f 3381//3381 3382//3382 3637//3637
f 3381//3381 3636//3636 3637//3637
f 3382//3382 3396//3396 3637//3637
f 3383//3383 3384//3384 3399//3399
f 3383//3383 3398//3398 3399//3399
f 3384//3384 3399//3399 3639//3639
f 3384//3384 3399//3399 3653//3653
f 3384//3384 3639//3639 3653//3653
f 3385//3385 3400//3400 3656//3656
f 3385//3385 3630//3630 3640//3640
f 3385//3385 3640//3640 3656//3656
f 3386//3386 3387//3387 3641//3641
f 3386//3386 3401//3401 3641//3641
f 3387//3387 3632//3632 3642//3642
f 3387//3387 3641//3641 3642//3642
f 3388//3388 3402//3402 3658//3658
f 3388//3388 3643//3643 3658//3658
f 3389//3389 3390//3390 3645//3645
f 3389//3389 3406//3406 3662//3662
f 3389//3389 3645//3645 3662//3662
f 3390//3390 3391//3391 3646//3646
f 3390//3390 3645//3645 3646//3646
f 3391//3391 3646//3646 3647//3647
f 3391//3391 3647//3647 3904//3904
f 3392//3392 3393//3393 3664//3664
f 3392//3392 3647//3647 3648//3648
f 3392//3392 3648//3648 3664//3664
f 3392//3392 3648//3648 3920//3920
f 3393//3393 3407//3407 3664//3664
f 3394//3394 3395//3395 3649//3649
f 3395//3395 3410//3410 3649//3649
f 3395//3395 3635//3635 3649//3649
f 3396//3396 3397//3397 3651//3651
f 3396//3396 3637//3637 3650//3650
f 3396//3396 3650//3650 3651//3651
f 3397//3397 3411//3411 3668//3668
f 3397//3397 3651//3651 3668//3668
f 3398//3398 3399//3399 3413//3413
f 3399//3399 3413//3413 3414//3414
f 3399//3399 3414//3414 3653//3653
f 3399//3399 3414//3414 3671//3671
f 3399//3399 3639//3639 3653//3653
f 3399//3399 3653//3653 3671//3671
f 3400//3400 3416//3416 3656//3656
f 3401//3401 3417//3417 3418//3418
f 3401//3401 3417//3417 3657//3657
f 3401//3401 3641//3641 3657//3657
f 3402//3402 3403//3403 3659//3659
f 3402//3402 3658//3658 3659//3659
f 3403//3403 3419//3419 3659//3659
f 3404//3404 3405//3405 3661//3661
f 3404//3404 3421//3421 3422//3422
f 3404//3404 3422//3422 3678//3678
f 3404//3404 3660//3660 3661//3661
f 3404//3404 3660//3660 3678//3678
f 3405//3405 3406//3406 3662//3662
f 3405//3405 3661//3661 3662//3662
f 3407//3407 3408//3408 3665//3665
f 3407//3407 3664//3664 3665//3665
f 3408//3408 3409//3409 3666//3666
f 3408//3408 3665//3665 3666//3666
f 3409//3409 3410//3410 3666//3666
f 3410//3410 3649//3649 3667//3667
f 3410//3410 3666//3666 3667//3667
f 3411//3411 3412//3412 3669//3669
f 3411//3411 3668//3668 3669//3669
f 3412//3412 3423//3423 3679//3679
f 3412//3412 3669//3669 3679//3679
f 3413//3413 3414//3414 3425//3425
f 3413//3413 3414//3414 3671//3671
f 3413//3413 3414//3414 3680//3680
f 3413//3413 3424//3424 3425//3425
f 3413//3413 3671//3671 3680//3680
f 3414//3414 3425//3425 3680//3680
f 3414//3414 3653//3653 3671//3671
f 3414//3414 3671//3671 3680//3680
f 3415//3415 3416//3416 3426//3426
f 3415//3415 3416//3416 3427//3427
f 3415//3415 3416//3416 3673//3673
f 3415//3415 3426//3426 3427//3427
f 3415//3415 3672//3672 3673//3673
f 3416//3416 3426//3426 3427//3427
f 3416//3416 3427//3427 3673//3673
f 3416//3416 3656//3656 3673//3673
f 3417//3417 3428//3428 3674//3674
f 3417//3417 3657//3657 3674//3674
f 3419//3419 3420//3420 3676//3676
f 3419//3419 3659//3659 3675//3675
f 3419//3419 3675//3675 3676//3676
f 3420//3420 3421//3421 3677//3677
f 3420//3420 3429//3429 3676//3676
f 3420//3420 3429//3429 3684//3684
f 3420//3420 3676//3676 3677//3677
f 3420//3420 3676//3676 3684//3684
f 3421//3421 3422//3422 3678//3678
f 3421//3421 3677//3677 3678//3678
f 3423//3423 3430//3430 3679//3679
f 3425//3425 3431//3431 3686//3686
f 3425//3425 3680//3680 3686//3686
f 3426//3426 3427//3427 3433//3433
f 3426//3426 3427//3427 3681//3681
f 3426//3426 3432//3432 3433//3433
f 3426//3426 3432//3432 3688//3688
f 3426//3426 3681//3681 3688//3688
f 3427//3427 3673//3673 3682//3682
f 3427//3427 3681//3681 3682//3682
f 3428//3428 3434//3434 3683//3683
f 3428//3428 3674//3674 3683//3683
f 3429//3429 3676//3676 3684//3684
f 3430//3430 3435//3435 3690//3690
f 3430//3430 3679//3679 3685//3685
f 3430//3430 3685//3685 3690//3690
f 3431//3431 3436//3436 3686//3686
f 3432//3432 3438//3438 3693//3693
f 3432//3432 3688//3688 3693//3693
f 3434//3434 3440//3440 3689//3689
f 3434//3434 3683//3683 3689//3689
f 3435//3435 3441//3441 3696//3696
f 3435//3435 3690//3690 3696//3696
f 3436//3436 3442//3442 3691//3691
f 3436//3436 3686//3686 3691//3691
f 3437//3437 3438//3438 3444//3444
f 3437//3437 3438//3438 3692//3692
f 3437//3437 3443//3443 3444//3444
f 3437//3437 3443//3443 3698//3698
f 3437//3437 3692//3692 3698//3698
f 3438//3438 3692//3692 3693//3693
f 3439//3439 3440//3440 3695//3695
f 3439//3439 3445//3445 3694//3694
f 3439//3439 3694//3694 3695//3695
f 3440//3440 3689//3689 3695//3695
f 3441//3441 3446//3446 3696//3696
f 3442//3442 3443//3443 3448//3448
f 3442//3442 3443//3443 3698//3698
f 3442//3442 3447//3447 3448//3448
f 3442//3442 3691//3691 3697//3697
f 3442//3442 3697//3697 3698//3698
f 3443//3443 3444//3444 3698//3698
f 3443//3443 3444//3444 3699//3699
f 3443//3443 3448//3448 3698//3698
f 3443//3443 3448//3448 3702//3702
f 3443//3443 3698//3698 3699//3699
f 3443//3443 3698//3698 3702//3702
f 3444//3444 3449//3449 3703//3703
f 3444//3444 3698//3698 3699//3699
f 3444//3444 3699//3699 3703//3703
f 3445//3445 3450//3450 3700//3700
f 3445//3445 3694//3694 3700//3700
f 3446//3446 3451//3451 3706//3706
f 3446//3446 3696//3696 3701//3701
f 3446//3446 3701//3701 3706//3706
f 3448//3448 3449//3449 3453//3453
f 3448//3448 3449//3449 3702//3702
f 3448//3448 3452//3452 3453//3453
f 3448//3448 3698//3698 3702//3702
f 3449//3449 3702//3702 3703//3703
f 3450//3450 3454//3454 3707//3707
f 3450//3450 3700//3700 3704//3704
f 3450//3450 3704//3704 3705//3705
f 3450//3450 3705//3705 3707//3707
f 3451//3451 3456//3456 3708//3708
f 3451//3451 3706//3706 3708//3708
f 3454//3454 3455//3455 3707//3707
f 3455//3455 3458//3458 3709//3709
f 3455//3455 3707//3707 3709//3709
f 3456//3456 3457//3457 3460//3460
f 3456//3456 3460//3460 3711//3711
f 3456//3456 3708//3708 3711//3711
f 3457//3457 3460//3460 3461//3461
f 3458//3458 3459//3459 3709//3709
f 3458//3458 3709//3709 3961//3961
f 3459//3459 3464//3464 3710//3710
f 3459//3459 3709//3709 3710//3710
f 3460//3460 3461//3461 3711//3711
f 3461//3461 3474//3474 3724//3724
f 3461//3461 3711//3711 3712//3712
f 3461//3461 3712//3712 3724//3724
f 3463//3463 3476//3476 3477//3477
f 3464//3464 3465//3465 3714//3714
f 3464//3464 3710//3710 3713//3713
f 3464//3464 3713//3713 3714//3714
f 3465//3465 3478//3478 3714//3714
f 3466//3466 3467//3467 3715//3715
f 3466//3466 3483//3483 3730//3730
f 3466//3466 3715//3715 3730//3730
f 3467//3467 3468//3468 3716//3716
f 3467//3467 3715//3715 3716//3716
f 3468//3468 3469//3469 3717//3717
f 3468//3468 3716//3716 3717//3717
f 3469//3469 3470//3470 3718//3718
f 3469//3469 3717//3717 3718//3718
f 3470//3470 3471//3471 3720//3720
f 3470//3470 3718//3718 3719//3719
f 3470//3470 3719//3719 3720//3720
f 3471//3471 3472//3472 3721//3721
f 3471//3471 3719//3719 3720//3720
f 3471//3471 3720//3720 3721//3721
f 3472//3472 3473//3473 3485//3485
f 3472//3472 3473//3473 3722//3722
f 3472//3472 3484//3484 3485//3485
f 3472//3472 3721//3721 3722//3722
f 3473//3473 3485//3485 3722//3722
f 3474//3474 3486//3486 3734//3734
f 3474//3474 3724//3724 3734//3734
f 3475//3475 3476//3476 3489//3489
f 3476//3476 3477//3477 3491//3491
f 3476//3476 3489//3489 3490//3490
f 3476//3476 3490//3490 3491//3491
f 3478//3478 3479//3479 3726//3726
f 3478//3478 3714//3714 3725//3725
f 3478//3478 3725//3725 3726//3726
f 3479//3479 3480//3480 3727//3727
f 3479//3479 3726//3726 3727//3727
f 3480//3480 3481//3481 3728//3728
f 3480//3480 3727//3727 3728//3728
f 3481//3481 3482//3482 3728//3728
f 3482//3482 3483//3483 3729//3729
f 3482//3482 3728//3728 3729//3729
f 3483//3483 3729//3729 3730//3730
f 3485//3485 3492//3492 3731//3731
f 3485//3485 3722//3722 3731//3731
f 3486//3486 3494//3494 3734//3734
f 3487//3487 3488//3488 3736//3736
f 3487//3487 3495//3495 3743//3743
f 3487//3487 3735//3735 3736//3736
f 3487//3487 3735//3735 3743//3743
f 3488//3488 3489//3489 3736//3736
f 3489//3489 3490//3490 3497//3497
f 3489//3489 3496//3496 3497//3497
f 3489//3489 3496//3496 3745//3745
f 3489//3489 3736//3736 3737//3737
f 3489//3489 3737//3737 3745//3745
f 3490//3490 3491//3491 3498//3498
f 3490//3490 3497//3497 3498//3498
f 3492//3492 3493//3493 3739//3739
f 3492//3492 3731//3731 3738//3738
f 3492//3492 3738//3738 3739//3739
f 3493//3493 3499//3499 3746//3746
f 3493//3493 3739//3739 3746//3746
f 3494//3494 3495//3495 3502//3502
f 3494//3494 3501//3501 3502//3502
f 3494//3494 3501//3501 3750//3750
f 3494//3494 3734//3734 3741//3741
f 3494//3494 3741//3741 3750//3750
f 3495//3495 3502//3502 3751//3751
f 3495//3495 3742//3742 3743//3743
f 3495//3495 3742//3742 3751//3751
f 3496//3496 3497//3497 3503//3503
f 3496//3496 3497//3497 3745//3745
f 3496//3496 3503//3503 3752//3752
f 3496//3496 3745//3745 3752//3752
f 3497//3497 3503//3503 3504//3504
f 3499//3499 3500//3500 3506//3506
f 3499//3499 3500//3500 3746//3746
f 3499//3499 3500//3500 3747//3747
f 3499//3499 3505//3505 3506//3506
f 3499//3499 3746//3746 3747//3747
f 3500//3500 3506//3506 3747//3747
f 3500//3500 3746//3746 3747//3747
f 3501//3501 3502//3502 3751//3751
f 3501//3501 3750//3750 3751//3751
f 3503//3503 3504//3504 3507//3507
f 3503//3503 3507//3507 3752//3752
f 3506//3506 3508//3508 3761//3761
f 3506//3506 3747//3747 3754//3754
f 3506//3506 3754//3754 3761//3761
f 3507//3507 3510//3510 3765//3765
f 3507//3507 3752//3752 3759//3759
f 3507//3507 3759//3759 3765//3765
f 3508//3508 3509//3509 3511//3511
f 3508//3508 3509//3509 3762//3762
f 3508//3508 3761//3761 3762//3762
f 3509//3509 3511//3511 3512//3512
f 3509//3509 3512//3512 3762//3762
f 3510//3510 3514//3514 3772//3772
f 3510//3510 3765//3765 3772//3772
f 3512//3512 3513//3513 3515//3515
f 3512//3512 3513//3513 3766//3766
f 3512//3512 3515//3515 3766//3766
f 3512//3512 3762//3762 3766//3766
f 3513//3513 3515//3515 3516//3516
f 3513//3513 3516//3516 3767//3767
f 3513//3513 3516//3516 3774//3774
f 3513//3513 3766//3766 3767//3767
f 3513//3513 3767//3767 3774//3774
f 3514//3514 3522//3522 3772//3772
f 3515//3515 3516//3516 3773//3773
f 3515//3515 3766//3766 3773//3773
f 3516//3516 3517//3517 3774//3774
f 3516//3516 3767//3767 3774//3774
f 3516//3516 3773//3773 3774//3774
f 3517//3517 3518//3518 3775//3775
f 3517//3517 3774//3774 3775//3775
f 3518//3518 3519//3519 3524//3524
f 3518//3518 3519//3519 3776//3776
f 3518//3518 3519//3519 3777//3777
f 3518//3518 3523//3523 3524//3524
f 3518//3518 3775//3775 3776//3776
f 3518//3518 3776//3776 3777//3777
f 3519//3519 3524//3524 3525//3525
f 3519//3519 3525//3525 3777//3777
f 3520//3520 3525//3525 3778//3778
f 3521//3521 3522//3522 3780//3780
f 3521//3521 3527//3527 3780//3780
f 3522//3522 3772//3772 3781//3781
f 3522//3522 3780//3780 3781//3781
f 3525//3525 3526//3526 3783//3783
f 3525//3525 3777//3777 3778//3778
f 3525//3525 3778//3778 3782//3782
f 3525//3525 3782//3782 3783//3783
f 3526//3526 3527//3527 3786//3786
f 3526//3526 3783//3783 3786//3786
f 3527//3527 3528//3528 3786//3786
f 3527//3527 3780//3780 3784//3784
f 3527//3527 3784//3784 3786//3786
f 3529//3529 3530//3530 3787//3787
f 3529//3529 3537//3537 3538//3538
f 3529//3529 3537//3537 3787//3787
f 3530//3530 3531//3531 3788//3788
f 3530//3530 3787//3787 3788//3788
f 3531//3531 3539//3539 3797//3797
f 3531//3531 3788//3788 3789//3789
f 3531//3531 3789//3789 3797//3797
f 3531//3531 3789//3789 4048//4048
f 3532//3532 3533//3533 3792//3792
f 3532//3532 3540//3540 3791//3791
f 3532//3532 3791//3791 3792//3792
f 3533//3533 3534//3534 3793//3793
f 3533//3533 3792//3792 4050//4050
f 3533//3533 3793//3793 4050//4050
f 3534//3534 3535//3535 3793//3793
f 3534//3534 3541//3541 3793//3793
f 3536//3536 3537//3537 3542//3542
f 3536//3536 3537//3537 3795//3795
f 3536//3536 3542//3542 3801//3801
f 3536//3536 3794//3794 3795//3795
f 3536//3536 3794//3794 3801//3801
f 3537//3537 3538//3538 3543//3543
f 3537//3537 3542//3542 3543//3543
f 3537//3537 3787//3787 3795//3795
f 3538//3538 3539//3539 3796//3796
f 3538//3538 3543//3543 3544//3544
f 3538//3538 3544//3544 3803//3803
f 3538//3538 3796//3796 3803//3803
f 3539//3539 3796//3796 3797//3797
f 3540//3540 3546//3546 3805//3805
f 3540//3540 3791//3791 3798//3798
f 3540//3540 3798//3798 3805//3805
f 3541//3541 3548//3548 3800//3800
f 3541//3541 3793//3793 3800//3800
f 3542//3542 3550//3550 3551//3551
f 3542//3542 3550//3550 3807//3807
f 3542//3542 3801//3801 3807//3807
f 3543//3543 3544//3544 3803//3803
f 3543//3543 3551//3551 3808//3808
f 3543//3543 3802//3802 3803//3803
f 3543//3543 3802//3802 3808//3808
f 3545//3545 3546//3546 3804//3804
f 3545//3545 3552//3552 3804//3804
f 3546//3546 3804//3804 3805//3805
f 3547//3547 3548//3548 3806//3806
f 3547//3547 3553//3553 3812//3812
f 3547//3547 3806//3806 3812//3812
f 3548//3548 3800//3800 3806//3806
f 3550//3550 3551//3551 3558//3558
f 3550//3550 3558//3558 3816//3816
f 3550//3550 3807//3807 3816//3816
f 3551//3551 3558//3558 3559//3559
f 3551//3551 3559//3559 3817//3817
f 3551//3551 3808//3808 3817//3817
f 3552//3552 3560//3560 3818//3818
f 3552//3552 3804//3804 3810//3810
f 3552//3552 3810//3810 3818//3818
f 3553//3553 3561//3561 3812//3812
f 3556//3556 3557//3557 3564//3564
f 3556//3556 3557//3557 3814//3814
f 3557//3557 3564//3564 3565//3565
f 3558//3558 3559//3559 3566//3566
f 3558//3558 3566//3566 3825//3825
f 3558//3558 3816//3816 3825//3825
f 3559//3559 3566//3566 3567//3567
f 3559//3559 3567//3567 3817//3817
f 3560//3560 3568//3568 3818//3818
f 3561//3561 3569//3569 3829//3829
f 3561//3561 3812//3812 3820//3820
f 3561//3561 3820//3820 3829//3829
f 3563//3563 3564//3564 3572//3572
f 3563//3563 3572//3572 3831//3831
f 3564//3564 3565//3565 3574//3574
f 3564//3564 3572//3572 3573//3573
f 3564//3564 3573//3573 3574//3574
f 3565//3565 3574//3574 3824//3824
f 3565//3565 3574//3574 3833//3833
f 3565//3565 3824//3824 3833//3833
f 3566//3566 3567//3567 3575//3575
f 3566//3566 3575//3575 3834//3834
f 3566//3566 3825//3825 3834//3834
f 3567//3567 3575//3575 3576//3576
f 3567//3567 3576//3576 3835//3835
f 3567//3567 3817//3817 3826//3826
f 3567//3567 3826//3826 3835//3835
f 3568//3568 3577//3577 3836//3836
f 3568//3568 3818//3818 3827//3827
f 3568//3568 3827//3827 3836//3836
f 3569//3569 3578//3578 3838//3838
f 3569//3569 3829//3829 3838//3838
f 3571//3571 3572//3572 3580//3580
f 3572//3572 3580//3580 3581//3581
f 3572//3572 3581//3581 3831//3831
f 3572//3572 3581//3581 3840//3840
f 3572//3572 3831//3831 3840//3840
f 3573//3573 3574//3574 3583//3583
f 3573//3573 3574//3574 3832//3832
f 3573//3573 3582//3582 3832//3832
f 3573//3573 3582//3582 3841//3841
f 3573//3573 3583//3583 3832//3832
f 3573//3573 3832//3832 3841//3841
f 3574//3574 3575//3575 3583//3583
f 3574//3574 3583//3583 3833//3833
f 3574//3574 3583//3583 3842//3842
f 3574//3574 3824//3824 3833//3833
f 3574//3574 3833//3833 3842//3842
f 3575//3575 3576//3576 3585//3585
f 3575//3575 3584//3584 3585//3585
f 3575//3575 3584//3584 3834//3834
f 3576//3576 3585//3585 3835//3835
f 3577//3577 3586//3586 3836//3836
f 3578//3578 3587//3587 3846//3846
f 3578//3578 3838//3838 3846//3846
f 3581//3581 3582//3582 3840//3840
f 3581//3581 3582//3582 3841//3841
f 3581//3581 3590//3590 3849//3849
f 3581//3581 3831//3831 3840//3840
f 3581//3581 3840//3840 3841//3841
f 3581//3581 3840//3840 3849//3849
f 3582//3582 3591//3591 3841//3841
f 3582//3582 3832//3832 3841//3841
f 3582//3582 3840//3840 3841//3841
f 3583//3583 3592//3592 3842//3842
f 3583//3583 3592//3592 3851//3851
f 3583//3583 3832//3832 3833//3833
f 3583//3583 3833//3833 3842//3842
f 3583//3583 3842//3842 3851//3851
f 3584//3584 3593//3593 3843//3843
f 3584//3584 3834//3834 3843//3843
f 3585//3585 3594//3594 3844//3844
f 3585//3585 3835//3835 3844//3844
f 3586//3586 3596//3596 3845//3845
f 3586//3586 3836//3836 3845//3845
f 3587//3587 3597//3597 3846//3846
f 3588//3588 3598//3598 3599//3599
f 3588//3588 3598//3598 3847//3847
f 3588//3588 3598//3598 3857//3857
f 3588//3588 3847//3847 3857//3857
f 3590//3590 3591//3591 3601//3601
f 3590//3590 3600//3600 3601//3601
f 3590//3590 3600//3600 3849//3849
f 3591//3591 3601//3601 3860//3860
f 3591//3591 3841//3841 3850//3850
f 3591//3591 3850//3850 3860//3860
f 3592//3592 3602//3602 3851//3851
f 3592//3592 3842//3842 3851//3851
f 3593//3593 3603//3603 3862//3862
f 3593//3593 3843//3843 3852//3852
f 3593//3593 3852//3852 3862//3862
f 3594//3594 3595//3595 3854//3854
f 3594//3594 3844//3844 3853//3853
f 3594//3594 3853//3853 3854//3854
f 3595//3595 3604//3604 3854//3854
f 3596//3596 3605//3605 3864//3864
f 3596//3596 3845//3845 3855//3855
f 3596//3596 3855//3855 3864//3864
f 3597//3597 3606//3606 3856//3856
f 3597//3597 3846//3846 3856//3856
f 3598//3598 3599//3599 3857//3857
f 3598//3598 3599//3599 3858//3858
f 3598//3598 3607//3607 3857//3857
f 3598//3598 3847//3847 3857//3857
f 3598//3598 3857//3857 3858//3858
f 3599//3599 3600//3600 3609//3609
f 3599//3599 3608//3608 3609//3609
f 3599//3599 3608//3608 3858//3858
f 3599//3599 3608//3608 3867//3867
f 3599//3599 3857//3857 3858//3858
f 3599//3599 3858//3858 3867//3867
f 3600//3600 3601//3601 3859//3859
f 3600//3600 3601//3601 3860//3860
f 3600//3600 3609//3609 3859//3859
f 3600//3600 3609//3609 3868//3868
f 3600//3600 3849//3849 3859//3859
f 3600//3600 3859//3859 3860//3860
f 3600//3600 3859//3859 3868//3868
f 3601//3601 3610//3610 3869//3869
f 3601//3601 3860//3860 3869//3869
f 3602//3602 3611//3611 3861//3861
f 3602//3602 3851//3851 3861//3861
f 3603//3603 3612//3612 3871//3871
f 3603//3603 3862//3862 3871//3871
f 3604//3604 3614//3614 3863//3863
f 3604//3604 3854//3854 3863//3863
f 3605//3605 3615//3615 3874//3874
f 3605//3605 3864//3864 3874//3874
f 3606//3606 3617//3617 3865//3865
f 3606//3606 3856//3856 3865//3865
f 3607//3607 3608//3608 3618//3618
f 3607//3607 3608//3608 3619//3619
f 3607//3607 3618//3618 3619//3619
f 3607//3607 3857//3857 3866//3866
f 3608//3608 3609//3609 3620//3620
f 3608//3608 3618//3618 3619//3619
f 3608//3608 3619//3619 3620//3620
f 3608//3608 3619//3619 3867//3867
f 3608//3608 3619//3619 3877//3877
f 3608//3608 3858//3858 3867//3867
f 3608//3608 3867//3867 3877//3877
f 3609//3609 3620//3620 3868//3868
f 3609//3609 3859//3859 3868//3868
f 3611//3611 3621//3621 3870//3870
f 3611//3611 3621//3621 3880//3880
f 3611//3611 3861//3861 3870//3870
f 3611//3611 3870//3870 3880//3880
f 3612//3612 3613//3613 3622//3622
f 3612//3612 3622//3622 3881//3881
f 3612//3612 3871//3871 3881//3881
f 3613//3613 3614//3614 3623//3623
f 3613//3613 3622//3622 3623//3623
f 3614//3614 3623//3623 3883//3883
f 3614//3614 3863//3863 3872//3872
f 3614//3614 3872//3872 3883//3883
f 3615//3615 3625//3625 3874//3874
f 3616//3616 3617//3617 3626//3626
f 3617//3617 3626//3626 3627//3627
f 3617//3617 3627//3627 3875//3875
f 3617//3617 3865//3865 3875//3875
f 3618//3618 3619//3619 3628//3628
f 3618//3618 3619//3619 3629//3629
f 3618//3618 3619//3619 3876//3876
f 3618//3618 3619//3619 3877//3877
f 3618//3618 3629//3629 3888//3888
f 3618//3618 3876//3876 3877//3877
f 3618//3618 3876//3876 3887//3887
f 3618//3618 3887//3887 3888//3888
f 3619//3619 3620//3620 3877//3877
f 3619//3619 3628//3628 3629//3629
f 3619//3619 3629//3629 3888//3888
f 3619//3619 3867//3867 3877//3877
f 3619//3619 3876//3876 3877//3877
f 3619//3619 3877//3877 3888//3888
f 3620//3620 3868//3868 3878//3878
f 3620//3620 3877//3877 3878//3878
f 3621//3621 3630//3630 3890//3890
f 3621//3621 3870//3870 3880//3880
f 3621//3621 3880//3880 3890//3890
f 3622//3622 3623//3623 3632//3632
f 3622//3622 3631//3631 3632//3632
f 3622//3622 3631//3631 3891//3891
f 3622//3622 3881//3881 3882//3882
f 3622//3622 3882//3882 3891//3891
f 3623//3623 3624//3624 3883//3883
f 3624//3624 3633//3633 3892//3892
f 3624//3624 3883//3883 3884//3884
f 3624//3624 3884//3884 3892//3892
f 3625//3625 3635//3635 3894//3894
f 3625//3625 3874//3874 3885//3885
f 3625//3625 3885//3885 3894//3894
f 3626//3626 3627//3627 3636//3636
f 3627//3627 3636//3636 3637//3637
f 3627//3627 3637//3637 3895//3895
f 3627//3627 3875//3875 3886//3886
f 3627//3627 3886//3886 3895//3895
f 3629//3629 3639//3639 3888//3888
f 3629//3629 3639//3639 3896//3896
f 3629//3629 3888//3888 3896//3896
f 3630//3630 3640//3640 3898//3898
f 3630//3630 3890//3890 3898//3898
f 3631//3631 3632//3632 3642//3642
f 3631//3631 3641//3641 3642//3642
f 3631//3631 3641//3641 3891//3891
f 3633//3633 3643//3643 3892//3892
f 3634//3634 3635//3635 3649//3649
f 3634//3634 3635//3635 3893//3893
f 3634//3634 3649//3649 3893//3893
f 3635//3635 3893//3893 3894//3894
f 3637//3637 3650//3650 3895//3895
f 3639//3639 3653//3653 3896//3896
f 3639//3639 3653//3653 3909//3909
f 3639//3639 3888//3888 3896//3896
f 3639//3639 3896//3896 3909//3909
f 3640//3640 3656//3656 3912//3912
f 3640//3640 3898//3898 3912//3912
f 3641//3641 3657//3657 3899//3899
f 3641//3641 3891//3891 3899//3899
f 3643//3643 3644//3644 3659//3659
f 3643//3643 3644//3644 3900//3900
f 3643//3643 3658//3658 3659//3659
f 3643//3643 3892//3892 3900//3900
f 3644//3644 3659//3659 3901//3901
f 3644//3644 3900//3900 3901//3901
f 3645//3645 3646//3646 3902//3902
f 3645//3645 3662//3662 3918//3918
f 3645//3645 3902//3902 3918//3918
f 3646//3646 3647//3647 3904//3904
f 3646//3646 3902//3902 3903//3903
f 3646//3646 3903//3903 3904//3904
f 3647//3647 3648//3648 3904//3904
f 3648//3648 3663//3663 3664//3664
f 3648//3648 3663//3663 3920//3920
f 3648//3648 3904//3904 3920//3920
f 3649//3649 3666//3666 3667//3667
f 3649//3649 3666//3666 3905//3905
f 3649//3649 3893//3893 3905//3905
f 3650//3650 3651//3651 3907//3907
f 3650//3650 3895//3895 3906//3906
f 3650//3650 3906//3906 3907//3907
f 3651//3651 3668//3668 3907//3907
f 3652//3652 3653//3653 3670//3670
f 3652//3652 3653//3653 3671//3671
f 3652//3652 3670//3670 3671//3671
f 3652//3652 3670//3670 3908//3908
f 3652//3652 3670//3670 3909//3909
f 3652//3652 3908//3908 3909//3909
f 3653//3653 3670//3670 3671//3671
f 3653//3653 3671//3671 3909//3909
f 3653//3653 3671//3671 3928//3928
f 3653//3653 3896//3896 3909//3909
f 3653//3653 3909//3909 3928//3928
f 3655//3655 3656//3656 3673//3673
f 3655//3655 3656//3656 3911//3911
f 3655//3655 3672//3672 3673//3673
f 3655//3655 3672//3672 3930//3930
f 3655//3655 3911//3911 3930//3930
f 3656//3656 3673//3673 3912//3912
f 3656//3656 3911//3911 3912//3912
f 3657//3657 3674//3674 3913//3913
f 3657//3657 3899//3899 3914//3914
f 3657//3657 3913//3913 3914//3914
f 3659//3659 3675//3675 3915//3915
f 3659//3659 3901//3901 3915//3915
f 3660//3660 3661//3661 3917//3917
f 3660//3660 3678//3678 3916//3916
f 3660//3660 3916//3916 3917//3917
f 3661//3661 3662//3662 3917//3917
f 3662//3662 3917//3917 3918//3918
f 3663//3663 3664//3664 3920//3920
f 3664//3664 3665//3665 3922//3922
f 3664//3664 3920//3920 3921//3921
f 3664//3664 3921//3921 3922//3922
f 3665//3665 3666//3666 3922//3922
f 3666//3666 3667//3667 3923//3923
f 3666//3666 3667//3667 3924//3924
f 3666//3666 3905//3905 3923//3923
f 3666//3666 3922//3922 3923//3923
f 3666//3666 3923//3923 3924//3924
f 3667//3667 3923//3923 3924//3924
f 3668//3668 3669//3669 3925//3925
f 3668//3668 3907//3907 3925//3925
f 3669//3669 3679//3679 3936//3936
f 3669//3669 3925//3925 3926//3926
f 3669//3669 3926//3926 3936//3936
f 3670//3670 3671//3671 3928//3928
f 3670//3670 3908//3908 3927//3927
f 3670//3670 3909//3909 3928//3928
f 3670//3670 3927//3927 3928//3928
f 3671//3671 3680//3680 3928//3928
f 3671//3671 3909//3909 3928//3928
f 3671//3671 3928//3928 3937//3937
f 3672//3672 3673//3673 3681//3681
f 3672//3672 3681//3681 3939//3939
f 3672//3672 3930//3930 3939//3939
f 3673//3673 3681//3681 3682//3682
f 3674//3674 3683//3683 3931//3931
f 3674//3674 3913//3913 3931//3931
f 3675//3675 3676//3676 3932//3932
f 3675//3675 3915//3915 3932//3932
f 3676//3676 3677//3677 3934//3934
f 3676//3676 3684//3684 3933//3933
f 3676//3676 3932//3932 3933//3933
f 3676//3676 3933//3933 3934//3934
f 3677//3677 3678//3678 3935//3935
f 3677//3677 3934//3934 3935//3935
f 3678//3678 3916//3916 3935//3935
f 3679//3679 3685//3685 3943//3943
f 3679//3679 3936//3936 3943//3943
f 3680//3680 3686//3686 3944//3944
f 3680//3680 3928//3928 3937//3937
f 3680//3680 3937//3937 3944//3944
f 3681//3681 3688//3688 3939//3939
f 3681//3681 3688//3688 3946//3946
f 3681//3681 3939//3939 3946//3946
f 3683//3683 3689//3689 3947//3947
f 3683//3683 3931//3931 3940//3940
f 3683//3683 3940//3940 3947//3947
f 3684//3684 3933//3933 3941//3941
f 3685//3685 3690//3690 3948//3948
f 3685//3685 3943//3943 3948//3948
f 3686//3686 3691//3691 3944//3944
f 3686//3686 3691//3691 3949//3949
f 3686//3686 3944//3944 3949//3949
f 3687//3687 3688//3688 3692//3692
f 3687//3687 3688//3688 3945//3945
f 3687//3687 3692//3692 3945//3945
f 3687//3687 3692//3692 3950//3950
f 3687//3687 3945//3945 3950//3950
f 3688//3688 3692//3692 3693//3693
f 3688//3688 3939//3939 3946//3946
f 3688//3688 3945//3945 3946//3946
f 3689//3689 3695//3695 3947//3947
f 3690//3690 3696//3696 3948//3948
f 3691//3691 3692//3692 3698//3698
f 3691//3691 3692//3692 3950//3950
f 3691//3691 3697//3697 3698//3698
f 3691//3691 3944//3944 3949//3949
f 3691//3691 3949//3949 3950//3950
f 3692//3692 3945//3945 3950//3950
f 3694//3694 3695//3695 3952//3952
f 3694//3694 3700//3700 3951//3951
f 3694//3694 3951//3951 3952//3952
f 3695//3695 3947//3947 3952//3952
f 3696//3696 3701//3701 3953//3953
f 3696//3696 3948//3948 3953//3953
f 3698//3698 3699//3699 3702//3702
f 3699//3699 3702//3702 3703//3703
f 3700//3700 3704//3704 3954//3954
f 3700//3700 3951//3951 3954//3954
f 3701//3701 3706//3706 3955//3955
f 3701//3701 3953//3953 3955//3955
f 3704//3704 3705//3705 3957//3957
f 3704//3704 3954//3954 3956//3956
f 3704//3704 3956//3956 3957//3957
f 3705//3705 3707//3707 3959//3959
f 3705//3705 3957//3957 3959//3959
f 3706//3706 3708//3708 3960//3960
f 3706//3706 3955//3955 3958//3958
f 3706//3706 3958//3958 3960//3960
f 3707//3707 3709//3709 3961//3961
f 3707//3707 3959//3959 3961//3961
f 3708//3708 3711//3711 3960//3960
f 3709//3709 3710//3710 3961//3961
f 3710//3710 3713//3713 3962//3962
f 3710//3710 3961//3961 3962//3962
f 3711//3711 3712//3712 3724//3724
f 3711//3711 3723//3723 3724//3724
f 3711//3711 3723//3723 3967//3967
f 3711//3711 3960//3960 3967//3967
f 3713//3713 3714//3714 3968//3968
f 3713//3713 3962//3962 3968//3968
f 3714//3714 3725//3725 3969//3969
f 3714//3714 3968//3968 3969//3969
f 3715//3715 3716//3716 3971//3971
f 3715//3715 3729//3729 3730//3730
f 3715//3715 3729//3729 3984//3984
f 3715//3715 3971//3971 3984//3984
f 3716//3716 3717//3717 3973//3973
f 3716//3716 3971//3971 3972//3972
f 3716//3716 3972//3972 3973//3973
f 3717//3717 3718//3718 3974//3974
f 3717//3717 3973//3973 3974//3974
f 3718//3718 3719//3719 3974//3974
f 3719//3719 3720//3720 3975//3975
f 3719//3719 3974//3974 3975//3975
f 3720//3720 3721//3721 3977//3977
f 3720//3720 3965//3965 3976//3976
f 3720//3720 3965//3965 3977//3977
f 3720//3720 3975//3975 3976//3976
f 3721//3721 3722//3722 3977//3977
f 3721//3721 3966//3966 3977//3977
f 3722//3722 3731//3731 3978//3978
f 3722//3722 3731//3731 3985//3985
f 3722//3722 3977//3977 3978//3978
f 3723//3723 3724//3724 3733//3733
f 3723//3723 3733//3733 3987//3987
f 3723//3723 3967//3967 3979//3979
f 3723//3723 3979//3979 3987//3987
f 3724//3724 3733//3733 3734//3734
f 3725//3725 3726//3726 3981//3981
f 3725//3725 3969//3969 3980//3980
f 3725//3725 3980//3980 3981//3981
f 3726//3726 3727//3727 3981//3981
f 3727//3727 3728//3728 3983//3983
f 3727//3727 3981//3981 3982//3982
f 3727//3727 3982//3982 3983//3983
f 3728//3728 3729//3729 3984//3984
f 3728//3728 3983//3983 3984//3984
f 3731//3731 3738//3738 3739//3739
f 3731//3731 3739//3739 3989//3989
f 3731//3731 3978//3978 3985//3985
f 3731//3731 3985//3985 3989//3989
f 3732//3732 3739//3739 3986//3986
f 3732//3732 3739//3739 3989//3989
f 3732//3732 3986//3986 3989//3989
f 3733//3733 3734//3734 3741//3741
f 3733//3733 3734//3734 3987//3987
f 3733//3733 3741//3741 3987//3987
f 3735//3735 3736//3736 3743//3743
f 3736//3736 3737//3737 3744//3744
f 3736//3736 3743//3743 3744//3744
f 3737//3737 3744//3744 3745//3745
f 3739//3739 3746//3746 3989//3989
f 3739//3739 3986//3986 3989//3989
f 3740//3740 3741//3741 3992//3992
f 3741//3741 3750//3750 3992//3992
f 3741//3741 3987//3987 3992//3992
f 3742//3742 3743//3743 3993//3993
f 3742//3742 3751//3751 4004//4004
f 3742//3742 3993//3993 4004//4004
f 3743//3743 3744//3744 3995//3995
f 3743//3743 3993//3993 3994//3994
f 3743//3743 3994//3994 3995//3995
f 3744//3744 3745//3745 3995//3995
f 3745//3745 3752//3752 4006//4006
f 3745//3745 3995//3995 3996//3996
f 3745//3745 3996//3996 4006//4006
f 3746//3746 3747//3747 3998//3998
f 3746//3746 3753//3753 3754//3754
f 3746//3746 3989//3989 3997//3997
f 3746//3746 3997//3997 3998//3998
f 3747//3747 3754//3754 3998//3998
f 3748//3748 3755//3755 3756//3756
f 3748//3748 3755//3755 4009//4009
f 3748//3748 3756//3756 4000//4000
f 3748//3748 3999//3999 4000//4000
f 3748//3748 3999//3999 4009//4009
f 3749//3749 3756//3756 4000//4000
f 3749//3749 3756//3756 4010//4010
f 3749//3749 4000//4000 4010//4010
f 3750//3750 3751//3751 4014//4014
f 3750//3750 3758//3758 4013//4013
f 3750//3750 3758//3758 4014//4014
f 3750//3750 3992//3992 4002//4002
f 3750//3750 4002//4002 4003//4003
f 3750//3750 4003//4003 4013//4013
f 3751//3751 4004//4004 4014//4014
f 3752//3752 3759//3759 4016//4016
f 3752//3752 4006//4006 4016//4016
f 3754//3754 3755//3755 4008//4008
f 3754//3754 3755//3755 4009//4009
f 3754//3754 3761//3761 4008//4008
f 3754//3754 3761//3761 4018//4018
f 3754//3754 3998//3998 4008//4008
f 3754//3754 4008//4008 4009//4009
f 3754//3754 4008//4008 4018//4018
f 3755//3755 3756//3756 4009//4009
f 3755//3755 4008//4008 4009//4009
f 3756//3756 3763//3763 4020//4020
f 3756//3756 4009//4009 4010//4010
f 3756//3756 4010//4010 4020//4020
f 3757//3757 3764//3764 4010//4010
f 3757//3757 3764//3764 4011//4011
f 3757//3757 4010//4010 4011//4011
f 3758//3758 4013//4013 4014//4014
f 3759//3759 3765//3765 4026//4026
f 3759//3759 4016//4016 4026//4026
f 3760//3760 3761//3761 4017//4017
f 3761//3761 3762//3762 4019//4019
f 3761//3761 4008//4008 4018//4018
f 3761//3761 4017//4017 4018//4018
f 3761//3761 4018//4018 4019//4019
f 3762//3762 3766//3766 4019//4019
f 3763//3763 3764//3764 4020//4020
f 3763//3763 3764//3764 4021//4021
f 3763//3763 4020//4020 4021//4021
f 3764//3764 3768//3768 4021//4021
f 3764//3764 4010//4010 4020//4020
f 3764//3764 4011//4011 4021//4021
f 3765//3765 3772//3772 4035//4035
f 3765//3765 4026//4026 4035//4035
f 3766//3766 3767//3767 3774//3774
f 3766//3766 3767//3767 4027//4027
f 3766//3766 3773//3773 3774//3774
f 3766//3766 4019//4019 4027//4027
f 3767//3767 3774//3774 3775//3775
f 3767//3767 3775//3775 4036//4036
f 3767//3767 4027//4027 4028//4028
f 3767//3767 4028//4028 4036//4036
f 3768//3768 3769//3769 3775//3775
f 3768//3768 3769//3769 4030//4030
f 3768//3768 3775//3775 4036//4036
f 3768//3768 4021//4021 4029//4029
f 3768//3768 4029//4029 4030//4030
f 3768//3768 4029//4029 4036//4036
f 3769//3769 3770//3770 3777//3777
f 3769//3769 3770//3770 4030//4030
f 3769//3769 3775//3775 3776//3776
f 3769//3769 3776//3776 3777//3777
f 3769//3769 3776//3776 4030//4030
f 3769//3769 3776//3776 4037//4037
f 3769//3769 4030//4030 4037//4037
f 3770//3770 3777//3777 4031//4031
f 3770//3770 4030//4030 4031//4031
f 3771//3771 3772//3772 3780//3780
f 3771//3771 3772//3772 4034//4034
f 3771//3771 3780//3780 4041//4041
f 3771//3771 4034//4034 4041//4041
f 3772//3772 3780//3780 3781//3781
f 3772//3772 4034//4034 4035//4035
f 3776//3776 4030//4030 4037//4037
f 3777//3777 3778//3778 4038//4038
f 3777//3777 4031//4031 4038//4038
f 3778//3778 3779//3779 3782//3782
f 3778//3778 3779//3779 4040//4040
f 3778//3778 4038//4038 4039//4039
f 3778//3778 4039//4039 4040//4040
f 3779//3779 3782//3782 3783//3783
f 3779//3779 3783//3783 4042//4042
f 3779//3779 4040//4040 4042//4042
f 3780//3780 3784//3784 4041//4041
f 3783//3783 3784//3784 4042//4042
f 3783//3783 3784//3784 4043//4043
f 3783//3783 3785//3785 3786//3786
f 3783//3783 3785//3785 4042//4042
f 3783//3783 4042//4042 4043//4043
f 3784//3784 3786//3786 4043//4043
f 3784//3784 4041//4041 4043//4043
f 3784//3784 4042//4042 4043//4043
f 3785//3785 3786//3786 4044//4044
f 3785//3785 4042//4042 4044//4044
f 3786//3786 4043//4043 4045//4045
f 3786//3786 4044//4044 4045//4045
f 3787//3787 3788//3788 4283//4283
f 3787//3787 3795//3795 4046//4046
f 3787//3787 4046//4046 4283//4283
f 3788//3788 3789//3789 4048//4048
f 3788//3788 4047//4047 4048//4048
f 3788//3788 4047//4047 4283//4283
f 3789//3789 3790//3790 4049//4049
f 3789//3789 3797//3797 4055//4055
f 3789//3789 4048//4048 4049//4049
f 3789//3789 4048//4048 4055//4055
f 3791//3791 3792//3792 4050//4050
f 3791//3791 3798//3798 4050//4050
f 3793//3793 3800//3800 4051//4051
f 3793//3793 4050//4050 4051//4051
f 3794//3794 3795//3795 4052//4052
f 3794//3794 3801//3801 4059//4059
f 3794//3794 4052//4052 4059//4059
f 3795//3795 4046//4046 4289//4289
f 3795//3795 4052//4052 4053//4053
f 3795//3795 4053//4053 4289//4289
f 3796//3796 3797//3797 4055//4055
f 3796//3796 3803//3803 4060//4060
f 3796//3796 4054//4054 4055//4055
f 3796//3796 4054//4054 4060//4060
f 3798//3798 3799//3799 4050//4050
f 3798//3798 3799//3799 4057//4057
f 3798//3798 3805//3805 4061//4061
f 3798//3798 4056//4056 4057//4057
f 3798//3798 4056//4056 4061//4061
f 3799//3799 3800//3800 3806//3806
f 3799//3799 3800//3800 4058//4058
f 3799//3799 3806//3806 4057//4057
f 3799//3799 3806//3806 4058//4058
f 3799//3799 3806//3806 4062//4062
f 3799//3799 4050//4050 4057//4057
f 3799//3799 4057//4057 4062//4062
f 3800//3800 4051//4051 4058//4058
f 3801//3801 3807//3807 4059//4059
f 3802//3802 3803//3803 3808//3808
f 3803//3803 3808//3808 3809//3809
f 3803//3803 3809//3809 4065//4065
f 3803//3803 4060//4060 4065//4065
f 3804//3804 3805//3805 3810//3810
f 3805//3805 3810//3810 3811//3811
f 3805//3805 3811//3811 4061//4061
f 3806//3806 3812//3812 4062//4062
f 3806//3806 4057//4057 4058//4058
f 3806//3806 4057//4057 4062//4062
f 3807//3807 3816//3816 4063//4063
f 3807//3807 4059//4059 4063//4063
f 3808//3808 3809//3809 4065//4065
f 3808//3808 3817//3817 4064//4064
f 3808//3808 4064//4064 4065//4065
f 3810//3810 3811//3811 3818//3818
f 3811//3811 3812//3812 3819//3819
f 3811//3811 3812//3812 4066//4066
f 3811//3811 3818//3818 3819//3819
f 3811//3811 3819//3819 4066//4066
f 3811//3811 4061//4061 4066//4066
f 3812//3812 3819//3819 3820//3820
f 3812//3812 4062//4062 4067//4067
f 3812//3812 4066//4066 4067//4067
f 3816//3816 3825//3825 4069//4069
f 3816//3816 4063//4063 4069//4069
f 3817//3817 3826//3826 4070//4070
f 3817//3817 4064//4064 4070//4070
f 3818//3818 3819//3819 3828//3828
f 3818//3818 3827//3827 3828//3828
f 3819//3819 3820//3820 3829//3829
f 3819//3819 3828//3828 3829//3829
f 3819//3819 3828//3828 4072//4072
f 3819//3819 3828//3828 4078//4078
f 3819//3819 4066//4066 4072//4072
f 3819//3819 4072//4072 4078//4078
f 3822//3822 3831//3831 4080//4080
f 3822//3822 4073//4073 4080//4080
f 3823//3823 3824//3824 4074//4074
f 3823//3823 3824//3824 4075//4075
f 3823//3823 4074//4074 4075//4075
f 3824//3824 3825//3825 3834//3834
f 3824//3824 3833//3833 3834//3834
f 3824//3824 3833//3833 4075//4075
f 3824//3824 3833//3833 4082//4082
f 3824//3824 4074//4074 4075//4075
f 3824//3824 4075//4075 4082//4082
f 3825//3825 3834//3834 4083//4083
f 3825//3825 4069//4069 4076//4076
f 3825//3825 4076//4076 4083//4083
f 3826//3826 3835//3835 4077//4077
f 3826//3826 4070//4070 4077//4077
f 3827//3827 3828//3828 3837//3837
f 3827//3827 3836//3836 3837//3837
f 3828//3828 3829//3829 3838//3838
f 3828//3828 3837//3837 3838//3838
f 3828//3828 3837//3837 4086//4086
f 3828//3828 4072//4072 4078//4078
f 3828//3828 4078//4078 4086//4086
f 3831//3831 3832//3832 3840//3840
f 3831//3831 3832//3832 3841//3841
f 3831//3831 3840//3840 3841//3841
f 3832//3832 3833//3833 3842//3842
f 3832//3832 3833//3833 4081//4081
f 3832//3832 3833//3833 4082//4082
f 3832//3832 3840//3840 3841//3841
f 3832//3832 3841//3841 3842//3842
f 3832//3832 3841//3841 4081//4081
f 3832//3832 3841//3841 4090//4090
f 3832//3832 4081//4081 4082//4082
f 3832//3832 4081//4081 4090//4090
f 3833//3833 3842//3842 4091//4091
f 3833//3833 4075//4075 4082//4082
f 3833//3833 4081//4081 4082//4082
f 3833//3833 4082//4082 4091//4091
f 3834//3834 3843//3843 4092//4092
f 3834//3834 4083//4083 4092//4092
f 3835//3835 3844//3844 4093//4093
f 3835//3835 4077//4077 4084//4084
f 3835//3835 4084//4084 4093//4093
f 3836//3836 3837//3837 4086//4086
f 3836//3836 3845//3845 4094//4094
f 3836//3836 4085//4085 4086//4086
f 3836//3836 4085//4085 4094//4094
f 3837//3837 3838//3838 4086//4086
f 3838//3838 3846//3846 4096//4096
f 3838//3838 4086//4086 4087//4087
f 3838//3838 4087//4087 4096//4096
f 3840//3840 3841//3841 4090//4090
f 3840//3840 3849//3849 4089//4089
f 3840//3840 3849//3849 4098//4098
f 3840//3840 4089//4089 4090//4090
f 3840//3840 4089//4089 4098//4098
f 3841//3841 3842//3842 3851//3851
f 3841//3841 3842//3842 4090//4090
f 3841//3841 3850//3850 3851//3851
f 3841//3841 3850//3850 4090//4090
f 3841//3841 3850//3850 4099//4099
f 3841//3841 4081//4081 4090//4090
f 3841//3841 4090//4090 4099//4099
f 3842//3842 3851//3851 4091//4091
f 3843//3843 3852//3852 4092//4092
f 3844//3844 3853//3853 3854//3854
f 3844//3844 3854//3854 4093//4093
f 3845//3845 3855//3855 4104//4104
f 3845//3845 4094//4094 4104//4104
f 3846//3846 3856//3856 4105//4105
f 3846//3846 4096//4096 4105//4105
f 3847//3847 3857//3857 3858//3858
f 3849//3849 3859//3859 4098//4098
f 3849//3849 4089//4089 4098//4098
f 3850//3850 3851//3851 3860//3860
f 3850//3850 3851//3851 3861//3861
f 3850//3850 3860//3860 3861//3861
f 3850//3850 4090//4090 4099//4099
f 3851//3851 3860//3860 3861//3861
f 3851//3851 3861//3861 4109//4109
f 3851//3851 4091//4091 4100//4100
f 3851//3851 4100//4100 4109//4109
f 3852//3852 3862//3862 4101//4101
f 3852//3852 4092//4092 4101//4101
f 3854//3854 3863//3863 4103//4103
f 3854//3854 4093//4093 4103//4103
f 3855//3855 3864//3864 4112//4112
f 3855//3855 4104//4104 4112//4112
f 3856//3856 3865//3865 4105//4105
f 3858//3858 3859//3859 3867//3867
f 3858//3858 3859//3859 3868//3868
f 3858//3858 3867//3867 3868//3868
f 3858//3858 4106//4106 4115//4115
f 3859//3859 3860//3860 3869//3869
f 3859//3859 3867//3867 3868//3868
f 3859//3859 3868//3868 3869//3869
f 3859//3859 3868//3868 4116//4116
f 3859//3859 4098//4098 4107//4107
f 3859//3859 4107//4107 4116//4116
f 3860//3860 3861//3861 3870//3870
f 3860//3860 3869//3869 3870//3870
f 3860//3860 3869//3869 4108//4108
f 3860//3860 3869//3869 4117//4117
f 3860//3860 4108//4108 4117//4117
f 3861//3861 3862//3862 4110//4110
f 3861//3861 3870//3870 4109//4109
f 3861//3861 4109//4109 4110//4110
f 3862//3862 3871//3871 4110//4110
f 3862//3862 4101//4101 4110//4110
f 3863//3863 3872//3872 4120//4120
f 3863//3863 4103//4103 4111//4111
f 3863//3863 4111//4111 4120//4120
f 3864//3864 3874//3874 4112//4112
f 3865//3865 3875//3875 4123//4123
f 3865//3865 4105//4105 4113//4113
f 3865//3865 4113//4113 4123//4123
f 3866//3866 3867//3867 3876//3876
f 3866//3866 3867//3867 4115//4115
f 3866//3866 3876//3876 4125//4125
f 3866//3866 4115//4115 4125//4125
f 3867//3867 3876//3876 3877//3877
f 3867//3867 3877//3877 4115//4115
f 3867//3867 3877//3877 4125//4125
f 3867//3867 4115//4115 4125//4125
f 3868//3868 3869//3869 3879//3879
f 3868//3868 3869//3869 4117//4117
f 3868//3868 3878//3878 3879//3879
f 3868//3868 3878//3878 4116//4116
f 3868//3868 4116//4116 4117//4117
f 3869//3869 3870//3870 4117//4117
f 3869//3869 3879//3879 4117//4117
f 3869//3869 3879//3879 4127//4127
f 3869//3869 4108//4108 4117//4117
f 3869//3869 4117//4117 4127//4127
f 3870//3870 3880//3880 4128//4128
f 3870//3870 4109//4109 4118//4118
f 3870//3870 4117//4117 4118//4118
f 3870//3870 4118//4118 4128//4128
f 3871//3871 3881//3881 4129//4129
f 3871//3871 4110//4110 4119//4119
f 3871//3871 4119//4119 4129//4129
f 3872//3872 3873//3873 3884//3884
f 3872//3872 3873//3873 4121//4121
f 3872//3872 3883//3883 3884//3884
f 3872//3872 4120//4120 4121//4121
f 3873//3873 3884//3884 4121//4121
f 3874//3874 3885//3885 4132//4132
f 3874//3874 4112//4112 4122//4122
f 3874//3874 4122//4122 4132//4132
f 3875//3875 3886//3886 4123//4123
f 3876//3876 3877//3877 3888//3888
f 3876//3876 3877//3877 4124//4124
f 3876//3876 3887//3887 3888//3888
f 3876//3876 4124//4124 4125//4125
f 3877//3877 3878//3878 3888//3888
f 3877//3877 3888//3888 4135//4135
f 3877//3877 4115//4115 4125//4125
f 3877//3877 4124//4124 4125//4125
f 3877//3877 4125//4125 4135//4135
f 3878//3878 3888//3888 3889//3889
f 3878//3878 3889//3889 4136//4136
f 3878//3878 4116//4116 4126//4126
f 3878//3878 4126//4126 4136//4136
f 3880//3880 3890//3890 4138//4138
f 3880//3880 4128//4128 4138//4138
f 3881//3881 3882//3882 4129//4129
f 3882//3882 3891//3891 4130//4130
f 3882//3882 4129//4129 4130//4130
f 3884//3884 3892//3892 4140//4140
f 3884//3884 4121//4121 4131//4131
f 3884//3884 4131//4131 4140//4140
f 3885//3885 3894//3894 4143//4143
f 3885//3885 4132//4132 4143//4143
f 3886//3886 3895//3895 4144//4144
f 3886//3886 4123//4123 4133//4133
f 3886//3886 4133//4133 4144//4144
f 3888//3888 3889//3889 3896//3896
f 3888//3888 3889//3889 3897//3897
f 3888//3888 3889//3889 4136//4136
f 3888//3888 3896//3896 3897//3897
f 3888//3888 3896//3896 4135//4135
f 3888//3888 4125//4125 4135//4135
f 3888//3888 4135//4135 4136//4136
f 3889//3889 3896//3896 3897//3897
f 3890//3890 3898//3898 4138//4138
f 3891//3891 3899//3899 4139//4139
f 3891//3891 4130//4130 4139//4139
f 3892//3892 3900//3900 4150//4150
f 3892//3892 4140//4140 4150//4150
f 3893//3893 3894//3894 4142//4142
f 3893//3893 3905//3905 4153//4153
f 3893//3893 4142//4142 4153//4153
f 3894//3894 4142//4142 4143//4143
f 3895//3895 3906//3906 4144//4144
f 3896//3896 3909//3909 4145//4145
f 3896//3896 4135//4135 4145//4145
f 3897//3897 3910//3910 4157//4157
f 3897//3897 4146//4146 4157//4157
f 3898//3898 3912//3912 4148//4148
f 3898//3898 3912//3912 4158//4158
f 3898//3898 3912//3912 4159//4159
f 3898//3898 4138//4138 4148//4148
f 3898//3898 4147//4147 4148//4148
f 3898//3898 4147//4147 4158//4158
f 3898//3898 4148//4148 4159//4159
f 3899//3899 3914//3914 4149//4149
f 3899//3899 4139//4139 4149//4149
f 3900//3900 3901//3901 4150//4150
f 3901//3901 3915//3915 4162//4162
f 3901//3901 4150//4150 4162//4162
f 3902//3902 3903//3903 3918//3918
f 3903//3903 3904//3904 4151//4151
f 3903//3903 3918//3918 3919//3919
f 3903//3903 3919//3919 4151//4151
f 3903//3903 4151//4151 4167//4167
f 3904//3904 3920//3920 4168//4168
f 3904//3904 4151//4151 4152//4152
f 3904//3904 4152//4152 4168//4168
f 3905//3905 3923//3923 4153//4153
f 3906//3906 3907//3907 4155//4155
f 3906//3906 4144//4144 4154//4154
f 3906//3906 4154//4154 4155//4155
f 3907//3907 3925//3925 4173//4173
f 3907//3907 4155//4155 4173//4173
f 3908//3908 3909//3909 3928//3928
f 3908//3908 3927//3927 3928//3928
f 3909//3909 3910//3910 3929//3929
f 3909//3909 3910//3910 4157//4157
f 3909//3909 3928//3928 3929//3929
f 3909//3909 3928//3928 4156//4156
f 3909//3909 3928//3928 4175//4175
f 3909//3909 4145//4145 4156//4156
f 3909//3909 4156//4156 4157//4157
f 3909//3909 4156//4156 4175//4175
f 3910//3910 3929//3929 4157//4157
f 3911//3911 3912//3912 4158//4158
f 3911//3911 3930//3930 4158//4158
f 3912//3912 4148//4148 4159//4159
f 3912//3912 4158//4158 4159//4159
f 3913//3913 3914//3914 3931//3931
f 3914//3914 3931//3931 4160//4160
f 3914//3914 4149//4149 4161//4161
f 3914//3914 4160//4160 4161//4161
f 3915//3915 3932//3932 3933//3933
f 3915//3915 3933//3933 4179//4179
f 3915//3915 4162//4162 4163//4163
f 3915//3915 4163//4163 4179//4179
f 3916//3916 3917//3917 4165//4165
f 3916//3916 3935//3935 4164//4164
f 3916//3916 4164//4164 4165//4165
f 3917//3917 3918//3918 4165//4165
f 3918//3918 3919//3919 4166//4166
f 3918//3918 4165//4165 4166//4166
f 3919//3919 4151//4151 4167//4167
f 3919//3919 4166//4166 4167//4167
f 3920//3920 3921//3921 4169//4169
f 3920//3920 4168//4168 4169//4169
f 3921//3921 3922//3922 4170//4170
f 3921//3921 4169//4169 4170//4170
f 3922//3922 3923//3923 4171//4171
f 3922//3922 4170//4170 4171//4171
f 3923//3923 4153//4153 4172//4172
f 3923//3923 4171//4171 4172//4172
f 3925//3925 3926//3926 4174//4174
f 3925//3925 4173//4173 4183//4183
f 3925//3925 4174//4174 4183//4183
f 3926//3926 3936//3936 4183//4183
f 3926//3926 4174//4174 4183//4183
f 3928//3928 3929//3929 4175//4175
f 3928//3928 3929//3929 4176//4176
f 3928//3928 3937//3937 4175//4175
f 3928//3928 4156//4156 4175//4175
f 3928//3928 4175//4175 4176//4176
f 3929//3929 4157//4157 4176//4176
f 3929//3929 4175//4175 4176//4176
f 3930//3930 3939//3939 4177//4177
f 3930//3930 3939//3939 4186//4186
f 3930//3930 4158//4158 4177//4177
f 3930//3930 4177//4177 4186//4186
f 3931//3931 3940//3940 4178//4178
f 3931//3931 4160//4160 4178//4178
f 3933//3933 3934//3934 3941//3941
f 3933//3933 3941//3941 4188//4188
f 3933//3933 4179//4179 4188//4188
f 3934//3934 3935//3935 4181//4181
f 3934//3934 3941//3941 3942//3942
f 3934//3934 3942//3942 4189//4189
f 3934//3934 4180//4180 4181//4181
f 3934//3934 4180//4180 4189//4189
f 3935//3935 4164//4164 4181//4181
f 3936//3936 3943//3943 4190//4190
f 3936//3936 4183//4183 4190//4190
f 3937//3937 3938//3938 3945//3945
f 3937//3937 3938//3938 4184//4184
f 3937//3937 3944//3944 3945//3945
f 3937//3937 4175//4175 4184//4184
f 3938//3938 3939//3939 3945//3945
f 3938//3938 3939//3939 3946//3946
f 3938//3938 3939//3939 4185//4185
f 3938//3938 3939//3939 4186//4186
f 3938//3938 3945//3945 3946//3946
f 3938//3938 3945//3945 4185//4185
f 3938//3938 3945//3945 4191//4191
f 3938//3938 4184//4184 4185//4185
f 3938//3938 4185//4185 4186//4186
f 3938//3938 4185//4185 4191//4191
f 3939//3939 3945//3945 3946//3946
f 3939//3939 4177//4177 4186//4186
f 3939//3939 4185//4185 4186//4186
f 3940//3940 3947//3947 4187//4187
f 3940//3940 4178//4178 4187//4187
f 3941//3941 3942//3942 4188//4188
f 3942//3942 4188//4188 4189//4189
f 3943//3943 3948//3948 4190//4190
f 3944//3944 3945//3945 3950//3950
f 3944//3944 3949//3949 3950//3950
f 3945//3945 4185//4185 4191//4191
f 3947//3947 3951//3951 3952//3952
f 3947//3947 3952//3952 4192//4192
f 3947//3947 4187//4187 4192//4192
f 3948//3948 3953//3953 4196//4196
f 3948//3948 4190//4190 4193//4193
f 3948//3948 4193//4193 4196//4196
f 3951//3951 3952//3952 4195//4195
f 3951//3951 3954//3954 4194//4194
f 3951//3951 4194//4194 4195//4195
f 3952//3952 4192//4192 4195//4195
f 3953//3953 3955//3955 4196//4196
f 3954//3954 3956//3956 4198//4198
f 3954//3954 4194//4194 4197//4197
f 3954//3954 4197//4197 4198//4198
f 3955//3955 3958//3958 4201//4201
f 3955//3955 4196//4196 4199//4199
f 3955//3955 4199//4199 4201//4201
f 3956//3956 3957//3957 4198//4198
f 3957//3957 3959//3959 4200//4200
f 3957//3957 4198//4198 4200//4200
f 3958//3958 3960//3960 4201//4201
f 3959//3959 3961//3961 4205//4205
f 3959//3959 4200//4200 4202//4202
f 3959//3959 4202//4202 4205//4205
f 3960//3960 3967//3967 4214//4214
f 3960//3960 4201//4201 4204//4204
f 3960//3960 4204//4204 4214//4214
f 3961//3961 3962//3962 4206//4206
f 3961//3961 4205//4205 4206//4206
f 3962//3962 3968//3968 4206//4206
f 3963//3963 3973//3973 4208//4208
f 3964//3964 3975//3975 3976//3976
f 3964//3964 3975//3975 4209//4209
f 3964//3964 3976//3976 4210//4210
f 3964//3964 4209//4209 4210//4210
f 3965//3965 3966//3966 3977//3977
f 3965//3965 3966//3966 4211//4211
f 3965//3965 3976//3976 4210//4210
f 3965//3965 4210//4210 4211//4211
f 3966//3966 3977//3977 4212//4212
f 3966//3966 4211//4211 4212//4212
f 3967//3967 3979//3979 4224//4224
f 3967//3967 4214//4214 4224//4224
f 3968//3968 3969//3969 4215//4215
f 3968//3968 4206//4206 4215//4215
f 3969//3969 3980//3980 4216//4216
f 3969//3969 4215//4215 4216//4216
f 3970//3970 3971//3971 3984//3984
f 3970//3970 3971//3971 4228//4228
f 3970//3970 3984//3984 4228//4228
f 3971//3971 3972//3972 4219//4219
f 3971//3971 4218//4218 4219//4219
f 3971//3971 4218//4218 4228//4228
f 3972//3972 3973//3973 4220//4220
f 3972//3972 4219//4219 4220//4220
f 3973//3973 3974//3974 4209//4209
f 3973//3973 4207//4207 4208//4208
f 3973//3973 4207//4207 4220//4220
f 3973//3973 4208//4208 4209//4209
f 3974//3974 3975//3975 4209//4209
f 3977//3977 3978//3978 4222//4222
f 3977//3977 4212//4212 4221//4221
f 3977//3977 4221//4221 4222//4222
f 3978//3978 3985//3985 4229//4229
f 3978//3978 4222//4222 4229//4229
f 3979//3979 3987//3987 4224//4224
f 3980//3980 3981//3981 4225//4225
f 3980//3980 4216//4216 4225//4225
f 3981//3981 3982//3982 4226//4226
f 3981//3981 4225//4225 4226//4226
f 3982//3982 3983//3983 4226//4226
f 3983//3983 3984//3984 4227//4227
f 3983//3983 4226//4226 4227//4227
f 3984//3984 4227//4227 4228//4228
f 3985//3985 3986//3986 3989//3989
f 3985//3985 3986//3986 4230//4230
f 3985//3985 3988//3988 4229//4229
f 3985//3985 4229//4229 4230//4230
f 3985//3985 4229//4229 4233//4233
f 3986//3986 3989//3989 4234//4234
f 3986//3986 4230//4230 4234//4234
f 3987//3987 3992//3992 4232//4232
f 3987//3987 4224//4224 4232//4232
f 3988//3988 3989//3989 4234//4234
f 3988//3988 4229//4229 4233//4233
f 3988//3988 4233//4233 4234//4234
f 3989//3989 3990//3990 4234//4234
f 3989//3989 3990//3990 4235//4235
f 3989//3989 3997//3997 4242//4242
f 3989//3989 4234//4234 4235//4235
f 3989//3989 4234//4234 4242//4242
f 3990//3990 4234//4234 4235//4235
f 3991//3991 3999//3999 4236//4236
f 3991//3991 3999//3999 4244//4244
f 3991//3991 4236//4236 4244//4244
f 3992//3992 4002//4002 4239//4239
f 3992//3992 4232//4232 4239//4239
f 3993//3993 3994//3994 4240//4240
f 3993//3993 4004//4004 4248//4248
f 3993//3993 4240//4240 4248//4248
f 3994//3994 3995//3995 4240//4240
f 3995//3995 3996//3996 4005//4005
f 3995//3995 4005//4005 4241//4241
f 3995//3995 4240//4240 4241//4241
f 3996//3996 4005//4005 4006//4006
f 3997//3997 3998//3998 4243//4243
f 3997//3997 4242//4242 4243//4243
f 3998//3998 4008//4008 4243//4243
f 3999//3999 4000//4000 4245//4245
f 3999//3999 4009//4009 4253//4253
f 3999//3999 4236//4236 4244//4244
f 3999//3999 4244//4244 4245//4245
f 3999//3999 4244//4244 4253//4253
f 4000//4000 4010//4010 4245//4245
f 4001//4001 4010//4010 4011//4011
f 4001//4001 4010//4010 4245//4245
f 4001//4001 4011//4011 4246//4246
f 4001//4001 4245//4245 4246//4246
f 4002//4002 4003//4003 4013//4013
f 4002//4002 4012//4012 4013//4013
f 4002//4002 4012//4012 4247//4247
f 4002//4002 4239//4239 4247//4247
f 4004//4004 4014//4014 4248//4248
f 4005//4005 4006//4006 4015//4015
f 4005//4005 4015//4015 4259//4259
f 4005//4005 4241//4241 4250//4250
f 4005//4005 4250//4250 4259//4259
f 4006//4006 4015//4015 4016//4016
f 4007//4007 4008//4008 4017//4017
f 4007//4007 4008//4008 4018//4018
f 4007//4007 4008//4008 4251//4251
f 4007//4007 4017//4017 4018//4018
f 4007//4007 4017//4017 4251//4251
f 4007//4007 4017//4017 4260//4260
f 4007//4007 4251//4251 4260//4260
f 4008//4008 4009//4009 4019//4019
f 4008//4008 4009//4009 4252//4252
f 4008//4008 4009//4009 4253//4253
f 4008//4008 4017//4017 4018//4018
f 4008//4008 4018//4018 4019//4019
f 4008//4008 4243//4243 4252//4252
f 4008//4008 4252//4252 4253//4253
f 4009//4009 4010//4010 4253//4253
f 4009//4009 4019//4019 4253//4253
f 4009//4009 4019//4019 4262//4262
f 4009//4009 4252//4252 4253//4253
f 4009//4009 4253//4253 4262//4262
f 4010//4010 4020//4020 4254//4254
f 4010//4010 4245//4245 4254//4254
f 4010//4010 4253//4253 4254//4254
f 4011//4011 4021//4021 4255//4255
f 4011//4011 4021//4021 4264//4264
f 4011//4011 4246//4246 4255//4255
f 4011//4011 4255//4255 4264//4264
f 4012//4012 4013//4013 4023//4023
f 4012//4012 4022//4022 4023//4023
f 4012//4012 4022//4022 4265//4265
f 4012//4012 4247//4247 4256//4256
f 4012//4012 4256//4256 4265//4265
f 4013//4013 4014//4014 4024//4024
f 4013//4013 4023//4023 4024//4024
f 4014//4014 4024//4024 4257//4257
f 4014//4014 4248//4248 4257//4257
f 4015//4015 4016//4016 4026//4026
f 4015//4015 4025//4025 4026//4026
f 4015//4015 4025//4025 4268//4268
f 4015//4015 4259//4259 4268//4268
f 4017//4017 4251//4251 4260//4260
f 4018//4018 4019//4019 4261//4261
f 4019//4019 4020//4020 4262//4262
f 4019//4019 4020//4020 4263//4263
f 4019//4019 4027//4027 4262//4262
f 4019//4019 4253//4253 4262//4262
f 4019//4019 4261//4261 4262//4262
f 4019//4019 4262//4262 4263//4263
f 4020//4020 4021//4021 4263//4263
f 4020//4020 4254//4254 4263//4263
f 4020//4020 4262//4262 4263//4263
f 4021//4021 4022//4022 4029//4029
f 4021//4021 4022//4022 4030//4030
f 4021//4021 4022//4022 4264//4264
f 4021//4021 4022//4022 4265//4265
f 4021//4021 4029//4029 4030//4030
f 4021//4021 4029//4029 4264//4264
f 4021//4021 4029//4029 4272//4272
f 4021//4021 4255//4255 4264//4264
f 4021//4021 4263//4263 4264//4264
f 4021//4021 4264//4264 4265//4265
f 4021//4021 4264//4264 4272//4272
f 4022//4022 4023//4023 4031//4031
f 4022//4022 4029//4029 4030//4030
f 4022//4022 4030//4030 4031//4031
f 4022//4022 4030//4030 4273//4273
f 4022//4022 4264//4264 4265//4265
f 4022//4022 4265//4265 4273//4273
f 4023//4023 4024//4024 4032//4032
f 4023//4023 4031//4031 4032//4032
f 4024//4024 4032//4032 4033//4033
f 4024//4024 4033//4033 4267//4267
f 4024//4024 4257//4257 4266//4266
f 4024//4024 4266//4266 4267//4267
f 4025//4025 4026//4026 4268//4268
f 4026//4026 4035//4035 4276//4276
f 4026//4026 4268//4268 4269//4269
f 4026//4026 4269//4269 4276//4276
f 4027//4027 4028//4028 4270//4270
f 4027//4027 4262//4262 4270//4270
f 4028//4028 4029//4029 4036//4036
f 4028//4028 4029//4029 4271//4271
f 4028//4028 4270//4270 4271//4271
f 4029//4029 4030//4030 4272//4272
f 4029//4029 4264//4264 4272//4272
f 4029//4029 4271//4271 4272//4272
f 4030//4030 4037//4037 4273//4273
f 4030//4030 4272//4272 4273//4273
f 4031//4031 4032//4032 4039//4039
f 4031//4031 4038//4038 4039//4039
f 4032//4032 4033//4033 4040//4040
f 4032//4032 4039//4039 4040//4040
f 4033//4033 4040//4040 4277//4277
f 4033//4033 4267//4267 4274//4274
f 4033//4033 4274//4274 4277//4277
f 4034//4034 4035//4035 4276//4276
f 4034//4034 4041//4041 4278//4278
f 4034//4034 4275//4275 4276//4276
f 4034//4034 4275//4275 4278//4278
f 4040//4040 4041//4041 4043//4043
f 4040//4040 4041//4041 4277//4277
f 4040//4040 4042//4042 4043//4043
f 4040//4040 4042//4042 4279//4279
f 4040//4040 4277//4277 4279//4279
f 4041//4041 4277//4277 4278//4278
f 4042//4042 4043//4043 4044//4044
f 4042//4042 4044//4044 4279//4279
f 4042//4042 4044//4044 4280//4280
f 4042//4042 4279//4279 4280//4280
f 4042//4042 4279//4279 4484//4484
f 4043//4043 4044//4044 4045//4045
f 4044//4044 4045//4045 4281//4281
f 4044//4044 4279//4279 4280//4280
f 4044//4044 4280//4280 4281//4281
f 4046//4046 4282//4282 4283//4283
f 4046//4046 4282//4282 4289//4289
f 4046//4046 4282//4282 4488//4488
f 4047//4047 4048//4048 4283//4283
f 4048//4048 4049//4049 4284//4284
f 4048//4048 4055//4055 4291//4291
f 4048//4048 4283//4283 4284//4284
f 4048//4048 4284//4284 4291//4291
f 4049//4049 4284//4284 4285//4285
f 4050//4050 4051//4051 4287//4287
f 4050//4050 4057//4057 4292//4292
f 4050//4050 4286//4286 4287//4287
f 4050//4050 4286//4286 4292//4292
f 4051//4051 4058//4058 4287//4287
f 4052//4052 4053//4053 4288//4288
f 4052//4052 4059//4059 4288//4288
f 4053//4053 4288//4288 4289//4289
f 4054//4054 4055//4055 4290//4290
f 4054//4054 4060//4060 4295//4295
f 4054//4054 4290//4290 4295//4295
f 4055//4055 4290//4290 4291//4291
f 4056//4056 4057//4057 4061//4061
f 4057//4057 4058//4058 4293//4293
f 4057//4057 4061//4061 4062//4062
f 4057//4057 4292//4292 4293//4293
f 4058//4058 4287//4287 4293//4293
f 4059//4059 4063//4063 4294//4294
f 4059//4059 4288//4288 4294//4294
f 4060//4060 4065//4065 4297//4297
f 4060//4060 4295//4295 4297//4297
f 4061//4061 4062//4062 4066//4066
f 4062//4062 4066//4066 4067//4067
f 4063//4063 4069//4069 4296//4296
f 4063//4063 4294//4294 4296//4296
f 4064//4064 4065//4065 4070//4070
f 4065//4065 4070//4070 4071//4071
f 4065//4065 4071//4071 4300//4300
f 4065//4065 4297//4297 4300//4300
f 4069//4069 4076//4076 4298//4298
f 4069//4069 4296//4296 4298//4298
f 4070//4070 4071//4071 4300//4300
f 4070//4070 4077//4077 4303//4303
f 4070//4070 4299//4299 4300//4300
f 4070//4070 4299//4299 4303//4303
f 4074//4074 4081//4081 4082//4082
f 4074//4074 4081//4081 4305//4305
f 4074//4074 4301//4301 4305//4305
f 4076//4076 4083//4083 4302//4302
f 4076//4076 4298//4298 4302//4302
f 4077//4077 4084//4084 4303//4303
f 4080//4080 4089//4089 4310//4310
f 4080//4080 4304//4304 4310//4310
f 4083//4083 4092//4092 4306//4306
f 4083//4083 4302//4302 4306//4306
f 4084//4084 4093//4093 4307//4307
f 4084//4084 4303//4303 4307//4307
f 4085//4085 4086//4086 4095//4095
f 4085//4085 4094//4094 4095//4095
f 4086//4086 4087//4087 4096//4096
f 4086//4086 4095//4095 4096//4096
f 4086//4086 4095//4095 4308//4308
f 4088//4088 4097//4097 4318//4318
f 4088//4088 4309//4309 4318//4318
f 4089//4089 4090//4090 4098//4098
f 4089//4089 4090//4090 4099//4099
f 4089//4089 4098//4098 4099//4099
f 4091//4091 4100//4100 4312//4312
f 4091//4091 4100//4100 4321//4321
f 4091//4091 4312//4312 4321//4321
f 4092//4092 4101//4101 4322//4322
f 4092//4092 4306//4306 4313//4313
f 4092//4092 4313//4313 4322//4322
f 4093//4093 4102//4102 4103//4103
f 4093//4093 4102//4102 4323//4323
f 4093//4093 4307//4307 4314//4314
f 4093//4093 4314//4314 4323//4323
f 4094//4094 4095//4095 4316//4316
f 4094//4094 4104//4104 4325//4325
f 4094//4094 4315//4315 4316//4316
f 4094//4094 4315//4315 4325//4325
f 4095//4095 4096//4096 4316//4316
f 4095//4095 4308//4308 4316//4316
f 4096//4096 4105//4105 4317//4317
f 4096//4096 4316//4316 4317//4317
f 4097//4097 4106//4106 4328//4328
f 4097//4097 4318//4318 4328//4328
f 4098//4098 4099//4099 4108//4108
f 4098//4098 4099//4099 4320//4320
f 4098//4098 4107//4107 4108//4108
f 4098//4098 4107//4107 4319//4319
f 4098//4098 4107//4107 4329//4329
f 4098//4098 4319//4319 4320//4320
f 4099//4099 4108//4108 4320//4320
f 4099//4099 4108//4108 4330//4330
f 4099//4099 4320//4320 4330//4330
f 4100//4100 4312//4312 4321//4321
f 4101//4101 4110//4110 4332//4332
f 4101//4101 4322//4322 4332//4332
f 4102//4102 4103//4103 4324//4324
f 4102//4102 4323//4323 4324//4324
f 4103//4103 4111//4111 4333//4333
f 4103//4103 4324//4324 4333//4333
f 4104//4104 4112//4112 4334//4334
f 4104//4104 4325//4325 4334//4334
f 4105//4105 4113//4113 4327//4327
f 4105//4105 4317//4317 4327//4327
f 4106//4106 4115//4115 4337//4337
f 4106//4106 4328//4328 4337//4337
f 4107//4107 4108//4108 4329//4329
f 4107//4107 4319//4319 4329//4329
f 4108//4108 4109//4109 4117//4117
f 4108//4108 4109//4109 4331//4331
f 4108//4108 4117//4117 4330//4330
f 4108//4108 4320//4320 4330//4330
f 4108//4108 4329//4329 4330//4330
f 4108//4108 4330//4330 4331//4331
f 4109//4109 4117//4117 4118//4118
f 4109//4109 4118//4118 4331//4331
f 4110//4110 4119//4119 4341//4341
f 4110//4110 4332//4332 4341//4341
f 4111//4111 4120//4120 4333//4333
f 4112//4112 4122//4122 4334//4334
f 4113//4113 4123//4123 4336//4336
f 4113//4113 4327//4327 4336//4336
f 4114//4114 4115//4115 4124//4124
f 4114//4114 4115//4115 4125//4125
f 4114//4114 4124//4124 4125//4125
f 4115//4115 4124//4124 4125//4125
f 4116//4116 4117//4117 4127//4127
f 4116//4116 4117//4117 4339//4339
f 4116//4116 4126//4126 4127//4127
f 4116//4116 4126//4126 4338//4338
f 4116//4116 4126//4126 4349//4349
f 4116//4116 4338//4338 4339//4339
f 4116//4116 4338//4338 4349//4349
f 4117//4117 4118//4118 4127//4127
f 4117//4117 4118//4118 4128//4128
f 4117//4117 4118//4118 4339//4339
f 4117//4117 4127//4127 4128//4128
f 4117//4117 4127//4127 4339//4339
f 4117//4117 4127//4127 4350//4350
f 4117//4117 4330//4330 4339//4339
f 4117//4117 4339//4339 4350//4350
f 4118//4118 4127//4127 4128//4128
f 4118//4118 4128//4128 4351//4351
f 4118//4118 4331//4331 4340//4340
f 4118//4118 4339//4339 4340//4340
f 4118//4118 4340//4340 4351//4351
f 4119//4119 4129//4129 4352//4352
f 4119//4119 4341//4341 4352//4352
f 4120//4120 4121//4121 4343//4343
f 4120//4120 4333//4333 4342//4342
f 4120//4120 4342//4342 4343//4343
f 4121//4121 4131//4131 4343//4343
f 4122//4122 4132//4132 4355//4355
f 4122//4122 4334//4334 4344//4344
f 4122//4122 4344//4344 4355//4355
f 4123//4123 4133//4133 4356//4356
f 4123//4123 4336//4336 4346//4346
f 4123//4123 4346//4346 4356//4356
f 4124//4124 4125//4125 4134//4134
f 4124//4124 4125//4125 4348//4348
f 4124//4124 4347//4347 4348//4348
f 4125//4125 4126//4126 4135//4135
f 4125//4125 4126//4126 4136//4136
f 4125//4125 4134//4134 4135//4135
f 4125//4125 4135//4135 4136//4136
f 4125//4125 4135//4135 4358//4358
f 4125//4125 4348//4348 4358//4358
f 4126//4126 4135//4135 4136//4136
f 4126//4126 4136//4136 4349//4349
f 4126//4126 4136//4136 4359//4359
f 4126//4126 4338//4338 4349//4349
f 4126//4126 4349//4349 4359//4359
f 4127//4127 4128//4128 4137//4137
f 4127//4127 4128//4128 4350//4350
f 4127//4127 4137//4137 4360//4360
f 4127//4127 4339//4339 4350//4350
f 4127//4127 4350//4350 4360//4360
f 4128//4128 4137//4137 4138//4138
f 4128//4128 4138//4138 4351//4351
f 4128//4128 4138//4138 4361//4361
f 4128//4128 4350//4350 4351//4351
f 4128//4128 4351//4351 4361//4361
f 4129//4129 4130//4130 4352//4352
f 4130//4130 4139//4139 4353//4353
f 4130//4130 4352//4352 4353//4353
f 4131//4131 4140//4140 4363//4363
f 4131//4131 4343//4343 4354//4354
f 4131//4131 4354//4354 4363//4363
f 4132//4132 4143//4143 4366//4366
f 4132//4132 4355//4355 4366//4366
f 4133//4133 4144//4144 4356//4356
f 4135//4135 4136//4136 4146//4146
f 4135//4135 4136//4136 4358//4358
f 4135//4135 4136//4136 4359//4359
f 4135//4135 4145//4145 4146//4146
f 4135//4135 4145//4145 4358//4358
f 4135//4135 4358//4358 4359//4359
f 4136//4136 4146//4146 4359//4359
f 4136//4136 4146//4146 4369//4369
f 4136//4136 4349//4349 4359//4359
f 4136//4136 4358//4358 4359//4359
f 4136//4136 4359//4359 4369//4369
f 4137//4137 4138//4138 4360//4360
f 4138//4138 4148//4148 4361//4361
f 4138//4138 4351//4351 4361//4361
f 4138//4138 4360//4360 4361//4361
f 4139//4139 4149//4149 4362//4362
f 4139//4139 4353//4353 4362//4362
f 4140//4140 4141//4141 4150//4150
f 4140//4140 4141//4141 4364//4364
f 4140//4140 4363//4363 4364//4364
f 4141//4141 4150//4150 4373//4373
f 4141//4141 4364//4364 4373//4373
f 4142//4142 4143//4143 4366//4366
f 4142//4142 4153//4153 4374//4374
f 4142//4142 4365//4365 4366//4366
f 4142//4142 4365//4365 4374//4374
f 4144//4144 4154//4154 4367//4367
f 4144//4144 4356//4356 4367//4367
f 4145//4145 4146//4146 4157//4157
f 4145//4145 4146//4146 4369//4369
f 4145//4145 4156//4156 4157//4157
f 4145//4145 4156//4156 4368//4368
f 4145//4145 4156//4156 4377//4377
f 4145//4145 4358//4358 4368//4368
f 4145//4145 4368//4368 4369//4369
f 4145//4145 4368//4368 4377//4377
f 4146//4146 4147//4147 4370//4370
f 4146//4146 4156//4156 4157//4157
f 4146//4146 4157//4157 4369//4369
f 4146//4146 4359//4359 4369//4369
f 4146//4146 4369//4369 4370//4370
f 4147//4147 4148//4148 4370//4370
f 4147//4147 4148//4148 4371//4371
f 4147//4147 4158//4158 4370//4370
f 4147//4147 4158//4158 4379//4379
f 4147//4147 4370//4370 4371//4371
f 4147//4147 4370//4370 4379//4379
f 4148//4148 4361//4361 4371//4371
f 4148//4148 4370//4370 4371//4371
f 4149//4149 4161//4161 4381//4381
f 4149//4149 4362//4362 4372//4372
f 4149//4149 4372//4372 4381//4381
f 4150//4150 4162//4162 4373//4373
f 4151//4151 4152//4152 4167//4167
f 4151//4151 4167//4167 4387//4387
f 4152//4152 4167//4167 4388//4388
f 4152//4152 4168//4168 4388//4388
f 4153//4153 4172//4172 4392//4392
f 4153//4153 4374//4374 4392//4392
f 4154//4154 4155//4155 4375//4375
f 4154//4154 4367//4367 4375//4375
f 4155//4155 4173//4173 4376//4376
f 4155//4155 4375//4375 4376//4376
f 4156//4156 4368//4368 4377//4377
f 4157//4157 4158//4158 4177//4177
f 4157//4157 4158//4158 4378//4378
f 4157//4157 4176//4176 4177//4177
f 4157//4157 4176//4176 4378//4378
f 4157//4157 4176//4176 4395//4395
f 4157//4157 4369//4369 4378//4378
f 4157//4157 4378//4378 4395//4395
f 4158//4158 4177//4177 4379//4379
f 4158//4158 4177//4177 4396//4396
f 4158//4158 4370//4370 4379//4379
f 4158//4158 4378//4378 4379//4379
f 4158//4158 4379//4379 4396//4396
f 4160//4160 4161//4161 4380//4380
f 4160//4160 4178//4178 4397//4397
f 4160//4160 4380//4380 4397//4397
f 4161//4161 4380//4380 4381//4381
f 4162//4162 4163//4163 4179//4179
f 4162//4162 4179//4179 4382//4382
f 4162//4162 4373//4373 4382//4382
f 4164//4164 4165//4165 4385//4385
f 4164//4164 4181//4181 4384//4384
f 4164//4164 4384//4384 4385//4385
f 4165//4165 4166//4166 4385//4385
f 4166//4166 4167//4167 4386//4386
f 4166//4166 4385//4385 4386//4386
f 4167//4167 4386//4386 4387//4387
f 4167//4167 4387//4387 4388//4388
f 4168//4168 4169//4169 4388//4388
f 4169//4169 4170//4170 4389//4389
f 4169//4169 4388//4388 4389//4389
f 4170//4170 4171//4171 4391//4391
f 4170//4170 4389//4389 4390//4390
f 4170//4170 4390//4390 4391//4391
f 4171//4171 4172//4172 4391//4391
f 4172//4172 4391//4391 4392//4392
f 4173//4173 4182//4182 4183//4183
f 4173//4173 4182//4182 4401//4401
f 4173//4173 4376//4376 4393//4393
f 4173//4173 4393//4393 4401//4401
f 4175//4175 4176//4176 4185//4185
f 4175//4175 4176//4176 4394//4394
f 4175//4175 4184//4184 4185//4185
f 4176//4176 4177//4177 4186//4186
f 4176//4176 4177//4177 4395//4395
f 4176//4176 4177//4177 4396//4396
f 4176//4176 4185//4185 4186//4186
f 4176//4176 4185//4185 4395//4395
f 4176//4176 4185//4185 4403//4403
f 4176//4176 4378//4378 4395//4395
f 4176//4176 4394//4394 4395//4395
f 4176//4176 4395//4395 4396//4396
f 4176//4176 4395//4395 4403//4403
f 4177//4177 4186//4186 4396//4396
f 4177//4177 4186//4186 4404//4404
f 4177//4177 4379//4379 4396//4396
f 4177//4177 4395//4395 4396//4396
f 4177//4177 4396//4396 4404//4404
f 4178//4178 4187//4187 4397//4397
f 4179//4179 4188//4188 4406//4406
f 4179//4179 4382//4382 4398//4398
f 4179//4179 4398//4398 4406//4406
f 4180//4180 4181//4181 4400//4400
f 4180//4180 4189//4189 4399//4399
f 4180//4180 4399//4399 4400//4400
f 4181//4181 4384//4384 4400//4400
f 4182//4182 4183//4183 4401//4401
f 4183//4183 4190//4190 4408//4408
f 4183//4183 4401//4401 4402//4402
f 4183//4183 4402//4402 4408//4408
f 4185//4185 4395//4395 4403//4403
f 4186//4186 4396//4396 4404//4404
f 4187//4187 4192//4192 4405//4405
f 4187//4187 4397//4397 4405//4405
f 4188//4188 4189//4189 4407//4407
f 4188//4188 4406//4406 4407//4407
f 4189//4189 4399//4399 4407//4407
f 4190//4190 4193//4193 4408//4408
f 4192//4192 4195//4195 4411//4411
f 4192//4192 4405//4405 4409//4409
f 4192//4192 4409//4409 4411//4411
f 4193//4193 4196//4196 4412//4412
f 4193//4193 4408//4408 4410//4410
f 4193//4193 4410//4410 4412//4412
f 4194//4194 4195//4195 4197//4197
f 4195//4195 4197//4197 4198//4198
f 4195//4195 4198//4198 4411//4411
f 4196//4196 4199//4199 4412//4412
f 4198//4198 4200//4200 4413//4413
f 4198//4198 4411//4411 4413//4413
f 4199//4199 4201//4201 4414//4414
f 4199//4199 4412//4412 4414//4414
f 4200//4200 4202//4202 4417//4417
f 4200//4200 4413//4413 4415//4415
f 4200//4200 4415//4415 4417//4417
f 4201//4201 4204//4204 4418//4418
f 4201//4201 4414//4414 4416//4416
f 4201//4201 4416//4416 4418//4418
f 4201//4201 4418//4418 4419//4419
f 4202//4202 4205//4205 4417//4417
f 4203//4203 4204//4204 4418//4418
f 4204//4204 4214//4214 4431//4431
f 4204//4204 4418//4418 4431//4431
f 4205//4205 4206//4206 4421//4421
f 4205//4205 4417//4417 4420//4420
f 4205//4205 4420//4420 4421//4421
f 4206//4206 4215//4215 4421//4421
f 4207//4207 4208//4208 4423//4423
f 4207//4207 4220//4220 4423//4423
f 4208//4208 4209//4209 4425//4425
f 4208//4208 4423//4423 4424//4424
f 4208//4208 4424//4424 4425//4425
f 4209//4209 4210//4210 4425//4425
f 4210//4210 4211//4211 4426//4426
f 4210//4210 4425//4425 4426//4426
f 4211//4211 4212//4212 4427//4427
f 4211//4211 4426//4426 4427//4427
f 4212//4212 4213//4213 4222//4222
f 4212//4212 4213//4213 4429//4429
f 4212//4212 4221//4221 4222//4222
f 4212//4212 4427//4427 4428//4428
f 4212//4212 4428//4428 4429//4429
f 4213//4213 4222//4222 4438//4438
f 4213//4213 4429//4429 4438//4438
f 4214//4214 4224//4224 4431//4431
f 4215//4215 4216//4216 4432//4432
f 4215//4215 4421//4421 4432//4432
f 4216//4216 4217//4217 4225//4225
f 4216//4216 4217//4217 4434//4434
f 4216//4216 4432//4432 4433//4433
f 4216//4216 4433//4433 4434//4434
f 4217//4217 4225//4225 4434//4434
f 4218//4218 4219//4219 4436//4436
f 4218//4218 4228//4228 4436//4436
f 4219//4219 4220//4220 4437//4437
f 4219//4219 4436//4436 4437//4437
f 4220//4220 4423//4423 4437//4437
f 4222//4222 4223//4223 4439//4439
f 4222//4222 4223//4223 4447//4447
f 4222//4222 4229//4229 4438//4438
f 4222//4222 4229//4229 4446//4446
f 4222//4222 4438//4438 4439//4439
f 4222//4222 4438//4438 4446//4446
f 4222//4222 4438//4438 4447//4447
f 4223//4223 4230//4230 4439//4439
f 4223//4223 4230//4230 4447//4447
f 4224//4224 4232//4232 4441//4441
f 4224//4224 4431//4431 4441//4441
f 4225//4225 4226//4226 4443//4443
f 4225//4225 4434//4434 4442//4442
f 4225//4225 4442//4442 4443//4443
f 4226//4226 4227//4227 4443//4443
f 4227//4227 4228//4228 4445//4445
f 4227//4227 4443//4443 4444//4444
f 4227//4227 4444//4444 4445//4445
f 4228//4228 4436//4436 4445//4445
f 4229//4229 4230//4230 4446//4446
f 4229//4229 4230//4230 4447//4447
f 4229//4229 4230//4230 4453//4453
f 4229//4229 4446//4446 4447//4447
f 4229//4229 4446//4446 4453//4453
f 4230//4230 4231//4231 4447//4447
f 4230//4230 4231//4231 4448//4448
f 4230//4230 4234//4234 4453//4453
f 4230//4230 4234//4234 4454//4454
f 4230//4230 4439//4439 4447//4447
f 4230//4230 4446//4446 4447//4447
f 4230//4230 4447//4447 4448//4448
f 4230//4230 4447//4447 4454//4454
f 4231//4231 4235//4235 4455//4455
f 4231//4231 4447//4447 4448//4448
f 4231//4231 4448//4448 4455//4455
f 4232//4232 4239//4239 4452//4452
f 4232//4232 4441//4441 4452//4452
f 4234//4234 4235//4235 4243//4243
f 4234//4234 4235//4235 4454//4454
f 4234//4234 4235//4235 4455//4455
f 4234//4234 4242//4242 4243//4243
f 4234//4234 4453//4453 4454//4454
f 4234//4234 4454//4454 4455//4455
f 4235//4235 4236//4236 4455//4455
f 4235//4235 4243//4243 4455//4455
f 4235//4235 4243//4243 4461//4461
f 4235//4235 4455//4455 4461//4461
f 4236//4236 4237//4237 4244//4244
f 4236//4236 4237//4237 4456//4456
f 4236//4236 4244//4244 4462//4462
f 4236//4236 4455//4455 4456//4456
f 4236//4236 4456//4456 4462//4462
f 4237//4237 4238//4238 4246//4246
f 4237//4237 4238//4238 4457//4457
f 4237//4237 4244//4244 4245//4245
f 4237//4237 4245//4245 4246//4246
f 4237//4237 4245//4245 4457//4457
f 4237//4237 4245//4245 4463//4463
f 4237//4237 4456//4456 4457//4457
f 4237//4237 4457//4457 4463//4463
f 4238//4238 4239//4239 4247//4247
f 4238//4238 4239//4239 4458//4458
f 4238//4238 4246//4246 4247//4247
f 4238//4238 4246//4246 4464//4464
f 4238//4238 4457//4457 4458//4458
f 4238//4238 4458//4458 4464//4464
f 4239//4239 4452//4452 4459//4459
f 4239//4239 4458//4458 4459//4459
f 4240//4240 4241//4241 4249//4249
f 4240//4240 4248//4248 4249//4249
f 4241//4241 4249//4249 4250//4250
f 4242//4242 4251//4251 4465//4465
f 4242//4242 4460//4460 4465//4465
f 4243//4243 4252//4252 4461//4461
f 4243//4243 4455//4455 4461//4461
f 4244//4244 4253//4253 4462//4462
f 4244//4244 4253//4253 4467//4467
f 4244//4244 4462//4462 4467//4467
f 4245//4245 4246//4246 4254//4254
f 4245//4245 4246//4246 4255//4255
f 4245//4245 4246//4246 4463//4463
f 4245//4245 4254//4254 4255//4255
f 4245//4245 4457//4457 4463//4463
f 4246//4246 4247//4247 4256//4256
f 4246//4246 4254//4254 4255//4255
f 4246//4246 4255//4255 4256//4256
f 4246//4246 4463//4463 4464//4464
f 4248//4248 4249//4249 4257//4257
f 4249//4249 4250//4250 4258//4258
f 4249//4249 4257//4257 4258//4258
f 4250//4250 4258//4258 4259//4259
f 4252//4252 4253//4253 4461//4461
f 4252//4252 4253//4253 4466//4466
f 4253//4253 4254//4254 4263//4263
f 4253//4253 4254//4254 4467//4467
f 4253//4253 4254//4254 4468//4468
f 4253//4253 4262//4262 4263//4263
f 4253//4253 4461//4461 4467//4467
f 4253//4253 4462//4462 4467//4467
f 4253//4253 4466//4466 4467//4467
f 4253//4253 4467//4467 4468//4468
f 4254//4254 4263//4263 4468//4468
f 4254//4254 4467//4467 4468//4468
f 4255//4255 4256//4256 4265//4265
f 4255//4255 4264//4264 4265//4265
f 4257//4257 4258//4258 4267//4267
f 4257//4257 4266//4266 4267//4267
f 4258//4258 4259//4259 4268//4268
f 4258//4258 4267//4267 4268//4268
f 4261//4261 4262//4262 4467//4467
f 4261//4261 4262//4262 4469//4469
f 4261//4261 4466//4466 4467//4467
f 4261//4261 4466//4466 4469//4469
f 4262//4262 4263//4263 4271//4271
f 4262//4262 4263//4263 4470//4470
f 4262//4262 4263//4263 4471//4471
f 4262//4262 4270//4270 4271//4271
f 4262//4262 4467//4467 4470//4470
f 4262//4262 4469//4469 4470//4470
f 4262//4262 4470//4470 4471//4471
f 4263//4263 4264//4264 4272//4272
f 4263//4263 4271//4271 4272//4272
f 4263//4263 4271//4271 4471//4471
f 4263//4263 4271//4271 4477//4477
f 4263//4263 4470//4470 4471//4471
f 4263//4263 4471//4471 4477//4477
f 4264//4264 4265//4265 4273//4273
f 4264//4264 4265//4265 4472//4472
f 4264//4264 4265//4265 4473//4473
f 4264//4264 4272//4272 4273//4273
f 4264//4264 4472//4472 4473//4473
f 4265//4265 4472//4472 4473//4473
f 4267//4267 4268//4268 4475//4475
f 4267//4267 4274//4274 4479//4479
f 4267//4267 4474//4474 4475//4475
f 4267//4267 4474//4474 4479//4479
f 4268//4268 4269//4269 4475//4475
f 4269//4269 4276//4276 4481//4481
f 4269//4269 4475//4475 4476//4476
f 4269//4269 4476//4476 4481//4481
f 4271//4271 4471//4471 4477//4477
f 4274//4274 4277//4277 4479//4479
f 4275//4275 4276//4276 4481//4481
f 4275//4275 4278//4278 4480//4480
f 4275//4275 4480//4480 4481//4481
f 4277//4277 4278//4278 4483//4483
f 4277//4277 4279//4279 4484//4484
f 4277//4277 4479//4479 4480//4480
f 4277//4277 4479//4479 4482//4482
f 4277//4277 4480//4480 4483//4483
f 4277//4277 4482//4482 4484//4484
f 4278//4278 4480//4480 4483//4483
f 4279//4279 4280//4280 4281//4281
f 4279//4279 4280//4280 4486//4486
f 4279//4279 4281//4281 4484//4484
f 4279//4279 4484//4484 4486//4486
f 4280//4280 4281//4281 4487//4487
f 4280//4280 4486//4486 4487//4487
f 4281//4281 4484//4484 4487//4487
f 4282//4282 4283//4283 4489//4489
f 4282//4282 4289//4289 4488//4488
f 4282//4282 4488//4488 4489//4489
f 4283//4283 4284//4284 4489//4489
f 4283//4283 4489//4489 4655//4655
f 4284//4284 4285//4285 4490//4490
f 4284//4284 4285//4285 4491//4491
f 4284//4284 4291//4291 4495//4495
f 4284//4284 4489//4489 4655//4655
f 4284//4284 4490//4490 4491//4491
f 4284//4284 4490//4490 4495//4495
f 4284//4284 4490//4490 4656//4656
f 4284//4284 4655//4655 4656//4656
f 4285//4285 4490//4490 4491//4491
f 4286//4286 4287//4287 4292//4292
f 4287//4287 4292//4292 4293//4293
f 4288//4288 4289//4289 4492//4492
f 4288//4288 4294//4294 4496//4496
f 4288//4288 4492//4492 4496//4496
f 4289//4289 4488//4488 4493//4493
f 4289//4289 4492//4492 4493//4493
f 4290//4290 4291//4291 4494//4494
f 4290//4290 4295//4295 4494//4494
f 4291//4291 4494//4494 4495//4495
f 4294//4294 4296//4296 4496//4496
f 4295//4295 4297//4297 4497//4497
f 4295//4295 4494//4494 4497//4497
f 4296//4296 4298//4298 4498//4498
f 4296//4296 4496//4496 4498//4498
f 4297//4297 4299//4299 4300//4300
f 4297//4297 4299//4299 4499//4499
f 4297//4297 4497//4497 4500//4500
f 4297//4297 4499//4499 4500//4500
f 4298//4298 4299//4299 4302//4302
f 4298//4298 4299//4299 4502//4502
f 4298//4298 4498//4498 4501//4501
f 4298//4298 4501//4501 4502//4502
f 4299//4299 4302//4302 4303//4303
f 4299//4299 4303//4303 4502//4502
f 4299//4299 4303//4303 4504//4504
f 4299//4299 4499//4499 4502//4502
f 4299//4299 4502//4502 4504//4504
f 4302//4302 4303//4303 4307//4307
f 4302//4302 4306//4306 4307//4307
f 4303//4303 4307//4307 4504//4504
f 4303//4303 4502//4502 4504//4504
f 4305//4305 4311//4311 4509//4509
f 4306//4306 4307//4307 4507//4507
f 4306//4306 4313//4313 4511//4511
f 4306//4306 4507//4507 4511//4511
f 4307//4307 4314//4314 4512//4512
f 4307//4307 4504//4504 4507//4507
f 4307//4307 4507//4507 4512//4512
f 4310//4310 4319//4319 4508//4508
f 4310//4310 4319//4319 4514//4514
f 4310//4310 4508//4508 4514//4514
f 4313//4313 4322//4322 4517//4517
f 4313//4313 4511//4511 4512//4512
f 4313//4313 4511//4511 4517//4517
f 4314//4314 4323//4323 4518//4518
f 4314//4314 4512//4512 4518//4518
f 4315//4315 4316//4316 4325//4325
f 4316//4316 4317//4317 4327//4327
f 4316//4316 4325//4325 4326//4326
f 4316//4316 4326//4326 4327//4327
f 4316//4316 4326//4326 4520//4520
f 4316//4316 4513//4513 4520//4520
f 4319//4319 4320//4320 4329//4329
f 4319//4319 4329//4329 4514//4514
f 4319//4319 4508//4508 4514//4514
f 4320//4320 4321//4321 4330//4330
f 4320//4320 4321//4321 4331//4331
f 4320//4320 4321//4321 4515//4515
f 4320//4320 4329//4329 4330//4330
f 4320//4320 4330//4330 4331//4331
f 4320//4320 4515//4515 4516//4516
f 4320//4320 4515//4515 4523//4523
f 4320//4320 4516//4516 4523//4523
f 4321//4321 4330//4330 4331//4331
f 4321//4321 4331//4331 4516//4516
f 4321//4321 4331//4331 4524//4524
f 4321//4321 4515//4515 4516//4516
f 4321//4321 4516//4516 4524//4524
f 4322//4322 4332//4332 4525//4525
f 4322//4322 4517//4517 4525//4525
f 4323//4323 4324//4324 4518//4518
f 4324//4324 4333//4333 4526//4526
f 4324//4324 4518//4518 4519//4519
f 4324//4324 4519//4519 4526//4526
f 4325//4325 4326//4326 4335//4335
f 4325//4325 4334//4334 4335//4335
f 4326//4326 4327//4327 4336//4336
f 4326//4326 4335//4335 4336//4336
f 4326//4326 4335//4335 4520//4520
f 4329//4329 4338//4338 4528//4528
f 4329//4329 4514//4514 4522//4522
f 4329//4329 4522//4522 4528//4528
f 4330//4330 4331//4331 4339//4339
f 4330//4330 4331//4331 4524//4524
f 4330//4330 4523//4523 4524//4524
f 4331//4331 4339//4339 4340//4340
f 4331//4331 4340//4340 4524//4524
f 4331//4331 4516//4516 4524//4524
f 4332//4332 4341//4341 4531//4531
f 4332//4332 4525//4525 4531//4531
f 4333//4333 4342//4342 4533//4533
f 4333//4333 4526//4526 4533//4533
f 4334//4334 4335//4335 4344//4344
f 4335//4335 4336//4336 4346//4346
f 4335//4335 4344//4344 4345//4345
f 4335//4335 4345//4345 4346//4346
f 4335//4335 4345//4345 4536//4536
f 4337//4337 4338//4338 4528//4528
f 4337//4337 4527//4527 4528//4528
f 4338//4338 4339//4339 4350//4350
f 4338//4338 4349//4349 4350//4350
f 4338//4338 4349//4349 4528//4528
f 4338//4338 4349//4349 4538//4538
f 4338//4338 4528//4528 4538//4538
f 4339//4339 4340//4340 4529//4529
f 4339//4339 4350//4350 4529//4529
f 4339//4339 4350//4350 4539//4539
f 4339//4339 4529//4529 4539//4539
f 4340//4340 4351//4351 4529//4529
f 4340//4340 4524//4524 4530//4530
f 4340//4340 4529//4529 4530//4530
f 4341//4341 4352//4352 4353//4353
f 4341//4341 4353//4353 4531//4531
f 4342//4342 4343//4343 4534//4534
f 4342//4342 4533//4533 4534//4534
f 4343//4343 4354//4354 4542//4542
f 4343//4343 4534//4534 4542//4542
f 4344//4344 4345//4345 4536//4536
f 4344//4344 4355//4355 4543//4543
f 4344//4344 4535//4535 4536//4536
f 4344//4344 4535//4535 4543//4543
f 4345//4345 4346//4346 4536//4536
f 4346//4346 4356//4356 4545//4545
f 4346//4346 4536//4536 4537//4537
f 4346//4346 4537//4537 4545//4545
f 4347//4347 4348//4348 4357//4357
f 4347//4347 4348//4348 4358//4358
f 4347//4347 4357//4357 4358//4358
f 4348//4348 4357//4357 4358//4358
f 4349//4349 4350//4350 4539//4539
f 4349//4349 4359//4359 4538//4538
f 4349//4349 4528//4528 4538//4538
f 4349//4349 4538//4538 4539//4539
f 4350//4350 4351//4351 4529//4529
f 4350//4350 4360//4360 4548//4548
f 4350//4350 4529//4529 4539//4539
f 4350//4350 4539//4539 4548//4548
f 4353//4353 4362//4362 4549//4549
f 4353//4353 4531//4531 4541//4541
f 4353//4353 4541//4541 4549//4549
f 4354//4354 4363//4363 4550//4550
f 4354//4354 4542//4542 4550//4550
f 4355//4355 4366//4366 4553//4553
f 4355//4355 4543//4543 4553//4553
f 4356//4356 4367//4367 4554//4554
f 4356//4356 4545//4545 4554//4554
f 4358//4358 4359//4359 4368//4368
f 4358//4358 4359//4359 4547//4547
f 4358//4358 4368//4368 4546//4546
f 4358//4358 4546//4546 4547//4547
f 4359//4359 4360//4360 4547//4547
f 4359//4359 4360//4360 4548//4548
f 4359//4359 4368//4368 4369//4369
f 4359//4359 4369//4369 4547//4547
f 4359//4359 4538//4538 4547//4547
f 4359//4359 4547//4547 4548//4548
f 4360//4360 4361//4361 4371//4371
f 4360//4360 4370//4370 4371//4371
f 4360//4360 4370//4370 4547//4547
f 4362//4362 4372//4372 4549//4549
f 4363//4363 4364//4364 4551//4551
f 4363//4363 4550//4550 4551//4551
f 4364//4364 4373//4373 4558//4558
f 4364//4364 4551//4551 4558//4558
f 4365//4365 4366//4366 4553//4553
f 4365//4365 4374//4374 4559//4559
f 4365//4365 4552//4552 4553//4553
f 4365//4365 4552//4552 4559//4559
f 4367//4367 4375//4375 4376//4376
f 4367//4367 4375//4375 4561//4561
f 4367//4367 4554//4554 4561//4561
f 4368//4368 4369//4369 4555//4555
f 4368//4368 4546//4546 4555//4555
f 4369//4369 4370//4370 4379//4379
f 4369//4369 4370//4370 4556//4556
f 4369//4369 4378//4378 4379//4379
f 4369//4369 4378//4378 4556//4556
f 4369//4369 4378//4378 4564//4564
f 4369//4369 4547//4547 4556//4556
f 4369//4369 4555//4555 4556//4556
f 4369//4369 4556//4556 4564//4564
f 4370//4370 4547//4547 4556//4556
f 4372//4372 4381//4381 4566//4566
f 4372//4372 4549//4549 4557//4557
f 4372//4372 4557//4557 4566//4566
f 4373//4373 4382//4382 4567//4567
f 4373//4373 4558//4558 4567//4567
f 4374//4374 4392//4392 4577//4577
f 4374//4374 4559//4559 4577//4577
f 4375//4375 4376//4376 4561//4561
f 4376//4376 4393//4393 4562//4562
f 4376//4376 4561//4561 4562//4562
f 4378//4378 4379//4379 4395//4395
f 4378//4378 4379//4379 4564//4564
f 4378//4378 4379//4379 4565//4565
f 4378//4378 4395//4395 4564//4564
f 4378//4378 4395//4395 4579//4579
f 4378//4378 4556//4556 4564//4564
f 4378//4378 4564//4564 4565//4565
f 4378//4378 4564//4564 4579//4579
f 4379//4379 4395//4395 4396//4396
f 4379//4379 4564//4564 4565//4565
f 4380//4380 4381//4381 4397//4397
f 4381//4381 4397//4397 4566//4566
f 4382//4382 4383//4383 4568//4568
f 4382//4382 4398//4398 4568//4568
f 4382//4382 4567//4567 4568//4568
f 4384//4384 4385//4385 4570//4570
f 4384//4384 4400//4400 4585//4585
f 4384//4384 4569//4569 4570//4570
f 4384//4384 4569//4569 4585//4585
f 4385//4385 4386//4386 4571//4571
f 4385//4385 4570//4570 4571//4571
f 4386//4386 4387//4387 4571//4571
f 4387//4387 4388//4388 4572//4572
f 4387//4387 4571//4571 4572//4572
f 4388//4388 4389//4389 4573//4573
f 4388//4388 4572//4572 4573//4573
f 4389//4389 4390//4390 4574//4574
f 4389//4389 4573//4573 4574//4574
f 4390//4390 4391//4391 4575//4575
f 4390//4390 4574//4574 4575//4575
f 4391//4391 4392//4392 4577//4577
f 4391//4391 4575//4575 4587//4587
f 4391//4391 4576//4576 4577//4577
f 4391//4391 4576//4576 4587//4587
f 4393//4393 4401//4401 4578//4578
f 4393//4393 4562//4562 4578//4578
f 4395//4395 4396//4396 4579//4579
f 4395//4395 4396//4396 4580//4580
f 4395//4395 4564//4564 4579//4579
f 4395//4395 4579//4579 4580//4580
f 4397//4397 4405//4405 4581//4581
f 4397//4397 4566//4566 4581//4581
f 4398//4398 4406//4406 4592//4592
f 4398//4398 4568//4568 4583//4583
f 4398//4398 4583//4583 4592//4592
f 4399//4399 4400//4400 4584//4584
f 4399//4399 4407//4407 4584//4584
f 4400//4400 4584//4584 4585//4585
f 4401//4401 4402//4402 4590//4590
f 4401//4401 4578//4578 4589//4589
f 4401//4401 4589//4589 4590//4590
f 4402//4402 4408//4408 4594//4594
f 4402//4402 4590//4590 4594//4594
f 4405//4405 4409//4409 4595//4595
f 4405//4405 4581//4581 4591//4591
f 4405//4405 4591//4591 4595//4595
f 4406//4406 4407//4407 4593//4593
f 4406//4406 4592//4592 4593//4593
f 4407//4407 4584//4584 4593//4593
f 4408//4408 4410//4410 4596//4596
f 4408//4408 4594//4594 4596//4596
f 4409//4409 4411//4411 4595//4595
f 4410//4410 4412//4412 4596//4596
f 4411//4411 4413//4413 4597//4597
f 4411//4411 4595//4595 4597//4597
f 4412//4412 4414//4414 4600//4600
f 4412//4412 4596//4596 4598//4598
f 4412//4412 4598//4598 4600//4600
f 4413//4413 4415//4415 4599//4599
f 4413//4413 4597//4597 4599//4599
f 4414//4414 4416//4416 4600//4600
f 4415//4415 4417//4417 4604//4604
f 4415//4415 4599//4599 4601//4601
f 4415//4415 4601//4601 4604//4604
f 4416//4416 4418//4418 4602//4602
f 4416//4416 4600//4600 4603//4603
f 4416//4416 4602//4602 4603//4603
f 4417//4417 4420//4420 4604//4604
f 4418//4418 4430//4430 4431//4431
f 4418//4418 4430//4430 4618//4618
f 4418//4418 4602//4602 4606//4606
f 4418//4418 4606//4606 4618//4618
f 4420//4420 4421//4421 4608//4608
f 4420//4420 4604//4604 4607//4607
f 4420//4420 4607//4607 4608//4608
f 4421//4421 4432//4432 4608//4608
f 4422//4422 4423//4423 4437//4437
f 4422//4422 4423//4423 4610//4610
f 4422//4422 4437//4437 4610//4610
f 4423//4423 4424//4424 4612//4612
f 4423//4423 4610//4610 4611//4611
f 4423//4423 4611//4611 4612//4612
f 4424//4424 4425//4425 4612//4612
f 4425//4425 4426//4426 4613//4613
f 4425//4425 4612//4612 4613//4613
f 4426//4426 4427//4427 4615//4615
f 4426//4426 4613//4613 4614//4614
f 4426//4426 4614//4614 4615//4615
f 4427//4427 4428//4428 4616//4616
f 4427//4427 4615//4615 4616//4616
f 4428//4428 4429//4429 4617//4617
f 4428//4428 4605//4605 4616//4616
f 4428//4428 4616//4616 4617//4617
f 4429//4429 4438//4438 4617//4617
f 4430//4430 4431//4431 4441//4441
f 4430//4430 4440//4440 4441//4441
f 4430//4430 4440//4440 4630//4630
f 4430//4430 4618//4618 4630//4630
f 4432//4432 4433//4433 4620//4620
f 4432//4432 4608//4608 4619//4619
f 4432//4432 4619//4619 4620//4620
f 4433//4433 4434//4434 4621//4621
f 4433//4433 4620//4620 4621//4621
f 4434//4434 4442//4442 4443//4443
f 4434//4434 4442//4442 4621//4621
f 4434//4434 4443//4443 4621//4621
f 4434//4434 4621//4621 4786//4786
f 4435//4435 4436//4436 4444//4444
f 4435//4435 4436//4436 4624//4624
f 4435//4435 4444//4444 4632//4632
f 4435//4435 4623//4623 4624//4624
f 4435//4435 4623//4623 4632//4632
f 4436//4436 4437//4437 4624//4624
f 4436//4436 4444//4444 4445//4445
f 4437//4437 4610//4610 4625//4625
f 4437//4437 4624//4624 4625//4625
f 4438//4438 4439//4439 4627//4627
f 4438//4438 4446//4446 4447//4447
f 4438//4438 4617//4617 4626//4626
f 4438//4438 4626//4626 4627//4627
f 4439//4439 4447//4447 4628//4628
f 4439//4439 4627//4627 4628//4628
f 4440//4440 4441//4441 4452//4452
f 4440//4440 4451//4451 4452//4452
f 4440//4440 4451//4451 4630//4630
f 4443//4443 4444//4444 4632//4632
f 4443//4443 4621//4621 4622//4622
f 4443//4443 4622//4622 4631//4631
f 4443//4443 4631//4631 4632//4632
f 4444//4444 4623//4623 4632//4632
f 4446//4446 4447//4447 4453//4453
f 4447//4447 4448//4448 4455//4455
f 4447//4447 4448//4448 4628//4628
f 4447//4447 4453//4453 4454//4454
f 4447//4447 4454//4454 4455//4455
f 4448//4448 4449//4449 4456//4456
f 4448//4448 4449//4449 4635//4635
f 4448//4448 4455//4455 4456//4456
f 4448//4448 4455//4455 4634//4634
f 4448//4448 4455//4455 4639//4639
f 4448//4448 4628//4628 4634//4634
f 4448//4448 4634//4634 4635//4635
f 4448//4448 4634//4634 4639//4639
f 4449//4449 4450//4450 4457//4457
f 4449//4449 4450//4450 4636//4636
f 4449//4449 4456//4456 4457//4457
f 4449//4449 4456//4456 4635//4635
f 4449//4449 4456//4456 4640//4640
f 4449//4449 4635//4635 4636//4636
f 4449//4449 4635//4635 4640//4640
f 4450//4450 4451//4451 4457//4457
f 4450//4450 4451//4451 4636//4636
f 4450//4450 4457//4457 4641//4641
f 4450//4450 4636//4636 4641//4641
f 4451//4451 4452//4452 4458//4458
f 4451//4451 4457//4457 4458//4458
f 4451//4451 4630//4630 4637//4637
f 4451//4451 4636//4636 4637//4637
f 4452//4452 4458//4458 4459//4459
f 4454//4454 4455//4455 4639//4639
f 4454//4454 4638//4638 4639//4639
f 4455//4455 4456//4456 4462//4462
f 4455//4455 4461//4461 4462//4462
f 4455//4455 4461//4461 4639//4639
f 4455//4455 4461//4461 4642//4642
f 4455//4455 4634//4634 4639//4639
f 4455//4455 4639//4639 4642//4642
f 4456//4456 4462//4462 4640//4640
f 4456//4456 4635//4635 4640//4640
f 4456//4456 4639//4639 4640//4640
f 4461//4461 4462//4462 4467//4467
f 4461//4461 4639//4639 4642//4642
f 4462//4462 4467//4467 4643//4643
f 4462//4462 4467//4467 4645//4645
f 4462//4462 4640//4640 4643//4643
f 4462//4462 4643//4643 4645//4645
f 4466//4466 4467//4467 4470//4470
f 4466//4466 4469//4469 4470//4470
f 4466//4466 4469//4469 4644//4644
f 4467//4467 4470//4470 4645//4645
f 4467//4467 4470//4470 4649//4649
f 4467//4467 4643//4643 4645//4645
f 4467//4467 4645//4645 4649//4649
f 4469//4469 4644//4644 4648//4648
f 4470//4470 4645//4645 4649//4649
f 4472//4472 4473//4473 4651//4651
f 4472//4472 4650//4650 4651//4651
f 4473//4473 4478//4478 4651//4651
f 4474//4474 4475//4475 4479//4479
f 4475//4475 4476//4476 4480//4480
f 4475//4475 4479//4479 4480//4480
f 4476//4476 4480//4480 4481//4481
f 4478//4478 4651//4651 4652//4652
f 4484//4484 4485//4485 4487//4487
f 4484//4484 4486//4486 4487//4487
f 4488//4488 4489//4489 4654//4654
f 4488//4488 4493//4493 4654//4654
f 4489//4489 4654//4654 4810//4810
f 4489//4489 4655//4655 4810//4810
f 4490//4490 4495//4495 4656//4656
f 4492//4492 4493//4493 4496//4496
f 4493//4493 4496//4496 4661//4661
f 4493//4493 4654//4654 4657//4657
f 4493//4493 4657//4657 4661//4661
f 4494//4494 4495//4495 4658//4658
f 4494//4494 4497//4497 4662//4662
f 4494//4494 4658//4658 4662//4662
f 4495//4495 4656//4656 4659//4659
f 4495//4495 4658//4658 4659//4659
f 4496//4496 4498//4498 4663//4663
f 4496//4496 4660//4660 4661//4661
f 4496//4496 4660//4660 4663//4663
f 4497//4497 4500//4500 4661//4661
f 4497//4497 4661//4661 4662//4662
f 4498//4498 4499//4499 4502//4502
f 4498//4498 4499//4499 4664//4664
f 4498//4498 4501//4501 4502//4502
f 4498//4498 4663//4663 4664//4664
f 4499//4499 4500//4500 4664//4664
f 4499//4499 4502//4502 4664//4664
f 4500//4500 4661//4661 4664//4664
f 4502//4502 4504//4504 4665//4665
f 4502//4502 4664//4664 4665//4665
f 4506//4506 4510//4510 4671//4671
f 4506//4506 4668//4668 4671//4671
f 4507//4507 4511//4511 4512//4512
f 4509//4509 4510//4510 4515//4515
f 4509//4509 4510//4510 4516//4516
f 4509//4509 4515//4515 4516//4516
f 4510//4510 4515//4515 4516//4516
f 4510//4510 4516//4516 4671//4671
f 4511//4511 4512//4512 4672//4672
f 4511//4511 4517//4517 4672//4672
f 4512//4512 4518//4518 4673//4673
f 4512//4512 4672//4672 4673//4673
f 4515//4515 4516//4516 4524//4524
f 4515//4515 4523//4523 4524//4524
f 4516//4516 4523//4523 4524//4524
f 4517//4517 4525//4525 4685//4685
f 4517//4517 4672//4672 4678//4678
f 4517//4517 4678//4678 4685//4685
f 4518//4518 4519//4519 4679//4679
f 4518//4518 4673//4673 4679//4679
f 4519//4519 4526//4526 4680//4680
f 4519//4519 4679//4679 4680//4680
f 4521//4521 4527//4527 4528//4528
f 4521//4521 4527//4527 4681//4681
f 4521//4521 4527//4527 4688//4688
f 4521//4521 4528//4528 4682//4682
f 4521//4521 4681//4681 4682//4682
f 4521//4521 4681//4681 4688//4688
f 4523//4523 4529//4529 4683//4683
f 4523//4523 4529//4529 4690//4690
f 4523//4523 4683//4683 4690//4690
f 4525//4525 4531//4531 4685//4685
f 4526//4526 4533//4533 4693//4693
f 4526//4526 4680//4680 4687//4687
f 4526//4526 4687//4687 4693//4693
f 4527//4527 4528//4528 4689//4689
f 4527//4527 4681//4681 4688//4688
f 4527//4527 4688//4688 4689//4689
f 4528//4528 4529//4529 4539//4539
f 4528//4528 4529//4529 4689//4689
f 4528//4528 4529//4529 4690//4690
f 4528//4528 4538//4538 4539//4539
f 4528//4528 4538//4538 4689//4689
f 4528//4528 4538//4538 4695//4695
f 4528//4528 4682//4682 4689//4689
f 4528//4528 4689//4689 4690//4690
f 4528//4528 4689//4689 4695//4695
f 4529//4529 4530//4530 4540//4540
f 4529//4529 4530//4530 4690//4690
f 4529//4529 4539//4539 4540//4540
f 4529//4529 4539//4539 4690//4690
f 4529//4529 4683//4683 4690//4690
f 4529//4529 4689//4689 4690//4690
f 4530//4530 4540//4540 4697//4697
f 4530//4530 4690//4690 4691//4691
f 4530//4530 4691//4691 4697//4697
f 4531//4531 4532//4532 4541//4541
f 4531//4531 4532//4532 4692//4692
f 4531//4531 4685//4685 4692//4692
f 4532//4532 4541//4541 4692//4692
f 4533//4533 4534//4534 4542//4542
f 4533//4533 4534//4534 4700//4700
f 4533//4533 4693//4693 4699//4699
f 4533//4533 4699//4699 4700//4700
f 4534//4534 4542//4542 4700//4700
f 4535//4535 4536//4536 4543//4543
f 4536//4536 4537//4537 4703//4703
f 4536//4536 4543//4543 4544//4544
f 4536//4536 4544//4544 4702//4702
f 4536//4536 4702//4702 4703//4703
f 4537//4537 4545//4545 4703//4703
f 4538//4538 4539//4539 4548//4548
f 4538//4538 4539//4539 4695//4695
f 4538//4538 4547//4547 4548//4548
f 4538//4538 4689//4689 4695//4695
f 4539//4539 4540//4540 4696//4696
f 4539//4539 4548//4548 4696//4696
f 4539//4539 4548//4548 4706//4706
f 4539//4539 4690//4690 4696//4696
f 4539//4539 4695//4695 4696//4696
f 4539//4539 4696//4696 4706//4706
f 4540//4540 4696//4696 4697//4697
f 4541//4541 4549//4549 4707//4707
f 4541//4541 4692//4692 4698//4698
f 4541//4541 4698//4698 4707//4707
f 4542//4542 4550//4550 4708//4708
f 4542//4542 4700//4700 4708//4708
f 4543//4543 4544//4544 4701//4701
f 4543//4543 4553//4553 4710//4710
f 4543//4543 4701//4701 4710//4710
f 4544//4544 4701//4701 4702//4702
f 4545//4545 4554//4554 4712//4712
f 4545//4545 4703//4703 4712//4712
f 4546//4546 4547//4547 4556//4556
f 4546//4546 4555//4555 4556//4556
f 4548//4548 4696//4696 4706//4706
f 4549//4549 4557//4557 4715//4715
f 4549//4549 4707//4707 4715//4715
f 4550//4550 4551//4551 4709//4709
f 4550//4550 4708//4708 4709//4709
f 4551//4551 4558//4558 4717//4717
f 4551//4551 4709//4709 4717//4717
f 4552//4552 4553//4553 4559//4559
f 4553//4553 4559//4559 4560//4560
f 4553//4553 4560//4560 4719//4719
f 4553//4553 4710//4710 4719//4719
f 4554//4554 4561//4561 4720//4720
f 4554//4554 4712//4712 4720//4720
f 4555//4555 4563//4563 4721//4721
f 4555//4555 4713//4713 4721//4721
f 4557//4557 4566//4566 4723//4723
f 4557//4557 4715//4715 4723//4723
f 4558//4558 4567//4567 4724//4724
f 4558//4558 4717//4717 4724//4724
f 4559//4559 4560//4560 4719//4719
f 4559//4559 4577//4577 4732//4732
f 4559//4559 4718//4718 4719//4719
f 4559//4559 4718//4718 4732//4732
f 4561//4561 4562//4562 4578//4578
f 4561//4561 4578//4578 4720//4720
f 4566//4566 4581//4581 4582//4582
f 4566//4566 4582//4582 4737//4737
f 4566//4566 4723//4723 4737//4737
f 4567//4567 4568//4568 4725//4725
f 4567//4567 4724//4724 4725//4725
f 4568//4568 4583//4583 4738//4738
f 4568//4568 4725//4725 4738//4738
f 4569//4569 4570//4570 4585//4585
f 4570//4570 4571//4571 4726//4726
f 4570//4570 4585//4585 4740//4740
f 4570//4570 4726//4726 4741//4741
f 4570//4570 4740//4740 4741//4741
f 4571//4571 4572//4572 4727//4727
f 4571//4571 4726//4726 4727//4727
f 4572//4572 4573//4573 4728//4728
f 4572//4572 4727//4727 4728//4728
f 4573//4573 4574//4574 4729//4729
f 4573//4573 4728//4728 4729//4729
f 4574//4574 4575//4575 4730//4730
f 4574//4574 4729//4729 4730//4730
f 4575//4575 4586//4586 4587//4587
f 4575//4575 4586//4586 4742//4742
f 4575//4575 4730//4730 4731//4731
f 4575//4575 4731//4731 4742//4742
f 4576//4576 4577//4577 4587//4587
f 4577//4577 4587//4587 4588//4588
f 4577//4577 4588//4588 4732//4732
f 4578//4578 4589//4589 4735//4735
f 4578//4578 4720//4720 4735//4735
f 4581//4581 4582//4582 4737//4737
f 4581//4581 4591//4591 4736//4736
f 4581//4581 4736//4736 4737//4737
f 4583//4583 4592//4592 4749//4749
f 4583//4583 4738//4738 4749//4749
f 4584//4584 4585//4585 4740//4740
f 4584//4584 4593//4593 4750//4750
f 4584//4584 4739//4739 4740//4740
f 4584//4584 4739//4739 4750//4750
f 4586//4586 4587//4587 4742//4742
f 4587//4587 4588//4588 4744//4744
f 4587//4587 4742//4742 4743//4743
f 4587//4587 4743//4743 4744//4744
f 4588//4588 4732//4732 4744//4744
f 4589//4589 4590//4590 4746//4746
f 4589//4589 4735//4735 4746//4746
f 4590//4590 4594//4594 4753//4753
f 4590//4590 4746//4746 4747//4747
f 4590//4590 4747//4747 4753//4753
f 4591//4591 4595//4595 4748//4748
f 4591//4591 4736//4736 4748//4748
f 4592//4592 4593//4593 4749//4749
f 4593//4593 4749//4749 4750//4750
f 4594//4594 4596//4596 4755//4755
f 4594//4594 4753//4753 4755//4755
f 4595//4595 4597//4597 4756//4756
f 4595//4595 4748//4748 4754//4754
f 4595//4595 4754//4754 4756//4756
f 4596//4596 4598//4598 4755//4755
f 4597//4597 4599//4599 4756//4756
f 4598//4598 4600//4600 4757//4757
f 4598//4598 4755//4755 4757//4757
f 4599//4599 4601//4601 4760//4760
f 4599//4599 4756//4756 4758//4758
f 4599//4599 4758//4758 4760//4760
f 4600//4600 4603//4603 4759//4759
f 4600//4600 4757//4757 4759//4759
f 4601//4601 4604//4604 4760//4760
f 4602//4602 4603//4603 4761//4761
f 4602//4602 4606//4606 4761//4761
f 4603//4603 4759//4759 4762//4762
f 4603//4603 4761//4761 4762//4762
f 4604//4604 4607//4607 4608//4608
f 4604//4604 4608//4608 4772//4772
f 4604//4604 4760//4760 4763//4763
f 4604//4604 4763//4763 4764//4764
f 4604//4604 4764//4764 4772//4772
f 4605//4605 4615//4615 4616//4616
f 4605//4605 4615//4615 4780//4780
f 4605//4605 4616//4616 4769//4769
f 4605//4605 4768//4768 4769//4769
f 4605//4605 4768//4768 4780//4780
f 4606//4606 4618//4618 4771//4771
f 4606//4606 4761//4761 4771//4771
f 4608//4608 4619//4619 4620//4620
f 4608//4608 4620//4620 4773//4773
f 4608//4608 4772//4772 4773//4773
f 4609//4609 4610//4610 4624//4624
f 4609//4609 4610//4610 4774//4774
f 4609//4609 4624//4624 4789//4789
f 4609//4609 4774//4774 4789//4789
f 4610//4610 4611//4611 4775//4775
f 4610//4610 4624//4624 4625//4625
f 4610//4610 4774//4774 4775//4775
f 4611//4611 4612//4612 4777//4777
f 4611//4611 4766//4766 4776//4776
f 4611//4611 4775//4775 4776//4776
f 4611//4611 4776//4776 4777//4777
f 4612//4612 4613//4613 4778//4778
f 4612//4612 4777//4777 4778//4778
f 4613//4613 4614//4614 4779//4779
f 4613//4613 4778//4778 4779//4779
f 4614//4614 4615//4615 4779//4779
f 4615//4615 4779//4779 4780//4780
f 4616//4616 4617//4617 4781//4781
f 4616//4616 4769//4769 4770//4770
f 4616//4616 4770//4770 4781//4781
f 4617//4617 4626//4626 4781//4781
f 4618//4618 4630//4630 4795//4795
f 4618//4618 4771//4771 4784//4784
f 4618//4618 4784//4784 4795//4795
f 4620//4620 4621//4621 4786//4786
f 4620//4620 4773//4773 4785//4785
f 4620//4620 4785//4785 4786//4786
f 4621//4621 4622//4622 4786//4786
f 4622//4622 4623//4623 4631//4631
f 4622//4622 4623//4623 4787//4787
f 4622//4622 4786//4786 4787//4787
f 4623//4623 4624//4624 4788//4788
f 4623//4623 4631//4631 4632//4632
f 4623//4623 4787//4787 4788//4788
f 4624//4624 4788//4788 4789//4789
f 4626//4626 4627//4627 4791//4791
f 4626//4626 4781//4781 4790//4790
f 4626//4626 4790//4790 4791//4791
f 4627//4627 4628//4628 4791//4791
f 4628//4628 4634//4634 4792//4792
f 4628//4628 4791//4791 4792//4792
f 4629//4629 4630//4630 4637//4637
f 4629//4629 4630//4630 4794//4794
f 4629//4629 4636//4636 4637//4637
f 4629//4629 4636//4636 4794//4794
f 4630//4630 4794//4794 4795//4795
f 4634//4634 4635//4635 4797//4797
f 4634//4634 4639//4639 4797//4797
f 4634//4634 4792//4792 4797//4797
f 4635//4635 4636//4636 4798//4798
f 4635//4635 4797//4797 4798//4798
f 4636//4636 4794//4794 4798//4798
f 4636//4636 4794//4794 4799//4799
f 4638//4638 4639//4639 4800//4800
f 4638//4638 4639//4639 4801//4801
f 4638//4638 4800//4800 4801//4801
f 4639//4639 4640//4640 4643//4643
f 4639//4639 4642//4642 4643//4643
f 4639//4639 4800//4800 4801//4801
f 4646//4646 4647//4647 4650//4650
f 4646//4646 4647//4647 4807//4807
f 4646//4646 4650//4650 4806//4806
f 4646//4646 4806//4806 4807//4807
f 4647//4647 4650//4650 4651//4651
f 4647//4647 4651//4651 4806//4806
f 4647//4647 4806//4806 4807//4807
f 4650//4650 4651//4651 4806//4806
f 4654//4654 4655//4655 4810//4810
f 4654//4654 4657//4657 4812//4812
f 4654//4654 4809//4809 4810//4810
f 4654//4654 4809//4809 4812//4812
f 4655//4655 4656//4656 4811//4811
f 4655//4655 4810//4810 4811//4811
f 4656//4656 4659//4659 4811//4811
f 4657//4657 4658//4658 4662//4662
f 4657//4657 4658//4658 4812//4812
f 4657//4657 4661//4661 4662//4662
f 4658//4658 4659//4659 4812//4812
f 4659//4659 4811//4811 4813//4813
f 4659//4659 4812//4812 4813//4813
f 4660//4660 4661//4661 4664//4664
f 4660//4660 4663//4663 4664//4664
f 4666//4666 4668//4668 4816//4816
f 4666//4666 4668//4668 4817//4817
f 4666//4666 4816//4816 4817//4817
f 4668//4668 4671//4671 4821//4821
f 4668//4668 4816//4816 4817//4817
f 4668//4668 4817//4817 4821//4821
f 4669//4669 4670//4670 4675//4675
f 4669//4669 4670//4670 4676//4676
f 4669//4669 4675//4675 4676//4676
f 4670//4670 4675//4675 4676//4676
f 4670//4670 4676//4676 4824//4824
f 4670//4670 4820//4820 4824//4824
f 4671//4671 4677//4677 4821//4821
f 4672//4672 4673//4673 4678//4678
f 4673//4673 4678//4678 4679//4679
f 4674//4674 4681//4681 4822//4822
f 4675//4675 4676//4676 4823//4823
f 4675//4675 4676//4676 4824//4824
f 4675//4675 4823//4823 4824//4824
f 4676//4676 4683//4683 4823//4823
f 4676//4676 4683//4683 4824//4824
f 4676//4676 4683//4683 4828//4828
f 4676//4676 4823//4823 4824//4824
f 4676//4676 4824//4824 4828//4828
f 4677//4677 4821//4821 4825//4825
f 4678//4678 4679//4679 4686//4686
f 4678//4678 4685//4685 4686//4686
f 4679//4679 4680//4680 4687//4687
f 4679//4679 4686//4686 4687//4687
f 4681//4681 4682//4682 4688//4688
f 4681//4681 4682//4682 4689//4689
f 4681//4681 4688//4688 4689//4689
f 4681//4681 4822//4822 4826//4826
f 4682//4682 4683//4683 4689//4689
f 4682//4682 4683//4683 4827//4827
f 4682//4682 4683//4683 4828//4828
f 4682//4682 4688//4688 4689//4689
f 4682//4682 4689//4689 4690//4690
f 4682//4682 4689//4689 4827//4827
f 4682//4682 4689//4689 4829//4829
f 4682//4682 4827//4827 4828//4828
f 4682//4682 4827//4827 4829//4829
f 4683//4683 4689//4689 4690//4690
f 4683//4683 4690//4690 4827//4827
f 4683//4683 4823//4823 4828//4828
f 4683//4683 4824//4824 4828//4828
f 4683//4683 4827//4827 4828//4828
f 4685//4685 4686//4686 4692//4692
f 4686//4686 4687//4687 4692//4692
f 4687//4687 4692//4692 4693//4693
f 4689//4689 4690//4690 4696//4696
f 4689//4689 4690//4690 4827//4827
f 4689//4689 4695//4695 4696//4696
f 4689//4689 4827//4827 4829//4829
f 4690//4690 4691//4691 4830//4830
f 4690//4690 4696//4696 4697//4697
f 4690//4690 4697//4697 4830//4830
f 4691//4691 4697//4697 4831//4831
f 4691//4691 4830//4830 4831//4831
f 4692//4692 4693//4693 4699//4699
f 4692//4692 4698//4698 4699//4699
f 4693//4693 4699//4699 4834//4834
f 4693//4693 4832//4832 4834//4834
f 4697//4697 4830//4830 4831//4831
f 4697//4697 4831//4831 4833//4833
f 4698//4698 4699//4699 4834//4834
f 4698//4698 4707//4707 4839//4839
f 4698//4698 4834//4834 4839//4839
f 4699//4699 4700//4700 4835//4835
f 4699//4699 4834//4834 4835//4835
f 4700//4700 4708//4708 4835//4835
f 4701//4701 4702//4702 4711//4711
f 4701//4701 4710//4710 4711//4711
f 4702//4702 4703//4703 4837//4837
f 4702//4702 4711//4711 4843//4843
f 4702//4702 4836//4836 4837//4837
f 4702//4702 4836//4836 4843//4843
f 4703//4703 4712//4712 4844//4844
f 4703//4703 4837//4837 4844//4844
f 4704//4704 4713//4713 4845//4845
f 4704//4704 4838//4838 4845//4845
f 4707//4707 4715//4715 4846//4846
f 4707//4707 4839//4839 4846//4846
f 4708//4708 4709//4709 4716//4716
f 4708//4708 4709//4709 4717//4717
f 4708//4708 4716//4716 4841//4841
f 4708//4708 4835//4835 4841//4841
f 4709//4709 4716//4716 4717//4717
f 4710//4710 4711//4711 4843//4843
f 4710//4710 4719//4719 4850//4850
f 4710//4710 4842//4842 4843//4843
f 4710//4710 4842//4842 4850//4850
f 4712//4712 4720//4720 4844//4844
f 4715//4715 4723//4723 4846//4846
f 4716//4716 4717//4717 4849//4849
f 4716//4716 4841//4841 4849//4849
f 4717//4717 4724//4724 4849//4849
f 4718//4718 4719//4719 4733//4733
f 4718//4718 4732//4732 4733//4733
f 4719//4719 4733//4733 4862//4862
f 4719//4719 4850//4850 4862//4862
f 4720//4720 4734//4734 4735//4735
f 4720//4720 4734//4734 4852//4852
f 4720//4720 4844//4844 4852//4852
f 4723//4723 4737//4737 4853//4853
f 4723//4723 4846//4846 4853//4853
f 4724//4724 4725//4725 4855//4855
f 4724//4724 4849//4849 4854//4854
f 4724//4724 4854//4854 4855//4855
f 4725//4725 4738//4738 4865//4865
f 4725//4725 4855//4855 4865//4865
f 4726//4726 4727//4727 4856//4856
f 4726//4726 4741//4741 4867//4867
f 4726//4726 4856//4856 4867//4867
f 4727//4727 4728//4728 4858//4858
f 4727//4727 4856//4856 4857//4857
f 4727//4727 4857//4857 4858//4858
f 4728//4728 4729//4729 4858//4858
f 4729//4729 4730//4730 4859//4859
f 4729//4729 4858//4858 4859//4859
f 4730//4730 4731//4731 4742//4742
f 4730//4730 4742//4742 4868//4868
f 4730//4730 4859//4859 4860//4860
f 4730//4730 4860//4860 4868//4868
f 4732//4732 4733//4733 4862//4862
f 4732//4732 4744//4744 4871//4871
f 4732//4732 4861//4861 4871//4871
f 4732//4732 4862//4862 4871//4871
f 4734//4734 4735//4735 4746//4746
f 4734//4734 4745//4745 4746//4746
f 4734//4734 4745//4745 4873//4873
f 4734//4734 4852//4852 4863//4863
f 4734//4734 4863//4863 4873//4873
f 4736//4736 4737//4737 4748//4748
f 4737//4737 4748//4748 4877//4877
f 4737//4737 4853//4853 4864//4864
f 4737//4737 4864//4864 4877//4877
f 4738//4738 4749//4749 4865//4865
f 4739//4739 4740//4740 4750//4750
f 4740//4740 4741//4741 4867//4867
f 4740//4740 4750//4750 4879//4879
f 4740//4740 4866//4866 4867//4867
f 4740//4740 4866//4866 4879//4879
f 4742//4742 4743//4743 4869//4869
f 4742//4742 4868//4868 4869//4869
f 4743//4743 4744//4744 4751//4751
f 4743//4743 4751//4751 4881//4881
f 4743//4743 4869//4869 4870//4870
f 4743//4743 4870//4870 4881//4881
f 4744//4744 4751//4751 4752//4752
f 4744//4744 4752//4752 4882//4882
f 4744//4744 4871//4871 4882//4882
f 4745//4745 4746//4746 4873//4873
f 4746//4746 4747//4747 4874//4874
f 4746//4746 4873//4873 4874//4874
f 4747//4747 4753//4753 4885//4885
f 4747//4747 4874//4874 4875//4875
f 4747//4747 4875//4875 4885//4885
f 4748//4748 4754//4754 4886//4886
f 4748//4748 4876//4876 4877//4877
f 4748//4748 4876//4876 4886//4886
f 4749//4749 4750//4750 4878//4878
f 4749//4749 4865//4865 4878//4878
f 4750//4750 4878//4878 4879//4879
f 4751//4751 4752//4752 4882//4882
f 4751//4751 4881//4881 4882//4882
f 4753//4753 4755//4755 4885//4885
f 4754//4754 4756//4756 4886//4886
f 4755//4755 4757//4757 4889//4889
f 4755//4755 4885//4885 4889//4889
f 4756//4756 4758//4758 4892//4892
f 4756//4756 4886//4886 4890//4890
f 4756//4756 4890//4890 4892//4892
f 4757//4757 4759//4759 4893//4893
f 4757//4757 4889//4889 4891//4891
f 4757//4757 4891//4891 4893//4893
f 4758//4758 4760//4760 4894//4894
f 4758//4758 4892//4892 4894//4894
f 4759//4759 4762//4762 4899//4899
f 4759//4759 4893//4893 4899//4899
f 4760//4760 4763//4763 4894//4894
f 4761//4761 4762//4762 4899//4899
f 4761//4761 4771//4771 4898//4898
f 4761//4761 4898//4898 4899//4899
f 4763//4763 4764//4764 4901//4901
f 4763//4763 4894//4894 4900//4900
f 4763//4763 4900//4900 4901//4901
f 4764//4764 4772//4772 4913//4913
f 4764//4764 4901//4901 4913//4913
f 4765//4765 4766//4766 4776//4776
f 4765//4765 4766//4766 4903//4903
f 4765//4765 4775//4775 4776//4776
f 4765//4765 4775//4775 4917//4917
f 4765//4765 4903//4903 4917//4917
f 4766//4766 4776//4776 4904//4904
f 4766//4766 4903//4903 4904//4904
f 4767//4767 4779//4779 4780//4780
f 4767//4767 4779//4779 4907//4907
f 4767//4767 4780//4780 4908//4908
f 4767//4767 4907//4907 4908//4908
f 4768//4768 4769//4769 4908//4908
f 4768//4768 4780//4780 4908//4908
f 4769//4769 4770//4770 4910//4910
f 4769//4769 4908//4908 4909//4909
f 4769//4769 4909//4909 4910//4910
f 4770//4770 4781//4781 4921//4921
f 4770//4770 4910//4910 4921//4921
f 4771//4771 4784//4784 4912//4912
f 4771//4771 4898//4898 4912//4912
f 4772//4772 4773//4773 4914//4914
f 4772//4772 4913//4913 4914//4914
f 4773//4773 4785//4785 4914//4914
f 4774//4774 4775//4775 4917//4917
f 4774//4774 4788//4788 4789//4789
f 4774//4774 4788//4788 4916//4916
f 4774//4774 4916//4916 4917//4917
f 4776//4776 4777//4777 4918//4918
f 4776//4776 4904//4904 4918//4918
f 4777//4777 4778//4778 4919//4919
f 4777//4777 4918//4918 4919//4919
f 4778//4778 4779//4779 4919//4919
f 4779//4779 4907//4907 4920//4920
f 4779//4779 4919//4919 4920//4920
f 4781//4781 4782//4782 4791//4791
f 4781//4781 4782//4782 4922//4922
f 4781//4781 4790//4790 4791//4791
f 4781//4781 4921//4921 4922//4922
f 4782//4782 4791//4791 4930//4930
f 4782//4782 4922//4922 4930//4930
f 4783//4783 4794//4794 4924//4924
f 4783//4783 4794//4794 4933//4933
f 4783//4783 4924//4924 4933//4933
f 4784//4784 4794//4794 4795//4795
f 4784//4784 4794//4794 4924//4924
f 4784//4784 4912//4912 4925//4925
f 4784//4784 4924//4924 4925//4925
f 4785//4785 4786//4786 4927//4927
f 4785//4785 4914//4914 4926//4926
f 4785//4785 4926//4926 4927//4927
f 4786//4786 4787//4787 4927//4927
f 4787//4787 4788//4788 4929//4929
f 4787//4787 4927//4927 4928//4928
f 4787//4787 4928//4928 4929//4929
f 4788//4788 4916//4916 4929//4929
f 4791//4791 4792//4792 4930//4930
f 4792//4792 4793//4793 4797//4797
f 4792//4792 4793//4793 4932//4932
f 4792//4792 4930//4930 4931//4931
f 4792//4792 4931//4931 4932//4932
f 4793//4793 4794//4794 4798//4798
f 4793//4793 4794//4794 4933//4933
f 4793//4793 4797//4797 4798//4798
f 4793//4793 4798//4798 4932//4932
f 4793//4793 4932//4932 4933//4933
f 4794//4794 4798//4798 4799//4799
f 4794//4794 4924//4924 4933//4933
f 4796//4796 4797//4797 4934//4934
f 4796//4796 4797//4797 4935//4935
f 4796//4796 4930//4930 4934//4934
f 4796//4796 4934//4934 4935//4935
f 4797//4797 4934//4934 4935//4935
f 4798//4798 4932//4932 4936//4936
f 4800//4800 4934//4934 4937//4937
f 4804//4804 4807//4807 4942//4942
f 4804//4804 4807//4807 4945//4945
f 4804//4804 4942//4942 4945//4945
f 4807//4807 4942//4942 4945//4945
f 4809//4809 4810//4810 4812//4812
f 4810//4810 4811//4811 4812//4812
f 4810//4810 4811//4811 4947//4947
f 4810//4810 4812//4812 4946//4946
f 4810//4810 4812//4812 4948//4948
f 4810//4810 4946//4946 4947//4947
f 4810//4810 4946//4946 4948//4948
f 4811//4811 4812//4812 4813//4813
f 4812//4812 4946//4946 4948//4948
f 4823//4823 4824//4824 4827//4827
f 4823//4823 4824//4824 4828//4828
f 4823//4823 4827//4827 4828//4828
f 4823//4823 4827//4827 4951//4951
f 4824//4824 4827//4827 4828//4828
f 4824//4824 4828//4828 4954//4954
f 4824//4824 4952//4952 4954//4954
f 4827//4827 4951//4951 4953//4953
f 4828//4828 4830//4830 4954//4954
f 4828//4828 4830//4830 4955//4955
f 4828//4828 4952//4952 4954//4954
f 4828//4828 4953//4953 4954//4954
f 4830//4830 4954//4954 4955//4955
f 4834//4834 4835//4835 4957//4957
f 4834//4834 4839//4839 4840//4840
f 4834//4834 4840//4840 4956//4956
f 4834//4834 4956//4956 4957//4957
f 4835//4835 4841//4841 4959//4959
f 4835//4835 4957//4957 4959//4959
f 4836//4836 4837//4837 4843//4843
f 4837//4837 4843//4843 4844//4844
f 4839//4839 4840//4840 4846//4846
f 4840//4840 4846//4846 4847//4847
f 4840//4840 4847//4847 4958//4958
f 4840//4840 4956//4956 4958//4958
f 4841//4841 4848//4848 4849//4849
f 4841//4841 4848//4848 4964//4964
f 4841//4841 4959//4959 4964//4964
f 4842//4842 4843//4843 4850//4850
f 4843//4843 4844//4844 4961//4961
f 4843//4843 4850//4850 4851//4851
f 4843//4843 4851//4851 4960//4960
f 4843//4843 4960//4960 4961//4961
f 4844//4844 4852//4852 4966//4966
f 4844//4844 4961//4961 4966//4966
f 4846//4846 4847//4847 4962//4962
f 4846//4846 4853//4853 4967//4967
f 4846//4846 4962//4962 4967//4967
f 4847//4847 4958//4958 4963//4963
f 4847//4847 4962//4962 4963//4963
f 4848//4848 4849//4849 4854//4854
f 4848//4848 4854//4854 4964//4964
f 4850//4850 4851//4851 4862//4862
f 4850//4850 4851//4851 4965//4965
f 4851//4851 4862//4862 4976//4976
f 4851//4851 4960//4960 4965//4965
f 4851//4851 4965//4965 4976//4976
f 4852//4852 4863//4863 4977//4977
f 4852//4852 4966//4966 4977//4977
f 4853//4853 4864//4864 4978//4978
f 4853//4853 4967//4967 4978//4978
f 4854//4854 4855//4855 4865//4865
f 4854//4854 4855//4855 4979//4979
f 4854//4854 4964//4964 4969//4969
f 4854//4854 4969//4969 4970//4970
f 4854//4854 4970//4970 4979//4979
f 4855//4855 4865//4865 4980//4980
f 4855//4855 4979//4979 4980//4980
f 4856//4856 4857//4857 4971//4971
f 4856//4856 4867//4867 4982//4982
f 4856//4856 4971//4971 4982//4982
f 4857//4857 4858//4858 4973//4973
f 4857//4857 4971//4971 4972//4972
f 4857//4857 4972//4972 4973//4973
f 4858//4858 4859//4859 4973//4973
f 4859//4859 4860//4860 4974//4974
f 4859//4859 4973//4973 4974//4974
f 4860//4860 4868//4868 4985//4985
f 4860//4860 4974//4974 4985//4985
f 4862//4862 4871//4871 4872//4872
f 4862//4862 4872//4872 4988//4988
f 4862//4862 4975//4975 4976//4976
f 4862//4862 4975//4975 4988//4988
f 4863//4863 4873//4873 4990//4990
f 4863//4863 4977//4977 4990//4990
f 4864//4864 4877//4877 4991//4991
f 4864//4864 4978//4978 4991//4991
f 4865//4865 4878//4878 4980//4980
f 4866//4866 4867//4867 4981//4981
f 4866//4866 4879//4879 4994//4994
f 4866//4866 4981//4981 4994//4994
f 4867//4867 4981//4981 4982//4982
f 4868//4868 4869//4869 4985//4985
f 4869//4869 4870//4870 4881//4881
f 4869//4869 4880//4880 4881//4881
f 4869//4869 4880//4880 4995//4995
f 4869//4869 4985//4985 4986//4986
f 4869//4869 4986//4986 4995//4995
f 4871//4871 4872//4872 4988//4988
f 4871//4871 4882//4882 4997//4997
f 4871//4871 4987//4987 4988//4988
f 4871//4871 4987//4987 4997//4997
f 4873//4873 4874//4874 5000//5000
f 4873//4873 4883//4883 4999//4999
f 4873//4873 4990//4990 4999//4999
f 4873//4873 4999//4999 5000//5000
f 4874//4874 4875//4875 4885//4885
f 4874//4874 4884//4884 4885//4885
f 4874//4874 4884//4884 5000//5000
f 4876//4876 4877//4877 4886//4886
f 4877//4877 4886//4886 4991//4991
f 4878//4878 4879//4879 4992//4992
f 4878//4878 4980//4980 4992//4992
f 4879//4879 4992//4992 4993//4993
f 4879//4879 4993//4993 4994//4994
f 4880//4880 4881//4881 4996//4996
f 4880//4880 4995//4995 4996//4996
f 4881//4881 4882//4882 4888//4888
f 4881//4881 4887//4887 5007//5007
f 4881//4881 4888//4888 5007//5007
f 4881//4881 4996//4996 5007//5007
f 4882//4882 4888//4888 5008//5008
f 4882//4882 4997//4997 5008//5008
f 4884//4884 4885//4885 5000//5000
f 4885//4885 4889//4889 5010//5010
f 4885//4885 5000//5000 5001//5001
f 4885//4885 5001//5001 5010//5010
f 4886//4886 4890//4890 5002//5002
f 4886//4886 4991//4991 5003//5003
f 4886//4886 5002//5002 5003//5003
f 4888//4888 5007//5007 5008//5008
f 4889//4889 4891//4891 5010//5010
f 4890//4890 4892//4892 5011//5011
f 4890//4890 5002//5002 5011//5011
f 4891//4891 4893//4893 5024//5024
f 4891//4891 5010//5010 5017//5017
f 4891//4891 5017//5017 5024//5024
f 4892//4892 4894//4894 5018//5018
f 4892//4892 5011//5011 5018//5018
f 4893//4893 4898//4898 4899//4899
f 4893//4893 4898//4898 5024//5024
f 4894//4894 4895//4895 5026//5026
f 4894//4894 4895//4895 5034//5034
f 4894//4894 4900//4900 4901//4901
f 4894//4894 4901//4901 5034//5034
f 4894//4894 5018//5018 5025//5025
f 4894//4894 5025//5025 5026//5026
f 4895//4895 5026//5026 5034//5034
f 4896//4896 4897//4897 4909//4909
f 4896//4896 4897//4897 5031//5031
f 4896//4896 4909//4909 5030//5030
f 4896//4896 5030//5030 5031//5031
f 4897//4897 4909//4909 4910//4910
f 4897//4897 4910//4910 5031//5031
f 4898//4898 4912//4912 5033//5033
f 4898//4898 5024//5024 5033//5033
f 4901//4901 4913//4913 5049//5049
f 4901//4901 5034//5034 5049//5049
f 4902//4902 4903//4903 4917//4917
f 4902//4902 4903//4903 5036//5036
f 4902//4902 4917//4917 5036//5036
f 4903//4903 4904//4904 5038//5038
f 4903//4903 5036//5036 5037//5037
f 4903//4903 5037//5037 5038//5038
f 4904//4904 4905//4905 4918//4918
f 4904//4904 4905//4905 5038//5038
f 4905//4905 4918//4918 5039//5039
f 4905//4905 5038//5038 5039//5039
f 4906//4906 4907//4907 4919//4919
f 4906//4906 4907//4907 5041//5041
f 4906//4906 4918//4918 4919//4919
f 4906//4906 4918//4918 5039//5039
f 4906//4906 4919//4919 5040//5040
f 4906//4906 5039//5039 5040//5040
f 4906//4906 5040//5040 5041//5041
f 4907//4907 4908//4908 5042//5042
f 4907//4907 4919//4919 4920//4920
f 4907//4907 5041//5041 5042//5042
f 4908//4908 4909//4909 5042//5042
f 4909//4909 5030//5030 5043//5043
f 4909//4909 5042//5042 5043//5043
f 4910//4910 4921//4921 5044//5044
f 4910//4910 5031//5031 5044//5044
f 4911//4911 4912//4912 4924//4924
f 4911//4911 4912//4912 5048//5048
f 4911//4911 4924//4924 5047//5047
f 4911//4911 5047//5047 5048//5048
f 4912//4912 4924//4924 4925//4925
f 4912//4912 5033//5033 5048//5048
f 4913//4913 4914//4914 5050//5050
f 4913//4913 5049//5049 5050//5050
f 4914//4914 4915//4915 4926//4926
f 4914//4914 4915//4915 5051//5051
f 4914//4914 5050//5050 5051//5051
f 4915//4915 4926//4926 4927//4927
f 4915//4915 4927//4927 5051//5051
f 4916//4916 4917//4917 5053//5053
f 4916//4916 4929//4929 5053//5053
f 4917//4917 5036//5036 5054//5054
f 4917//4917 5053//5053 5054//5054
f 4921//4921 4922//4922 5056//5056
f 4921//4921 5044//5044 5055//5055
f 4921//4921 5055//5055 5056//5056
f 4922//4922 4930//4930 5056//5056
f 4922//4922 4930//4930 5057//5057
f 4922//4922 5056//5056 5057//5057
f 4923//4923 4924//4924 4933//4933
f 4923//4923 4924//4924 5058//5058
f 4923//4923 4932//4932 4933//4933
f 4923//4923 4932//4932 5065//5065
f 4923//4923 5058//5058 5065//5065
f 4924//4924 5047//5047 5059//5059
f 4924//4924 5058//5058 5059//5059
f 4927//4927 4928//4928 5061//5061
f 4927//4927 5051//5051 5060//5060
f 4927//4927 5060//5060 5061//5061
f 4928//4928 4929//4929 5061//5061
f 4929//4929 5053//5053 5062//5062
f 4929//4929 5061//5061 5062//5062
f 4930//4930 4931//4931 5057//5057
f 4931//4931 4932//4932 5057//5057
f 4931//4931 5057//5057 5064//5064
f 4932//4932 5057//5057 5065//5065
f 4934//4934 5063//5063 5066//5066
f 4956//4956 4957//4957 4959//4959
f 4956//4956 4958//4958 4959//4959
f 4958//4958 4959//4959 4964//4964
f 4958//4958 4963//4963 4964//4964
f 4960//4960 4961//4961 4966//4966
f 4960//4960 4965//4965 4966//4966
f 4962//4962 4963//4963 4967//4967
f 4963//4963 4964//4964 5077//5077
f 4963//4963 4967//4967 4968//4968
f 4963//4963 4968//4968 5076//5076
f 4963//4963 5076//5076 5077//5077
f 4964//4964 4969//4969 5077//5077
f 4965//4965 4966//4966 4977//4977
f 4965//4965 4976//4976 4977//4977
f 4967//4967 4968//4968 5076//5076
f 4967//4967 4978//4978 5081//5081
f 4967//4967 5075//5075 5076//5076
f 4967//4967 5075//5075 5081//5081
f 4969//4969 4970//4970 5078//5078
f 4969//4969 5077//5077 5078//5078
f 4970//4970 4979//4979 5084//5084
f 4970//4970 5078//5078 5084//5084
f 4971//4971 4972//4972 4983//4983
f 4971//4971 4982//4982 4983//4983
f 4972//4972 4973//4973 5088//5088
f 4972//4972 4983//4983 5088//5088
f 4973//4973 4974//4974 5090//5090
f 4973//4973 5088//5088 5089//5089
f 4973//4973 5089//5089 5090//5090
f 4974//4974 4984//4984 4985//4985
f 4974//4974 4984//4984 5090//5090
f 4975//4975 4976//4976 5080//5080
f 4975//4975 4988//4988 5092//5092
f 4975//4975 5079//5079 5080//5080
f 4975//4975 5079//5079 5092//5092
f 4976//4976 4977//4977 4990//4990
f 4976//4976 4989//4989 4990//4990
f 4976//4976 4989//4989 5093//5093
f 4976//4976 5080//5080 5093//5093
f 4978//4978 4991//4991 5095//5095
f 4978//4978 5081//5081 5095//5095
f 4979//4979 4980//4980 5085//5085
f 4979//4979 5084//5084 5085//5085
f 4980//4980 4992//4992 5085//5085
f 4981//4981 4982//4982 5086//5086
f 4981//4981 4994//4994 5086//5086
f 4982//4982 4983//4983 5087//5087
f 4982//4982 5086//5086 5087//5087
f 4983//4983 5087//5087 5088//5088
f 4984//4984 4985//4985 5090//5090
f 4985//4985 4986//4986 5091//5091
f 4985//4985 5090//5090 5091//5091
f 4986//4986 4995//4995 5100//5100
f 4986//4986 5091//5091 5100//5100
f 4987//4987 4988//4988 4998//4998
f 4987//4987 4997//4997 4998//4998
f 4988//4988 4998//4998 5102//5102
f 4988//4988 5092//5092 5102//5102
f 4989//4989 4990//4990 5094//5094
f 4989//4989 5093//5093 5094//5094
f 4990//4990 4999//4999 5103//5103
f 4990//4990 5094//5094 5103//5103
f 4991//4991 5003//5003 5105//5105
f 4991//4991 5095//5095 5105//5105
f 4992//4992 4993//4993 5004//5004
f 4992//4992 5004//5004 5096//5096
f 4992//4992 5085//5085 5096//5096
f 4993//4993 4994//4994 5097//5097
f 4993//4993 5004//5004 5005//5005
f 4993//4993 5005//5005 5107//5107
f 4993//4993 5097//5097 5107//5107
f 4994//4994 5086//5086 5098//5098
f 4994//4994 5097//5097 5098//5098
f 4995//4995 4996//4996 5007//5007
f 4995//4995 5006//5006 5007//5007
f 4995//4995 5006//5006 5108//5108
f 4995//4995 5100//5100 5108//5108
f 4997//4997 4998//4998 5102//5102
f 4997//4997 5008//5008 5101//5101
f 4997//4997 5101//5101 5102//5102
f 4999//4999 5000//5000 5103//5103
f 5000//5000 5001//5001 5010//5010
f 5000//5000 5009//5009 5010//5010
f 5000//5000 5009//5009 5113//5113
f 5000//5000 5103//5103 5104//5104
f 5000//5000 5104//5104 5113//5113
f 5002//5002 5003//5003 5011//5011
f 5003//5003 5011//5011 5012//5012
f 5003//5003 5012//5012 5105//5105
f 5004//5004 5005//5005 5014//5014
f 5004//5004 5013//5013 5014//5014
f 5004//5004 5013//5013 5116//5116
f 5004//5004 5096//5096 5106//5106
f 5004//5004 5106//5106 5116//5116
f 5005//5005 5014//5014 5117//5117
f 5005//5005 5107//5107 5117//5117
f 5006//5006 5007//5007 5108//5108
f 5007//5007 5008//5008 5016//5016
f 5007//5007 5015//5015 5016//5016
f 5007//5007 5015//5015 5119//5119
f 5007//5007 5108//5108 5109//5109
f 5007//5007 5109//5109 5119//5119
f 5008//5008 5016//5016 5120//5120
f 5008//5008 5101//5101 5110//5110
f 5008//5008 5110//5110 5120//5120
f 5009//5009 5010//5010 5113//5113
f 5010//5010 5017//5017 5122//5122
f 5010//5010 5113//5113 5114//5114
f 5010//5010 5114//5114 5122//5122
f 5011//5011 5012//5012 5018//5018
f 5012//5012 5018//5018 5019//5019
f 5012//5012 5019//5019 5115//5115
f 5012//5012 5105//5105 5115//5115
f 5013//5013 5014//5014 5117//5117
f 5013//5013 5116//5116 5117//5117
f 5015//5015 5016//5016 5120//5120
f 5015//5015 5119//5119 5120//5120
f 5017//5017 5024//5024 5122//5122
f 5018//5018 5019//5019 5025//5025
f 5019//5019 5025//5025 5026//5026
f 5019//5019 5026//5026 5132//5132
f 5019//5019 5115//5115 5123//5123
f 5019//5019 5123//5123 5132//5132
f 5020//5020 5030//5030 5031//5031
f 5020//5020 5030//5030 5140//5140
f 5020//5020 5031//5031 5127//5127
f 5020//5020 5127//5127 5140//5140
f 5021//5021 5022//5022 5031//5031
f 5021//5021 5022//5022 5128//5128
f 5021//5021 5031//5031 5127//5127
f 5021//5021 5127//5127 5128//5128
f 5022//5022 5031//5031 5032//5032
f 5022//5022 5032//5032 5129//5129
f 5022//5022 5128//5128 5129//5129
f 5023//5023 5024//5024 5033//5033
f 5023//5023 5024//5024 5131//5131
f 5023//5023 5033//5033 5130//5130
f 5023//5023 5130//5130 5131//5131
f 5024//5024 5122//5122 5131//5131
f 5026//5026 5034//5034 5132//5132
f 5027//5027 5028//5028 5037//5037
f 5027//5027 5028//5028 5134//5134
f 5027//5027 5036//5036 5037//5037
f 5027//5027 5036//5036 5134//5134
f 5028//5028 5037//5037 5038//5038
f 5028//5028 5038//5038 5136//5136
f 5028//5028 5134//5134 5135//5135
f 5028//5028 5135//5135 5136//5136
f 5029//5029 5030//5030 5043//5043
f 5029//5029 5030//5030 5139//5139
f 5029//5029 5042//5042 5043//5043
f 5029//5029 5042//5042 5156//5156
f 5029//5029 5139//5139 5156//5156
f 5030//5030 5139//5139 5140//5140
f 5031//5031 5032//5032 5141//5141
f 5031//5031 5044//5044 5141//5141
f 5032//5032 5129//5129 5141//5141
f 5033//5033 5048//5048 5145//5145
f 5033//5033 5130//5130 5145//5145
f 5034//5034 5049//5049 5050//5050
f 5034//5034 5050//5050 5147//5147
f 5034//5034 5132//5132 5146//5146
f 5034//5034 5146//5146 5147//5147
f 5035//5035 5036//5036 5054//5054
f 5035//5035 5036//5036 5150//5150
f 5035//5035 5053//5053 5054//5054
f 5035//5035 5053//5053 5150//5150
f 5036//5036 5134//5134 5151//5151
f 5036//5036 5150//5150 5151//5151
f 5038//5038 5039//5039 5152//5152
f 5038//5038 5136//5136 5152//5152
f 5039//5039 5040//5040 5153//5153
f 5039//5039 5152//5152 5153//5153
f 5040//5040 5041//5041 5154//5154
f 5040//5040 5153//5153 5154//5154
f 5041//5041 5042//5042 5155//5155
f 5041//5041 5154//5154 5155//5155
f 5042//5042 5155//5155 5156//5156
f 5044//5044 5045//5045 5055//5055
f 5044//5044 5045//5045 5157//5157
f 5044//5044 5141//5141 5157//5157
f 5045//5045 5055//5055 5056//5056
f 5045//5045 5056//5056 5157//5157
f 5046//5046 5056//5056 5057//5057
f 5046//5046 5056//5056 5158//5158
f 5046//5046 5057//5057 5158//5158
f 5047//5047 5048//5048 5144//5144
f 5047//5047 5058//5058 5059//5059
f 5047//5047 5058//5058 5159//5159
f 5047//5047 5144//5144 5160//5160
f 5047//5047 5159//5159 5160//5160
f 5048//5048 5144//5144 5145//5145
f 5050//5050 5051//5051 5161//5161
f 5050//5050 5147//5147 5161//5161
f 5051//5051 5052//5052 5060//5060
f 5051//5051 5052//5052 5162//5162
f 5051//5051 5161//5161 5162//5162
f 5052//5052 5053//5053 5062//5062
f 5052//5052 5053//5053 5163//5163
f 5052//5052 5060//5060 5061//5061
f 5052//5052 5061//5061 5062//5062
f 5052//5052 5162//5162 5163//5163
f 5053//5053 5150//5150 5164//5164
f 5053//5053 5163//5163 5164//5164
f 5056//5056 5157//5157 5158//5158
f 5057//5057 5058//5058 5065//5065
f 5057//5057 5058//5058 5166//5166
f 5057//5057 5158//5158 5165//5165
f 5057//5057 5165//5165 5166//5166
f 5058//5058 5159//5159 5166//5166
f 5069//5069 5070//5070 5072//5072
f 5069//5069 5070//5070 5171//5171
f 5069//5069 5072//5072 5170//5170
f 5069//5069 5170//5170 5171//5171
f 5070//5070 5072//5072 5073//5073
f 5070//5070 5073//5073 5171//5171
f 5072//5072 5073//5073 5173//5173
f 5072//5072 5170//5170 5173//5173
f 5073//5073 5171//5171 5174//5174
f 5073//5073 5173//5173 5174//5174
f 5075//5075 5076//5076 5082//5082
f 5075//5075 5081//5081 5082//5082
f 5076//5076 5077//5077 5175//5175
f 5076//5076 5082//5082 5175//5175
f 5077//5077 5078//5078 5084//5084
f 5077//5077 5083//5083 5084//5084
f 5077//5077 5083//5083 5176//5176
f 5077//5077 5175//5175 5176//5176
f 5079//5079 5080//5080 5092//5092
f 5080//5080 5092//5092 5093//5093
f 5081//5081 5082//5082 5186//5186
f 5081//5081 5095//5095 5186//5186
f 5082//5082 5175//5175 5186//5186
f 5083//5083 5084//5084 5176//5176
f 5084//5084 5085//5085 5177//5177
f 5084//5084 5176//5176 5177//5177
f 5085//5085 5096//5096 5178//5178
f 5085//5085 5177//5177 5178//5178
f 5086//5086 5087//5087 5179//5179
f 5086//5086 5098//5098 5192//5192
f 5086//5086 5179//5179 5192//5192
f 5087//5087 5088//5088 5179//5179
f 5088//5088 5089//5089 5180//5180
f 5088//5088 5179//5179 5180//5180
f 5089//5089 5090//5090 5181//5181
f 5089//5089 5180//5180 5181//5181
f 5090//5090 5091//5091 5183//5183
f 5090//5090 5181//5181 5182//5182
f 5090//5090 5182//5182 5183//5183
f 5091//5091 5099//5099 5100//5100
f 5091//5091 5099//5099 5195//5195
f 5091//5091 5183//5183 5195//5195
f 5092//5092 5093//5093 5184//5184
f 5092//5092 5102//5102 5197//5197
f 5092//5092 5184//5184 5197//5197
f 5093//5093 5094//5094 5199//5199
f 5093//5093 5184//5184 5185//5185
f 5093//5093 5185//5185 5199//5199
f 5094//5094 5103//5103 5199//5199
f 5095//5095 5105//5105 5186//5186
f 5096//5096 5106//5106 5190//5190
f 5096//5096 5178//5178 5190//5190
f 5097//5097 5098//5098 5192//5192
f 5097//5097 5107//5107 5191//5191
f 5097//5097 5191//5191 5192//5192
f 5099//5099 5100//5100 5196//5196
f 5099//5099 5195//5195 5196//5196
f 5100//5100 5108//5108 5206//5206
f 5100//5100 5196//5196 5206//5206
f 5101//5101 5102//5102 5110//5110
f 5102//5102 5110//5110 5111//5111
f 5102//5102 5111//5111 5197//5197
f 5103//5103 5104//5104 5112//5112
f 5103//5103 5112//5112 5210//5210
f 5103//5103 5199//5199 5210//5210
f 5104//5104 5112//5112 5113//5113
f 5105//5105 5115//5115 5200//5200
f 5105//5105 5186//5186 5200//5200
f 5106//5106 5116//5116 5202//5202
f 5106//5106 5190//5190 5202//5202
f 5107//5107 5117//5117 5203//5203
f 5107//5107 5191//5191 5203//5203
f 5108//5108 5109//5109 5118//5118
f 5108//5108 5118//5118 5206//5206
f 5109//5109 5118//5118 5119//5119
f 5110//5110 5111//5111 5208//5208
f 5110//5110 5120//5120 5219//5219
f 5110//5110 5207//5207 5208//5208
f 5110//5110 5207//5207 5219//5219
f 5111//5111 5197//5197 5208//5208
f 5112//5112 5113//5113 5211//5211
f 5112//5112 5210//5210 5211//5211
f 5113//5113 5114//5114 5122//5122
f 5113//5113 5121//5121 5122//5122
f 5113//5113 5121//5121 5223//5223
f 5113//5113 5211//5211 5223//5223
f 5115//5115 5123//5123 5213//5213
f 5115//5115 5200//5200 5212//5212
f 5115//5115 5212//5212 5213//5213
f 5116//5116 5117//5117 5124//5124
f 5116//5116 5124//5124 5214//5214
f 5116//5116 5202//5202 5214//5214
f 5117//5117 5124//5124 5125//5125
f 5117//5117 5124//5124 5227//5227
f 5117//5117 5203//5203 5215//5215
f 5117//5117 5215//5215 5227//5227
f 5118//5118 5119//5119 5127//5127
f 5118//5118 5127//5127 5218//5218
f 5118//5118 5206//5206 5218//5218
f 5119//5119 5120//5120 5128//5128
f 5119//5119 5127//5127 5128//5128
f 5120//5120 5128//5128 5129//5129
f 5120//5120 5129//5129 5219//5219
f 5121//5121 5122//5122 5223//5223
f 5122//5122 5131//5131 5236//5236
f 5122//5122 5223//5223 5236//5236
f 5123//5123 5132//5132 5224//5224
f 5123//5123 5213//5213 5225//5225
f 5123//5123 5224//5224 5225//5225
f 5124//5124 5125//5125 5133//5133
f 5124//5124 5125//5125 5227//5227
f 5124//5124 5133//5133 5241//5241
f 5124//5124 5214//5214 5226//5226
f 5124//5124 5226//5226 5241//5241
f 5125//5125 5133//5133 5134//5134
f 5125//5125 5134//5134 5227//5227
f 5126//5126 5134//5134 5135//5135
f 5126//5126 5134//5134 5227//5227
f 5126//5126 5135//5135 5228//5228
f 5126//5126 5227//5227 5228//5228
f 5127//5127 5140//5140 5231//5231
f 5127//5127 5218//5218 5231//5231
f 5129//5129 5141//5141 5232//5232
f 5129//5129 5219//5219 5232//5232
f 5130//5130 5131//5131 5236//5236
f 5130//5130 5145//5145 5236//5236
f 5132//5132 5146//5146 5238//5238
f 5132//5132 5224//5224 5237//5237
f 5132//5132 5237//5237 5238//5238
f 5133//5133 5134//5134 5151//5151
f 5133//5133 5150//5150 5151//5151
f 5133//5133 5150//5150 5241//5241
f 5135//5135 5136//5136 5243//5243
f 5135//5135 5228//5228 5242//5242
f 5135//5135 5242//5242 5243//5243
f 5136//5136 5152//5152 5243//5243
f 5137//5137 5152//5152 5153//5153
f 5137//5137 5152//5152 5243//5243
f 5137//5137 5153//5153 5244//5244
f 5137//5137 5243//5243 5244//5244
f 5138//5138 5139//5139 5155//5155
f 5138//5138 5139//5139 5246//5246
f 5138//5138 5154//5154 5155//5155
f 5138//5138 5154//5154 5245//5245
f 5138//5138 5245//5245 5246//5246
f 5139//5139 5140//5140 5247//5247
f 5139//5139 5155//5155 5156//5156
f 5139//5139 5246//5246 5247//5247
f 5140//5140 5230//5230 5231//5231
f 5140//5140 5230//5230 5247//5247
f 5141//5141 5157//5157 5248//5248
f 5141//5141 5232//5232 5248//5248
f 5142//5142 5143//5143 5158//5158
f 5142//5142 5143//5143 5250//5250
f 5142//5142 5158//5158 5249//5249
f 5142//5142 5249//5249 5250//5250
f 5143//5143 5158//5158 5159//5159
f 5143//5143 5159//5159 5250//5250
f 5144//5144 5145//5145 5252//5252
f 5144//5144 5160//5160 5251//5251
f 5144//5144 5251//5251 5252//5252
f 5145//5145 5236//5236 5252//5252
f 5146//5146 5147//5147 5253//5253
f 5146//5146 5238//5238 5253//5253
f 5147//5147 5148//5148 5162//5162
f 5147//5147 5148//5148 5254//5254
f 5147//5147 5161//5161 5162//5162
f 5147//5147 5253//5253 5254//5254
f 5148//5148 5162//5162 5254//5254
f 5149//5149 5150//5150 5164//5164
f 5149//5149 5150//5150 5256//5256
f 5149//5149 5163//5163 5164//5164
f 5149//5149 5163//5163 5255//5255
f 5149//5149 5255//5255 5256//5256
f 5150//5150 5241//5241 5256//5256
f 5153//5153 5154//5154 5258//5258
f 5153//5153 5244//5244 5257//5257
f 5153//5153 5245//5245 5257//5257
f 5153//5153 5245//5245 5258//5258
f 5154//5154 5245//5245 5258//5258
f 5157//5157 5158//5158 5249//5249
f 5157//5157 5248//5248 5249//5249
f 5158//5158 5159//5159 5165//5165
f 5159//5159 5160//5160 5260//5260
f 5159//5159 5165//5165 5166//5166
f 5159//5159 5250//5250 5259//5259
f 5159//5159 5259//5259 5260//5260
f 5160//5160 5251//5251 5260//5260
f 5162//5162 5163//5163 5261//5261
f 5162//5162 5254//5254 5261//5261
f 5163//5163 5255//5255 5262//5262
f 5163//5163 5261//5261 5262//5262
f 5170//5170 5171//5171 5174//5174
f 5170//5170 5173//5173 5174//5174
f 5175//5175 5176//5176 5187//5187
f 5175//5175 5186//5186 5187//5187
f 5176//5176 5177//5177 5264//5264
f 5176//5176 5187//5187 5188//5188
f 5176//5176 5188//5188 5269//5269
f 5176//5176 5263//5263 5264//5264
f 5176//5176 5263//5263 5269//5269
f 5177//5177 5178//5178 5189//5189
f 5177//5177 5189//5189 5270//5270
f 5177//5177 5264//5264 5270//5270
f 5178//5178 5189//5189 5190//5190
f 5179//5179 5180//5180 5266//5266
f 5179//5179 5192//5192 5193//5193
f 5179//5179 5193//5193 5273//5273
f 5179//5179 5265//5265 5266//5266
f 5179//5179 5265//5265 5273//5273
f 5180//5180 5181//5181 5267//5267
f 5180//5180 5266//5266 5267//5267
f 5181//5181 5182//5182 5275//5275
f 5181//5181 5267//5267 5275//5275
f 5182//5182 5183//5183 5194//5194
f 5182//5182 5194//5194 5276//5276
f 5182//5182 5275//5275 5276//5276
f 5183//5183 5194//5194 5195//5195
f 5184//5184 5185//5185 5197//5197
f 5185//5185 5197//5197 5198//5198
f 5185//5185 5198//5198 5199//5199
f 5186//5186 5187//5187 5201//5201
f 5186//5186 5200//5200 5201//5201
f 5187//5187 5188//5188 5268//5268
f 5187//5187 5201//5201 5280//5280
f 5187//5187 5268//5268 5280//5280
f 5188//5188 5268//5268 5269//5269
f 5189//5189 5190//5190 5270//5270
f 5190//5190 5202//5202 5270//5270
f 5190//5190 5270//5270 5271//5271
f 5191//5191 5192//5192 5203//5203
f 5192//5192 5193//5193 5273//5273
f 5192//5192 5203//5203 5204//5204
f 5192//5192 5204//5204 5272//5272
f 5192//5192 5272//5272 5273//5273
f 5194//5194 5195//5195 5277//5277
f 5194//5194 5276//5276 5277//5277
f 5195//5195 5196//5196 5206//5206
f 5195//5195 5205//5205 5206//5206
f 5195//5195 5205//5205 5287//5287
f 5195//5195 5277//5277 5287//5287
f 5197//5197 5198//5198 5278//5278
f 5197//5197 5208//5208 5278//5278
f 5198//5198 5199//5199 5210//5210
f 5198//5198 5209//5209 5210//5210
f 5198//5198 5209//5209 5289//5289
f 5198//5198 5278//5278 5279//5279
f 5198//5198 5279//5279 5289//5289
f 5200//5200 5201//5201 5213//5213
f 5200//5200 5212//5212 5213//5213
f 5201//5201 5213//5213 5280//5280
f 5202//5202 5214//5214 5283//5283
f 5202//5202 5270//5270 5283//5283
f 5202//5202 5282//5282 5283//5283
f 5203//5203 5204//5204 5285//5285
f 5203//5203 5215//5215 5294//5294
f 5203//5203 5284//5284 5285//5285
f 5203//5203 5284//5284 5294//5294
f 5204//5204 5272//5272 5285//5285
f 5205//5205 5206//5206 5218//5218
f 5205//5205 5217//5217 5218//5218
f 5205//5205 5217//5217 5287//5287
f 5207//5207 5208//5208 5219//5219
f 5208//5208 5219//5219 5220//5220
f 5208//5208 5220//5220 5298//5298
f 5208//5208 5278//5278 5288//5288
f 5208//5208 5288//5288 5298//5298
f 5209//5209 5210//5210 5300//5300
f 5209//5209 5221//5221 5289//5289
f 5209//5209 5221//5221 5300//5300
f 5210//5210 5211//5211 5223//5223
f 5210//5210 5222//5222 5223//5223
f 5210//5210 5222//5222 5300//5300
f 5210//5210 5290//5290 5300//5300
f 5213//5213 5225//5225 5291//5291
f 5213//5213 5280//5280 5291//5291
f 5214//5214 5226//5226 5293//5293
f 5214//5214 5282//5282 5283//5283
f 5214//5214 5282//5282 5293//5293
f 5215//5215 5216//5216 5227//5227
f 5215//5215 5216//5216 5295//5295
f 5215//5215 5294//5294 5295//5295
f 5216//5216 5227//5227 5228//5228
f 5216//5216 5228//5228 5305//5305
f 5216//5216 5295//5295 5305//5305
f 5217//5217 5218//5218 5231//5231
f 5217//5217 5231//5231 5297//5297
f 5217//5217 5287//5287 5297//5297
f 5219//5219 5220//5220 5232//5232
f 5220//5220 5221//5221 5234//5234
f 5220//5220 5221//5221 5298//5298
f 5220//5220 5232//5232 5233//5233
f 5220//5220 5233//5233 5234//5234
f 5220//5220 5233//5233 5298//5298
f 5221//5221 5234//5234 5299//5299
f 5221//5221 5289//5289 5299//5299
f 5221//5221 5298//5298 5299//5299
f 5221//5221 5299//5299 5300//5300
f 5222//5222 5223//5223 5236//5236
f 5222//5222 5235//5235 5236//5236
f 5222//5222 5235//5235 5300//5300
f 5224//5224 5225//5225 5237//5237
f 5225//5225 5237//5237 5238//5238
f 5225//5225 5238//5238 5301//5301
f 5225//5225 5291//5291 5301//5301
f 5226//5226 5241//5241 5304//5304
f 5226//5226 5293//5293 5303//5303
f 5226//5226 5303//5303 5304//5304
f 5228//5228 5242//5242 5306//5306
f 5228//5228 5305//5305 5306//5306
f 5229//5229 5242//5242 5243//5243
f 5229//5229 5242//5242 5306//5306
f 5229//5229 5243//5243 5306//5306
f 5230//5230 5231//5231 5297//5297
f 5230//5230 5247//5247 5309//5309
f 5230//5230 5297//5297 5310//5310
f 5230//5230 5309//5309 5310//5310
f 5232//5232 5233//5233 5248//5248
f 5233//5233 5234//5234 5250//5250
f 5233//5233 5248//5248 5249//5249
f 5233//5233 5249//5249 5250//5250
f 5233//5233 5298//5298 5311//5311
f 5234//5234 5235//5235 5250//5250
f 5234//5234 5235//5235 5312//5312
f 5234//5234 5299//5299 5312//5312
f 5235//5235 5236//5236 5251//5251
f 5235//5235 5236//5236 5314//5314
f 5235//5235 5250//5250 5251//5251
f 5235//5235 5251//5251 5313//5313
f 5235//5235 5300//5300 5313//5313
f 5235//5235 5312//5312 5313//5313
f 5235//5235 5313//5313 5314//5314
f 5236//5236 5251//5251 5252//5252
f 5238//5238 5239//5239 5254//5254
f 5238//5238 5239//5239 5316//5316
f 5238//5238 5253//5253 5254//5254
f 5238//5238 5301//5301 5315//5315
f 5238//5238 5315//5315 5316//5316
f 5239//5239 5254//5254 5316//5316
f 5240//5240 5241//5241 5255//5255
f 5240//5240 5241//5241 5317//5317
f 5240//5240 5255//5255 5317//5317
f 5241//5241 5255//5255 5256//5256
f 5241//5241 5304//5304 5318//5318
f 5241//5241 5317//5317 5318//5318
f 5243//5243 5244//5244 5319//5319
f 5243//5243 5306//5306 5319//5319
f 5244//5244 5245//5245 5257//5257
f 5244//5244 5245//5245 5320//5320
f 5244//5244 5319//5319 5320//5320
f 5245//5245 5246//5246 5321//5321
f 5245//5245 5320//5320 5321//5321
f 5246//5246 5247//5247 5309//5309
f 5246//5246 5309//5309 5322//5322
f 5246//5246 5321//5321 5322//5322
f 5250//5250 5251//5251 5259//5259
f 5251//5251 5259//5259 5260//5260
f 5254//5254 5255//5255 5261//5261
f 5254//5254 5255//5255 5323//5323
f 5254//5254 5316//5316 5323//5323
f 5255//5255 5261//5261 5262//5262
f 5255//5255 5317//5317 5324//5324
f 5255//5255 5323//5323 5324//5324
f 5263//5263 5264//5264 5269//5269
f 5264//5264 5269//5269 5270//5270
f 5265//5265 5266//5266 5273//5273
f 5266//5266 5267//5267 5274//5274
f 5266//5266 5273//5273 5274//5274
f 5267//5267 5274//5274 5275//5275
f 5268//5268 5269//5269 5281//5281
f 5268//5268 5280//5280 5281//5281
f 5269//5269 5270//5270 5325//5325
f 5269//5269 5281//5281 5331//5331
f 5269//5269 5325//5325 5331//5331
f 5270//5270 5282//5282 5283//5283
f 5270//5270 5282//5282 5326//5326
f 5270//5270 5325//5325 5326//5326
f 5272//5272 5273//5273 5285//5285
f 5273//5273 5274//5274 5328//5328
f 5273//5273 5285//5285 5334//5334
f 5273//5273 5327//5327 5328//5328
f 5273//5273 5327//5327 5334//5334
f 5274//5274 5275//5275 5328//5328
f 5275//5275 5276//5276 5329//5329
f 5275//5275 5328//5328 5329//5329
f 5276//5276 5277//5277 5286//5286
f 5276//5276 5286//5286 5337//5337
f 5276//5276 5329//5329 5337//5337
f 5277//5277 5286//5286 5287//5287
f 5278//5278 5279//5279 5288//5288
f 5279//5279 5288//5288 5289//5289
f 5280//5280 5281//5281 5331//5331
f 5280//5280 5291//5291 5330//5330
f 5280//5280 5330//5330 5331//5331
f 5282//5282 5293//5293 5332//5332
f 5282//5282 5326//5326 5332//5332
f 5284//5284 5285//5285 5294//5294
f 5285//5285 5294//5294 5295//5295
f 5285//5285 5295//5295 5333//5333
f 5285//5285 5333//5333 5334//5334
f 5286//5286 5287//5287 5297//5297
f 5286//5286 5296//5296 5297//5297
f 5286//5286 5296//5296 5345//5345
f 5286//5286 5337//5337 5345//5345
f 5288//5288 5289//5289 5299//5299
f 5288//5288 5298//5298 5299//5299
f 5291//5291 5292//5292 5302//5302
f 5291//5291 5292//5292 5339//5339
f 5291//5291 5301//5301 5302//5302
f 5291//5291 5330//5330 5338//5338
f 5291//5291 5338//5338 5339//5339
f 5292//5292 5302//5302 5303//5303
f 5292//5292 5302//5302 5339//5339
f 5292//5292 5303//5303 5339//5339
f 5293//5293 5303//5303 5339//5339
f 5293//5293 5332//5332 5340//5340
f 5293//5293 5339//5339 5340//5340
f 5295//5295 5305//5305 5341//5341
f 5295//5295 5333//5333 5341//5341
f 5296//5296 5297//5297 5310//5310
f 5296//5296 5309//5309 5310//5310
f 5296//5296 5309//5309 5345//5345
f 5299//5299 5300//5300 5312//5312
f 5300//5300 5312//5312 5313//5313
f 5301//5301 5302//5302 5316//5316
f 5301//5301 5315//5315 5316//5316
f 5302//5302 5303//5303 5317//5317
f 5302//5302 5316//5316 5317//5317
f 5303//5303 5304//5304 5317//5317
f 5304//5304 5317//5317 5318//5318
f 5305//5305 5306//5306 5346//5346
f 5305//5305 5341//5341 5346//5346
f 5306//5306 5307//5307 5319//5319
f 5306//5306 5307//5307 5347//5347
f 5306//5306 5342//5342 5346//5346
f 5306//5306 5342//5342 5347//5347
f 5307//5307 5308//5308 5321//5321
f 5307//5307 5308//5308 5348//5348
f 5307//5307 5319//5319 5320//5320
f 5307//5307 5320//5320 5321//5321
f 5307//5307 5347//5347 5348//5348
f 5308//5308 5309//5309 5322//5322
f 5308//5308 5309//5309 5349//5349
f 5308//5308 5321//5321 5322//5322
f 5308//5308 5348//5348 5349//5349
f 5309//5309 5345//5345 5350//5350
f 5309//5309 5349//5349 5350//5350
f 5316//5316 5317//5317 5323//5323
f 5317//5317 5323//5323 5324//5324
f 5325//5325 5326//5326 5331//5331
f 5326//5326 5331//5331 5332//5332
f 5327//5327 5328//5328 5334//5334
f 5328//5328 5329//5329 5336//5336
f 5328//5328 5334//5334 5335//5335
f 5328//5328 5335//5335 5336//5336
f 5329//5329 5336//5336 5337//5337
f 5330//5330 5331//5331 5338//5338
f 5331//5331 5332//5332 5339//5339
f 5331//5331 5338//5338 5339//5339
f 5332//5332 5339//5339 5340//5340
f 5333//5333 5334//5334 5341//5341
f 5334//5334 5335//5335 5343//5343
f 5334//5334 5341//5341 5342//5342
f 5334//5334 5342//5342 5343//5343
f 5335//5335 5336//5336 5344//5344
f 5335//5335 5343//5343 5344//5344
f 5336//5336 5337//5337 5345//5345
f 5336//5336 5344//5344 5345//5345
f 5341//5341 5342//5342 5346//5346
f 5342//5342 5343//5343 5348//5348
f 5342//5342 5347//5347 5348//5348
f 5343//5343 5344//5344 5349//5349
f 5343//5343 5348//5348 5349//5349
f 5344//5344 5345//5345 5349//5349
f 5345//5345 5349//5349 5350//5350
